# Blender 4.4.3
# www.blender.org
mtllib Drzewko boo.mtl
o Final.001
v -4.765834 8.225147 0.300344
v -4.748131 8.141880 0.284332
v -4.716298 8.157899 0.283080
v -4.739142 8.228658 0.295943
v -4.686743 8.182436 0.278553
v -4.718639 8.239785 0.277040
v -4.742344 8.243796 0.264159
v -4.831889 8.242165 0.217768
v -4.836490 8.216588 0.176935
v -4.842277 8.182961 0.209172
v -4.846079 8.225695 0.238688
v -4.832088 8.224911 0.263925
v -4.808242 8.247047 0.232122
v -4.832418 8.156108 0.239507
v -4.657318 8.193708 0.256575
v -4.645045 8.094353 0.227785
v -4.623818 8.127762 0.204073
v -4.676680 8.227926 0.241970
v -4.636906 8.155361 0.172197
v -4.794706 8.237391 0.176122
v -4.514748 7.970203 -0.189567
v -4.602505 8.048407 -0.089255
v -4.564196 8.005527 -0.070663
v -4.498439 7.919324 -0.156299
v -4.437928 7.795680 -0.203032
v -4.434185 7.813879 -0.233071
v -4.436128 7.824101 -0.289306
v -4.534212 8.005735 -0.297673
v -4.773875 7.870131 -0.176252
v -4.769797 7.784203 -0.220174
v -4.766279 7.773456 -0.170164
v -4.763381 7.898807 -0.096393
v -4.774809 7.807959 -0.277436
v -4.768651 7.932762 -0.214994
v -4.745815 7.974294 -0.109531
v -4.679203 8.048805 -0.285709
v -4.678887 8.024323 -0.203392
v -4.438021 7.818287 -0.330682
v -4.513245 7.974567 -0.344503
v -4.603332 8.122457 -0.441992
v -4.644464 8.130531 -0.421375
v -4.857914 8.309797 -0.650200
v -4.857536 8.313242 -0.684276
v -4.871227 8.278487 -0.679054
v -4.871902 8.281879 -0.647578
v -4.825551 8.182712 -0.573974
v -4.805202 8.213734 -0.551448
v -4.825687 8.162902 -0.602382
v -4.803473 8.301429 -0.632739
v -4.838131 8.316467 -0.648728
v -4.774699 8.230925 -0.549682
v -4.742202 8.238890 -0.556751
v -4.712590 8.233185 -0.578742
v -4.803874 8.309847 -0.664069
v -4.838617 8.321839 -0.679134
v -4.774900 7.847522 -0.366787
v -4.786726 8.028730 -0.461284
v -4.784873 7.990667 -0.488709
v -4.761698 7.821407 -0.423888
v -4.771684 7.980059 -0.308628
v -4.714515 7.675234 -0.356136
v -4.716125 7.676133 -0.306227
v -4.704516 7.672427 -0.402365
v -4.821976 8.306780 -0.698857
v -4.831341 8.317644 -0.689756
v -4.797618 8.301140 -0.674622
v -4.794864 8.285393 -0.688794
v -4.835525 8.297249 -0.706463
v -4.850843 8.306260 -0.697733
v -4.804469 8.273145 -0.704188
v -4.808652 8.238997 -0.705091
v -4.725509 8.167164 -0.650954
v -4.758824 8.140841 -0.660399
v -4.840674 8.262859 -0.706858
v -4.797717 8.132933 -0.649262
v 0.265600 5.170016 0.983941
v 0.288819 5.178400 0.966453
v 0.287658 5.205407 0.981299
v 0.271346 5.200294 1.000872
v 0.244610 5.188182 0.979641
v 0.234412 5.172246 1.002345
v 0.260600 5.201464 0.961249
v 0.282969 5.194884 0.942150
v 0.209611 5.149981 0.938488
v 0.216212 5.127628 0.959413
v 0.248775 5.128675 0.941153
v 0.265905 5.158808 0.900691
v 0.229786 5.163874 0.912527
v 0.279049 5.134844 0.920533
v 0.048293 4.897345 0.873140
v -0.027208 4.906212 0.762506
v -0.021020 4.841473 0.767502
v 0.044258 4.845525 0.864383
v 0.023807 4.801017 0.753119
v 0.095720 4.814800 0.884076
v 0.127008 4.871803 0.906474
v 0.054430 4.949413 0.843025
v 0.135112 4.924659 0.904790
v 0.148536 4.975521 0.894677
v 0.091883 4.997324 0.808580
v 0.172829 5.023814 0.878312
v 0.140818 5.048723 0.848629
v 0.164180 5.049455 0.812385
v 0.125845 5.003814 0.765990
v 0.034905 5.005616 0.711299
v -0.006334 4.965263 0.745604
v 0.089152 5.013662 0.687444
v 0.218840 5.011654 0.884155
v 0.219191 4.953735 0.903396
v 0.258901 4.936412 0.839089
v 0.246340 4.990001 0.817096
v 0.230034 4.914225 0.768220
v 0.208116 4.945568 0.755803
v 0.171430 4.982670 0.750997
v 0.204878 5.024433 0.801227
v 0.227693 4.807406 0.788274
v 0.174022 4.773043 0.694312
v 0.202706 4.807460 0.681583
v 0.251465 4.847146 0.790349
v 0.197805 4.803270 0.836964
v 0.123041 4.758831 0.715382
v 0.240010 4.852427 0.872899
v -0.457010 6.176545 -0.072842
v -0.420000 6.071112 -0.049223
v -0.398913 6.078336 -0.049004
v -0.440922 6.201786 -0.092932
v -0.489056 6.195036 -0.094083
v -0.445662 6.060025 -0.054906
v -0.465864 6.235111 -0.122152
v -0.480262 6.246409 -0.137630
v -0.464068 6.256332 -0.152863
v -0.478522 6.245335 -0.168288
v -0.489737 6.234669 -0.150015
v -0.471160 6.161893 -0.151266
v -0.486821 6.167488 -0.134209
v -0.499524 6.180367 -0.112215
v -0.455521 6.243710 -0.186828
v -0.443354 6.261719 -0.175521
v -0.426523 6.248051 -0.188996
v -0.437668 6.230370 -0.193542
v -0.419287 6.161699 -0.182117
v -0.439891 6.159022 -0.174459
v -0.398020 6.170131 -0.180262
v -0.406871 6.239430 -0.175391
v -0.420221 6.248630 -0.160055
v -0.380274 6.195117 -0.133181
v -0.379360 6.183135 -0.162520
v -0.163275 5.299834 0.142725
v -0.257950 5.281969 0.209296
v -0.240113 5.135985 0.215460
v -0.088018 5.143529 0.109458
v -0.196339 5.086433 0.296176
v -0.081801 5.093123 0.242921
v 0.013841 5.014095 0.168466
v 0.026666 4.948691 -0.068333
v -0.017607 4.973813 -0.184920
v -0.060317 5.148041 -0.035583
v -0.096532 5.312715 0.069631
v -0.370889 4.878486 0.255571
v -0.286637 4.997202 0.298543
v -0.364707 5.072332 0.247325
v -0.470398 4.974270 0.155727
v -0.417753 4.756906 0.049494
v -0.398111 4.719570 0.079277
v -0.329593 4.804662 0.269511
v -0.467249 4.796320 -0.004141
v -0.521676 5.006601 0.076387
v -0.500024 4.828198 -0.059581
v 0.049142 4.935799 0.136187
v 0.024434 4.871401 -0.068489
v -0.015937 4.704991 -0.252538
v -0.020100 4.738752 -0.286949
v -0.038215 4.776490 -0.349154
v -2.728779 6.205121 -1.269553
v -2.616088 6.131175 -1.421445
v -2.714121 6.094710 -1.464446
v -2.818250 6.188352 -1.290659
v -2.884025 6.295444 -1.220038
v -2.814230 6.284057 -1.148531
v -2.861622 6.171377 -1.368777
v -2.945679 6.288644 -1.276670
v -3.497538 4.619493 -0.304959
v -3.370296 4.645231 -0.323636
v -3.376341 4.644414 -0.352283
v -3.529798 4.604099 -0.322914
v -3.555340 4.579932 -0.307645
v -3.518910 4.593451 -0.288525
v -3.367860 4.620242 -0.293418
v -3.553464 4.552967 -0.301774
v -3.566472 4.551973 -0.326155
v -3.554311 4.535391 -0.325149
v -3.545341 4.537934 -0.305494
v -3.507872 4.529570 -0.301091
v -3.507942 4.551636 -0.287911
v -3.515743 4.518506 -0.322918
v -3.562359 4.577930 -0.325401
v -3.568966 4.563292 -0.324807
v -3.555904 4.564920 -0.302464
v -3.529186 4.596018 -0.344186
v -3.533116 4.577574 -0.356991
v -3.495788 4.520276 -0.352286
v -3.532270 4.539775 -0.357896
v -3.390587 4.534670 -0.406648
v -3.384384 4.514674 -0.377777
v -3.378527 4.510989 -0.347438
v -2.781558 6.077838 -1.498767
v -1.332963 3.755715 0.143285
v -1.165271 3.789925 0.166902
v -1.091953 3.858625 -0.017905
v -1.349742 3.885091 -0.079544
v -1.214905 3.988955 -0.215552
v -1.376630 4.108106 -0.335331
v -1.482767 4.042067 -0.272594
v -1.592091 3.957877 -0.263844
v -1.501080 3.790045 -0.094090
v -1.458281 3.718613 0.134012
v -0.528389 4.048416 -0.270464
v -0.620416 3.933701 -0.186107
v -0.511026 3.925393 -0.153256
v -0.420068 4.038886 -0.206994
v -0.526292 4.140279 -0.392415
v -0.620477 4.104713 -0.400463
v -0.654439 4.012065 -0.296578
v -0.735168 3.956702 -0.211405
v -1.088060 2.211166 0.792711
v -1.075031 2.320853 0.767044
v -0.943888 2.212844 0.733215
v -1.010899 2.133939 0.773219
v -1.182271 2.191648 0.831903
v -1.232249 2.367932 0.830849
v -1.089832 2.068378 0.801254
v -0.238615 1.793112 1.196851
v -0.293462 1.673088 1.129033
v -0.257732 1.825190 1.054081
v -0.234455 1.861685 1.112408
v -0.385655 2.686279 0.644845
v -0.415458 2.779290 0.759234
v -0.364303 2.570025 0.807806
v -0.274622 2.489637 0.682382
v -0.322938 2.399265 0.855108
v -0.269350 2.362336 0.769785
v -0.172893 2.330702 0.730413
v -0.135046 2.388836 0.658538
v -0.216881 2.503554 0.598049
v -0.326584 2.650495 0.569484
v -0.111476 2.399857 0.588225
v -2.016881 4.293880 -0.664379
v -1.853687 4.336767 -0.648522
v -1.928298 4.505594 -0.791616
v -2.073351 4.483424 -0.796910
v -2.052851 4.198985 -0.631828
v -1.905454 4.031710 -0.435845
v -1.848397 4.103256 -0.428183
v -1.723230 4.173194 -0.428794
v -2.261098 4.426122 -0.726542
v -2.268090 4.319219 -0.683833
v -2.266430 4.520006 -0.826159
v -1.622115 3.383705 0.061394
v -1.612260 3.505149 0.098945
v -1.702375 3.579060 -0.096236
v -1.736549 3.444097 -0.176067
v -1.862632 3.689374 -0.337902
v -1.880439 3.653933 -0.429306
v -1.808598 3.410359 -0.338294
v -1.840122 3.761781 -0.278440
v -1.781724 3.204646 -0.347723
v -1.743414 3.190738 -0.201906
v -1.658866 3.258438 0.051907
v -0.784131 2.369810 0.428956
v -0.701665 2.196656 0.465827
v -0.750458 2.164762 0.548351
v -0.879903 2.370928 0.546381
v -0.909133 2.272620 0.661150
v -1.053785 2.426331 0.712925
v -1.066982 2.520797 0.594216
v -0.789898 2.133348 0.627053
v -2.775614 4.402573 -0.970401
v -2.790721 4.321037 -0.946992
v -2.902834 4.408433 -0.810060
v -2.895825 4.506792 -0.901096
v -2.804569 4.502695 -1.020747
v -2.742731 4.454883 -0.994982
v -1.760678 4.705259 -1.004192
v -1.849298 4.652686 -0.976431
v -1.771858 4.571929 -0.819573
v -1.641813 4.653928 -0.861300
v -1.948764 4.661804 -1.140159
v -1.807271 4.757725 -1.202495
v -1.660252 4.788461 -1.084196
v -2.808708 4.523479 -1.031566
v -2.736480 4.561260 -1.070628
v -2.723323 4.527647 -1.051918
v -2.693913 4.485985 -1.021172
v -2.574039 4.497043 -1.084416
v -2.575319 4.426538 -1.046265
v -2.593636 4.354073 -1.036258
v -0.268855 1.505866 1.035504
v -0.316426 1.540994 1.104568
v -0.352022 1.465154 1.163895
v -0.296099 1.332288 1.073799
v -0.399020 1.410854 1.215585
v -0.362661 1.254258 1.135155
v -0.199277 1.275453 0.977879
v -0.188662 1.473847 0.974896
v -2.557622 5.400005 -1.345816
v -2.633879 5.391145 -1.394479
v -2.496251 5.341427 -1.639431
v -2.396098 5.325358 -1.586683
v -2.335427 5.327245 -1.474359
v -2.485893 5.411711 -1.284081
v -2.412137 5.251416 -1.812098
v -2.348521 5.231125 -1.763556
v -2.279517 5.202981 -1.663739
v -2.214358 5.219385 -1.602120
v -1.722477 3.087508 -0.159423
v -1.642257 3.190197 0.058376
v -1.773445 2.937403 -0.376474
v -1.745490 2.884469 -0.343075
v -1.785868 2.972210 -0.439283
v -0.559692 2.438588 0.372740
v -0.473243 2.558478 0.344759
v -0.401405 2.447609 0.392513
v -0.455511 2.363331 0.399775
v -0.556581 2.254884 0.403546
v -0.636083 2.229359 0.424409
v -0.685561 2.401456 0.378652
v -0.480635 2.260069 0.398598
v -4.551456 6.397262 -2.588812
v -4.607536 6.397612 -2.596794
v -4.571476 6.374009 -2.564143
v -4.529472 6.387272 -2.554022
v -2.644142 5.995728 -2.069447
v -2.645330 5.986382 -1.852959
v -2.542220 6.022533 -1.848613
v -2.507445 6.052557 -2.111407
v -2.253705 6.063678 -1.997154
v -2.140165 6.072241 -2.200319
v -2.410013 6.057191 -2.291338
v -2.630623 6.109758 -2.399148
v -2.686707 6.105991 -2.290307
v -2.753699 6.046835 -2.224586
v -2.733148 5.644529 -1.945702
v -2.790631 5.803861 -1.880612
v -2.798949 5.808117 -2.030239
v -2.768492 5.686227 -2.096750
v -2.729676 5.555014 -1.900941
v -2.854919 5.667743 -1.655652
v -2.853988 5.758820 -1.667811
v -2.708217 5.571889 -2.270382
v -2.659124 5.437017 -2.210090
v -2.696817 5.375174 -2.137089
v -2.029601 3.969181 -0.826102
v -2.100307 3.971015 -0.987096
v -1.974509 3.964814 -1.044205
v -1.871104 3.934909 -0.879006
v -1.876053 3.855548 -0.647624
v -1.930519 3.882409 -0.569061
v -2.071821 4.015930 -0.741040
v -1.789152 3.834435 -0.713361
v -1.722769 5.944024 -1.999536
v -1.538870 5.702060 -2.075576
v -1.557432 5.733410 -2.198590
v -1.813215 6.032474 -2.127340
v -2.044514 6.105200 -1.901598
v -1.934329 6.041509 -1.825752
v -1.558307 5.745764 -2.297573
v -1.787833 5.989369 -2.279283
v -2.077373 6.035075 -2.328353
v 0.213226 1.406177 0.894748
v 0.094242 1.549825 0.890994
v 0.012366 1.404868 0.917139
v 0.109613 1.340073 0.923815
v 0.153289 1.176789 0.956619
v 0.300434 1.187969 0.917931
v 0.018727 1.186943 0.943928
v -4.591595 6.295083 -2.669366
v -4.615842 6.327595 -2.676752
v -4.576141 6.307035 -2.686645
v -4.563976 6.274831 -2.686863
v -4.475109 6.185614 -2.668684
v -4.484857 6.186148 -2.633420
v -4.456209 6.214739 -2.675735
v -0.194157 2.066768 0.204723
v -0.250252 2.093743 0.325767
v -0.102487 2.032172 0.256944
v -0.104736 2.041612 0.185100
v -0.598671 2.878259 -0.085862
v -0.707450 2.791516 -0.054930
v -0.772479 2.791509 -0.246247
v -0.645188 2.925032 -0.389968
v -0.861405 2.712047 -0.433806
v -0.774480 2.785450 -0.571895
v -0.479852 3.083224 -0.404381
v -0.512303 2.967510 -0.083145
v -0.627573 3.034292 -0.683669
v -0.532954 3.183829 -0.669967
v -1.888357 4.584624 -1.628428
v -1.892500 4.649148 -1.557850
v -1.847235 4.732512 -1.649628
v -1.852023 4.602268 -1.716113
v -1.899017 4.403280 -1.739389
v -1.920833 4.421519 -1.633797
v -1.970592 4.467756 -1.527683
v -1.753788 3.805004 -1.014143
v -1.881297 3.794755 -1.152038
v -1.806747 3.700701 -1.053544
v -1.758540 3.736471 -0.996616
v -1.683731 3.677958 -0.923677
v -1.646394 3.744888 -0.890413
v -1.723285 3.611580 -0.953287
v -0.329032 3.269250 -0.525477
v -0.299487 3.286546 -0.405824
v -0.406760 3.145321 -0.254334
v -0.374194 3.305126 -0.684455
v -2.118943 4.336972 -1.392920
v -2.035162 4.535561 -1.442721
v -2.018258 4.264759 -1.496971
v -2.119132 4.180348 -1.365270
v -2.252225 4.234735 -1.262223
v -2.232401 4.330999 -1.249902
v -2.045922 4.133309 -1.449649
v -1.578213 3.367850 -0.799778
v -1.528716 3.362162 -0.753372
v -1.580137 3.542514 -0.824752
v -1.632694 3.485120 -0.859042
v -1.657142 3.418037 -0.902414
v -1.601904 3.287747 -0.818738
v -1.580949 3.226416 -0.758889
v -1.763009 3.869033 -0.980681
v -1.901343 3.884533 -1.135827
v -1.900550 3.738216 -1.255741
v -1.821935 3.644273 -1.116824
v -2.693409 5.499146 -2.439498
v -2.637275 5.408722 -2.412662
v -2.574389 5.288582 -2.416890
v -2.638665 5.250019 -2.274778
v -2.542466 5.123904 -2.273841
v -0.426587 0.305950 1.128027
v -0.684202 0.235189 1.154014
v -0.648948 0.146737 1.164240
v -0.314196 0.274750 1.198134
v -0.050450 0.280859 1.273067
v 0.009525 0.472811 1.178571
v -0.176637 0.492036 1.120923
v -0.291974 0.496464 1.048220
v -0.647450 0.391501 1.132898
v -0.496943 0.380944 1.090061
v -1.121643 4.822045 -1.526500
v -1.071038 4.692819 -1.595252
v -1.113414 4.771578 -1.905390
v -1.174248 4.980110 -1.867261
v -1.251980 5.216536 -1.988190
v -1.297244 5.242152 -1.803196
v -1.234881 5.060931 -1.667328
v -1.177939 5.001370 -2.173831
v -1.260245 5.204195 -2.193451
v -1.112053 4.816078 -2.173413
v -1.616482 3.241303 -0.873231
v -1.634130 3.112320 -0.835130
v -1.591707 3.213253 -0.934887
v -1.603568 3.058728 -0.909169
v -1.644893 3.067100 -0.761959
v -1.554825 3.191967 -0.706408
v -2.028347 3.972381 -1.506786
v -2.082739 3.974343 -1.357955
v -2.073798 4.036693 -1.408137
v -2.025935 4.029411 -1.562939
v -2.023520 3.892241 -1.322910
v -2.050398 3.940199 -1.250400
v -1.996229 3.930687 -1.600972
v -1.987334 3.843324 -1.382656
v -0.716961 3.527678 -1.020893
v -0.716679 3.761487 -1.039950
v -0.560116 3.772210 -0.955430
v -0.499796 3.587113 -0.926731
v -0.900105 3.678884 -1.209906
v -0.863063 3.815624 -1.163427
v -0.868915 3.338805 -1.067000
v -0.999969 3.578336 -1.220551
v -0.429204 3.409321 -0.826031
v -0.586028 3.298587 -0.870963
v -0.720949 3.171754 -0.870853
v 0.105951 1.838209 0.053179
v 0.108737 1.858615 0.142799
v 0.145536 1.685060 0.067570
v 0.147108 1.699968 -0.000948
v 0.216149 1.750642 -0.154705
v 0.202081 1.819638 -0.196765
v 0.084557 1.925511 0.048095
v 0.211802 1.686098 -0.118105
v -2.333810 5.773123 -2.688646
v -2.122519 5.756453 -2.647857
v -2.158489 5.676369 -2.649591
v -2.383714 5.664261 -2.649795
v -2.566294 5.697720 -2.722540
v -2.532445 5.784412 -2.756651
v -2.532486 5.580715 -2.593808
v -2.638265 5.619980 -2.675328
v -2.195830 5.628162 -2.629944
v -2.366879 5.605157 -2.599233
v -2.495518 5.511618 -2.559788
v -1.096054 3.352239 -1.095224
v -1.182353 3.536770 -1.210747
v -0.842186 2.989882 -0.897666
v -0.941342 3.073988 -1.035599
v -1.089461 3.128814 -1.085558
v -2.163765 5.461589 -2.600347
v -2.282822 5.352319 -2.575594
v -2.347053 5.489367 -2.576165
v -2.238871 5.549823 -2.599922
v -2.058100 5.552041 -2.622591
v 0.165369 1.582937 -0.045535
v 0.204608 1.595664 -0.116628
v 0.242616 1.439697 -0.232555
v 0.257936 1.517093 -0.307459
v -2.023106 4.466238 -2.240818
v -2.039579 4.354542 -2.322334
v -2.011067 4.295683 -2.153105
v -2.025369 4.392582 -2.112053
v -2.042593 4.224066 -1.981276
v -2.071997 4.242835 -1.948195
v -2.079921 4.416668 -2.057171
v -2.004350 4.210281 -1.998941
v -1.522999 5.398542 -2.512235
v -1.436431 5.436051 -2.402134
v -1.327086 5.178746 -2.449446
v -1.459312 5.114683 -2.622692
v -1.248677 4.973180 -2.496233
v -1.357056 4.933267 -2.671237
v -1.576588 5.140670 -2.675622
v -1.616445 5.380425 -2.609591
v -1.462752 4.848863 -2.860633
v -1.529315 4.942692 -2.851459
v -1.594062 5.002124 -2.860406
v -2.025863 4.546050 -2.318823
v -2.026084 4.463059 -2.395514
v -2.064713 4.252094 -2.338419
v -2.001625 4.234946 -2.179246
v -2.160842 2.090652 -1.051312
v -2.220709 2.059410 -1.030561
v -2.132761 2.114264 -0.929231
v -2.091961 2.133580 -0.995826
v -2.061749 2.174801 -1.073142
v -2.168689 2.117704 -1.120380
v -2.265517 2.075296 -1.133720
v -2.465548 2.160553 -1.213278
v -2.507997 2.234322 -1.211498
v -2.654527 2.154145 -1.178463
v -2.589426 2.048256 -1.201263
v -2.841163 2.021064 -1.120723
v -2.783978 1.946913 -1.126235
v -2.473320 1.994819 -1.200363
v -2.406860 2.084118 -1.197256
v -2.181356 4.512436 -2.793696
v -2.096834 4.604243 -2.671047
v -2.046829 4.678584 -2.788236
v -2.088638 4.567579 -2.938270
v -2.199402 4.429885 -3.007421
v -2.261921 4.336260 -3.040580
v -2.232991 4.415555 -2.765505
v -2.096919 4.499553 -2.577668
v -2.149007 4.439996 -3.137242
v -1.290136 4.565991 -2.579451
v -1.161635 4.550260 -2.402627
v -1.197162 4.424895 -2.423956
v -1.348410 4.428798 -2.645454
v -1.237301 4.325806 -2.423300
v -1.330464 4.327815 -2.650982
v -1.430208 4.467598 -2.716367
v -1.386666 4.574452 -2.688716
v -1.524368 4.487172 -2.791955
v -1.554824 4.398196 -2.900435
v -1.633212 4.473762 -2.914178
v 0.921078 0.035528 0.180273
v 0.864836 0.024424 0.317235
v 0.859583 -0.049464 0.289130
v 0.914683 -0.053451 0.029471
v 0.921751 0.186246 0.211929
v 0.880431 0.155254 0.364533
v 0.915887 0.043543 -0.007793
v -2.254841 4.325117 -3.288138
v 0.652973 0.406121 -0.267332
v 0.635485 0.499706 -0.144794
v 0.762088 0.498617 -0.121376
v 0.749668 0.376435 -0.284739
v 0.579174 0.384529 -0.358861
v 0.504131 0.507441 -0.211229
v 0.681805 0.306952 -0.429391
v -2.137901 1.996713 -1.714316
v -2.327027 1.997966 -1.691210
v -2.309107 2.090765 -1.724312
v -2.082784 2.084643 -1.670115
v -2.021476 1.931335 -1.700346
v -2.256627 1.898282 -1.691017
v -1.816737 2.109403 -1.518111
v -1.793237 2.042882 -1.552050
v -1.737709 1.965410 -1.556177
v -0.613823 0.495859 -0.594277
v -0.654951 0.577315 -0.629672
v -0.760702 0.429981 -0.630079
v -0.711941 0.395573 -0.608661
v -0.799359 0.292502 -0.639926
v -0.723279 0.303642 -0.603079
v -0.587654 0.409348 -0.545683
v -2.329962 4.212687 -3.281398
v -2.294167 4.250386 -3.032999
v -2.325918 4.257209 -3.576043
v -2.354846 4.170321 -3.533689
v -2.114924 4.500568 -3.219320
v -2.224818 4.416275 -3.407734
v -2.332111 4.358556 -3.651320
v -4.736167 1.509654 -1.751384
v -4.774547 1.485469 -1.844076
v -4.733231 1.466287 -1.758649
v -4.722119 1.480555 -1.705603
v -4.782089 1.494328 -1.886302
v -4.783466 1.485971 -1.878000
v -4.777535 1.498884 -1.859427
v -4.765708 1.503209 -1.864272
v -4.756382 1.503554 -1.873563
v -4.779268 1.489928 -1.897666
v -4.779519 1.479176 -1.886694
v -4.707099 1.459014 -1.902740
v -4.730278 1.472273 -1.909460
v -4.628706 1.465685 -1.858382
v -4.627308 1.440461 -1.864502
v -4.726911 1.454144 -1.910993
v -4.748810 1.468251 -1.915492
v -4.632376 1.418714 -1.864776
v -4.750033 1.459840 -1.913159
v -4.726660 1.445139 -1.906117
v -4.758327 1.463641 -1.909967
v -4.758397 1.476241 -1.915505
v -4.733412 1.442248 -1.895431
v 0.522705 0.395610 -0.669842
v 0.461737 0.494605 -0.599692
v 0.459093 0.442290 -0.512589
v 0.543301 0.334433 -0.622053
v 0.576251 0.270458 -0.689175
v 0.534164 0.374655 -0.734695
v 0.473831 0.525460 -0.678959
v -0.856090 0.045063 -0.763242
v -0.874467 0.074163 -0.703740
v -0.835128 0.172410 -0.739504
v -0.794621 0.151279 -0.791572
v -0.809896 0.149317 -0.857175
v -0.847983 0.077042 -0.830795
v -0.915205 -0.033653 -0.676046
v -0.918322 -0.004115 -0.632527
v -0.872418 0.053005 -0.874391
v -0.891872 -0.010002 -0.817459
v -0.910776 -0.074991 -0.716385
v -0.645609 6.325302 -4.658648
v -0.608729 6.364549 -4.682148
v -0.669454 6.339780 -4.676232
v -0.691470 6.314492 -4.648061
v -0.838661 0.147102 -0.919691
v -0.578261 6.369720 -4.713230
v -0.580058 6.370321 -4.717350
v -0.585379 6.373638 -4.712689
v -0.585462 6.372977 -4.703909
v -0.603926 6.366241 -4.717585
v -0.606069 6.369817 -4.706224
v -0.598054 6.363627 -4.724150
v -0.590997 6.339608 -4.702024
v -0.590045 6.353314 -4.695259
v -0.621436 6.302154 -4.681604
v -0.613775 6.293886 -4.695691
v -0.583562 6.348539 -4.715178
v -0.580942 6.368701 -4.706416
v -0.609697 6.289593 -4.711816
v -0.587359 6.351123 -4.725709
v -0.599696 6.348629 -4.734212
v -0.622920 6.298468 -4.740303
v -0.637395 6.308012 -4.748332
v -0.648560 6.320548 -4.742241
v -0.660305 -0.067355 -0.910744
v -0.515927 -0.050724 -0.961849
v -0.518671 -0.067778 -0.900997
v -0.624088 -0.075146 -0.867405
v 0.419223 0.337180 -0.934037
v 0.553516 0.140740 -0.843412
v 0.502679 0.104696 -0.893508
v 0.379913 0.297757 -0.961948
v 0.330763 0.490080 -0.932424
v 0.234603 0.436453 -1.003935
v 0.255370 0.231204 -1.002549
v -0.783049 -0.071641 -0.883412
v -0.860686 -0.050649 -0.862104
v -0.835654 0.025124 -0.917886
v -0.783244 0.012251 -0.949118
v -0.677104 0.020582 -0.992548
v -0.674242 -0.035595 -0.962757
v -0.725903 -0.085623 -0.823097
v -2.478773 4.578882 -4.006390
v -2.343655 4.615910 -3.759227
v -2.271922 4.660000 -3.830809
v -2.348766 4.637085 -4.126237
v -2.180425 4.673537 -3.875243
v -2.214062 4.644161 -4.106097
v -2.145237 4.735662 -4.306551
v -2.233654 4.729931 -4.384167
v -2.452783 4.587816 -4.300516
v -2.564647 4.496996 -4.173330
v -2.297573 4.700121 -4.491564
v -1.766728 4.413456 -3.945719
v -1.781198 4.450407 -3.807139
v -1.816712 4.348047 -3.778668
v -1.798302 4.283134 -3.978526
v -1.753774 4.507016 -3.830752
v -1.714483 4.475506 -4.018467
v -1.710020 4.375668 -4.062383
v -2.623416 4.418688 -4.084103
v -2.609749 4.425807 -4.282193
v -2.697491 4.306529 -4.188860
v -2.693400 4.265286 -4.150667
v -2.625639 4.356228 -4.037800
v -2.746183 4.126836 -4.213846
v -2.728196 4.126004 -4.168166
v -2.670443 4.233927 -4.097034
v -2.678672 4.133632 -4.083691
v -2.596200 4.287486 -3.994360
v -2.557554 4.173452 -3.952142
v -1.775188 4.156750 -3.914542
v -1.793402 4.242256 -3.744720
v -1.718729 4.179234 -3.734656
v -1.719819 4.088259 -3.965196
v -1.744836 4.147057 -4.113088
v -1.552598 5.331678 -4.847203
v -1.534230 5.313325 -5.022779
v -1.659090 5.290169 -4.999162
v -1.785556 5.174576 -4.747401
v -1.755927 5.107329 -4.585974
v -1.614209 5.288819 -4.629879
v -1.746688 5.254239 -4.999024
v -1.880732 5.098820 -4.784133
v -1.410284 5.451676 -4.739413
v -1.333152 5.420196 -4.839194
v -1.403834 5.318658 -4.949758
v -1.416201 5.285387 -5.044825
v -1.700965 3.968781 -4.179748
v -1.709657 4.057528 -4.151556
v -1.693569 4.029997 -3.964951
v -1.687686 3.971077 -3.943628
v -1.576695 4.085690 -4.370593
v -1.610393 4.154013 -4.280265
v -1.778653 3.819662 -4.126469
v -1.846195 3.733841 -4.255692
v -1.697416 3.883132 -4.319770
v -1.737640 3.897436 -3.917183
v -2.689908 3.966707 -4.362761
v -2.659974 4.019465 -4.387369
v -2.619641 3.958548 -4.390237
v -2.673050 3.910165 -4.358639
v -2.725414 3.974622 -4.334076
v -2.701119 4.064456 -4.361663
v -2.716757 3.895600 -4.321874
v -1.037636 4.909001 -4.808412
v -1.157039 4.649758 -4.738997
v -1.170449 4.646105 -4.945015
v -1.077215 4.878487 -4.994502
v -1.079965 5.037988 -4.853195
v -1.054150 5.191155 -4.759350
v -1.004398 5.135926 -4.686248
v -1.090730 5.002765 -5.000001
v -2.060597 3.624228 -4.240306
v -1.899592 3.715385 -4.096512
v -1.984208 3.683156 -4.060533
v -2.148078 3.606953 -4.197000
v -2.109991 3.628090 -4.332681
v -1.880498 3.723442 -4.344023
v -2.472698 3.621476 -4.195343
v -2.535722 3.580592 -4.245983
v -2.399472 3.562980 -4.246796
v -2.394952 3.600740 -4.200857
v -1.336486 4.466619 -4.615309
v -1.330351 4.424039 -4.732842
v -1.357525 4.382981 -4.824104
v -1.254196 4.577147 -5.046015
v -2.370993 3.600502 -4.397236
v -2.489700 3.628142 -4.397634
v -2.433997 3.683303 -4.439170
v -2.353125 3.652946 -4.440395
v -2.307292 3.782910 -4.506901
v -2.207204 3.715719 -4.470084
v -2.142091 3.663837 -4.394916
v -1.426517 5.829708 -6.503741
v -1.384834 5.833708 -6.489713
v -1.331099 5.861530 -6.748609
v -1.375730 5.872463 -6.823426
v -1.471577 5.857731 -6.789029
v -1.493228 5.809386 -6.505863
v -1.395723 5.813811 -7.061329
v -1.488305 5.839171 -7.027556
v -1.240105 5.904248 -6.929872
v -1.271804 5.882909 -7.021070
v -1.016702 5.922555 -7.024019
v -1.031055 5.962383 -7.065947
v -1.184790 5.895242 -6.879449
v -1.155329 5.842292 -6.868771
v -0.984857 5.956064 -7.075138
v -0.967047 5.974911 -7.104073
v -1.005835 5.966177 -7.088991
v -0.931536 5.962840 -7.165021
v -0.973311 5.911326 -7.195556
v -1.134180 5.877028 -7.112786
v -1.096935 5.928265 -7.061823
v -0.907627 5.956326 -7.142188
v -0.900057 5.921576 -7.153526
v -1.236998 5.658048 -7.164759
v -1.274227 5.556122 -7.235334
v -1.349849 5.599351 -7.233061
v -1.289566 5.755866 -7.134944
v -1.199797 5.501737 -7.207014
v -1.118018 5.654610 -7.145139
v -1.143633 5.780045 -7.153337
v -1.145197 5.439806 -7.012929
v -1.146253 5.432776 -6.916862
v -1.201092 5.394758 -6.908706
v -1.195426 5.352782 -7.070112
v -1.085297 5.504940 -6.905001
v -1.061912 5.553054 -7.073187
v -1.160709 5.426786 -7.141985
v -1.000145 5.651810 -7.031590
v -1.060548 5.589477 -6.874014
v -0.955864 5.765236 -7.239666
v -0.921728 5.727804 -7.201421
v -0.888539 5.736534 -7.175353
v -0.537653 5.859096 -7.438237
v -0.544568 5.878230 -7.473860
v -0.623349 5.895722 -7.374848
v -0.599907 5.861385 -7.352734
v -0.610890 5.807885 -7.365978
v -0.539006 5.831367 -7.473706
v -0.542772 5.858935 -7.512635
v -0.645642 5.864153 -7.518390
v -0.713942 5.865663 -7.470882
v -0.703087 5.912102 -7.461088
v -0.605895 5.885227 -7.523382
v -0.566283 5.841957 -7.524825
v -0.611116 5.827323 -7.519787
v -0.701116 5.819202 -7.460813
v -0.580439 5.897834 -7.477812
v -0.649695 5.910982 -7.402058
v -0.582692 5.891037 -7.514020
v -0.677665 5.921923 -7.434345
v -0.557952 5.816566 -7.495096
v -0.601247 5.803711 -7.493811
v -0.672958 5.790056 -7.433091
v -0.635705 5.786933 -7.395228
v -1.554938 5.297234 -7.583079
v -1.499267 5.270540 -7.560547
v -1.468390 5.168951 -7.760546
v -1.538097 5.176883 -7.802284
v -1.602428 5.179955 -7.804633
v -1.608510 5.311014 -7.607440
v -1.412787 5.059957 -7.905310
v -1.484001 5.043795 -7.905677
v -1.553563 5.027703 -7.902709
v -1.301165 4.223806 -8.303053
v -1.351719 4.274855 -8.228687
v -1.395660 4.264233 -8.246093
v -1.311705 4.202035 -8.339951
v -1.260935 4.211444 -8.307671
v -1.314698 4.275571 -8.207150
v -1.260172 4.185104 -8.358038
v -1.136553 4.210498 -8.368538
v -1.126014 4.275194 -8.335806
v -1.127114 4.249355 -8.298979
v -1.139149 4.176605 -8.359027
v -1.146952 4.204908 -8.398874
v -1.137887 4.294427 -8.375486
v -1.151790 4.162230 -8.394238
v -1.358233 4.300730 -8.440203
v -1.415022 4.378632 -8.391150
v -1.375488 4.417698 -8.418247
v -1.316681 4.294897 -8.464989
v -1.350886 4.254514 -8.432096
v -1.435742 4.340070 -8.360779
v -1.305087 4.227298 -8.467166
v -1.171631 4.137124 -8.409018
v -1.159704 4.134450 -8.383799
v -1.184899 4.120025 -8.380165
v -1.192358 4.128117 -8.419664
v -1.167895 4.164314 -8.420521
v -1.192105 4.163958 -8.439856
v -1.190235 4.220508 -8.448790
v -1.162942 4.213936 -8.425650
v -1.222592 4.126384 -8.426569
v -1.222587 4.165603 -8.453832
v -1.224933 4.223307 -8.462782
v -1.238113 4.313561 -8.454100
v -1.198072 4.313295 -8.436213
v -1.259465 4.170447 -8.460718
v -1.262068 4.223869 -8.470243
v -1.277994 4.306476 -8.463182
v -1.331218 4.438723 -8.421035
v -1.278050 4.453907 -8.408568
v -1.350970 4.591328 -8.283218
v -1.298013 4.595008 -8.260965
v -1.229440 4.458504 -8.383839
v -1.402357 4.574180 -8.290490
v -1.454781 4.703047 -8.137785
v -1.407688 4.713030 -8.134263
v -1.450053 4.544396 -8.288009
v -1.504701 4.679852 -8.131829
v -1.554504 4.848989 -8.018776
v -1.496468 4.869963 -8.013925
v -1.494009 4.510787 -8.275414
v -1.546397 4.658504 -8.123235
v -1.593176 4.813177 -7.992527
v -1.664446 4.974593 -7.896900
v -1.616718 5.011360 -7.916911
v -1.593636 4.630217 -8.106154
v -1.621830 4.777626 -7.959377
v -1.690213 4.936977 -7.852110
v -1.760622 5.111044 -7.730071
v -1.729093 5.149433 -7.774792
v -1.649998 4.743663 -7.926916
v -1.717694 4.894761 -7.807158
v -1.781054 5.069241 -7.676061
v -1.739884 5.255235 -7.513093
v -1.742181 5.281098 -7.542181
v -1.709753 4.860330 -7.755842
v -1.742873 5.041216 -7.623909
v -1.692824 5.224053 -7.483826
v -1.664539 5.366279 -7.306441
v -1.707384 5.399854 -7.324892
v -1.681872 5.024657 -7.597097
v -1.644521 5.192168 -7.456815
v -1.618864 5.326914 -7.286098
v -1.616888 5.433564 -7.106095
v -1.670307 5.475398 -7.116102
v -1.596681 5.160015 -7.430637
v -1.571311 5.287358 -7.265540
v -1.559825 5.392965 -7.094421
v -1.555463 5.467194 -6.927198
v -1.613807 5.514256 -6.935332
v -1.512354 5.255661 -7.250758
v -1.501146 5.355032 -7.081373
v -1.507067 5.411469 -6.916520
v -1.530478 5.412360 -6.743386
v -1.584958 5.467678 -6.748375
v -1.440342 5.318238 -7.067247
v -1.442947 5.367218 -6.906267
v -1.460815 5.368211 -6.737987
v -1.478281 5.363822 -6.547568
v -1.548918 5.403385 -6.550014
v -1.371010 5.338606 -6.898266
v -1.383988 5.332953 -6.733114
v -1.400674 5.328732 -6.543064
v -1.426193 5.302382 -6.349825
v -1.508980 5.326368 -6.353391
v -1.304369 5.312981 -6.730147
v -1.319274 5.314247 -6.536075
v -1.340314 5.290452 -6.342952
v -1.363744 5.221093 -6.162728
v -1.459313 5.220755 -6.173894
v -1.250735 5.320891 -6.527665
v -1.265214 5.295978 -6.333922
v -1.274945 5.231707 -6.150063
v -1.293820 5.136028 -5.968543
v -1.388577 5.116546 -5.991773
v -1.203945 5.322423 -6.323100
v -1.206210 5.266401 -6.132960
v -1.212938 5.178741 -5.941410
v -1.218985 5.055994 -5.752692
v -1.309846 5.011653 -5.790007
v -1.158260 5.324343 -6.109102
v -1.157903 5.236840 -5.910220
v -1.152897 5.120958 -5.711594
v -1.151272 4.989678 -5.511415
v -1.234374 4.924969 -5.554632
v -1.137294 5.308871 -5.874240
v -1.129085 5.199092 -5.670156
v -1.122551 5.082638 -5.463326
v -1.122981 4.961544 -5.231534
v -1.160865 4.839058 -5.256444
v -1.147319 5.282277 -5.627944
v -1.130255 5.180310 -5.420219
v -1.126894 5.072130 -5.209415
v -1.202026 5.267956 -5.384926
v -1.179831 5.171114 -5.182369
v -1.166619 5.107087 -5.005459
v -1.157445 5.141952 -4.901590
v -1.287191 5.240530 -5.167798
v -1.288252 5.216200 -5.037564
v -1.269761 5.258457 -4.963037
v -1.228830 5.354683 -4.883560
v -1.128011 5.265717 -4.839364
v -1.157052 5.480218 -4.816835
v -1.080028 5.421516 -4.780477
v -1.006760 5.376970 -4.719872
v -1.012367 5.600473 -4.791455
v -0.950255 5.570093 -4.751384
v -0.898613 5.553372 -4.694854
v -0.949220 5.348500 -4.639949
v -0.865210 5.556743 -4.634877
v -0.905860 5.337668 -4.557784
v -0.971483 5.112108 -4.586297
v -1.058080 4.881653 -4.667690
v -0.914751 5.353466 -4.464188
v -1.025470 5.121303 -4.503273
v -1.135517 4.904986 -4.570355
v -1.257146 4.730477 -4.548865
v -1.193196 4.680030 -4.638348
v -1.106021 5.150091 -4.442130
v -1.218710 4.951004 -4.494644
v -1.326673 4.783857 -4.477064
v -1.422084 4.633035 -4.364565
v -1.380237 4.571012 -4.430803
v -1.313940 5.013393 -4.431601
v -1.416808 4.849257 -4.434888
v -1.511041 4.703478 -4.346144
v -1.626173 4.606449 -4.203109
v -1.565741 4.521284 -4.210307
v -1.512650 4.924519 -4.405004
v -1.612819 4.796637 -4.321019
v -1.714640 4.688067 -4.203921
v -1.779192 4.611834 -4.040136
v -1.744879 4.542803 -4.034680
v -1.729522 4.865602 -4.340777
v -1.806399 4.764599 -4.188634
v -1.834739 4.650758 -4.036670
v -1.832082 4.665230 -3.888151
v -1.772604 4.631899 -3.884933
v -1.904628 4.782586 -4.175049
v -1.911137 4.650728 -4.043101
v -1.918311 4.683527 -3.892501
v -1.864197 4.758652 -3.692584
v -1.784660 4.739314 -3.694623
v -2.054748 4.662519 -4.069652
v -2.046044 4.675276 -3.893050
v -1.962755 4.752732 -3.677984
v -1.875955 4.818789 -3.456072
v -1.798081 4.813404 -3.462897
v -2.065030 4.745032 -3.643117
v -1.953931 4.815745 -3.437332
v -1.873094 4.876095 -3.223685
v -1.805320 4.875472 -3.235202
v -2.148350 4.726204 -3.593060
v -2.034346 4.788652 -3.397543
v -1.940488 4.858690 -3.204663
v -1.887600 4.954170 -3.028663
v -1.817717 4.959856 -3.037806
v -2.093848 4.733490 -3.348180
v -1.995410 4.816374 -3.170253
v -1.939850 4.922358 -3.003020
v -1.913476 5.022354 -2.854940
v -1.857117 5.049732 -2.876428
v -2.025296 4.763395 -3.135468
v -1.969407 4.874755 -2.968799
v -1.944895 4.973774 -2.822574
v -1.963928 5.046250 -2.702539
v -1.920530 5.104404 -2.730104
v -1.984690 4.819547 -2.927413
v -1.971532 4.920487 -2.785572
v -2.008290 4.989623 -2.678861
v -2.116918 5.056004 -2.639069
v -2.069294 5.126091 -2.644701
v -2.007163 4.857751 -2.738346
v -2.038694 4.924755 -2.651914
v -2.138982 4.980544 -2.606162
v -2.281919 5.051818 -2.560476
v -2.250573 5.135639 -2.597117
v -2.050653 4.859273 -2.599793
v -2.139597 4.896351 -2.555711
v -2.306264 4.982210 -2.504523
v -2.480307 5.150435 -2.453403
v -2.440195 5.190296 -2.537592
v -2.118746 4.814113 -2.483094
v -2.328526 4.914191 -2.462769
v -2.519462 5.113793 -2.391041
v -2.098777 4.738575 -2.373392
v -2.307232 4.884872 -2.391106
v -2.489132 5.051638 -2.358881
v -2.120186 4.660670 -2.295216
v -2.312037 4.878284 -2.323606
v -2.137734 4.634254 -2.221914
v -2.324117 4.868664 -2.269361
v -2.515186 5.118420 -2.240158
v -2.692040 5.314931 -2.070805
v -2.321978 4.865756 -2.198018
v -2.479115 5.111132 -2.171526
v -2.625506 5.305078 -2.028011
v -2.680107 5.458849 -1.802255
v -2.724252 5.499548 -1.855829
v -2.445919 5.099662 -2.087779
v -2.556601 5.286358 -1.969909
v -2.632976 5.408176 -1.744899
v -2.487172 5.257516 -1.872448
v -2.570704 5.358356 -1.687032
v -2.695383 5.403422 -1.445863
v -2.736701 5.468029 -1.505595
v -2.783549 5.536349 -1.563179
v -2.880604 5.559340 -1.295879
v -2.917159 5.624987 -1.358183
v -2.938386 5.694166 -1.408148
v -2.823626 5.603334 -1.613963
v -2.943565 5.766294 -1.436947
v -3.052258 5.816751 -1.251688
v -3.004916 5.884063 -1.260243
v -2.927848 5.948495 -1.253678
v -2.878475 5.827592 -1.426642
v -2.868973 6.028325 -1.272640
v -2.806412 5.899755 -1.426132
v -2.798485 5.835980 -1.640534
v -2.782371 5.998152 -1.457968
v -2.741413 5.930553 -1.642118
v -2.726701 5.908431 -1.850974
v -2.746051 5.914793 -2.029263
v -2.700928 6.013566 -1.659497
v -2.616780 6.039928 -1.638430
v -2.493415 6.076244 -1.586277
v -2.366853 6.054453 -1.778778
v -2.357863 6.095094 -1.498567
v -2.210568 6.086498 -1.686310
v -2.252557 6.085612 -1.409384
v -2.096947 6.057422 -1.603323
v -2.176419 6.054921 -1.331494
v -2.030579 5.993400 -1.527368
v -1.851952 5.957863 -1.722623
v -1.690696 5.844675 -1.848719
v -1.980729 5.950494 -1.458788
v -1.811360 5.889079 -1.617423
v -1.670142 5.773954 -1.695758
v -1.537058 5.615820 -1.719221
v -1.520215 5.661081 -1.885575
v -1.814734 5.818419 -1.537623
v -1.689372 5.709300 -1.599887
v -1.571767 5.561783 -1.618461
v -1.487824 5.394790 -1.613672
v -1.427066 5.431107 -1.715609
v -1.731433 5.624361 -1.525539
v -1.627790 5.494756 -1.534932
v -1.563169 5.349289 -1.544234
v -1.513029 5.216060 -1.518601
v -1.432056 5.238870 -1.579177
v -1.713042 5.409362 -1.491731
v -1.647055 5.293623 -1.504220
v -1.595194 5.180706 -1.494697
v -1.559105 5.072199 -1.422889
v -1.472363 5.088794 -1.442367
v -1.727172 5.231325 -1.507023
v -1.672332 5.137417 -1.496485
v -1.635620 5.038704 -1.438204
v -1.632465 4.928461 -1.298287
v -1.540623 4.966052 -1.269564
v -1.741746 5.084763 -1.528206
v -1.715387 4.993868 -1.478420
v -1.729072 4.884184 -1.377271
v -1.781347 4.939655 -1.552464
v -1.809198 4.844234 -1.474851
v -1.910808 4.732946 -1.371283
v -2.025213 4.581257 -1.316755
v -1.840633 4.800115 -1.564599
v -1.917753 4.693586 -1.466337
v -1.819988 4.864473 -1.647847
v -1.846103 4.765959 -1.741204
v -1.868107 4.800365 -1.820692
v -1.931994 4.641292 -1.893208
v -1.885242 4.602030 -1.805509
v -1.838637 4.922341 -1.710843
v -1.799517 5.013893 -1.602126
v -1.848069 5.070395 -1.632428
v -1.887996 4.963414 -1.748012
v -1.940976 4.847932 -1.872015
v -2.042555 4.896502 -1.856668
v -2.127462 4.837363 -1.905655
v -2.013950 4.734077 -1.942896
v -1.973957 4.986192 -1.746593
v -2.086346 5.054791 -1.701165
v -2.170200 5.010944 -1.781777
v -1.918790 5.100720 -1.637213
v -2.011181 5.152723 -1.613126
v -1.864058 5.215166 -1.542119
v -1.944348 5.280686 -1.542684
v -2.066913 5.364413 -1.492531
v -2.144384 5.267850 -1.539297
v -2.197861 5.442674 -1.373270
v -2.268827 5.362982 -1.406200
v -2.323881 5.513835 -1.212697
v -2.404126 5.442569 -1.236782
v -2.442474 5.599437 -0.996659
v -2.522216 5.548735 -1.011413
v -2.604172 5.529390 -1.047655
v -2.664053 5.715237 -0.789520
v -2.726647 5.701403 -0.848535
v -2.815962 5.689730 -0.922706
v -2.689329 5.527372 -1.101919
v -2.901995 5.684333 -1.000018
v -2.776507 5.518884 -1.163170
v -2.979923 5.686049 -1.071337
v -2.837640 5.528072 -1.229842
v -3.025692 5.703958 -1.138665
v -3.103048 5.879746 -0.963118
v -3.152741 5.894240 -1.023007
v -3.171790 5.925298 -1.079899
v -3.051160 5.748091 -1.203538
v -3.136968 5.979774 -1.111143
v -3.254474 6.144520 -0.979929
v -3.196761 6.178612 -0.994777
v -3.136220 6.227780 -1.011870
v -3.063423 6.039844 -1.116814
v -3.104776 6.290504 -1.049653
v -2.998148 6.104214 -1.126801
v -3.104699 6.344365 -1.117699
v -2.972306 6.184540 -1.172547
v -3.097558 6.401655 -1.185156
v -2.984771 6.235194 -1.243365
v -2.862590 6.106512 -1.327575
v -3.030288 6.442556 -1.177837
v -3.168174 6.584509 -1.067970
v -3.102640 6.618674 -1.055161
v -3.031935 6.646194 -1.028448
v -2.950106 6.464400 -1.145584
v -2.953444 6.669510 -1.002375
v -2.893331 6.457217 -1.076048
v -2.890972 6.682348 -0.965192
v -2.821973 6.462874 -1.021369
v -2.726163 6.314569 -1.110799
v -2.621784 6.217143 -1.215871
v -2.761314 6.471055 -0.974675
v -2.661693 6.312980 -1.045596
v -2.538403 6.207808 -1.132258
v -2.400493 6.135700 -1.246838
v -2.497133 6.144470 -1.340723
v -2.630331 6.287025 -0.970480
v -2.482074 6.172806 -1.041242
v -2.331858 6.099294 -1.157906
v -2.447820 6.124818 -0.962117
v -2.289963 6.050186 -1.092439
v -2.132051 6.006236 -1.275211
v -2.267390 5.982159 -1.047516
v -2.119950 5.941499 -1.240727
v -1.970261 5.891374 -1.412374
v -2.137577 5.855074 -1.221676
v -2.005909 5.801700 -1.393987
v -1.865531 5.727237 -1.503642
v -2.054806 5.685029 -1.372162
v -1.918618 5.607865 -1.456432
v -1.798370 5.513184 -1.472112
v -1.991243 5.481612 -1.460593
v -1.878742 5.396512 -1.484376
v -1.795658 5.318419 -1.500763
v -1.797505 5.157019 -1.540604
v -2.116469 5.548751 -1.352463
v -2.187443 5.740882 -1.215423
v -2.235619 5.608404 -1.198166
v -2.301795 5.779850 -1.003894
v -2.358784 5.672873 -0.991579
v -2.468737 5.893216 -0.791551
v -2.524531 5.813592 -0.766693
v -2.587626 5.750560 -0.746300
v -2.721165 6.031353 -0.701275
v -2.773626 5.983470 -0.696676
v -2.830756 5.947163 -0.728563
v -2.919371 6.202653 -0.656255
v -2.974790 6.164657 -0.684188
v -3.034499 6.134233 -0.731454
v -2.890441 5.917676 -0.774752
v -3.094160 6.114820 -0.784327
v -2.961469 5.895265 -0.841372
v -3.154828 6.107306 -0.838635
v -3.037365 5.883255 -0.907295
v -3.212459 6.104574 -0.880077
v -3.243329 6.306860 -0.760850
v -3.298281 6.302602 -0.800097
v -3.335117 6.312274 -0.846320
v -3.258953 6.112382 -0.929806
v -3.317651 6.339972 -0.882408
v -3.410148 6.469956 -0.763938
v -3.391887 6.503112 -0.803064
v -3.346259 6.544074 -0.815279
v -3.258526 6.382005 -0.900575
v -3.324813 6.592045 -0.856803
v -3.219433 6.427222 -0.928093
v -3.317076 6.636235 -0.907256
v -3.198085 6.480604 -0.981466
v -3.309544 6.686225 -0.951983
v -3.204846 6.530429 -1.040018
v -3.266308 6.738647 -0.950056
v -3.459014 6.793757 -0.853623
v -3.420109 6.843469 -0.840016
v -3.377507 6.889624 -0.815288
v -3.209910 6.779592 -0.927253
v -3.334978 6.933529 -0.782570
v -3.151050 6.816674 -0.900367
v -3.291736 6.972951 -0.749365
v -3.087712 6.862160 -0.877085
v -3.252569 7.015680 -0.719261
v -3.035043 6.895028 -0.850793
v -3.220544 7.048183 -0.683199
v -2.986905 6.920885 -0.818336
v -2.847305 6.682660 -0.910527
v -2.955982 6.909113 -0.753318
v -2.823503 6.669505 -0.850790
v -2.731049 6.455008 -0.909337
v -2.837693 6.640352 -0.802801
v -2.728933 6.429573 -0.849603
v -2.619046 6.249764 -0.898141
v -2.762220 6.389945 -0.801723
v -2.626726 6.200924 -0.835014
v -2.433810 6.059393 -0.894522
v -2.645485 6.149297 -0.772980
v -2.440900 5.978298 -0.836930
v -2.265424 5.893272 -1.017839
v -2.676528 6.087872 -0.720132
v -2.787740 6.346894 -0.751190
v -2.825454 6.295469 -0.692411
v -2.869362 6.247471 -0.662197
v -2.938502 6.505657 -0.657546
v -2.980536 6.455176 -0.613189
v -3.030488 6.404060 -0.597334
v -3.111159 6.633214 -0.561935
v -3.156851 6.572292 -0.544143
v -3.202583 6.519142 -0.555235
v -3.082880 6.362866 -0.622590
v -3.248702 6.485605 -0.592993
v -3.141348 6.330041 -0.666107
v -3.297838 6.465818 -0.632025
v -3.195313 6.313904 -0.715739
v -3.338665 6.457170 -0.674845
v -3.425695 6.577211 -0.538867
v -3.462151 6.567171 -0.581150
v -3.490671 6.570708 -0.624991
v -3.379032 6.455800 -0.717378
v -3.510656 6.588085 -0.676385
v -3.636609 6.670755 -0.529870
v -3.648079 6.696744 -0.575323
v -3.642157 6.737224 -0.607640
v -3.495620 6.632263 -0.711940
v -3.644131 6.772469 -0.647791
v -3.480886 6.673244 -0.740716
v -3.654111 6.796606 -0.694175
v -3.480981 6.706527 -0.786051
v -3.653792 6.835017 -0.736724
v -3.477153 6.745614 -0.831328
v -3.638495 6.878783 -0.754756
v -3.831437 6.912303 -0.632280
v -3.821148 6.957388 -0.654892
v -3.792563 6.998580 -0.642533
v -3.606323 6.923635 -0.737865
v -3.762396 7.033264 -0.614879
v -3.574690 6.964506 -0.713269
v -3.733487 7.059630 -0.576453
v -3.541059 7.000160 -0.676959
v -3.706638 7.088495 -0.540043
v -3.508458 7.036349 -0.640980
v -3.681419 7.113960 -0.501250
v -3.482200 7.067615 -0.604583
v -3.658358 7.138012 -0.462072
v -3.457532 7.099703 -0.567697
v -3.636013 7.138305 -0.416819
v -3.435971 7.094806 -0.522757
v -3.198246 7.041354 -0.634739
v -3.426971 7.056407 -0.486816
v -3.197216 6.997108 -0.596464
v -2.972855 6.862946 -0.707657
v -3.201480 6.950723 -0.559604
v -2.994711 6.816403 -0.667534
v -2.865731 6.601544 -0.754233
v -3.026698 6.758915 -0.628558
v -2.894171 6.559182 -0.705996
v -3.070348 6.695563 -0.599232
v -3.215143 6.891384 -0.531776
v -3.242991 6.821357 -0.517289
v -3.275938 6.753534 -0.498257
v -3.438879 6.897551 -0.422305
v -3.459366 6.837844 -0.410502
v -3.483229 6.781136 -0.399876
v -3.311037 6.690555 -0.483760
v -3.510786 6.723492 -0.389690
v -3.347569 6.632983 -0.481619
v -3.542593 6.685116 -0.401679
v -3.385484 6.598561 -0.503126
v -3.580236 6.660743 -0.436202
v -3.716109 6.776881 -0.304039
v -3.749089 6.754815 -0.335551
v -3.776498 6.755929 -0.378832
v -3.611562 6.660926 -0.481721
v -3.796076 6.773615 -0.424231
v -3.948565 6.860043 -0.272941
v -3.959728 6.882593 -0.316710
v -3.961702 6.914332 -0.357060
v -3.804463 6.802716 -0.465465
v -3.963107 6.945279 -0.397328
v -3.803930 6.837431 -0.500867
v -3.980560 6.951385 -0.445492
v -3.814479 6.859987 -0.544452
v -3.997265 6.959377 -0.492843
v -3.829307 6.877251 -0.592820
v -3.995903 6.993503 -0.528496
v -4.158032 7.051394 -0.410653
v -4.154621 7.078031 -0.445110
v -4.146650 7.109934 -0.467767
v -3.988477 7.034350 -0.556025
v -4.123084 7.144461 -0.460021
v -3.964587 7.073811 -0.548216
v -4.099495 7.170535 -0.438558
v -3.937460 7.104280 -0.522563
v -4.077153 7.189146 -0.408384
v -3.911700 7.126431 -0.486859
v -4.055141 7.206053 -0.374363
v -3.887279 7.147651 -0.450852
v -4.036359 7.219296 -0.340108
v -3.865643 7.166155 -0.411958
v -4.018095 7.228466 -0.297732
v -3.845456 7.180037 -0.367191
v -4.007286 7.226745 -0.253158
v -3.825841 7.177346 -0.319114
v -4.000874 7.212974 -0.209567
v -3.810639 7.160044 -0.274692
v -3.624686 7.104479 -0.381660
v -3.802545 7.121072 -0.238973
v -3.614316 7.067253 -0.348291
v -3.418850 7.014768 -0.451692
v -3.608505 7.019040 -0.320594
v -3.422447 6.960787 -0.430848
v -3.621300 6.961566 -0.310462
v -3.795252 7.078260 -0.208417
v -3.800551 7.034223 -0.185994
v -3.818353 6.989159 -0.179137
v -3.636919 6.911978 -0.300090
v -3.839917 6.944849 -0.175895
v -3.657107 6.860067 -0.293535
v -3.864154 6.908277 -0.180213
v -3.683688 6.813340 -0.289971
v -3.895819 6.874895 -0.198572
v -4.077754 7.020233 -0.077455
v -4.105723 6.991398 -0.102916
v -4.126479 6.976046 -0.142828
v -3.925006 6.859135 -0.232593
v -4.139405 6.976181 -0.186549
v -4.335947 7.127505 -0.116973
v -4.342075 7.121210 -0.162791
v -4.336805 7.128162 -0.207676
v -4.139237 6.997955 -0.235617
v -4.333986 7.135700 -0.250843
v -4.137944 7.021030 -0.278510
v -4.330384 7.147400 -0.294362
v -4.136151 7.045635 -0.321816
v -4.332016 7.150764 -0.337122
v -4.150432 7.043691 -0.369842
v -4.330013 7.158740 -0.381597
v -4.491233 7.315536 -0.341782
v -4.479365 7.320764 -0.384369
v -4.457582 7.335235 -0.421245
v -4.314882 7.178913 -0.416617
v -4.424079 7.359908 -0.436262
v -4.289477 7.208027 -0.426572
v -4.390163 7.385373 -0.425156
v -4.262608 7.237432 -0.417173
v -4.357460 7.409268 -0.404249
v -4.237268 7.263726 -0.399894
v -4.329401 7.429483 -0.381725
v -4.213824 7.284559 -0.377339
v -4.303313 7.447223 -0.351880
v -4.193121 7.301790 -0.345205
v -4.284677 7.460774 -0.315588
v -4.176825 7.313795 -0.309055
v -4.278814 7.467579 -0.275663
v -4.165872 7.321137 -0.269583
v -4.280622 7.469468 -0.235244
v -4.159252 7.324290 -0.228262
v -4.283848 7.469726 -0.196342
v -4.160860 7.320151 -0.188469
v -4.297423 7.464731 -0.156220
v -4.170744 7.309580 -0.147905
v -3.994890 7.193542 -0.161118
v -4.185603 7.292327 -0.108043
v -3.999292 7.165964 -0.122536
v -4.206897 7.271028 -0.079533
v -4.012601 7.132771 -0.098636
v -4.235714 7.241368 -0.064795
v -4.029512 7.095982 -0.079543
v -4.263354 7.210209 -0.054664
v -4.052425 7.056113 -0.069869
v -4.291000 7.177156 -0.062727
v -4.414754 7.385188 -0.079832
v -4.449707 7.358062 -0.085665
v -4.482913 7.332387 -0.101281
v -4.318583 7.146372 -0.079502
v -4.502970 7.315866 -0.135905
v -4.589341 7.506667 -0.113867
v -4.610869 7.496347 -0.149062
v -4.625218 7.495727 -0.187287
v -4.513625 7.311369 -0.179695
v -4.628710 7.498419 -0.225595
v -4.513977 7.312191 -0.217433
v -4.633440 7.501446 -0.268621
v -4.514302 7.311670 -0.259533
v -4.625248 7.505799 -0.308732
v -4.502089 7.315249 -0.301417
v -4.614800 7.507537 -0.350275
v -4.599299 7.502980 -0.392192
v -4.663509 7.679339 -0.436256
v -4.571729 7.514707 -0.426589
v -4.615261 7.696558 -0.455128
v -4.532744 7.534844 -0.445023
v -4.567886 7.721474 -0.456062
v -4.488614 7.559356 -0.441950
v -4.527199 7.748227 -0.435760
v -4.451591 7.581995 -0.422722
v -4.485559 7.775063 -0.410560
v -4.415017 7.603059 -0.399031
v -4.453344 7.795506 -0.376246
v -4.386421 7.619027 -0.368631
v -4.365737 7.634610 -0.331349
v -4.364675 7.646022 -0.289625
v -4.367891 7.645885 -0.247764
v -4.368279 7.641337 -0.206751
v -4.456540 7.771653 -0.165918
v -4.383527 7.632938 -0.168382
v -4.483403 7.747563 -0.138807
v -4.415880 7.614084 -0.144662
v -4.318739 7.452715 -0.124701
v -4.448048 7.592103 -0.125131
v -4.346025 7.435089 -0.099974
v -4.482098 7.569667 -0.109077
v -4.380783 7.410594 -0.084267
v -4.517904 7.547997 -0.099721
v -4.551593 7.699092 -0.107206
v -4.587727 7.676136 -0.095795
v -4.623310 7.651839 -0.087035
v -4.554888 7.525840 -0.095629
v -4.660287 7.635422 -0.097700
v -4.666731 7.739461 -0.044326
v -4.710162 7.726719 -0.054106
v -4.742309 7.736557 -0.087495
v -4.689515 7.633391 -0.131931
v -4.756098 7.754561 -0.129590
v -4.700974 7.640075 -0.171377
v -4.710831 7.651433 -0.210452
v -4.717038 7.665101 -0.255963
v -4.763420 7.835621 -0.020702
v -4.768478 7.860392 -0.062067
v -4.772019 7.948960 0.076863
v -4.761767 7.981583 0.052135
v -4.747188 8.015112 0.029472
v -4.801509 8.100570 0.150652
v -4.791934 8.133397 0.123831
v -4.764034 8.161165 0.111336
v -4.733398 8.055893 0.014052
v -4.730674 8.174817 0.112665
v -4.700082 8.091314 0.005134
v -4.692060 8.051353 -0.115331
v -4.651759 8.099656 0.016421
v -4.695719 8.178257 0.126144
v -4.663764 8.174086 0.143973
v -4.620522 8.078191 0.038933
v -4.596939 8.051873 0.064853
v -4.547360 7.965618 -0.047172
v -4.502231 7.877882 -0.124678
v -4.590658 8.019715 0.088839
v -4.557786 7.927541 -0.028073
v -4.525783 7.845848 -0.101257
v -4.590566 7.899543 -0.018477
v -4.559887 7.817657 -0.085319
v -4.517499 7.722869 -0.122310
v -4.593905 7.791459 -0.071193
v -4.625079 7.875010 -0.009684
v -4.661516 7.849492 0.001029
v -4.629166 7.765367 -0.056684
v -4.698805 7.825719 0.013048
v -4.689518 7.946314 0.117761
v -4.726394 7.926997 0.119285
v -4.762692 7.923830 0.109496
v -4.741115 7.817758 0.008474
v -4.760888 8.037506 0.232964
v -4.793527 8.041282 0.210225
v -4.803664 8.067980 0.179362
v -4.813372 8.141411 0.262458
v -4.781149 8.137177 0.275398
v -4.788370 8.221207 0.293683
v -4.812425 8.222985 0.282137
v -4.763349 8.244560 0.251348
v -4.784695 8.245648 0.241603
v -4.761768 8.238136 0.188316
v -4.732991 8.236814 0.201659
v -4.704193 8.235024 0.217653
v -4.719993 8.045515 0.249741
v -4.649231 7.965303 0.114234
v -4.679845 8.067397 0.240045
v -4.611641 7.987352 0.107329
v -4.564406 7.920632 -0.423150
v -4.527409 7.950029 -0.391683
v -4.639885 8.057292 -0.503054
v -4.613113 8.090028 -0.476951
v -4.710793 8.193873 -0.626536
v -4.708892 8.215942 -0.600263
v -4.667397 8.026316 -0.526549
v -4.601195 7.889879 -0.451160
v -4.637189 7.859955 -0.474749
v -4.698071 7.997602 -0.544723
v -4.680274 7.834158 -0.480922
v -4.735443 7.977530 -0.547040
v -4.733027 7.815562 -0.470812
v -4.770745 7.974921 -0.528250
v -4.818454 8.141566 -0.628999
v -4.858989 8.266682 -0.695271
v -2.301629 5.165493 -1.737731
v -2.234290 5.013143 -1.827714
v -2.281627 5.047742 -1.885803
v -2.211898 4.832080 -1.944364
v -2.320042 5.089355 -1.959586
v -2.235291 4.862927 -2.011073
v -2.132255 4.638816 -2.014891
v -2.070513 4.667020 -1.982667
v -2.044135 4.476418 -1.979279
v -1.989367 4.533581 -1.932903
v -2.004444 4.319763 -1.874994
v -1.945004 4.430082 -1.840564
v -1.972230 4.235367 -1.732322
v -1.968642 4.228511 -1.607965
v -2.051223 4.272599 -1.909144
v -2.008305 4.149822 -1.763048
v -2.011827 4.104463 -1.583527
v -2.024556 4.106530 -1.788746
v -2.023190 4.082973 -1.784918
v -2.002934 4.055943 -1.838987
v -1.959129 4.185589 -2.020287
v -1.960292 4.049456 -1.869855
v -1.961406 3.915820 -1.665115
v -1.958935 3.817949 -1.455815
v -1.906675 4.044573 -1.883564
v -1.915192 3.909200 -1.698676
v -1.910406 3.796739 -1.503485
v -1.865661 3.704747 -1.324458
v -1.851052 3.904122 -1.724982
v -1.844130 3.791824 -1.537200
v -1.805231 3.691904 -1.369188
v -1.743308 3.589126 -1.222022
v -1.798349 3.605292 -1.172936
v -1.762567 3.785441 -1.572380
v -1.728351 3.696998 -1.404314
v -1.673517 3.594376 -1.258533
v -1.616058 3.470032 -1.138838
v -1.679391 3.474778 -1.099956
v -1.655140 3.686674 -1.446290
v -1.610416 3.581867 -1.304932
v -1.555141 3.458904 -1.181617
v -1.495702 3.335087 -1.077367
v -1.559181 3.342154 -1.036509
v -1.552894 3.572212 -1.341102
v -1.493943 3.452235 -1.217907
v -1.432983 3.327601 -1.120887
v -1.405710 3.173717 -1.077829
v -1.467113 3.185377 -1.022210
v -1.423124 3.472540 -1.233718
v -1.361797 3.334365 -1.140817
v -1.327038 3.166203 -1.108748
v -1.337363 2.978565 -1.142708
v -1.418547 2.996198 -1.096125
v -1.275691 3.348498 -1.121778
v -1.228043 3.156133 -1.119455
v -1.245471 2.946203 -1.154059
v -1.297134 2.734171 -1.165105
v -1.391738 2.776216 -1.176333
v -1.131005 2.906575 -1.108502
v -1.190980 2.680911 -1.135828
v -1.251781 2.455389 -1.201234
v -1.348540 2.519012 -1.223070
v -1.017846 2.852720 -1.054792
v -1.098041 2.627945 -1.095742
v -1.172081 2.399200 -1.172374
v -1.282725 2.181328 -1.278943
v -1.345095 2.240833 -1.293447
v -1.025497 2.569606 -1.031199
v -1.122164 2.345974 -1.122922
v -1.253169 2.125297 -1.230580
v -1.435647 1.945128 -1.353580
v -1.452740 2.004242 -1.399338
v -1.108489 2.294657 -1.046949
v -1.251447 2.074397 -1.157189
v -1.441291 1.899115 -1.284642
v -1.664449 1.788540 -1.425750
v -1.666264 1.842323 -1.490661
v -1.278736 2.037460 -1.068129
v -1.468448 1.866430 -1.197837
v -1.681402 1.752316 -1.339717
v -1.901892 1.689730 -1.462542
v -1.903584 1.739291 -1.549508
v -1.496068 1.829765 -1.105796
v -1.709757 1.730016 -1.243281
v -1.916965 1.663228 -1.368358
v -2.106247 1.596029 -1.465140
v -2.105575 1.631681 -1.547858
v -1.748050 1.722779 -1.150200
v -1.943432 1.654016 -1.275646
v -2.129509 1.591287 -1.379303
v -2.317973 1.522533 -1.447169
v -2.307663 1.513452 -1.527744
v -1.984593 1.690194 -1.197636
v -2.167466 1.629548 -1.305868
v -2.344824 1.563061 -1.370074
v -2.529046 1.495143 -1.375748
v -2.520211 1.449458 -1.451031
v -2.209999 1.674311 -1.230951
v -2.374846 1.610702 -1.291947
v -2.539723 1.551602 -1.296227
v -2.705853 1.502100 -1.242227
v -2.708937 1.438249 -1.317477
v -2.408391 1.657436 -1.217092
v -2.551327 1.612533 -1.218271
v -2.704869 1.576852 -1.165089
v -2.876566 1.526908 -1.075332
v -2.879156 1.439632 -1.149652
v -2.569835 1.696840 -1.170645
v -2.715020 1.683037 -1.122203
v -2.895493 1.632243 -1.029392
v -3.110002 1.552506 -0.948742
v -3.077193 1.452234 -0.983809
v -2.748551 1.819686 -1.132329
v -2.938591 1.735846 -1.026021
v -3.150497 1.642769 -0.946523
v -3.380589 1.551665 -0.899383
v -3.347862 1.472955 -0.912459
v -2.983619 1.821704 -1.035773
v -3.190467 1.720060 -0.951351
v -3.413328 1.620370 -0.897018
v -3.648270 1.523429 -0.881665
v -3.625214 1.461408 -0.859517
v -3.232206 1.785331 -0.979429
v -3.446708 1.671470 -0.938648
v -3.667044 1.563896 -0.933941
v -3.893680 1.483241 -0.989422
v -3.895463 1.442531 -0.946215
v -3.477168 1.706600 -1.012355
v -3.686576 1.606549 -0.996861
v -3.900140 1.531957 -1.030609
v -4.112179 1.477578 -1.131549
v -4.127265 1.451976 -1.100494
v -3.711257 1.653951 -1.059527
v -3.905246 1.568278 -1.086307
v -4.096395 1.492316 -1.170933
v -4.267622 1.454055 -1.301312
v -4.290348 1.451828 -1.272690
v -3.903544 1.576909 -1.147160
v -4.080488 1.493929 -1.219916
v -4.240942 1.453062 -1.336819
v -4.386991 1.481614 -1.487330
v -4.411072 1.493088 -1.458343
v -4.058133 1.483248 -1.262342
v -4.215157 1.443980 -1.371100
v -4.366318 1.462463 -1.513627
v -4.518781 1.497649 -1.670505
v -4.537707 1.511976 -1.649294
v -4.194274 1.425171 -1.399945
v -4.347339 1.441152 -1.538787
v -4.501023 1.481041 -1.691504
v -4.649033 1.507177 -1.832723
v -4.663398 1.511764 -1.818791
v -4.327454 1.418845 -1.565235
v -4.484304 1.462036 -1.712327
v -4.637550 1.495312 -1.844268
v -4.732762 1.488442 -1.900359
v -4.735425 1.493399 -1.892508
v -4.470175 1.441262 -1.732238
v -4.630387 1.479231 -1.852883
v -4.733487 1.482737 -1.905069
v -4.762688 1.478786 -1.915209
v -4.762192 1.465307 -1.905537
v -4.766709 1.468115 -1.902124
v -4.765426 1.481892 -1.911537
v -4.770985 1.470293 -1.897703
v -4.769645 1.484806 -1.906738
v -4.740360 1.497945 -1.885493
v -4.774730 1.486938 -1.902500
v -4.747585 1.501148 -1.879447
v -4.678959 1.515243 -1.804314
v -4.693847 1.516833 -1.791310
v -4.558506 1.523012 -1.627333
v -4.708110 1.516896 -1.777882
v -4.580181 1.529261 -1.606533
v -4.439073 1.492685 -1.430037
v -4.610067 1.526222 -1.585673
v -4.471121 1.483031 -1.402984
v -4.316386 1.445019 -1.239969
v -4.499550 1.465781 -1.382753
v -4.342239 1.422632 -1.209779
v -4.134046 1.404785 -1.076297
v -4.348013 1.383914 -1.207692
v -4.133987 1.366257 -1.069051
v -3.896246 1.395906 -0.912938
v -4.128669 1.325506 -1.070571
v -3.884901 1.332988 -0.906228
v -3.599113 1.389203 -0.871940
v -3.873835 1.283007 -0.928545
v -3.581931 1.313488 -0.888421
v -3.314058 1.380493 -0.934165
v -3.569647 1.244028 -0.920068
v -3.302750 1.310117 -0.979528
v -3.070491 1.368721 -1.052294
v -3.306241 1.255172 -1.037179
v -3.081037 1.309246 -1.121660
v -2.888566 1.374921 -1.221913
v -3.098026 1.270510 -1.188742
v -2.904406 1.328398 -1.291732
v -2.717186 1.386851 -1.390615
v -2.929255 1.306123 -1.360667
v -2.733031 1.359443 -1.459594
v -2.524687 1.428572 -1.525792
v -2.764872 1.394001 -1.520004
v -2.548319 1.455667 -1.600721
v -2.320175 1.546541 -1.603553
v -2.580274 1.520637 -1.646021
v -2.345392 1.598767 -1.672444
v -2.118240 1.681721 -1.630482
v -2.381375 1.674626 -1.715245
v -2.146924 1.741223 -1.694226
v -1.916620 1.798662 -1.622347
v -2.193718 1.821818 -1.711797
v -1.949358 1.862617 -1.674430
v -1.688413 1.899050 -1.539425
v -1.501154 2.064322 -1.404913
v -1.561235 2.140518 -1.402412
v -1.429151 2.310259 -1.294966
v -1.630984 2.222808 -1.385543
v -1.521645 2.384959 -1.288315
v -1.451882 2.575673 -1.219174
v -1.615629 2.446003 -1.259953
v -1.540564 2.620821 -1.198340
v -1.471305 2.808633 -1.146357
v -1.606466 2.644235 -1.129122
v -1.530698 2.818747 -1.064642
v -1.481687 3.005683 -1.024135
v -1.580118 2.819693 -0.978482
v -1.536447 3.020774 -0.948970
v -1.530714 3.198616 -0.970180
v -1.620489 3.347735 -1.002631
v -1.657593 3.374675 -0.951275
v -1.727636 3.497694 -1.050471
v -1.741570 3.543705 -0.998410
v -1.661823 2.845816 -0.933537
v -1.735412 2.670510 -1.000346
v -1.816885 2.713818 -0.989823
v -1.731613 2.905956 -0.922605
v -1.662802 2.648183 -1.050688
v -1.759801 2.498099 -1.128436
v -1.831553 2.520731 -1.077710
v -1.695410 2.483029 -1.199198
v -1.797392 2.351641 -1.282088
v -1.867592 2.374137 -1.212327
v -1.711731 2.297590 -1.346301
v -1.857198 2.185358 -1.458066
v -1.926890 2.272560 -1.388022
v -2.093238 2.230194 -1.502319
v -2.131456 2.300347 -1.428164
v -1.987307 2.316490 -1.322091
v -2.065249 2.152577 -1.597371
v -2.302648 2.169727 -1.676648
v -2.306983 2.235488 -1.600126
v -2.547348 2.209643 -1.617923
v -2.555820 2.266696 -1.530485
v -2.325939 2.291749 -1.505971
v -2.540387 2.150786 -1.689429
v -2.775555 2.080454 -1.655452
v -2.781580 2.140522 -1.588009
v -2.530261 2.066958 -1.719073
v -2.753708 1.998448 -1.680264
v -2.967060 1.891294 -1.613028
v -2.993168 1.965105 -1.579283
v -2.510123 1.981184 -1.666789
v -2.717235 1.923036 -1.630717
v -2.925074 1.831178 -1.568150
v -3.122352 1.718679 -1.492693
v -3.162858 1.774248 -1.533297
v -2.677095 1.830934 -1.604454
v -2.880583 1.758169 -1.534981
v -3.074313 1.661283 -1.450447
v -3.266948 1.566396 -1.358639
v -3.306475 1.610835 -1.425203
v -2.839814 1.654735 -1.553129
v -3.031497 1.590168 -1.443316
v -3.223015 1.517012 -1.328892
v -3.411165 1.444237 -1.226830
v -3.447947 1.486407 -1.289553
v -3.009018 1.496524 -1.448479
v -3.190765 1.444553 -1.324157
v -3.379410 1.387555 -1.205793
v -3.588812 1.317208 -1.167301
v -3.613111 1.369979 -1.205726
v -3.176779 1.359304 -1.323791
v -3.362960 1.309662 -1.207555
v -3.578034 1.264543 -1.151751
v -3.801513 1.245152 -1.176304
v -3.798962 1.278175 -1.207479
v -3.355243 1.235820 -1.204087
v -3.578583 1.196070 -1.131179
v -3.810485 1.206118 -1.143932
v -4.021999 1.224941 -1.243571
v -4.005725 1.243325 -1.272161
v -3.572191 1.157077 -1.082893
v -3.829216 1.172776 -1.094592
v -4.046919 1.206270 -1.207891
v -4.230628 1.222460 -1.365154
v -4.204325 1.228672 -1.393814
v -3.839987 1.167063 -1.043904
v -4.071884 1.200501 -1.169195
v -4.263942 1.228872 -1.331629
v -4.417702 1.299539 -1.498029
v -4.392909 1.289685 -1.525100
v -4.094441 1.210519 -1.129807
v -4.286800 1.252905 -1.302456
v -4.441170 1.314400 -1.471297
v -4.582994 1.373068 -1.637183
v -4.564322 1.360608 -1.656150
v -4.304145 1.285259 -1.276601
v -4.461423 1.336447 -1.446266
v -4.600639 1.389092 -1.616754
v -4.717474 1.439415 -1.780514
v -4.706805 1.428056 -1.791756
v -4.479312 1.366349 -1.422738
v -4.615509 1.409365 -1.599453
v -4.727368 1.452344 -1.772157
v -4.771277 1.476966 -1.853330
v -4.764535 1.468602 -1.859553
v -4.631445 1.435788 -1.584061
v -4.496435 1.397421 -1.401025
v -4.509202 1.430432 -1.383547
v -4.642070 1.466711 -1.568472
v -4.635826 1.507680 -1.569649
v -4.722016 1.515735 -1.763657
v -4.335382 1.349387 -1.228619
v -4.319079 1.315122 -1.254479
v -4.122008 1.282243 -1.080776
v -4.111659 1.240462 -1.099852
v -3.860869 1.225149 -0.962076
v -3.849416 1.187053 -0.999473
v -3.562737 1.190522 -0.969852
v -3.564825 1.162480 -1.023631
v -3.316452 1.221062 -1.097950
v -3.333003 1.205090 -1.157891
v -3.122763 1.251179 -1.257826
v -3.156641 1.282952 -1.313446
v -2.964228 1.340236 -1.416794
v -2.990539 1.409108 -1.441300
v -2.794303 1.461374 -1.549965
v -2.819906 1.550707 -1.567060
v -2.616485 1.608724 -1.667229
v -2.641443 1.711766 -1.647724
v -2.427306 1.766277 -1.697979
v -2.475061 1.870464 -1.649460
v -4.775303 1.474204 -1.892821
v -4.757470 1.461170 -1.865370
v -4.750665 1.454496 -1.871801
v -4.696156 1.419221 -1.804322
v -4.745028 1.449033 -1.878407
v -4.683974 1.410893 -1.816788
v -4.545119 1.349409 -1.677842
v -4.670813 1.405207 -1.830534
v -4.525499 1.340653 -1.699811
v -4.367772 1.283156 -1.552176
v -4.505631 1.334549 -1.724687
v -4.339011 1.279086 -1.585072
v -4.177900 1.238555 -1.427324
v -4.308482 1.282240 -1.620451
v -4.151011 1.252800 -1.458512
v -3.987821 1.265924 -1.306941
v -4.127129 1.275728 -1.481000
v -3.971298 1.290828 -1.341060
v -3.791913 1.315351 -1.255101
v -3.965473 1.325733 -1.364164
v -3.791401 1.354333 -1.297389
v -3.624612 1.412862 -1.267155
v -3.807876 1.402264 -1.315634
v -3.643541 1.453295 -1.315295
v -3.478740 1.519807 -1.360579
v -3.670956 1.513234 -1.316118
v -3.507833 1.582627 -1.368213
v -3.342391 1.671692 -1.450594
v -3.519853 1.643097 -1.330163
v -3.352747 1.731637 -1.399986
v -3.179118 1.838426 -1.486571
v -3.361597 1.788130 -1.340581
v -3.185034 1.893737 -1.423383
v -2.999799 2.021429 -1.515976
v -3.191751 1.948464 -1.360281
v -3.005466 2.074449 -1.444026
v -2.786056 2.196746 -1.505620
v -2.992718 2.099839 -1.358929
v -2.781187 2.225798 -1.409405
v -2.557046 2.299216 -1.432508
v -2.755826 2.213273 -1.314576
v -2.553221 2.301951 -1.343320
v -2.361152 2.329473 -1.344523
v -2.344136 2.323778 -1.420510
v -2.191783 2.339106 -1.306731
v -2.165353 2.331805 -1.362342
v -2.074159 2.359128 -1.232202
v -2.035102 2.337306 -1.270197
v -1.986077 2.430100 -1.146230
v -1.930432 2.400767 -1.168824
v -1.900432 2.555148 -1.060723
v -2.031163 2.442446 -1.117842
v -1.961276 2.577011 -1.036599
v -1.878037 2.731269 -0.954041
v -1.965790 2.543939 -0.978702
v -1.860409 2.691996 -0.890118
v -1.748145 2.846824 -0.792286
v -1.766024 2.891303 -0.856851
v -1.648997 3.025284 -0.698267
v -1.740719 2.817587 -0.718023
v -1.687977 3.022608 -0.631337
v -1.646508 3.213108 -0.588821
v -1.566258 3.190479 -0.636680
v -1.636503 3.414403 -0.593665
v -1.547955 3.406459 -0.645612
v -1.505496 3.382626 -0.700274
v -1.590034 3.626376 -0.712341
v -1.557990 3.597527 -0.777624
v -1.663278 3.785015 -0.834707
v -1.658987 3.636561 -0.645822
v -1.711972 3.819600 -0.766499
v -1.802716 3.901319 -0.927846
v -1.918224 3.949281 -1.098733
v -2.090059 3.999133 -1.181416
v -2.180489 4.014773 -1.100667
v -2.242953 4.065070 -1.177859
v -2.143943 4.022084 -1.273215
v -2.241785 4.154923 -1.211195
v -2.131904 4.085462 -1.319424
v -2.392337 4.277858 -1.111599
v -2.390667 4.351995 -1.159266
v -2.405721 4.183124 -1.092599
v -2.385860 4.104664 -1.031636
v -2.594123 4.284670 -0.998341
v -2.349477 4.076557 -0.947411
v -2.577912 4.237233 -0.946312
v -2.340401 4.055413 -0.860123
v -2.562472 4.211002 -0.876757
v -2.753105 4.281878 -0.862536
v -2.860926 4.375373 -0.743275
v -2.543814 4.216525 -0.808592
v -2.710420 4.300707 -0.794850
v -2.821888 4.347771 -0.678889
v -2.903339 4.425805 -0.514111
v -2.931243 4.467310 -0.550488
v -2.653430 4.331132 -0.734084
v -2.755973 4.360778 -0.630906
v -2.855929 4.424108 -0.472650
v -3.016006 4.476327 -0.366774
v -3.039432 4.460292 -0.411767
v -2.698471 4.408449 -0.595716
v -2.816470 4.459142 -0.447682
v -2.994417 4.507665 -0.326475
v -3.191742 4.551159 -0.314198
v -3.200585 4.510822 -0.335079
v -2.799862 4.522758 -0.451364
v -2.980326 4.565762 -0.317243
v -3.185530 4.590661 -0.297708
v -3.366381 4.589059 -0.290422
v -3.368643 4.557002 -0.301485
v -2.985143 4.616555 -0.345945
v -3.180686 4.639826 -0.292415
v -3.003318 4.641476 -0.389741
v -3.182119 4.677262 -0.336099
v -3.027912 4.649941 -0.440539
v -3.193072 4.676686 -0.390607
v -3.054450 4.636940 -0.479969
v -3.203759 4.659354 -0.433331
v -3.384187 4.628494 -0.388466
v -3.212072 4.616481 -0.462858
v -3.389982 4.602020 -0.414124
v -3.218377 4.570637 -0.464937
v -3.392257 4.568339 -0.418874
v -3.535221 4.558629 -0.361013
v -3.220587 4.526498 -0.451777
v -3.078122 4.566015 -0.503999
v -3.071058 4.529712 -0.485983
v -3.059799 4.481287 -0.458708
v -3.216440 4.490176 -0.420037
v -3.210188 4.480561 -0.369348
v -3.372601 4.528905 -0.319555
v -2.965912 4.501721 -0.600980
v -2.987293 4.541860 -0.655361
v -3.071917 4.605238 -0.503748
v -2.968015 4.583339 -0.638939
v -2.864442 4.566076 -0.883637
v -2.940464 4.628531 -0.608151
v -2.846796 4.620945 -0.810612
v -2.891915 4.637556 -0.561250
v -2.794566 4.632627 -0.750049
v -2.673791 4.643136 -0.895730
v -2.720835 4.653910 -0.960220
v -2.765879 4.631468 -1.031263
v -2.479375 4.613881 -0.949004
v -2.504633 4.631793 -1.026247
v -2.541207 4.605568 -1.092797
v -2.295442 4.566236 -1.026025
v -2.331524 4.500242 -1.107537
v -2.369358 4.426165 -1.161950
v -2.568542 4.552241 -1.124681
v -2.196320 4.460053 -1.170693
v -2.154936 4.566146 -1.040226
v -2.045552 4.604305 -1.080904
v -2.104064 4.476863 -1.255428
v -2.116191 4.582279 -0.912419
v -1.977171 4.604337 -0.930537
v -2.277757 4.575301 -0.922850
v -2.463202 4.557517 -0.858768
v -2.624652 4.585945 -0.821725
v -2.589908 4.532539 -0.742744
v -2.443973 4.494192 -0.767783
v -2.584000 4.454529 -0.699841
v -2.446454 4.402575 -0.718516
v -2.608064 4.379421 -0.695833
v -2.470990 4.313473 -0.719625
v -2.286071 4.225862 -0.707652
v -2.510067 4.249856 -0.747342
v -2.312163 4.144617 -0.734567
v -2.077994 4.070883 -0.680022
v -2.075036 4.128928 -0.642762
v -1.952959 3.968262 -0.456019
v -1.967914 3.910371 -0.505854
v -1.792208 3.833733 -0.248708
v -1.657154 3.673294 -0.075837
v -1.601587 3.745711 -0.076678
v -1.710000 3.892287 -0.255632
v -1.528263 3.670676 0.130720
v -1.576591 3.600276 0.121233
v -1.581494 3.480617 0.363313
v -1.542454 3.569248 0.386219
v -1.488972 3.635701 0.402159
v -1.507598 3.484764 0.685563
v -1.443500 3.521075 0.700307
v -1.383484 3.558969 0.716790
v -1.413448 3.665016 0.406952
v -1.314404 3.598924 0.732576
v -1.313498 3.693148 0.411867
v -1.229220 3.600059 0.732018
v -1.200559 3.724534 0.424183
v -1.145639 3.579870 0.719047
v -1.094552 3.715759 0.436154
v -1.018351 3.782738 0.189578
v -0.932549 3.835037 0.010660
v -0.992164 3.686471 0.434625
v -0.904696 3.752833 0.199764
v -0.814031 3.801069 0.026274
v -0.717964 3.861027 -0.094202
v -0.838877 3.892397 -0.116282
v -0.787400 3.698941 0.198248
v -0.707578 3.745089 0.030700
v -0.602339 3.820468 -0.083592
v -0.596492 3.656361 0.025992
v -0.483342 3.759676 -0.066133
v -0.392602 3.884794 -0.139111
v -0.324825 4.026371 -0.184158
v -0.389897 3.698020 -0.049553
v -0.289037 3.836472 -0.144937
v -0.228912 4.001389 -0.204320
v -0.225798 4.187174 -0.203815
v -0.296747 4.190569 -0.198035
v -0.205927 3.790293 -0.162354
v -0.136604 3.982293 -0.200195
v -0.149736 4.187225 -0.219631
v -0.190055 4.377903 -0.167531
v -0.250092 4.368078 -0.146434
v -0.057640 3.962428 -0.238809
v -0.077221 4.194625 -0.246530
v -0.137627 4.396864 -0.201989
v -0.155758 4.560719 -0.090997
v -0.214803 4.547040 -0.069651
v -0.022660 4.207983 -0.293814
v -0.083891 4.418147 -0.242097
v -0.102573 4.587448 -0.126382
v -0.080232 4.700912 0.015051
v -0.138223 4.671872 0.043514
v -0.043388 4.443420 -0.289144
v -0.060858 4.622582 -0.168038
v -0.039267 4.750200 -0.017833
v 0.023293 4.798392 0.142766
v -0.016698 4.744465 0.168470
v -0.025290 4.659785 -0.210854
v 0.005610 4.802486 -0.047510
v 0.051716 4.858686 0.130218
v 0.110401 4.873947 0.324262
v 0.110570 4.809830 0.322040
v 0.094730 4.949495 0.335471
v 0.152635 4.950766 0.513970
v 0.164520 4.887081 0.508583
v 0.055465 5.024763 0.359243
v 0.109668 5.005050 0.536330
v 0.142018 4.983088 0.667775
v 0.176771 4.935880 0.661590
v -0.014234 5.075457 0.400569
v 0.052424 5.041101 0.566165
v -0.091168 5.052703 0.438083
v -0.012194 5.027058 0.594413
v -0.136623 4.970453 0.443793
v -0.049179 4.965997 0.602550
v -0.193946 4.902446 0.460365
v -0.071255 4.898897 0.611056
v -0.180293 4.836036 0.453911
v -0.088377 4.837499 0.618741
v -0.150712 4.781204 0.438846
v -0.052219 4.791436 0.603158
v -0.102050 4.745956 0.414019
v -0.001124 4.766866 0.579698
v 0.074426 4.775978 0.733789
v 0.147921 4.791690 0.867989
v 0.048046 4.741401 0.559992
v -0.044603 4.727085 0.386831
v 0.019149 4.720856 0.359420
v 0.102420 4.745442 0.538504
v 0.075355 4.751379 0.335738
v 0.146645 4.777996 0.521160
v 0.173945 4.828803 0.509613
v 0.201357 4.848310 0.674055
v 0.243473 4.878465 0.781795
v 0.193168 4.893685 0.666606
v 0.257760 4.894156 0.864434
v 0.207437 4.906210 0.913649
v 0.185601 4.852736 0.917555
v -0.075943 4.711931 0.194340
v -0.145908 4.703490 0.220286
v -0.204605 4.664527 0.062468
v -0.214252 4.715528 0.243585
v -0.271324 4.669642 0.076883
v -0.273616 4.544138 -0.060359
v -0.338783 4.684150 0.086246
v -0.331892 4.547736 -0.058791
v -0.309475 4.368120 -0.144218
v -0.379171 4.566937 -0.078449
v -0.357897 4.383426 -0.173529
v -0.363247 4.202122 -0.213539
v -0.388889 4.410909 -0.221920
v -0.415959 4.218664 -0.278463
v -0.405624 4.444532 -0.280837
v -0.455800 4.268882 -0.350399
v -0.429083 4.481588 -0.340285
v -0.460655 4.326268 -0.431460
v -0.523302 4.233319 -0.483468
v -0.470837 4.388134 -0.504919
v -0.540782 4.306363 -0.559115
v -0.622879 4.237202 -0.592859
v -0.619219 4.184875 -0.498056
v -0.727863 4.183516 -0.600418
v -0.739427 4.140939 -0.483162
v -0.749850 4.112844 -0.375299
v -0.882254 4.196576 -0.458514
v -0.926257 4.185004 -0.361292
v -1.003344 4.145713 -0.298719
v -0.794131 4.067926 -0.280324
v -1.114480 4.081336 -0.262612
v -0.889905 4.009578 -0.218775
v -0.992253 3.937403 -0.147094
v -1.165190 4.267915 -0.349912
v -1.278321 4.207950 -0.341078
v -1.272426 4.435527 -0.454106
v -1.372821 4.379571 -0.457493
v -1.473014 4.302864 -0.484655
v -1.439496 4.559510 -0.631202
v -1.552585 4.506913 -0.631395
v -1.694591 4.432852 -0.633016
v -1.589838 4.242677 -0.452379
v -1.501114 4.700809 -0.829958
v -1.347174 4.596034 -0.636475
v -1.394976 4.731498 -0.837949
v -1.421451 4.862279 -1.052963
v -1.535385 4.838502 -1.041045
v -1.441231 4.976030 -1.281494
v -1.315809 4.850005 -1.086219
v -1.341245 4.964818 -1.317827
v -1.385989 5.089594 -1.492757
v -1.246279 4.932699 -1.372893
v -1.305246 5.075579 -1.570430
v -1.360841 5.247146 -1.675596
v -1.392675 5.449672 -1.865005
v -1.378321 5.453276 -2.056007
v -1.390319 5.454566 -2.205291
v -1.269858 5.206130 -2.326330
v -1.398264 5.456696 -2.310943
v -1.593864 5.718552 -2.384058
v -1.639246 5.669082 -2.486989
v -1.848444 5.846370 -2.499586
v -1.811158 5.924903 -2.390253
v -2.078518 5.901525 -2.533462
v -2.064883 5.984499 -2.432782
v -2.324460 5.912538 -2.592229
v -2.330743 5.988378 -2.525691
v -2.355152 6.036208 -2.423895
v -2.567604 5.990927 -2.603456
v -2.598418 6.042026 -2.504060
v -2.795244 5.998232 -2.693009
v -2.817384 6.057240 -2.605756
v -2.846995 6.120023 -2.515436
v -3.050124 6.077140 -2.693749
v -3.059399 6.121544 -2.607337
v -3.078684 6.113653 -2.514730
v -2.888179 6.129857 -2.425073
v -3.097980 6.090725 -2.433156
v -2.927897 6.094163 -2.349193
v -3.111117 6.021078 -2.399379
v -2.970445 6.019320 -2.301083
v -2.837178 5.965893 -2.168814
v -2.987727 5.907732 -2.309916
v -2.877596 5.856059 -2.179744
v -2.969508 5.808178 -2.370129
v -2.849721 5.753465 -2.244288
v -2.954016 5.711486 -2.460166
v -2.821990 5.640898 -2.351810
v -2.913978 5.674236 -2.579557
v -2.778388 5.591128 -2.491520
v -2.868088 5.657499 -2.686369
v -2.718074 5.581053 -2.602077
v -2.630993 5.516253 -2.542026
v -2.575544 5.442319 -2.513516
v -2.515752 5.334228 -2.510541
v -2.444388 5.398528 -2.545401
v -2.374342 5.259289 -2.568781
v -2.187348 5.225749 -2.594884
v -2.081729 5.332944 -2.607746
v -1.990175 5.203257 -2.653193
v -1.967654 5.427580 -2.632429
v -1.896896 5.274106 -2.669967
v -1.855297 5.146680 -2.745000
v -1.802409 5.321549 -2.665316
v -1.775978 5.159984 -2.737449
v -1.783615 5.055405 -2.881132
v -1.684895 5.156425 -2.713770
v -1.692145 5.040691 -2.871778
v -1.739920 4.942001 -3.040724
v -1.664349 4.917007 -3.044453
v -1.740477 4.856956 -3.240740
v -1.603927 4.870308 -3.045276
v -1.690527 4.816752 -3.238159
v -1.730304 4.792439 -3.459857
v -1.653348 4.767191 -3.233757
v -1.680031 4.745047 -3.449026
v -1.723993 4.699365 -3.687067
v -1.692554 4.674268 -3.427940
v -1.715451 4.634702 -3.659769
v -1.741597 4.568922 -3.862932
v -1.748165 4.570535 -3.625138
v -1.733863 4.607739 -3.402643
v -1.779779 4.531734 -3.367662
v -1.802215 4.498469 -3.588686
v -1.796506 4.443524 -3.336071
v -1.827357 4.404943 -3.557737
v -1.748117 4.358534 -3.319857
v -1.791475 4.312855 -3.528550
v -1.652537 4.300028 -3.321265
v -1.701502 4.255346 -3.519415
v -1.562181 4.250502 -3.325393
v -1.619136 4.198846 -3.525592
v -1.658486 4.117520 -3.732495
v -1.591379 4.119492 -3.508502
v -1.649648 4.044465 -3.713680
v -1.642943 4.059900 -3.469778
v -1.691908 3.983209 -3.686433
v -1.697765 3.992325 -3.429454
v -1.743590 3.918777 -3.655596
v -1.803774 3.826933 -3.893713
v -1.817503 3.864550 -3.619806
v -1.881708 3.779349 -3.859416
v -1.910638 3.840800 -3.589449
v -1.969494 3.766011 -3.817392
v -2.060805 3.686754 -4.024361
v -2.059369 3.783101 -3.793081
v -2.145024 3.697737 -3.987720
v -2.273419 3.631890 -4.131325
v -2.207862 3.604256 -4.168818
v -2.372463 3.549682 -4.285419
v -2.533041 3.580778 -4.289472
v -2.526140 3.584581 -4.327384
v -2.345745 3.551136 -4.318062
v -2.515750 3.594117 -4.368786
v -2.360739 3.567264 -4.365513
v -2.591949 3.634737 -4.315266
v -2.584788 3.650105 -4.356861
v -2.554492 3.683670 -4.388948
v -2.638801 3.731497 -4.336205
v -2.603328 3.759700 -4.367812
v -2.542013 3.815103 -4.404600
v -2.491256 3.744349 -4.422276
v -2.463200 3.910146 -4.506090
v -2.404617 3.837025 -4.524000
v -2.363945 4.010813 -4.612469
v -2.283601 3.943410 -4.624078
v -2.172864 3.889807 -4.582726
v -2.149946 4.065529 -4.702062
v -2.034890 3.993970 -4.655511
v -1.907434 3.930325 -4.566251
v -2.043623 3.817818 -4.504995
v -1.809600 3.884500 -4.484079
v -1.944309 3.764606 -4.415263
v -1.738944 3.861457 -4.410714
v -1.692838 4.030825 -4.594410
v -1.623648 4.016196 -4.536793
v -1.590275 4.034236 -4.467097
v -1.517398 4.174481 -4.698217
v -1.483554 4.203602 -4.631524
v -1.463900 4.236660 -4.546701
v -1.476834 4.296651 -4.437978
v -1.338961 4.510814 -4.506615
v -1.486724 4.360797 -4.318126
v -1.672670 4.255812 -4.192516
v -1.540712 4.435802 -4.242525
v -1.405001 4.344212 -4.898932
v -1.580532 4.170856 -4.746590
v -1.461716 4.316289 -4.953063
v -1.382002 4.485016 -5.176053
v -1.316341 4.522148 -5.121968
v -1.364766 4.653500 -5.416015
v -1.287820 4.689637 -5.375835
v -1.239251 4.771899 -5.306342
v -1.305545 4.861949 -5.604954
v -1.387588 4.822863 -5.643548
v -1.400063 4.977201 -5.826972
v -1.472447 4.798262 -5.668973
v -1.497499 4.972004 -5.837954
v -1.486762 5.107568 -6.011606
v -1.580615 4.964447 -5.852795
v -1.577426 5.121261 -6.012090
v -1.551562 5.231409 -6.180480
v -1.659408 5.137105 -6.009241
v -1.635627 5.256752 -6.182077
v -1.586331 5.353293 -6.355663
v -1.703212 5.284659 -6.177926
v -1.648534 5.388264 -6.353359
v -1.610607 5.443624 -6.552082
v -1.697212 5.426577 -6.348960
v -1.660626 5.487741 -6.553426
v -1.639995 5.519117 -6.755286
v -1.697938 5.533795 -6.550838
v -1.673519 5.578382 -6.758168
v -1.654648 5.567542 -6.944579
v -1.694834 5.636945 -6.758620
v -1.681820 5.628688 -6.957335
v -1.699341 5.529667 -7.138406
v -1.695873 5.691948 -6.972596
v -1.696367 5.586207 -7.169166
v -1.717628 5.438396 -7.349850
v -1.673634 5.633951 -7.199420
v -1.683337 5.468595 -7.377394
v -1.705479 5.299897 -7.570796
v -1.637745 5.481346 -7.395586
v -1.662257 5.314137 -7.601514
v -1.673165 5.183852 -7.808110
v -1.586013 5.491611 -7.411773
v -1.571817 5.682899 -7.236410
v -1.498248 5.688170 -7.242512
v -1.519411 5.490543 -7.417011
v -1.625095 5.660173 -7.220152
v -1.624490 5.790745 -6.997684
v -1.567842 5.826624 -7.011279
v -1.667111 5.745042 -6.985386
v -1.665241 5.750978 -6.754716
v -1.621316 5.801268 -6.757652
v -1.690870 5.699374 -6.755117
v -1.704871 5.641690 -6.528352
v -1.674468 5.692072 -6.514486
v -1.709673 5.586409 -6.541319
v -1.742938 5.511034 -6.325107
v -1.735290 5.564281 -6.303827
v -1.734581 5.466192 -6.340400
v -1.790312 5.360324 -6.143504
v -1.786542 5.411366 -6.116117
v -1.757815 5.318903 -6.165325
v -1.773221 5.182039 -5.975235
v -1.792516 5.226704 -5.945156
v -1.722463 5.157243 -5.996115
v -1.709175 4.989154 -5.827255
v -1.745737 5.021061 -5.793540
v -1.651896 4.972480 -5.847198
v -1.612643 4.784418 -5.672468
v -1.664514 4.812528 -5.644551
v -1.547066 4.780094 -5.683017
v -1.503490 4.614754 -5.471628
v -1.565813 4.637178 -5.461008
v -1.437886 4.632067 -5.448061
v -1.454776 4.487156 -5.204183
v -1.525088 4.485177 -5.233148
v -1.615380 4.347268 -5.021652
v -1.693299 4.375395 -5.055544
v -1.593233 4.501262 -5.249512
v -1.536195 4.326056 -4.985858
v -1.659158 4.193230 -4.794489
v -1.744272 4.220976 -4.850699
v -1.891248 4.111347 -4.729301
v -1.996464 4.174840 -4.792408
v -1.834499 4.283622 -4.892194
v -1.781828 4.051839 -4.664742
v -2.080738 4.251084 -4.809374
v -1.907534 4.353193 -4.910831
v -1.762526 4.447474 -5.061359
v -1.960635 4.439095 -4.890964
v -1.812070 4.536503 -5.040413
v -1.722135 4.638103 -5.220932
v -1.661306 4.561887 -5.240454
v -1.683926 4.747122 -5.411876
v -1.618837 4.684211 -5.438759
v -1.708858 4.865779 -5.607546
v -1.730427 4.829417 -5.377216
v -1.737922 4.937952 -5.566166
v -1.764218 5.077888 -5.751154
v -1.745607 5.034749 -5.518975
v -1.777977 5.152923 -5.712962
v -1.804301 5.287313 -5.911296
v -1.785826 5.238606 -5.673456
v -1.800422 5.358625 -5.879045
v -1.779824 5.471411 -6.090518
v -1.767626 5.439983 -5.843047
v -1.740249 5.541267 -6.059628
v -1.702901 5.620394 -6.281108
v -1.682386 5.607888 -6.031126
v -1.643698 5.674046 -6.259917
v -1.627790 5.742094 -6.503127
v -1.572026 5.717453 -6.241476
v -1.560243 5.782216 -6.504267
v -1.554539 5.836772 -6.766305
v -1.521766 5.771903 -6.230782
v -1.575839 5.732568 -5.984656
v -1.518797 5.755082 -5.966348
v -1.461370 5.797881 -6.224730
v -1.626549 5.669718 -6.006986
v -1.685635 5.590227 -5.782712
v -1.645766 5.648490 -5.754199
v -1.716786 5.514745 -5.810458
v -1.760152 5.415451 -5.600962
v -1.730611 5.487408 -5.571226
v -1.773962 5.323503 -5.637685
v -1.799866 5.220632 -5.448524
v -1.794008 5.308812 -5.415825
v -1.769798 5.130632 -5.477020
v -1.797659 5.039384 -5.297499
v -1.831172 5.122486 -5.274118
v -1.755702 4.939423 -5.329813
v -1.797716 4.849485 -5.141163
v -1.847335 4.943489 -5.118454
v -1.775154 4.732153 -5.190262
v -1.866440 4.636085 -5.011775
v -1.902224 4.739875 -4.968362
v -2.051152 4.606384 -4.824085
v -2.088447 4.675285 -4.804304
v -1.945526 4.821159 -4.950065
v -2.019722 4.524240 -4.872383
v -2.188823 4.401637 -4.757574
v -2.203668 4.463821 -4.692218
v -2.148383 4.326335 -4.806809
v -2.300805 4.203105 -4.690163
v -2.318629 4.271524 -4.622385
v -2.241106 4.128439 -4.719506
v -2.413258 4.090923 -4.566751
v -2.501775 3.978857 -4.465677
v -2.546702 4.038445 -4.429697
v -2.442323 4.154161 -4.513719
v -2.604384 4.091750 -4.428501
v -2.503605 4.204700 -4.500606
v -2.362453 4.332102 -4.588423
v -2.566637 4.259542 -4.483029
v -2.423439 4.384683 -4.585391
v -2.255234 4.521682 -4.691001
v -2.464518 4.440482 -4.547928
v -2.291953 4.577786 -4.670107
v -2.120564 4.726158 -4.796653
v -2.309769 4.624672 -4.630838
v -2.132910 4.773829 -4.765855
v -1.967930 4.920678 -4.910737
v -1.966787 4.873160 -4.936308
v -1.877945 5.066261 -5.079305
v -1.877486 5.006642 -5.103394
v -1.830765 5.193604 -5.245925
v -1.863184 5.127492 -5.051858
v -1.808268 5.261176 -5.213943
v -1.763755 5.379436 -5.382942
v -1.764470 5.317742 -5.184284
v -1.723711 5.430934 -5.352243
v -1.694255 5.539916 -5.541693
v -1.665412 5.463096 -5.328524
v -1.639102 5.564866 -5.519911
v -1.593978 5.671933 -5.732346
v -1.571772 5.559330 -5.512980
v -1.528389 5.662180 -5.719947
v -1.459621 5.766475 -5.950850
v -1.470667 5.620481 -5.725818
v -1.399432 5.738145 -5.948155
v -1.355067 5.782757 -6.210342
v -1.409980 5.808077 -6.215886
v -1.337144 5.800804 -6.473124
v -1.309266 5.739996 -6.215281
v -1.293669 5.754251 -6.471741
v -1.258449 5.775548 -6.705016
v -1.289672 5.833292 -6.712716
v -1.231292 5.709134 -6.469418
v -1.199785 5.720719 -6.690283
v -1.129683 5.757812 -6.870840
v -1.148459 5.648779 -6.685911
v -1.076581 5.686120 -6.857443
v -1.005301 5.738089 -7.025908
v -1.017560 5.826430 -7.035185
v -0.885093 5.787022 -7.160766
v -0.893930 5.850165 -7.157409
v -0.740921 5.804744 -7.260147
v -0.737046 5.861334 -7.251989
v -0.745168 5.909619 -7.254733
v -0.764045 5.936272 -7.272642
v -0.796361 5.947823 -7.308760
v -0.822640 5.915757 -7.343012
v -0.833324 5.859990 -7.362144
v -0.974604 5.836923 -7.236109
v -0.823204 5.804873 -7.359797
v -0.790657 5.770362 -7.329087
v -0.758825 5.765472 -7.287689
v -1.126364 5.560249 -6.696517
v -1.160904 5.543406 -6.487752
v -1.169164 5.467460 -6.501712
v -1.136348 5.480515 -6.715067
v -1.187544 5.630752 -6.475995
v -1.206590 5.616410 -6.239242
v -1.175453 5.524295 -6.265367
v -1.249277 5.688579 -6.222571
v -1.271579 5.628905 -5.969090
v -1.202826 5.562683 -6.002717
v -1.337751 5.692616 -5.952271
v -1.385021 5.586093 -5.729438
v -1.301760 5.526348 -5.752637
v -1.308781 5.429795 -5.547015
v -1.210236 5.357238 -5.588056
v -1.208029 5.459546 -5.790462
v -1.405004 5.484929 -5.526009
v -1.411219 5.383430 -5.340029
v -1.295016 5.340849 -5.352898
v -1.500090 5.521163 -5.520366
v -1.512627 5.437492 -5.328403
v -1.521537 5.366947 -5.159115
v -1.413294 5.309941 -5.169670
v -1.596128 5.470107 -5.319783
v -1.618579 5.382511 -5.147440
v -1.699865 5.360711 -5.157062
v -1.822061 5.194732 -5.021419
v -1.932436 5.028461 -4.833467
v -1.958157 4.971612 -4.877395
v -2.124959 4.812321 -4.719146
v -2.111757 4.856210 -4.660285
v -2.071934 4.904408 -4.587434
v -2.304087 4.657867 -4.572268
v -2.475773 4.528641 -4.412941
v -2.484095 4.490226 -4.494215
v -2.627995 4.377061 -4.371815
v -2.607259 4.316960 -4.438485
v -2.690413 4.203333 -4.362867
v -2.717946 4.249505 -4.300076
v -2.655404 4.152044 -4.405229
v -2.734913 4.092939 -4.325163
v -2.757139 3.985826 -4.299429
v -2.778812 3.997143 -4.257553
v -2.756804 4.111453 -4.281022
v -2.773516 4.004839 -4.205138
v -2.738454 4.010319 -4.140722
v -2.768932 3.887811 -4.239970
v -2.768407 3.891353 -4.188141
v -2.731321 3.907129 -4.119807
v -2.662832 3.940451 -4.014639
v -2.674638 4.032207 -4.041318
v -2.715962 3.791897 -4.182838
v -2.682275 3.812244 -4.116419
v -2.609008 3.859663 -4.021876
v -2.514897 3.908973 -3.887372
v -2.549099 3.985983 -3.882862
v -2.602138 3.728713 -4.139944
v -2.539902 3.775985 -4.039381
v -2.457264 3.838578 -3.894323
v -2.381485 3.902940 -3.715847
v -2.426591 3.963650 -3.714936
v -2.451736 3.718182 -4.073011
v -2.370198 3.775258 -3.905905
v -2.303178 3.849473 -3.729322
v -2.253624 3.921575 -3.526415
v -2.330416 3.964485 -3.515225
v -2.247327 3.742831 -3.952722
v -2.178595 3.811849 -3.762228
v -2.139280 3.885796 -3.545938
v -2.117465 3.947186 -3.314710
v -2.228416 3.967423 -3.292882
v -2.011908 3.874299 -3.574569
v -1.997046 3.922810 -3.341393
v -1.977473 3.937842 -3.094812
v -2.094658 3.972178 -3.062685
v -1.881577 3.898285 -3.366312
v -1.868261 3.938358 -3.133185
v -1.818489 3.984391 -2.918893
v -1.923247 3.989457 -2.872707
v -1.781917 3.931921 -3.389972
v -1.762430 3.984583 -3.171219
v -1.721108 4.029370 -2.969647
v -1.656932 4.059334 -2.764442
v -1.747203 4.027246 -2.719994
v -1.666976 4.053267 -3.218048
v -1.631203 4.097635 -3.018511
v -1.573918 4.124447 -2.811448
v -1.506176 4.129590 -2.591936
v -1.588471 4.075274 -2.559183
v -1.559104 4.152002 -3.059319
v -1.501113 4.177548 -2.848442
v -1.424660 4.184051 -2.618375
v -1.356520 4.162447 -2.393298
v -1.453613 4.111941 -2.374401
v -1.453522 4.235943 -2.880394
v -1.360249 4.248230 -2.636844
v -1.278253 4.233299 -2.410980
v -1.242395 4.203687 -2.208887
v -1.338175 4.118235 -2.198267
v -1.161207 4.281739 -2.216860
v -1.168480 4.204241 -1.985951
v -1.245911 4.123451 -1.994392
v -1.119191 4.371468 -2.210343
v -1.126326 4.290634 -1.972638
v -1.120730 4.219726 -1.759186
v -1.179650 4.125490 -1.781872
v -1.094010 4.487320 -2.192369
v -1.104023 4.415432 -1.948236
v -1.093517 4.343644 -1.721396
v -1.076943 4.270441 -1.518131
v -1.104406 4.145449 -1.571816
v -1.066250 4.583102 -1.922995
v -1.081131 4.515503 -1.660227
v -1.049037 4.422250 -1.436311
v -1.029806 4.293901 -1.262356
v -1.012188 4.165383 -1.359079
v -1.072670 4.576345 -1.329141
v -1.038538 4.442570 -1.143509
v -0.988719 4.316520 -1.006286
v -0.956843 4.183659 -1.132334
v -1.093907 4.685097 -1.251338
v -1.077754 4.553667 -1.040536
v -1.068373 4.414035 -0.876813
v -1.006168 4.302014 -0.776332
v -0.917953 4.208793 -0.931079
v -1.151619 4.622754 -0.970660
v -1.116075 4.504808 -0.780934
v -1.054132 4.385805 -0.635564
v -0.956638 4.261169 -0.578366
v -0.900482 4.211220 -0.741663
v -1.166772 4.575219 -0.714516
v -1.103132 4.434373 -0.558427
v -1.007557 4.288196 -0.479071
v -0.853249 4.177907 -0.588395
v -1.183070 4.443046 -0.498381
v -1.075042 4.289167 -0.402567
v -1.255008 4.594268 -0.670564
v -1.209685 4.687955 -0.910142
v -1.295898 4.721992 -0.869064
v -1.231386 4.803234 -1.136413
v -1.146184 4.759785 -1.184316
v -1.173399 4.890891 -1.435272
v -0.688760 4.187232 -0.704338
v -0.792982 4.178763 -0.725537
v -0.628966 4.137827 -0.790458
v -0.721221 4.125215 -0.831450
v -0.817981 4.152974 -0.878742
v -0.659754 4.017799 -0.900599
v -0.766058 4.033971 -0.964155
v -0.866773 4.092200 -1.041088
v -0.724721 3.915336 -1.029530
v -0.850289 3.965329 -1.116055
v -0.952478 4.046840 -1.222986
v -0.972836 3.924938 -1.288855
v -1.050598 4.046539 -1.422542
v -1.027913 3.821490 -1.328674
v -1.120701 3.951607 -1.444907
v -1.164170 4.045919 -1.602668
v -1.211207 3.866408 -1.462525
v -1.252176 3.953228 -1.624702
v -1.255490 4.030811 -1.801396
v -1.364372 3.868455 -1.639063
v -1.372949 3.946544 -1.811362
v -1.358750 4.043935 -1.996957
v -1.472425 3.898232 -1.812157
v -1.456498 4.000419 -1.992719
v -1.442579 4.076503 -2.180786
v -1.531041 3.961986 -1.993427
v -1.521823 4.034974 -2.173869
v -1.539280 4.071847 -2.358248
v -1.593673 4.017865 -2.165343
v -1.618849 4.053021 -2.340462
v -1.675097 4.053784 -2.525928
v -1.703780 4.066910 -2.315614
v -1.769965 4.065763 -2.492901
v -1.849972 4.038311 -2.679404
v -1.875746 4.101137 -2.452543
v -1.956708 4.089347 -2.640081
v -2.033972 4.043850 -2.837567
v -2.055718 4.144123 -2.599341
v -2.130648 4.114260 -2.806321
v -2.196213 4.023946 -3.041043
v -2.213967 4.161145 -2.775314
v -2.273590 4.071075 -3.023079
v -2.307547 4.005870 -3.279799
v -2.313911 4.129421 -3.020275
v -2.355150 4.058971 -3.275072
v -2.374435 4.021305 -3.515094
v -2.368696 4.128406 -3.277673
v -2.393703 4.090640 -3.520301
v -2.448525 4.036927 -3.722528
v -2.435127 4.117507 -3.752511
v -2.551334 4.069360 -3.908816
v -2.430170 4.208062 -3.800482
v -2.466826 4.332617 -3.848016
v -2.372550 4.469713 -3.676740
v -2.519037 4.433801 -3.875726
v -2.368587 4.549759 -3.711613
v -2.518494 4.507598 -3.930514
v -2.250782 4.604918 -3.489202
v -2.204377 4.666816 -3.537502
v -2.242552 4.509086 -3.464318
v -2.121751 4.585081 -3.272479
v -2.132555 4.667157 -3.304050
v -2.030062 4.696135 -3.093936
v -2.032948 4.623804 -3.029696
v -2.002510 4.753168 -2.867623
v -2.042084 4.786826 -2.674772
v -2.033106 4.692903 -2.588642
v -2.025993 4.769911 -2.516203
v -2.010814 4.581792 -2.480811
v -2.007360 4.665373 -2.405765
v -2.135246 4.405221 -2.524839
v -2.277590 4.350123 -2.750591
v -2.296760 4.280433 -2.748770
v -2.171799 4.325285 -2.510911
v -2.269182 4.213097 -2.759540
v -2.174368 4.243986 -2.523983
v -2.129420 4.187335 -2.559528
v -2.028546 4.196932 -2.374599
v -1.963438 4.183180 -2.209849
v -1.970518 4.151737 -2.409919
v -1.903322 4.136834 -2.243510
v -1.852549 4.098013 -2.083248
v -1.917642 4.144233 -2.049847
v -1.804360 4.096938 -2.282101
v -1.757208 4.062081 -2.117855
v -1.749471 3.983527 -1.947136
v -1.836424 4.023010 -1.909739
v -1.666463 4.039617 -2.144063
v -1.669526 3.960532 -1.972136
v -1.695000 3.849837 -1.796636
v -1.768700 3.876627 -1.763812
v -1.598788 3.947056 -1.989432
v -1.618505 3.843712 -1.813197
v -1.615541 3.755213 -1.638547
v -1.689932 3.763617 -1.610280
v -1.546789 3.860263 -1.815964
v -1.544841 3.774447 -1.647336
v -1.523115 3.691198 -1.489463
v -1.587677 3.676971 -1.479395
v -1.471518 3.814033 -1.643112
v -1.449151 3.728158 -1.484843
v -1.413241 3.630647 -1.341447
v -1.488618 3.592443 -1.349239
v -1.331631 3.792768 -1.471125
v -1.278139 3.692623 -1.317465
v -1.345239 3.502641 -1.221700
v -1.120952 3.739022 -1.339886
v -2.335861 4.194492 -3.023162
v -0.598699 3.904966 -0.958306
v -0.471705 3.946431 -0.907967
v -0.403358 3.832173 -0.899728
v -0.554165 4.046432 -0.853665
v -0.455805 4.138019 -0.819248
v -0.357855 4.051744 -0.872084
v -0.540502 4.207457 -0.753554
v -0.466442 4.309426 -0.713232
v -0.379555 4.265141 -0.772586
v -0.602137 4.249444 -0.685739
v -0.528980 4.337263 -0.646119
v -0.467655 4.433996 -0.578179
v -0.414687 4.436051 -0.636738
v -0.385245 4.595512 -0.522035
v -0.320654 4.606123 -0.561274
v -0.336626 4.421200 -0.683980
v -0.422031 4.567804 -0.469280
v -0.398248 4.733670 -0.321283
v -0.383654 4.773777 -0.381295
v -0.423358 4.522764 -0.407764
v -0.434669 4.696318 -0.265252
v -0.478712 4.868284 -0.121638
v -0.421029 4.903890 -0.169300
v -0.455108 4.656446 -0.213496
v -0.444364 4.621047 -0.156891
v -0.413413 4.593558 -0.112634
v -0.461088 5.088611 -0.060722
v -0.455653 5.125449 -0.143150
v -0.411647 4.947073 -0.238422
v -0.509845 5.050611 0.003613
v -0.508953 5.280011 0.086046
v -0.462032 5.297305 0.018806
v -0.516407 5.259121 0.158639
v -0.478488 5.499908 0.186488
v -0.493455 5.502795 0.117811
v -0.447744 5.250531 0.205150
v -0.409286 5.493595 0.211349
v -0.411853 5.726589 0.206634
v -0.454039 5.710220 0.156732
v -0.360690 5.272208 0.227553
v -0.333399 5.494216 0.249351
v -0.347121 5.742208 0.240827
v -0.380184 5.927938 0.095993
v -0.422293 5.910923 0.080619
v -0.248845 5.489436 0.249183
v -0.268557 5.750349 0.241323
v -0.335358 5.944702 0.102745
v -0.200666 5.755139 0.219397
v -0.285302 5.962102 0.094478
v -0.376703 6.081018 -0.049278
v -0.419203 6.202991 -0.100616
v -0.254103 5.949100 0.052496
v -0.358008 6.076752 -0.062436
v -0.397508 6.200547 -0.113608
v -0.432514 6.244131 -0.144413
v -0.447107 6.239701 -0.132619
v -0.348673 6.066277 -0.086538
v -0.248526 5.924498 0.008341
v -0.253936 5.899870 -0.032815
v -0.348270 6.051459 -0.112415
v -0.286283 5.871138 -0.065337
v -0.357347 6.035103 -0.137963
v -0.326167 5.846917 -0.086280
v -0.381342 6.020246 -0.155532
v -0.373031 5.834534 -0.085345
v -0.414446 6.013443 -0.154916
v -0.421053 5.831635 -0.068671
v -0.447243 6.012760 -0.142222
v -0.457122 6.160014 -0.163127
v -0.467422 6.245897 -0.179516
v -0.465651 6.019703 -0.117458
v -0.454421 5.843946 -0.032889
v -0.454871 5.867183 0.006325
v -0.470772 6.033770 -0.088947
v -0.447531 5.888818 0.047072
v -0.464542 6.049953 -0.065745
v -0.454207 5.696263 0.102278
v -0.430076 5.683496 0.052253
v -0.451950 5.500889 0.056832
v -0.395712 5.675591 0.001943
v -0.404963 5.505953 0.002104
v -0.433651 5.321575 -0.055938
v -0.348737 5.514151 -0.034958
v -0.378996 5.343334 -0.116303
v -0.385611 5.156272 -0.195173
v -0.290339 5.352151 -0.123325
v -0.297301 5.175808 -0.212270
v -0.282342 4.998438 -0.303602
v -0.357678 4.976711 -0.278935
v -0.264874 4.814157 -0.437017
v -0.334941 4.799764 -0.419571
v -0.249404 4.611368 -0.585099
v -0.191420 4.827071 -0.451861
v -0.178214 4.602129 -0.583705
v -0.156127 4.384306 -0.733320
v -0.241508 4.404881 -0.728941
v -0.169301 4.145840 -0.839793
v -0.276609 4.206573 -0.823165
v -0.260291 3.951739 -0.876589
v -0.070528 4.081081 -0.793294
v -0.163616 3.842874 -0.835354
v -0.323349 3.684588 -0.863565
v -0.087399 3.761369 -0.733074
v -0.237889 3.552666 -0.771266
v -0.006141 3.708056 -0.664488
v -0.179383 3.473373 -0.670268
v 0.028764 3.682176 -0.600578
v -0.141471 3.436081 -0.579610
v 0.036982 3.669266 -0.523309
v -0.129348 3.434017 -0.483316
v 0.003766 3.675918 -0.445413
v -0.146573 3.455616 -0.400517
v -0.278675 3.316691 -0.315764
v -0.181920 3.491525 -0.318247
v -0.286829 3.362742 -0.246531
v -0.364384 3.245715 -0.120474
v -0.379540 3.196545 -0.175831
v -0.404926 3.136760 0.063432
v -0.422795 3.082372 0.017946
v -0.454476 3.025547 -0.029635
v -0.423740 2.974873 0.180609
v -0.449454 2.929521 0.146708
v -0.503097 2.882040 0.123533
v -0.419959 2.815734 0.266820
v -0.468347 2.772375 0.250798
v -0.537022 2.714597 0.239443
v -0.574250 2.810945 0.103696
v -0.631083 2.646170 0.248022
v -0.668965 2.741909 0.106082
v -0.742225 2.601071 0.268103
v -0.780226 2.703050 0.138946
v -0.823525 2.753624 -0.004681
v -0.890801 2.749783 -0.172641
v -0.894830 2.698660 0.191483
v -0.944790 2.761602 0.052208
v -1.021482 2.751724 -0.109099
v -1.104815 2.683396 -0.266637
v -0.972024 2.676179 -0.338724
v -1.078298 2.791531 0.106895
v -1.162445 2.767571 -0.045522
v -1.236052 2.697723 -0.200529
v -1.295370 2.587187 -0.356886
v -1.181587 2.575805 -0.424345
v -1.296427 2.804248 0.007427
v -1.360001 2.723867 -0.144529
v -1.403777 2.608472 -0.304716
v -1.453863 2.452658 -0.439515
v -1.363751 2.433422 -0.493406
v -1.456724 2.821039 -0.143965
v -1.495719 2.676800 -0.301036
v -1.541227 2.507384 -0.438604
v -1.616137 2.328524 -0.545521
v -1.535072 2.277002 -0.559877
v -1.576907 2.777611 -0.335635
v -1.625237 2.578830 -0.465212
v -1.688602 2.397849 -0.573385
v -1.801172 2.221906 -0.642524
v -1.729658 2.157614 -0.637355
v -1.710830 2.628981 -0.472019
v -1.765681 2.458578 -0.594708
v -1.859313 2.272038 -0.639542
v -1.994128 2.117280 -0.725733
v -1.943138 2.081084 -0.741325
v -1.832284 2.482249 -0.578857
v -1.911347 2.305043 -0.649847
v -2.023803 2.161404 -0.753305
v -2.162214 2.085873 -0.871666
v -2.143207 2.034721 -0.849489
v -1.921704 2.331699 -0.702904
v -2.017765 2.190540 -0.820286
v -1.919254 2.368034 -0.757857
v -1.993850 2.219582 -0.887628
v -1.910613 2.404603 -0.811651
v -1.961423 2.269378 -0.946838
v -1.916266 2.454779 -0.884695
v -1.965436 2.330412 -1.002543
v -2.069340 2.234764 -1.120689
v -2.185521 2.181832 -1.180417
v -2.005848 2.379329 -1.046589
v -2.092228 2.293107 -1.149757
v -2.205913 2.244469 -1.209249
v -2.339828 2.211686 -1.224775
v -2.303663 2.139687 -1.197085
v -2.113698 2.335657 -1.164786
v -2.220204 2.297099 -1.219751
v -2.357516 2.276901 -1.227140
v -2.214145 2.330765 -1.254460
v -2.367005 2.321367 -1.279986
v -2.538838 2.287127 -1.260144
v -2.717986 2.203567 -1.220755
v -2.902914 2.053270 -1.178762
v -2.945671 2.072325 -1.268055
v -3.123284 1.940844 -1.204004
v -3.075407 1.911353 -1.121377
v -3.171439 1.970019 -1.280447
v -3.349168 1.867830 -1.203783
v -3.312673 1.848187 -1.129725
v -3.367418 1.844897 -1.279106
v -3.547104 1.758113 -1.226693
v -3.540558 1.775816 -1.152681
v -3.534619 1.702418 -1.284165
v -3.708653 1.617509 -1.250437
v -3.722155 1.653906 -1.197708
v -3.690271 1.566889 -1.288754
v -3.854613 1.491805 -1.279569
v -3.875670 1.531113 -1.248986
v -3.832236 1.450343 -1.303594
v -3.991193 1.400998 -1.353113
v -4.013326 1.431781 -1.328139
v -3.971043 1.363834 -1.369893
v -4.128260 1.347795 -1.484503
v -4.150340 1.375899 -1.457515
v -4.115053 1.311491 -1.494467
v -4.274831 1.333233 -1.646020
v -4.286661 1.368491 -1.622146
v -4.284838 1.298160 -1.646080
v -4.465328 1.358775 -1.772173
v -4.458348 1.390881 -1.768034
v -4.485591 1.336977 -1.752680
v -4.642663 1.404928 -1.857694
v -4.658073 1.402639 -1.843419
v -4.739535 1.445215 -1.886162
v -4.461297 1.419214 -1.751850
v -4.307922 1.396248 -1.592017
v -4.172607 1.400981 -1.429158
v -4.035163 1.460882 -1.297606
v -3.894544 1.564357 -1.205438
v -3.724765 1.667614 -1.130315
v -3.514942 1.754886 -1.080265
v -3.270346 1.811981 -1.054812
v -3.029941 1.881420 -1.053514
v -2.108277 2.365596 -1.196444
v -2.037541 2.417286 -1.074840
v -1.941283 2.500347 -0.936942
v -1.840627 2.617474 -0.778584
v -1.846122 2.650562 -0.836938
v -1.773169 2.795931 -0.659883
v -1.866642 2.588990 -0.716080
v -1.818899 2.773982 -0.608760
v -1.786298 3.001839 -0.510148
v -1.746834 3.022465 -0.581602
v -1.779644 3.216287 -0.461392
v -1.736869 3.227016 -0.545603
v -1.805661 3.408031 -0.466505
v -1.732807 3.414358 -0.551261
v -1.837233 3.645442 -0.524633
v -1.749636 3.637737 -0.594900
v -1.828824 2.741297 -0.553378
v -1.883412 2.551376 -0.659746
v -1.867671 2.513176 -0.609336
v -1.816374 2.704994 -0.507588
v -1.782940 2.660067 -0.467635
v -1.679873 2.840671 -0.347095
v -1.553076 2.942625 -0.150036
v -1.663067 3.001743 -0.138623
v -1.511187 3.058229 0.039319
v -1.608589 3.122376 0.074582
v -1.447624 3.051435 0.241392
v -1.538259 3.153719 0.290271
v -1.581746 3.202251 0.307029
v -1.507131 3.082677 0.492701
v -1.561635 3.154127 0.526989
v -1.593828 3.230844 0.562371
v -1.583573 3.266144 0.312266
v -1.592770 3.323367 0.611318
v -1.588250 3.367221 0.329774
v -1.558578 3.412204 0.653255
v -1.561476 3.173567 0.868846
v -1.525537 3.237981 0.924988
v -1.460366 3.284563 0.959729
v -1.479203 2.974192 1.113248
v -1.413559 3.008834 1.156118
v -1.346021 3.034989 1.185315
v -1.396769 3.315779 0.983814
v -1.281001 3.057188 1.219141
v -1.336104 3.346966 1.009941
v -1.209721 3.069480 1.218717
v -1.270838 3.375347 1.031128
v -1.138566 3.074029 1.191767
v -1.200600 3.367726 1.011462
v -1.051686 3.085220 1.148012
v -1.128584 3.360563 0.985343
v -0.907614 3.141201 1.081805
v -1.038141 3.360144 0.939244
v -1.054673 3.557477 0.695890
v -0.886618 3.351294 0.840220
v -0.921013 3.512950 0.644913
v -0.868759 3.629068 0.411896
v -0.732102 3.425189 0.555434
v -0.713221 3.531895 0.364396
v -0.662038 3.605681 0.172009
v -0.567984 3.422798 0.290007
v -0.547312 3.507437 0.124360
v -0.505095 3.577749 0.013600
v -0.457086 3.430290 0.066656
v -0.438621 3.509555 -0.022733
v -0.326326 3.629825 -0.070635
v -0.391249 3.457076 -0.087374
v -0.282912 3.581967 -0.130909
v -0.142941 3.747934 -0.205227
v -0.235098 3.538475 -0.222884
v -0.095123 3.711007 -0.286022
v -0.001211 3.952502 -0.307405
v -0.046516 3.688488 -0.372072
v 0.038590 3.951274 -0.381632
v 0.018955 4.223681 -0.352772
v 0.072380 3.956399 -0.448309
v 0.041641 4.236463 -0.414592
v -0.015428 4.470086 -0.337434
v 0.054228 4.251040 -0.470302
v 0.002251 4.497885 -0.390560
v 0.049259 4.269278 -0.533364
v 0.003685 4.524325 -0.442361
v 0.024234 4.292779 -0.596320
v -0.017909 4.549052 -0.494933
v -0.013249 4.318769 -0.650559
v -0.057468 4.569751 -0.538118
v -0.069719 4.800418 -0.398598
v -0.066229 4.996824 -0.249940
v -0.108854 4.589004 -0.569144
v -0.120323 4.821461 -0.437249
v -0.128327 5.014224 -0.297469
v -0.128505 5.185369 -0.192091
v -0.071438 5.168060 -0.125837
v -0.202127 5.016277 -0.317871
v -0.207190 5.191353 -0.222447
v -0.203256 5.367066 -0.122956
v -0.132116 5.356955 -0.083958
v -0.143442 5.535975 0.026256
v -0.109273 5.522853 0.092245
v -0.088510 5.335112 -0.017167
v -0.210411 5.531742 -0.010142
v -0.226589 5.704768 0.005573
v -0.171715 5.725168 0.049138
v -0.277373 5.524310 -0.039489
v -0.285089 5.687489 -0.021210
v -0.344267 5.677513 -0.018693
v -0.144158 5.744677 0.108167
v -0.151671 5.754153 0.170756
v -0.108649 5.501967 0.166712
v -0.161971 5.488985 0.222643
v -0.076740 4.350057 -0.697606
v 0.001019 4.029594 -0.709835
v 0.037858 4.004323 -0.634508
v 0.096837 3.988880 -0.583469
v 0.105330 3.970610 -0.515967
v -0.337047 3.415123 -0.172832
v -0.410990 3.359747 -0.003163
v -0.378772 3.298891 -0.069696
v -0.421692 3.249119 0.161013
v -0.401221 3.184388 0.106023
v -0.441692 3.124088 0.317063
v -0.424543 3.060164 0.262727
v -0.413065 3.015240 0.221635
v -0.425311 2.928517 0.391430
v -0.397225 2.891861 0.342548
v -0.393634 2.855916 0.297723
v -0.352120 2.762409 0.439885
v -0.345195 2.726231 0.387207
v -0.369037 2.680517 0.349495
v -0.279877 2.603821 0.445814
v -0.306712 2.558685 0.406220
v -0.351037 2.508090 0.393950
v -0.415172 2.630854 0.338330
v -0.231341 2.458799 0.429306
v -0.273377 2.415428 0.415323
v -0.317241 2.365344 0.418375
v -0.182298 2.334313 0.412113
v -0.221127 2.290688 0.417191
v -0.259471 2.244143 0.421885
v -0.359991 2.305684 0.419671
v -0.295110 2.195418 0.417963
v -0.390581 2.239325 0.408793
v -0.319319 2.147902 0.388286
v -0.397502 2.169734 0.372886
v -0.470933 2.161247 0.368473
v -0.381679 2.097638 0.315646
v -0.436433 2.070604 0.311369
v -0.481613 2.032382 0.322064
v -0.532568 2.136657 0.378541
v -0.534974 1.986725 0.342658
v -0.587890 2.100138 0.409329
v -0.585623 1.946869 0.364828
v -0.639162 2.064349 0.441432
v -0.615181 1.901096 0.405477
v -0.674276 2.026492 0.495684
v -0.627456 1.859514 0.453207
v -0.697125 1.990905 0.556795
v -0.657550 1.811024 0.517076
v -0.750802 1.942427 0.619944
v -0.847177 2.081937 0.688879
v -0.812257 1.887054 0.683733
v -0.914334 2.020228 0.737502
v -0.881368 1.837056 0.704599
v -0.988305 1.959108 0.760302
v -0.934774 1.794003 0.722875
v -1.045372 1.908358 0.786209
v -1.151164 2.026736 0.840885
v -1.242107 2.173895 0.884596
v -1.086700 1.868441 0.820470
v -1.188002 1.996146 0.891044
v -1.284227 2.154574 0.941834
v -1.371363 2.360794 0.956751
v -1.318547 2.366032 0.886648
v -1.214603 1.965909 0.941221
v -1.311267 2.135461 1.001037
v -1.403509 2.356247 1.025860
v -1.474099 2.603583 1.002209
v -1.427532 2.586099 0.926749
v -1.327415 2.117979 1.059781
v -1.418718 2.354501 1.090589
v -1.482462 2.625370 1.076941
v -1.536792 2.887527 0.982269
v -1.522987 2.839300 0.903461
v -1.389908 2.365781 1.148226
v -1.469721 2.648614 1.148722
v -1.523065 2.933617 1.056245
v -1.571210 3.102167 0.801499
v -1.429210 2.674234 1.208898
v -1.346092 2.382168 1.198187
v -1.296443 2.395915 1.237226
v -1.363885 2.699030 1.244227
v -1.224318 2.412812 1.271365
v -1.299127 2.719510 1.277903
v -1.131214 2.452471 1.285026
v -1.232975 2.737589 1.310388
v -1.023305 2.518536 1.276315
v -1.138125 2.760927 1.289928
v -0.878895 2.620894 1.287792
v -1.039181 2.792559 1.255851
v -0.724321 2.736564 1.270978
v -0.901225 2.875583 1.219717
v -0.580561 2.773695 1.188266
v -0.736755 2.979148 1.141266
v -0.442735 2.793748 1.153301
v -0.603688 2.990670 1.040178
v -0.764857 3.189329 0.960316
v -0.476359 2.979182 0.967736
v -0.615092 3.155608 0.843019
v -0.698246 3.295770 0.711074
v -0.499252 3.073643 0.759247
v -0.551420 3.207819 0.624178
v -0.572707 3.321489 0.466007
v -0.485511 3.086806 0.539138
v -0.485691 3.215233 0.393305
v -0.471159 3.330297 0.222938
v -0.455892 2.987588 0.452759
v -0.455271 2.946084 0.664972
v -0.439378 2.843158 0.569971
v -0.392476 2.789551 0.496763
v -0.290206 2.632019 0.505975
v -0.198914 2.505232 0.532498
v -0.202592 2.491221 0.472714
v -0.104542 2.403220 0.524967
v -0.116906 2.394469 0.469083
v -0.145207 2.370957 0.427196
v -0.010935 2.308911 0.436564
v -0.042628 2.287700 0.398062
v -0.078061 2.255948 0.383103
v 0.099409 2.182866 0.325160
v 0.064235 2.146114 0.315677
v 0.026136 2.109105 0.314280
v -0.116768 2.215723 0.387987
v -0.008270 2.075342 0.309771
v -0.156742 2.174755 0.394011
v -0.036196 2.044904 0.296284
v -0.194501 2.138109 0.393255
v -0.071901 2.022029 0.261769
v -0.229977 2.106631 0.379303
v -0.313539 2.106245 0.323861
v -0.249483 2.053790 0.194897
v -0.298189 2.024616 0.180596
v -0.087198 1.968831 -0.007173
v -0.139231 1.928950 -0.011120
v -0.200025 1.875470 -0.004619
v -0.334610 1.978590 0.183774
v -0.289142 1.828850 0.003237
v -0.387019 1.922316 0.196153
v -0.393594 1.779559 0.015341
v -0.470024 1.879132 0.201532
v -0.459829 1.726738 0.041587
v -0.530554 1.831231 0.224928
v -0.495394 1.671688 0.078766
v -0.561649 1.782192 0.259858
v -0.491574 1.617864 0.129410
v -0.560900 1.731694 0.305971
v -0.463619 1.575960 0.202403
v -0.558206 1.688715 0.372582
v -0.468199 1.525826 0.283569
v -0.601896 1.638827 0.446253
v -0.711236 1.757998 0.578778
v -0.650312 1.586768 0.503598
v -0.771378 1.708177 0.621821
v -0.714444 1.542593 0.528530
v -0.830589 1.671150 0.641612
v -0.778282 1.508360 0.550433
v -0.874945 1.640969 0.663262
v -0.978600 1.755334 0.747105
v -0.910682 1.612403 0.691757
v -1.007262 1.721892 0.781668
v -1.110541 1.834738 0.861889
v -1.022861 1.692433 0.825314
v -1.122958 1.804750 0.907054
v -1.227620 1.937615 0.991294
v -1.102424 1.795266 0.959664
v -1.204084 1.929910 1.043625
v -1.309879 2.113872 1.115929
v -1.152630 1.951856 1.083009
v -1.258580 2.128132 1.156731
v -1.091055 1.981894 1.125298
v -1.199568 2.154144 1.187749
v -1.008396 2.021598 1.166534
v -1.120502 2.194178 1.223527
v -0.898458 2.090964 1.242086
v -1.009054 2.255446 1.245690
v -0.757124 2.208177 1.338140
v -0.886049 2.351761 1.299159
v -0.597121 2.287445 1.337090
v -0.725949 2.480311 1.340325
v -0.482225 2.316935 1.343363
v -0.578812 2.535185 1.292273
v -0.386620 2.323975 1.311911
v -0.449741 2.558641 1.277340
v -0.322056 2.311192 1.223585
v -0.342302 2.547556 1.213925
v -0.255727 2.296736 1.124923
v -0.285820 2.510934 1.098405
v -0.368865 2.753657 1.062232
v -0.301980 2.456113 0.962122
v -0.347862 2.665909 0.930714
v -0.425175 2.899881 0.871676
v -0.256024 2.265998 1.023075
v -0.265012 2.233219 0.938955
v -0.196694 2.041098 1.130757
v -0.219305 2.037054 1.044932
v -0.227585 2.032517 0.963424
v -0.245674 2.209775 0.866511
v -0.173898 2.041158 0.906435
v -0.172454 2.200215 0.820641
v -0.079139 2.040305 0.864643
v -0.041602 2.179741 0.784018
v -0.012299 2.261574 0.697718
v 0.140560 2.093858 0.710782
v 0.170101 2.145066 0.626873
v 0.181869 2.186498 0.546711
v 0.011539 2.291716 0.624967
v 0.176253 2.205778 0.481160
v 0.015376 2.305505 0.556220
v 0.161546 2.215549 0.415232
v 0.009230 2.313838 0.490513
v 0.135664 2.207675 0.362324
v 0.359826 2.057634 0.304703
v 0.322730 2.040718 0.252657
v 0.272213 2.002340 0.227414
v 0.453483 1.793076 0.195714
v 0.380148 1.759567 0.191754
v 0.290461 1.714750 0.189814
v 0.217242 1.956807 0.222953
v 0.231167 1.693960 0.165342
v 0.174767 1.919551 0.217898
v 0.176726 1.681918 0.130720
v 0.134928 1.888147 0.197966
v 0.240944 1.486991 0.135472
v 0.169294 1.502878 0.081754
v 0.145328 1.536403 0.022418
v 0.169557 1.282489 0.012431
v 0.135267 1.325107 -0.077317
v 0.171545 1.381852 -0.160440
v 0.168404 1.135255 -0.186361
v 0.206166 1.197523 -0.283936
v 0.278841 1.247521 -0.365429
v 0.249900 1.017147 -0.395597
v 0.313742 1.062531 -0.484590
v 0.310146 1.102223 -0.604766
v 0.283824 1.295701 -0.465768
v 0.238750 1.127838 -0.709437
v 0.259852 1.348197 -0.567385
v 0.259972 1.576275 -0.387415
v 0.215840 1.400487 -0.656547
v 0.224885 1.628995 -0.453618
v 0.149772 1.434379 -0.714117
v 0.171331 1.665650 -0.499879
v 0.148012 1.860147 -0.236845
v 0.037055 1.969161 0.024308
v 0.095948 1.683386 -0.522583
v 0.081701 1.877666 -0.264744
v -0.030709 1.981274 0.005952
v 0.012241 1.857190 -0.269213
v 0.020294 1.686189 -0.529731
v -0.050235 1.684263 -0.529002
v -0.052290 1.823025 -0.263725
v -0.117221 1.657660 -0.503197
v -0.128419 1.787018 -0.251472
v -0.172610 1.601423 -0.452342
v -0.209724 1.733609 -0.223650
v -0.284134 1.559958 -0.407275
v -0.321022 1.682539 -0.197779
v -0.363432 1.500900 -0.355430
v -0.394447 1.623549 -0.159230
v -0.419337 1.448643 -0.305911
v -0.440362 1.567121 -0.113659
v -0.428142 1.389526 -0.247907
v -0.439276 1.508093 -0.054807
v -0.393702 1.331749 -0.195779
v -0.398012 1.455501 0.009195
v -0.345552 1.268292 -0.143642
v -0.361283 1.404985 0.080367
v -0.324909 1.198591 -0.071345
v -0.375951 1.347071 0.147813
v -0.507519 1.473984 0.346551
v -0.420775 1.293396 0.205035
v -0.564071 1.420217 0.392797
v -0.494918 1.247378 0.242228
v -0.639345 1.375118 0.407333
v -0.597267 1.201259 0.263480
v -0.719576 1.343535 0.425946
v -0.825090 1.487490 0.577626
v -0.789350 1.329226 0.463562
v -0.863222 1.466010 0.612689
v -0.936089 1.584780 0.731132
v -0.886436 1.439944 0.667885
v -0.942036 1.563943 0.782615
v -1.014351 1.677298 0.877190
v -0.915984 1.557969 0.845855
v -0.975611 1.684367 0.933848
v -1.054731 1.813133 1.009158
v -0.928266 1.694885 1.002475
v -0.999628 1.834264 1.059620
v -0.852743 1.716215 1.107706
v -0.916324 1.868391 1.132588
v -0.718808 1.771164 1.246984
v -0.804334 1.935585 1.265795
v -0.573056 1.812606 1.314848
v -0.634564 2.027367 1.331113
v -0.484136 1.814706 1.379297
v -0.506713 2.064453 1.358161
v -0.398415 1.811904 1.402717
v -0.412014 2.083577 1.398724
v -0.317921 1.805343 1.389247
v -0.323972 2.092081 1.365261
v -0.263104 1.788764 1.340153
v -0.254844 2.088339 1.294433
v -0.238446 1.779691 1.275396
v -0.197299 2.074548 1.218315
v -0.331815 1.565995 1.264699
v -0.315204 1.602619 1.193137
v -0.276780 1.656501 1.043316
v -0.215104 1.655216 0.981210
v -0.141431 1.843740 0.930313
v -0.218654 1.833982 0.978784
v -0.129359 1.645508 0.939473
v -0.032198 1.832135 0.892219
v 0.077813 1.994024 0.810822
v 0.106631 1.774012 0.846566
v 0.229775 1.865227 0.732479
v 0.310872 1.937334 0.617421
v 0.356041 1.692397 0.677982
v 0.446170 1.745883 0.566480
v 0.492743 1.782146 0.463650
v 0.359912 2.000146 0.525652
v 0.524975 1.803614 0.380453
v 0.373679 2.032375 0.437819
v 0.529838 1.814449 0.303375
v 0.374900 2.050555 0.370193
v 0.510454 1.813088 0.237045
v 0.618212 1.548241 0.313210
v 0.585897 1.544891 0.250275
v 0.518958 1.534057 0.215237
v 0.646298 1.286191 0.269136
v 0.567219 1.277792 0.243002
v 0.474246 1.268970 0.237133
v 0.433368 1.514862 0.215792
v 0.352314 1.255814 0.197303
v 0.332854 1.488336 0.187979
v 0.251729 1.263798 0.100851
v 0.364740 1.016608 0.174048
v 0.265247 1.040744 0.056897
v 0.206902 1.081838 -0.069867
v 0.306917 0.846825 -0.037203
v 0.244646 0.899566 -0.166528
v 0.203285 0.956525 -0.292739
v 0.290219 0.734969 -0.283343
v 0.261182 0.784910 -0.402150
v 0.317557 0.841582 -0.497432
v 0.356121 0.626543 -0.507552
v 0.404568 0.680829 -0.587401
v 0.399585 0.701777 -0.687437
v 0.350214 0.879271 -0.595546
v 0.353509 0.700480 -0.787817
v 0.318905 0.894942 -0.710238
v 0.274752 0.685132 -0.900534
v 0.240174 0.901593 -0.821765
v 0.175052 0.675953 -0.992436
v 0.176933 0.916971 -0.931341
v 0.185436 1.158625 -0.808956
v 0.107602 0.931974 -1.005262
v 0.127101 1.187627 -0.876312
v 0.003782 0.934785 -1.031955
v 0.037121 1.195690 -0.902171
v 0.064666 1.452313 -0.735585
v -0.050572 1.196667 -0.905212
v -0.012491 1.458997 -0.742585
v -0.138584 1.190089 -0.880608
v -0.089675 1.466392 -0.747902
v -0.220390 1.187204 -0.863942
v -0.161488 1.455543 -0.721156
v -0.293907 1.183007 -0.831342
v -0.212307 1.419933 -0.671047
v -0.370645 1.167190 -0.766327
v -0.310145 1.386926 -0.606361
v -0.424836 1.130377 -0.690835
v -0.375796 1.338468 -0.535869
v -0.482827 1.106899 -0.631683
v -0.437743 1.298655 -0.480201
v -0.515546 1.067318 -0.567356
v -0.457098 1.246161 -0.423840
v -0.495982 1.007148 -0.510509
v -0.426754 1.186954 -0.371656
v -0.435051 0.952652 -0.477184
v -0.382042 1.128620 -0.324138
v -0.388117 0.896873 -0.420951
v -0.343112 1.058815 -0.261947
v -0.399183 0.837459 -0.350629
v -0.358926 0.992217 -0.189984
v -0.344719 1.140205 0.002883
v -0.397662 0.936215 -0.112798
v -0.408310 1.093120 0.062612
v -0.492732 0.910041 -0.050591
v -0.507555 1.063309 0.103204
v -0.632806 0.887915 0.012547
v -0.658300 1.036908 0.145672
v -0.721909 1.182433 0.294721
v -0.798031 1.035441 0.204606
v -0.812103 1.182969 0.347506
v -0.844423 1.314795 0.519123
v -0.866056 1.162449 0.421239
v -0.857321 1.288680 0.594194
v -0.874068 1.423233 0.736172
v -0.848253 1.266699 0.673969
v -0.850568 1.411081 0.816389
v -0.877022 1.558195 0.927894
v -0.788018 1.404478 0.933105
v -0.817311 1.564581 1.045478
v -0.682321 1.403211 1.064137
v -0.671505 1.594757 1.163864
v -0.613546 1.385468 1.168962
v -0.586165 1.581392 1.268962
v -0.541232 1.378317 1.211819
v -0.513651 1.570236 1.311714
v -0.466501 1.377558 1.239204
v -0.445447 1.554852 1.337806
v -0.375400 1.549351 1.321887
v -0.553970 1.190580 1.119791
v -0.450695 1.202490 1.146668
v -0.588973 1.003914 1.057239
v -0.446966 1.001398 1.081661
v -0.329077 1.004091 1.066794
v -0.515885 0.819588 1.092365
v -0.395511 0.785298 1.073564
v -0.305946 0.756245 1.000400
v -0.265625 1.025799 1.017391
v -0.203920 0.728800 1.000171
v -0.171055 0.987327 0.956873
v -0.097865 0.708603 1.049064
v -0.076976 0.956138 0.982948
v -0.095750 1.221925 0.944565
v -0.089722 1.446490 0.934233
v 0.059917 0.931677 0.998713
v 0.063025 0.691672 1.086208
v 0.229805 0.678105 1.087720
v 0.214261 0.934984 1.018014
v 0.389779 0.642684 0.986817
v 0.359282 0.919682 0.943234
v 0.576557 0.617842 0.823449
v 0.519590 0.901187 0.802768
v 0.443407 1.185003 0.788553
v 0.349920 1.443423 0.792142
v 0.651080 0.917088 0.674594
v 0.566393 1.206089 0.680285
v 0.466377 1.475665 0.666911
v 0.234433 1.639161 0.809784
v 0.650879 1.235353 0.592874
v 0.556843 1.507123 0.568920
v 0.684980 1.256066 0.497726
v 0.595229 1.525842 0.473961
v 0.690072 1.271719 0.409083
v 0.615192 1.540365 0.389973
v 0.689861 1.284521 0.334103
v 0.751811 0.999004 0.399436
v 0.753819 1.025638 0.317831
v 0.704636 1.040707 0.249264
v 0.820536 0.789283 0.251500
v 0.768549 0.827793 0.175822
v 0.668046 0.833405 0.139992
v 0.613300 1.037011 0.226017
v 0.538636 0.818406 0.120625
v 0.499884 1.023653 0.216574
v 0.400673 0.808069 0.076146
v 0.591077 0.641531 0.001787
v 0.454522 0.640640 -0.056267
v 0.364142 0.686005 -0.166810
v 0.425215 0.542064 -0.302962
v 0.359569 0.573284 -0.402282
v 0.508129 0.401501 -0.431596
v 0.590671 0.292908 -0.539027
v 0.646263 0.223904 -0.587921
v 0.760943 0.250941 -0.442028
v 0.814830 0.173151 -0.413563
v 0.684117 0.161047 -0.612193
v 0.836136 0.328869 -0.250855
v 0.891178 0.256042 -0.180219
v 0.899236 0.152663 -0.092730
v 0.846508 0.079361 -0.380386
v 0.862727 0.469459 -0.081865
v 0.901285 0.398568 0.002086
v 0.895929 0.296986 0.110886
v 0.871886 0.496383 0.251217
v 0.886964 0.421932 0.363464
v 0.876967 0.576863 0.144778
v 0.819201 0.733893 0.345608
v 0.830605 0.637580 0.063134
v 0.725719 0.652493 0.023303
v 0.755813 0.971539 0.493581
v 0.822660 0.687239 0.453653
v 0.728155 0.943605 0.596052
v 0.799172 0.648330 0.555701
v 0.864571 0.375776 0.468338
v 0.715431 0.621242 0.649649
v 0.766425 0.349802 0.622745
v 0.792786 0.144044 0.592152
v 0.607111 0.351514 0.845461
v 0.627516 0.152054 0.846777
v 0.630728 0.042889 0.834445
v 0.782974 0.033172 0.569571
v 0.629418 -0.028061 0.820920
v 0.780143 -0.037106 0.560416
v 0.625796 -0.094656 0.807984
v 0.775679 -0.106387 0.551283
v 0.848400 -0.113817 0.279724
v 0.760379 -0.165787 0.537403
v 0.825081 -0.167625 0.271740
v 0.847950 -0.181951 -0.002139
v 0.884838 -0.135094 0.006738
v 0.774972 -0.181002 -0.312788
v 0.802568 -0.130679 -0.315030
v 0.821460 -0.072223 -0.318099
v 0.670947 -0.103828 -0.625516
v 0.688427 -0.041697 -0.633494
v 0.704322 0.018769 -0.630001
v 0.835852 -0.006432 -0.335537
v 0.703436 0.093891 -0.628631
v 0.578180 0.196233 -0.790151
v 0.585121 0.236172 -0.733706
v 0.486726 0.367611 -0.862973
v 0.520612 0.372669 -0.792056
v 0.455034 0.535835 -0.763677
v 0.412083 0.528822 -0.841635
v 0.476325 -0.017207 -0.877071
v 0.454803 -0.094935 -0.856160
v 0.198059 -0.016618 -0.990987
v 0.222168 0.075062 -1.000018
v 0.645200 -0.159162 -0.611942
v 0.604250 -0.190962 -0.588664
v 0.417064 -0.147661 -0.825743
v 0.733710 -0.203910 -0.302824
v 0.679045 -0.206223 -0.285506
v 0.562490 -0.190863 -0.558831
v 0.794546 -0.204091 -0.006564
v 0.733898 -0.203942 -0.006212
v 0.670637 -0.202793 -0.001938
v 0.618782 -0.203484 -0.265810
v 0.772663 -0.192599 0.257490
v 0.715964 -0.194562 0.242717
v 0.654493 -0.194256 0.225522
v 0.651030 -0.189163 0.476758
v 0.592223 -0.187939 0.439234
v 0.336115 -0.157007 -0.734391
v 0.376038 -0.155987 -0.782009
v 0.510293 -0.187747 -0.521437
v 0.111255 -0.141667 -0.880999
v 0.141495 -0.118965 -0.924928
v 0.170482 -0.077284 -0.963118
v -0.097566 -0.107446 -1.029377
v -0.073023 -0.072269 -1.082839
v -0.042351 -0.008712 -1.129608
v 0.003401 0.081274 -1.161543
v -0.317124 -0.010504 -1.039530
v -0.296405 0.036458 -1.072605
v -0.263616 0.107612 -1.110474
v -0.202542 0.248980 -1.156284
v 0.068279 0.244740 -1.164349
v -0.499715 0.043484 -1.034152
v -0.469961 0.109312 -1.055627
v -0.385190 0.241369 -1.075369
v -0.236898 0.440543 -1.082556
v -0.099516 0.462075 -1.171139
v -0.654877 0.104240 -1.025890
v -0.553775 0.240947 -1.072709
v -0.394572 0.434027 -1.072280
v -0.274478 0.652200 -1.013684
v -0.172764 0.670768 -1.076572
v -0.670013 0.260389 -1.044744
v -0.527344 0.457832 -1.077248
v -0.385740 0.668128 -1.018042
v -0.284670 0.908624 -0.938339
v -0.193546 0.905586 -0.959958
v -0.617003 0.485460 -1.051621
v -0.483847 0.704929 -1.017111
v -0.373740 0.926019 -0.919082
v -0.562097 0.713455 -0.964808
v -0.438978 0.925483 -0.882356
v -0.559850 0.669152 -0.868507
v -0.491465 0.905736 -0.809404
v -0.632061 0.671244 -0.812601
v -0.557230 0.903698 -0.754339
v -0.691717 0.675252 -0.758199
v -0.593119 0.873434 -0.684792
v -0.692211 0.645389 -0.682692
v -0.584158 0.821443 -0.623941
v -0.532500 0.760306 -0.581567
v -0.475058 0.686409 -0.547066
v -0.460797 0.620156 -0.481411
v -0.589566 0.353727 -0.472632
v -0.494944 0.590380 -0.391539
v -0.437341 0.781412 -0.267681
v -0.542502 0.553273 -0.291961
v -0.509556 0.739491 -0.180138
v -0.656448 0.537036 -0.201108
v -0.640504 0.720827 -0.103679
v -0.847026 0.538749 -0.101358
v -0.823206 0.716254 -0.017443
v -0.803810 0.884437 0.087061
v -0.963184 0.710078 0.073175
v -0.915480 0.877183 0.169919
v -0.891287 1.036688 0.271357
v -0.973404 0.855931 0.250020
v -0.923494 1.004756 0.368331
v -0.866460 1.130336 0.510895
v -0.898800 0.953540 0.486007
v -0.834624 1.095106 0.637242
v -0.799844 1.245078 0.795603
v -0.783974 1.056398 0.807691
v -0.725179 1.221735 0.945647
v -0.714713 1.019844 0.954518
v -0.655077 1.196855 1.058098
v -0.864086 0.899326 0.665719
v -0.785396 0.854198 0.865322
v -0.661081 0.837364 1.029945
v -0.878807 0.688589 0.789655
v -0.780448 0.674097 1.007455
v -0.661791 0.642773 1.129126
v -0.913503 0.504964 0.986886
v -0.814300 0.443510 1.131158
v -0.522504 0.585967 1.114354
v -0.412977 0.533828 1.036836
v -1.029314 0.323636 0.942772
v -0.884199 0.253479 1.102076
v -1.066042 0.179800 0.915227
v -0.878017 0.126372 1.092772
v -1.068920 0.062058 0.895087
v -0.863929 0.019024 1.082344
v -0.651120 0.011177 1.177604
v -0.853196 -0.054145 1.064611
v -0.636251 -0.067796 1.169596
v -0.357090 -0.051441 1.239278
v -0.354976 0.056695 1.243179
v -0.071944 -0.009049 1.245066
v -0.074238 0.090865 1.272774
v 0.169324 0.003141 1.159232
v 0.165732 0.087755 1.174978
v 0.170714 0.224403 1.178384
v 0.204110 0.426890 1.149293
v 0.409428 0.064898 1.038199
v 0.407749 0.178109 1.051637
v 0.401690 0.380684 1.038248
v 0.411114 -0.009351 1.022687
v 0.169167 -0.067702 1.141170
v 0.409741 -0.078553 1.007959
v 0.167746 -0.132954 1.120576
v 0.403053 -0.144398 0.989485
v 0.616393 -0.156074 0.791660
v 0.372907 -0.163233 0.930096
v 0.575425 -0.175205 0.746082
v 0.708553 -0.189313 0.510166
v 0.525667 -0.176581 0.693260
v 0.336376 -0.165825 0.869160
v 0.300077 -0.167241 0.804338
v 0.474160 -0.176477 0.638615
v -0.120317 -0.128122 -0.971195
v -0.337328 -0.065256 -0.951414
v -0.328365 -0.043708 -1.003342
v -0.511819 -0.012588 -1.008514
v -1.035504 -0.119001 0.041586
v -1.119919 -0.111231 0.035085
v -1.064200 -0.132855 -0.165925
v -0.989053 -0.141450 -0.163881
v -1.021083 -0.124569 0.262618
v -1.100746 -0.117748 0.272835
v -1.172628 -0.109559 0.282634
v -1.201975 -0.099177 0.025271
v -0.945920 -0.139906 0.500813
v -1.016416 -0.135622 0.528529
v -1.080572 -0.129181 0.550569
v -1.135267 -0.112606 0.571580
v -1.232241 -0.088872 0.284013
v -0.902001 -0.153248 0.747280
v -0.960592 -0.145992 0.790592
v -1.005464 -0.123699 0.828216
v -1.034023 -0.078455 0.852265
v -1.165155 -0.052999 0.581775
v -0.786637 -0.168865 0.958880
v -0.821512 -0.154477 1.008556
v -0.843045 -0.109192 1.041654
v -1.054455 -0.022658 0.872985
v -0.603943 -0.159594 1.114605
v -0.620788 -0.122664 1.150446
v -0.341192 -0.155509 1.181818
v -0.349322 -0.116446 1.223960
v -0.072977 -0.138784 1.186611
v -0.071640 -0.078206 1.215746
v -0.334219 -0.165763 1.120826
v -0.083621 -0.161040 1.120012
v 0.145664 -0.159411 1.059263
v -0.096296 -0.164651 1.046281
v 0.121421 -0.162745 0.987687
v -0.109358 -0.166938 0.970980
v 0.096508 -0.164866 0.914459
v -0.834560 -0.155516 0.700378
v -0.696476 -0.166496 0.841019
v -0.744569 -0.166774 0.902821
v -0.524251 -0.172714 0.932364
v -0.555764 -0.172692 1.004630
v -0.582713 -0.169698 1.063665
v -0.328427 -0.169553 1.052995
v -0.322964 -0.171120 0.977261
v -1.171650 0.108586 0.598108
v -1.175479 0.017218 0.590631
v -1.219921 0.155467 0.264453
v -1.241370 0.054420 0.267409
v -1.246496 -0.018331 0.274153
v -1.260543 0.094506 0.049091
v -1.267798 0.015481 0.032070
v -1.259107 -0.059311 0.022070
v -1.181275 0.029323 -0.103206
v -1.167207 -0.050707 -0.150796
v -1.129247 -0.116794 -0.179201
v -1.022080 -0.071875 -0.311906
v -1.021140 -0.121852 -0.376243
v -0.980899 -0.155514 -0.394520
v -0.970017 -0.098285 -0.546276
v -0.944036 -0.136403 -0.580567
v -0.886612 -0.144770 -0.580826
v -0.920486 -0.166912 -0.392210
v -0.873831 -0.103743 -0.729688
v -0.940897 -0.070343 -0.485895
v -0.908538 -0.036486 -0.420170
v -0.882340 0.009856 -0.558367
v -1.025804 0.001061 -0.242456
v -1.023658 0.098605 -0.177001
v -0.875060 0.036323 -0.338086
v -1.190671 0.119319 -0.059101
v -1.185732 0.224192 -0.023583
v -1.033623 0.221927 -0.124004
v -1.235709 0.197576 0.078099
v -1.195421 0.329198 0.110638
v -1.161167 0.356173 0.015422
v -1.174988 0.279921 0.279399
v -1.113119 0.425754 0.340015
v -1.128440 0.490422 0.169314
v -1.137301 0.224882 0.613206
v -1.075299 0.365139 0.655673
v -0.978782 0.525532 0.721811
v -1.034141 0.581515 0.434969
v -0.949829 0.741216 0.541093
v -0.979274 0.808482 0.358188
v -1.052906 0.651950 0.251812
v -1.036122 0.693971 0.154745
v -1.106875 0.523576 0.073782
v -1.021177 0.533262 -0.005426
v -1.045896 0.369309 -0.067344
v -0.850193 0.366647 -0.173828
v -0.848836 0.179315 -0.246889
v -0.691121 0.338426 -0.289548
v -0.753915 0.144618 -0.377463
v -0.822776 0.032887 -0.472910
v -0.713758 0.145731 -0.489927
v -0.809236 0.096053 -0.566040
v -0.872752 0.088709 -0.635893
v -0.805612 0.179226 -0.621889
v -0.850484 0.181692 -0.679352
v -0.837038 0.306456 -0.693493
v -0.796579 0.306608 -0.755625
v -0.757308 0.476192 -0.755360
v -0.685494 0.467786 -0.806118
v -0.737060 0.293506 -0.804787
v -0.797077 0.471466 -0.686666
v -0.669707 0.475546 -0.894207
v -0.747615 0.295114 -0.886688
v -0.680540 0.500553 -0.986560
v -0.774302 0.300104 -0.961791
v -0.733241 0.281158 -1.016088
v -0.804280 0.126992 -0.961761
v -0.746345 0.110707 -0.989779
v -0.715564 0.204134 -0.561936
v -0.630198 0.335711 -0.393714
v -0.109862 0.929371 -1.025546
v -0.041211 0.685022 -1.111752
v 0.088932 0.681320 -1.083599
v 0.088123 0.449309 -1.130055
v -0.020989 1.615958 0.909044
v -1.543271 3.035482 0.739132
v -1.486257 2.966309 0.676338
v -1.465754 2.794555 0.829401
v -1.383605 2.895466 0.612164
v -1.374456 2.745318 0.753541
v -1.350569 2.568813 0.853492
v -1.258887 2.647493 0.656971
v -1.243864 2.522324 0.772164
v -1.271823 2.768162 0.516578
v -1.114162 2.635610 0.441798
v -1.160583 2.750882 0.302644
v -1.015413 2.718169 0.255033
v -0.961707 2.565106 0.384222
v -1.294369 2.863217 0.363842
v -1.342426 2.914764 0.193563
v -1.217715 2.823024 0.153915
v -1.414955 2.985406 0.434768
v -1.401554 2.911884 0.023116
v -0.851483 2.573379 0.310012
v -2.336252 2.023605 -1.135845
v -2.375083 1.947047 -1.127569
v -2.282571 1.966781 -0.969809
v -2.270654 2.024821 -1.004358
v -2.370460 1.850157 -1.097135
v -2.237681 1.907006 -0.973329
v -2.093220 1.982657 -0.859776
v -2.183843 1.842587 -0.992670
v -2.034575 1.917654 -0.869937
v -1.878972 2.016961 -0.742892
v -1.956779 1.849911 -0.907958
v -1.791977 1.952196 -0.780036
v -1.644433 2.103506 -0.665575
v -1.701270 1.907461 -0.854138
v -1.555463 2.069659 -0.732662
v -1.448896 2.254295 -0.618457
v -1.461698 2.041608 -0.814106
v -1.353784 2.236537 -0.692754
v -1.263642 2.420444 -0.562638
v -1.258090 2.224066 -0.774614
v -1.153890 2.405449 -0.637424
v -1.061473 2.562258 -0.494814
v -1.068158 2.416308 -0.729866
v -0.960060 2.579237 -0.588870
v -1.028210 2.461938 -0.835106
v -0.906562 2.641701 -0.710488
v -0.995252 2.507743 -0.941733
v -0.889407 2.706595 -0.834845
v -0.772354 2.886794 -0.741723
v -0.937847 2.783223 -0.952519
v -1.134037 2.252560 -0.950137
v -1.175507 2.223255 -0.858449
v -1.305437 2.006724 -0.977868
v -1.371599 2.017538 -0.895477
v -1.544993 1.833898 -1.017649
v -1.615905 1.868494 -0.936309
v -1.803658 1.757815 -1.070554
v -1.874521 1.802843 -0.986317
v -2.041146 1.735289 -1.120054
v -2.113183 1.781609 -1.044895
v -2.262547 1.719191 -1.155018
v -2.319584 1.773038 -1.100128
v -2.450914 1.716241 -1.161107
v -2.483519 1.834303 -1.181147
v -2.591926 1.847516 -1.190112
v -0.452661 6.260927 -0.163355
v -1.064238 4.637195 -2.176082
v -1.099649 4.668262 -2.395431
v -1.116799 4.825970 -2.360579
v -1.212995 4.679700 -2.572816
v -1.203154 4.813000 -2.540100
v -1.178155 4.998245 -2.346659
v -1.321011 4.667441 -2.720799
v -1.315206 4.793182 -2.704195
v -1.443791 4.656950 -2.860244
v -1.418443 4.756057 -2.879734
v -1.579481 4.652488 -3.004305
v -1.549183 4.727263 -3.043988
v -1.561220 4.803661 -3.049767
v -1.658474 4.701028 -3.215611
v -1.685934 4.632427 -3.184723
v -1.625868 4.573117 -2.952782
v -1.719589 4.556344 -3.149933
v -1.733242 4.467334 -3.123044
v -1.678367 4.388277 -3.122845
v -1.483228 4.358181 -2.903148
v -1.589846 4.333680 -3.128070
v -1.423543 4.294543 -2.903996
v -1.514634 4.280864 -3.121643
v -1.509409 4.206925 -3.094553
v -1.533177 4.166350 -3.301894
v -1.594698 4.113129 -3.261635
v -1.508596 4.578746 -2.800112
v -2.350969 3.680280 -4.115103
v -2.529767 3.668167 -4.176064
v -2.646537 3.700726 -4.198400
v -2.586891 3.625626 -4.221815
v -2.659589 3.699202 -4.247489
v -2.594694 3.624833 -4.272048
v -2.652920 3.712777 -4.293227
v -2.722247 3.790655 -4.233328
v -2.706685 3.803186 -4.278342
v -2.682918 3.818103 -4.321756
v -2.745828 3.890014 -4.282112
v -2.642926 3.839441 -4.357462
v -2.581784 3.889558 -4.396794
v -2.013215 4.947301 -4.508541
v -2.016351 4.756996 -4.212406
v -1.934657 4.936501 -4.416788
v -1.836323 4.914987 -4.370807
v -1.688889 5.043695 -4.496840
v -1.609308 4.990896 -4.422388
v -1.507337 5.152400 -4.409552
v -1.579571 5.218331 -4.492084
v -1.373580 5.330821 -4.374916
v -1.435091 5.390478 -4.461904
v -1.452373 5.433497 -4.586891
v -1.287045 5.561409 -4.476370
v -1.298697 5.562877 -4.578264
v -1.283932 5.558545 -4.687700
v -1.176190 5.711098 -4.628063
v -1.173575 5.699191 -4.699046
v -1.132417 5.671109 -4.755960
v -1.231305 5.527970 -4.770324
v -1.080576 5.637183 -4.802722
v -1.041659 5.857043 -4.764565
v -0.998275 5.829794 -4.796824
v -0.944943 5.803416 -4.797306
v -0.895735 6.029452 -4.787508
v -0.857394 6.006603 -4.786228
v -0.824431 5.988852 -4.770531
v -0.893560 5.782086 -4.777986
v -0.795056 5.974082 -4.746935
v -0.847490 5.768147 -4.751795
v -0.781569 5.968678 -4.713120
v -0.827800 5.768461 -4.706390
v -0.791892 5.974627 -4.676187
v -0.848763 5.780096 -4.658606
v -0.885358 5.579019 -4.585064
v -0.888526 5.797013 -4.627466
v -0.935811 5.605413 -4.552384
v -0.985261 5.394433 -4.416129
v -0.997140 5.632380 -4.534062
v -1.059796 5.435719 -4.396358
v -1.194697 5.199468 -4.386478
v -1.139601 5.480737 -4.388232
v -1.286487 5.264096 -4.351927
v -1.411893 5.082556 -4.390405
v -1.218311 5.526014 -4.407531
v -1.052222 5.659430 -4.521801
v -1.106350 5.688785 -4.520178
v -1.146266 5.703484 -4.568087
v -1.027445 5.872272 -4.588735
v -1.076420 5.893756 -4.609170
v -1.096056 5.895142 -4.665299
v -0.956493 6.074752 -4.638047
v -0.961724 6.076770 -4.680036
v -0.949286 6.064597 -4.723984
v -1.079949 5.880373 -4.721272
v -0.927301 6.049458 -4.761577
v -0.787319 6.220945 -4.715334
v -0.779659 6.212480 -4.743466
v -0.764630 6.199074 -4.768174
v -0.655208 6.328305 -4.728903
v -0.740796 6.179976 -4.773596
v -0.718059 6.163245 -4.759355
v -0.613363 6.291251 -4.727783
v -0.698512 6.149443 -4.739495
v -0.687772 6.142747 -4.710750
v -0.696042 6.149771 -4.681090
v -0.712661 6.162893 -4.657808
v -0.818689 5.989040 -4.654521
v -0.729530 6.176464 -4.640145
v -0.850274 6.006886 -4.653588
v -0.935555 5.821384 -4.609790
v -0.888669 6.028843 -4.657748
v -0.981227 5.847828 -4.597604
v -0.926442 6.051805 -4.660921
v -0.753338 6.196098 -4.621473
v -0.788283 6.227480 -4.629750
v -0.794646 6.233985 -4.653269
v -0.665044 6.338717 -4.695139
v -0.792949 6.227974 -4.686908
v -0.660753 6.334832 -4.712201
v -0.605281 6.371003 -4.695414
v -0.596185 6.357778 -4.687976
v -0.588166 6.371054 -4.697367
v -0.631201 6.313622 -4.669734
v -0.584394 6.349797 -4.721599
v -1.158065 5.386851 -5.834424
v -1.163734 5.477637 -6.048458
v -1.154345 5.395796 -6.080594
v -1.174579 5.446169 -6.287789
v -1.181986 5.379842 -6.306403
v -1.180010 5.406351 -6.513316
v -1.203403 5.353406 -6.521250
v -1.193778 5.373356 -6.729609
v -1.156616 5.417643 -6.725018
v -1.240182 5.335115 -6.729080
v -1.249181 5.345864 -6.896014
v -1.300048 5.324621 -6.893852
v -1.309635 5.272751 -7.047253
v -1.245979 5.299178 -7.052673
v -1.324082 5.178667 -7.218620
v -1.261338 5.195951 -7.235743
v -1.219553 5.237342 -7.265785
v -1.293303 5.080151 -7.406831
v -1.255171 5.116180 -7.441779
v -1.252673 5.164129 -7.480515
v -1.203419 5.289012 -7.314099
v -1.299517 5.209772 -7.510060
v -1.250678 5.349109 -7.356149
v -1.360961 5.242370 -7.530525
v -1.320442 5.395865 -7.379460
v -1.430046 5.255420 -7.539459
v -1.397077 5.422174 -7.383867
v -1.462929 5.459063 -7.400522
v -1.421471 5.652960 -7.241689
v -1.352199 5.126798 -7.696350
v -1.409790 5.149043 -7.725568
v -1.296314 5.021559 -7.848711
v -1.352241 5.046572 -7.879799
v -1.286239 4.852123 -7.960495
v -1.334945 4.868582 -7.984529
v -1.389851 4.884445 -7.998049
v -1.324115 4.694975 -8.085387
v -1.364628 4.705120 -8.112730
v -1.441504 4.879026 -7.997477
v -1.254281 4.581926 -8.226837
v -1.281181 4.683910 -8.059326
v -1.223146 4.558295 -8.187535
v -1.153500 4.429818 -8.305202
v -1.185346 4.450745 -8.348112
v -1.162647 4.307508 -8.410378
v -1.203911 4.531726 -8.152870
v -1.136101 4.402682 -8.261782
v -1.204640 4.497390 -8.119258
v -1.134049 4.365390 -8.214691
v -1.225571 4.463371 -8.088881
v -1.152195 4.328079 -8.177002
v -1.139478 4.219353 -8.268909
v -1.188279 4.291994 -8.152409
v -1.164817 4.193769 -8.252152
v -1.174044 4.138420 -8.329815
v -1.145954 4.152772 -8.341095
v -1.202233 4.190615 -8.261370
v -1.203271 4.150273 -8.337310
v -1.214432 4.128599 -8.383076
v -1.228883 4.168653 -8.350302
v -1.243384 4.145717 -8.388474
v -1.257153 4.139219 -8.427021
v -1.276636 4.167711 -8.388048
v -1.293315 4.163973 -8.416827
v -1.301757 4.185857 -8.447475
v -1.355598 4.196795 -8.385109
v -1.357254 4.223760 -8.409491
v -1.454669 4.301396 -8.336625
v -1.466024 4.258809 -8.308828
v -1.536411 4.400740 -8.175581
v -1.532430 4.436081 -8.210382
v -1.335007 4.190272 -8.357815
v -1.438371 4.246382 -8.267278
v -1.518042 4.385542 -8.148857
v -1.575121 4.530794 -7.995225
v -1.618471 4.551448 -8.031029
v -1.466737 4.396116 -8.130928
v -1.530747 4.526428 -7.974429
v -1.567000 4.684618 -7.832280
v -1.608059 4.695623 -7.855845
v -1.419134 4.405297 -8.113392
v -1.482509 4.521740 -7.951452
v -1.517189 4.678500 -7.813553
v -1.559250 4.814783 -7.657380
v -1.618295 4.827407 -7.681184
v -1.432471 4.517675 -7.929597
v -1.465211 4.673764 -7.795074
v -1.499746 4.807564 -7.641105
v -1.497607 4.975691 -7.538557
v -1.556707 4.990899 -7.556053
v -1.411191 4.673198 -7.783182
v -1.436588 4.803504 -7.633324
v -1.434956 4.957866 -7.525176
v -1.412856 5.083865 -7.387255
v -1.475484 5.110212 -7.398452
v -1.369699 4.811847 -7.642799
v -1.372270 4.949537 -7.528984
v -1.349325 5.064719 -7.383938
v -1.389445 5.196623 -7.225075
v -1.321455 4.969286 -7.555850
v -1.310384 4.838475 -7.669622
v -1.267623 4.879129 -7.708661
v -1.281585 5.004849 -7.589837
v -1.247596 4.929798 -7.755672
v -1.272615 5.051176 -7.626826
v -1.258105 4.979484 -7.804181
v -1.305009 5.093197 -7.662623
v -1.240841 4.784849 -7.874090
v -1.245956 4.824643 -7.921542
v -1.240672 4.634836 -7.998998
v -1.245089 4.664924 -8.031527
v -1.263656 4.740645 -7.831506
v -1.264661 4.601354 -7.967533
v -1.300810 4.702250 -7.797937
v -1.299177 4.570020 -7.944510
v -1.252168 4.427040 -8.059500
v -1.330315 4.538750 -7.919482
v -1.283983 4.404876 -8.049024
v -1.235454 4.272377 -8.156255
v -1.331676 4.403062 -8.068398
v -1.278180 4.271954 -8.181110
v -1.233244 4.200399 -8.284677
v -1.373875 4.406156 -8.091702
v -1.379465 4.518340 -7.912441
v -1.357409 4.675898 -7.779472
v -1.376038 5.289193 -7.055727
v -1.451382 5.225034 -7.237229
v -1.539036 5.133514 -7.410710
v -1.619557 5.007385 -7.575596
v -1.668079 4.844135 -7.715544
v -1.645680 4.712852 -7.888521
v -1.631122 4.591880 -8.074077
v -1.518186 4.475586 -8.246569
v -1.717480 5.354121 -2.654010
v -1.878273 5.495590 -2.637866
v -1.801549 5.552862 -2.627868
v -1.724248 5.606925 -2.585246
v -1.939533 5.692880 -2.625790
v -1.897151 5.758594 -2.582339
v -2.099725 5.823065 -2.605803
v -2.323585 5.847903 -2.655324
v -2.535218 5.862834 -2.734276
v -2.551374 5.926611 -2.675602
v -2.767682 5.868873 -2.831749
v -2.780748 5.926107 -2.760773
v -3.037579 5.886785 -2.910287
v -3.038986 5.945670 -2.843944
v -3.042222 6.021478 -2.779395
v -3.311543 5.976179 -2.842130
v -3.297769 6.048159 -2.777273
v -3.285828 6.096441 -2.694586
v -3.510551 6.039053 -2.678841
v -3.492412 6.086067 -2.613900
v -3.480211 6.130975 -2.543149
v -3.277533 6.138190 -2.609232
v -3.470463 6.131345 -2.460909
v -3.273837 6.128658 -2.517685
v -3.462587 6.095596 -2.382459
v -3.274438 6.100960 -2.429358
v -3.471551 6.007022 -2.367340
v -3.283132 6.015401 -2.397769
v -3.483258 5.914972 -2.380263
v -3.287911 5.916927 -2.400027
v -3.116374 5.928549 -2.410082
v -3.293622 5.832156 -2.460196
v -3.111567 5.841980 -2.465213
v -3.296458 5.763736 -2.542279
v -3.107574 5.765183 -2.545475
v -3.307793 5.740639 -2.643268
v -3.097428 5.727180 -2.648721
v -3.318647 5.739185 -2.745274
v -3.082390 5.713369 -2.760425
v -3.332856 5.731469 -2.841088
v -3.063952 5.710108 -2.858293
v -2.819029 5.662807 -2.773005
v -3.046731 5.752356 -2.928058
v -2.778452 5.723840 -2.829589
v -3.035519 5.823497 -2.960380
v -2.764683 5.796610 -2.859079
v -3.342248 5.774399 -2.905016
v -3.342998 5.846179 -2.936750
v -3.325587 5.918040 -2.897729
v -3.588943 5.865149 -2.817904
v -3.563521 5.929490 -2.783828
v -3.535097 5.986314 -2.735559
v -3.748983 5.966803 -2.692698
v -3.721716 6.019156 -2.646881
v -3.702077 6.060122 -2.595628
v -3.905465 6.055673 -2.583517
v -3.890926 6.098941 -2.546195
v -3.874978 6.147761 -2.509893
v -3.685455 6.111674 -2.548890
v -3.868510 6.168194 -2.448908
v -3.672455 6.135506 -2.480041
v -3.868459 6.176749 -2.383461
v -3.662867 6.142400 -2.403378
v -3.879053 6.131552 -2.353023
v -3.665138 6.096848 -2.344607
v -3.893934 6.070034 -2.358111
v -3.677742 6.023609 -2.340313
v -3.912399 6.006950 -2.365597
v -3.695942 5.945145 -2.358706
v -3.931613 5.947809 -2.387763
v -3.716330 5.873400 -2.387162
v -3.494154 5.821842 -2.405295
v -3.736305 5.812773 -2.433410
v -3.507418 5.746784 -2.471735
v -3.749151 5.779714 -2.501273
v -3.528974 5.719166 -2.564384
v -3.761014 5.785081 -2.576316
v -3.549091 5.734692 -2.655501
v -3.779463 5.788117 -2.643244
v -3.572387 5.744568 -2.730867
v -3.783586 5.840374 -2.694727
v -3.587547 5.793537 -2.789505
v -3.775281 5.907174 -2.718568
v -3.959219 5.922111 -2.634238
v -3.942346 5.976951 -2.657150
v -3.920478 6.023103 -2.634103
v -4.108939 6.060061 -2.633419
v -4.093750 6.100555 -2.617569
v -4.089110 6.122939 -2.576652
v -4.266188 6.183257 -2.634519
v -4.261938 6.207112 -2.602465
v -4.261819 6.224945 -2.565282
v -4.080256 6.154502 -2.539731
v -4.258118 6.246969 -2.533460
v -4.069608 6.188653 -2.505381
v -4.260459 6.261189 -2.499411
v -4.068522 6.207252 -2.458288
v -4.267252 6.267270 -2.463804
v -4.075587 6.215697 -2.412129
v -4.281621 6.239095 -2.453747
v -4.085157 6.182224 -2.407578
v -4.294856 6.200747 -2.465382
v -4.101032 6.127059 -2.413157
v -4.308760 6.165849 -2.473674
v -4.118673 6.082384 -2.412897
v -4.322915 6.130935 -2.487180
v -4.136043 6.036986 -2.430223
v -4.333307 6.099401 -2.514143
v -4.148979 5.999737 -2.460566
v -3.948128 5.898054 -2.428158
v -4.155345 5.974817 -2.501298
v -3.962683 5.865615 -2.481134
v -4.155878 5.964067 -2.547620
v -3.971099 5.859891 -2.539612
v -4.144906 5.981228 -2.590116
v -3.970894 5.878621 -2.595888
v -4.127939 6.017491 -2.614189
v -4.319572 6.079893 -2.626969
v -4.299566 6.113299 -2.640311
v -4.280773 6.149082 -2.645224
v -4.441365 6.243929 -2.669126
v -4.430111 6.270551 -2.655562
v -4.563248 6.323487 -2.685154
v -4.551480 6.340453 -2.673838
v -4.546333 6.354235 -2.654593
v -4.426332 6.289784 -2.631691
v -4.545944 6.366447 -2.633038
v -4.426759 6.304839 -2.603366
v -4.548187 6.382999 -2.612693
v -4.425602 6.322991 -2.578067
v -4.427680 6.336130 -2.549931
v -4.436161 6.338268 -2.518226
v -4.449725 6.314685 -2.517638
v -4.580642 6.351288 -2.575505
v -4.462957 6.284840 -2.529561
v -4.585958 6.330636 -2.588289
v -4.476844 6.254313 -2.539131
v -4.586667 6.317086 -2.607874
v -4.488821 6.226382 -2.549609
v -4.586751 6.310511 -2.627322
v -4.494253 6.204327 -2.571693
v -4.587837 6.303784 -2.647618
v -4.489912 6.193969 -2.602819
v -4.336322 6.078853 -2.549158
v -4.333108 6.069117 -2.588352
v -4.620030 6.338753 -2.644804
v -4.624084 6.331855 -2.659316
v -4.634940 6.351851 -2.654485
v -4.632111 6.349443 -2.665188
v -4.609890 6.346006 -2.676326
v -4.629067 6.362591 -2.664683
v -4.602157 6.360894 -2.671631
v -4.624201 6.374660 -2.657047
v -4.598296 6.374619 -2.659582
v -4.625026 6.383963 -2.642456
v -4.598785 6.386394 -2.642936
v -4.625222 6.385284 -2.625466
v -4.603619 6.396599 -2.622989
v -4.615042 6.375453 -2.604060
v -4.629641 6.370559 -2.632122
v -4.616119 6.357625 -2.615145
v -4.632321 6.360140 -2.642414
v -4.616823 6.346822 -2.629695
v -4.636543 6.378351 -2.642920
v -4.639641 6.365747 -2.648015
v -4.641391 6.361182 -2.660395
v -4.635780 6.373442 -2.656096
v -1.993406 5.618546 -2.637149
v -0.276653 4.749774 0.262133
v -2.341501 4.069701 -0.773316
v -2.682777 4.484862 -0.603973
v -2.703534 4.549744 -0.643676
v -2.815726 4.577595 -0.482181
v -2.747057 4.592804 -0.699225
v -2.849031 4.615918 -0.520997
v -3.512541 4.573921 -0.284007
v -2.088779 4.440784 -2.014393
v -2.157436 4.638584 -2.066647
v -2.142344 4.645426 -2.111157
v -2.286608 4.876119 -2.135870
v -2.130353 4.638310 -2.167957
v -2.244515 4.884338 -2.077765
v -2.394337 5.093195 -2.012789
v 0.196356 5.119292 0.857899
v 0.241122 5.106495 0.849232
v 0.264991 5.078009 0.869794
v 0.230960 5.083752 0.889717
v 0.195076 5.084905 0.906474
v 0.170996 5.105722 0.892271
v -4.707333 8.112382 -0.413650
v -4.755228 8.075106 -0.429942
vn -0.1417 0.4330 0.8902
vn -0.0090 -0.2806 0.9598
vn 0.3127 -0.1711 0.9343
vn 0.1428 0.4394 0.8869
vn 0.5375 0.0633 0.8409
vn 0.3168 0.7660 0.5594
vn 0.0067 0.9846 0.1745
vn -0.6289 0.7689 -0.1148
vn -0.7589 0.3721 -0.5344
vn -0.9861 -0.1226 -0.1118
vn -0.9143 0.3476 0.2078
vn -0.7178 0.4237 0.5524
vn -0.2067 0.9743 0.0892
vn -0.9286 -0.2640 0.2609
vn 0.8229 0.2925 0.4871
vn 0.6581 -0.3109 0.6858
vn 0.9363 0.1059 0.3348
vn 0.6494 0.7434 0.1599
vn 0.8378 0.5294 -0.1332
vn -0.1794 0.8117 -0.5559
vn 0.7235 0.6845 0.0889
vn 0.4692 0.8595 -0.2026
vn 0.8304 0.5475 0.1037
vn 0.8844 0.3769 0.2755
vn 0.8790 0.3375 0.3367
vn 0.9094 0.3992 0.1165
vn 0.9075 0.4199 -0.0096
vn 0.6154 0.7553 0.2254
vn -0.9967 0.0322 0.0747
vn -0.9740 -0.2264 -0.0018
vn -0.9709 -0.2335 0.0525
vn -0.9922 0.1241 0.0091
vn -0.9825 -0.1811 -0.0429
vn -0.9439 0.3241 0.0638
vn -0.8985 0.4244 -0.1123
vn -0.2186 0.8722 0.4376
vn -0.2630 0.9648 -0.0012
vn 0.8866 0.3822 -0.2604
vn 0.8715 0.4688 -0.1440
vn 0.7978 0.6013 -0.0448
vn 0.2901 0.8261 0.4831
vn -0.6792 0.6316 0.3739
vn -0.6644 0.6780 -0.3144
vn -0.9779 0.0075 -0.2088
vn -0.9470 0.0797 0.3111
vn -0.9241 -0.0199 0.3816
vn -0.6135 0.3866 0.6886
vn -0.9536 -0.3012 0.0025
vn 0.2359 0.8607 0.4512
vn -0.1169 0.8950 0.4305
vn -0.2347 0.6636 0.7103
vn 0.1964 0.8317 0.5193
vn 0.6961 0.7179 0.0009
vn 0.4925 0.8701 -0.0206
vn -0.0372 0.9890 -0.1433
vn -0.9896 -0.1405 -0.0324
vn -0.9817 0.0092 0.1900
vn -0.9676 -0.2234 -0.1180
vn -0.9079 -0.3132 -0.2785
vn -0.8943 0.3833 0.2310
vn -0.8944 -0.4270 -0.1329
vn -0.9008 -0.4176 -0.1193
vn -0.8012 -0.4413 -0.4041
vn 0.3905 0.5950 -0.7025
vn 0.1870 0.8289 -0.5272
vn 0.6755 0.6523 -0.3438
vn 0.6834 0.4218 -0.5959
vn -0.0682 0.3179 -0.9457
vn -0.4745 0.4512 -0.7559
vn 0.4129 0.1438 -0.8993
vn 0.1113 -0.2712 -0.9561
vn 0.6769 -0.1020 -0.7289
vn 0.2690 -0.4059 -0.8734
vn -0.3453 -0.1981 -0.9174
vn -0.3235 -0.5539 -0.7671
vn 0.4316 -0.4970 0.7528
vn 0.9689 -0.1384 0.2052
vn 0.6276 0.6655 0.4041
vn 0.1613 0.4836 0.8603
vn -0.6475 0.6627 0.3763
vn -0.4243 -0.1669 0.8900
vn -0.1986 0.9547 -0.2216
vn 0.5632 0.6425 -0.5196
vn -0.8666 0.4742 0.1555
vn -0.4184 -0.4964 0.7607
vn 0.3846 -0.7333 0.5606
vn 0.4993 0.5612 -0.6602
vn -0.4047 0.8133 -0.4181
vn 0.9225 -0.3808 0.0635
vn -0.6132 0.1516 0.7752
vn -0.8719 0.2242 0.4353
vn -0.8144 -0.3649 0.4513
vn -0.6526 -0.3623 0.6655
vn -0.4723 -0.8236 0.3141
vn -0.3757 -0.5990 0.7072
vn -0.2677 -0.0654 0.9613
vn -0.5889 0.5240 0.6153
vn -0.2883 0.3044 0.9079
vn -0.3433 0.3932 0.8530
vn -0.5180 0.7970 0.3104
vn -0.3854 0.1027 0.9170
vn -0.8267 0.5220 0.2097
vn -0.2840 0.7160 -0.6377
vn 0.0063 0.9667 -0.2560
vn -0.3778 0.8824 0.2806
vn -0.7320 0.5645 0.3815
vn 0.2043 0.9758 0.0776
vn 0.4940 -0.0134 0.8694
vn 0.4868 0.2561 0.8351
vn 0.9892 0.1426 0.0346
vn 0.9324 0.2200 -0.2867
vn 0.9059 0.1602 -0.3920
vn 0.7864 0.3936 -0.4761
vn 0.5222 0.7036 -0.4819
vn 0.3847 0.4825 -0.7868
vn 0.6508 -0.7570 0.0576
vn 0.5014 -0.8650 -0.0200
vn 0.8669 -0.4406 -0.2331
vn 0.9397 -0.3327 -0.0787
vn 0.4269 -0.8483 0.3133
vn 0.0616 -0.9850 0.1610
vn 0.7741 -0.4293 0.4653
vn -0.1243 0.3262 0.9371
vn -0.2615 0.4398 0.8592
vn -0.0234 0.5369 0.8433
vn 0.0765 0.5801 0.8110
vn -0.5239 0.4206 0.7407
vn -0.6176 0.2688 0.7391
vn -0.1935 0.7349 0.6500
vn -0.6164 0.7401 0.2689
vn -0.2398 0.9470 0.2139
vn -0.7630 0.4187 -0.4925
vn -0.9222 0.1820 -0.3413
vn -0.7927 -0.1845 -0.5810
vn -0.9468 -0.1363 -0.2914
vn -0.9495 0.0992 0.2976
vn -0.4211 0.2808 -0.8625
vn 0.0460 0.9454 -0.3226
vn 0.3414 0.5684 -0.7486
vn -0.1053 0.0048 -0.9944
vn 0.0487 -0.1499 -0.9875
vn -0.3729 -0.2024 -0.9055
vn 0.5562 0.0005 -0.8310
vn 0.7724 0.5001 -0.3916
vn 0.5653 0.8037 0.1858
vn 0.8609 0.4689 0.1974
vn 0.8920 0.2385 -0.3839
vn 0.6833 -0.0835 0.7253
vn 0.3369 -0.0577 0.9398
vn 0.1959 0.4641 0.8638
vn 0.8071 0.4793 0.3449
vn -0.2269 0.7918 0.5671
vn 0.3724 0.9190 0.1291
vn 0.8098 0.5753 -0.1150
vn 0.9557 0.2752 -0.1043
vn 0.9242 0.2742 -0.2658
vn 0.9604 0.2778 0.0206
vn 0.9565 0.0335 0.2899
vn -0.7757 -0.1306 0.6175
vn -0.5622 0.3903 0.7292
vn -0.3966 0.1506 0.9056
vn -0.7583 -0.2043 0.6190
vn -0.8349 -0.3868 0.3917
vn -0.7385 -0.5007 0.4515
vn -0.7134 -0.4435 0.5425
vn -0.8590 -0.3821 0.3407
vn -0.9668 -0.1310 0.2193
vn -0.9851 -0.1719 0.0003
vn 0.9648 0.1939 -0.1775
vn 0.9919 -0.0422 -0.1202
vn 0.9980 -0.0631 0.0100
vn 0.9797 0.1004 -0.1735
vn 0.8957 0.2593 -0.3612
vn 0.0902 0.8595 -0.5031
vn -0.0101 0.9233 -0.3839
vn -0.0378 0.9019 -0.4302
vn 0.2591 0.8158 -0.5171
vn 0.4637 0.6530 -0.5987
vn 0.3497 0.6971 -0.6259
vn -0.4124 0.4834 -0.7722
vn -0.1013 0.4171 -0.9032
vn -0.2486 0.9050 0.3452
vn -0.1559 0.9298 0.3333
vn -0.2397 0.9509 -0.1957
vn -0.4989 0.8663 0.0237
vn -0.7172 0.5129 0.4718
vn -0.3535 0.4880 0.7981
vn -0.0328 0.4276 0.9034
vn -0.5938 -0.3412 0.7287
vn -0.9505 -0.2749 -0.1449
vn -0.6874 -0.7244 -0.0524
vn -0.4394 -0.6494 0.6206
vn -0.0841 -0.7147 0.6943
vn -0.0824 -0.3593 0.9296
vn -0.2393 -0.9641 0.1151
vn -0.8116 0.5571 -0.1759
vn -0.9850 0.1506 -0.0840
vn -0.6773 0.0147 0.7355
vn -0.4873 0.7396 -0.4643
vn -0.5460 0.3598 -0.7566
vn -0.1990 -0.9040 -0.3783
vn -0.4750 -0.5882 -0.6546
vn -0.2681 -0.5377 -0.7994
vn -0.1852 -0.9020 -0.3900
vn -0.0690 -0.9705 0.2308
vn -0.6276 0.5600 -0.5409
vn -0.2661 0.9055 0.3306
vn -0.0760 0.9452 0.3174
vn -0.0011 0.8876 0.4606
vn -0.2090 0.7900 0.5763
vn -0.0581 0.6892 0.7222
vn -0.1419 0.5836 0.7995
vn -0.1672 0.6325 0.7563
vn -0.2846 0.5614 0.7771
vn -0.3740 0.7200 0.5846
vn -0.4038 0.8580 0.3176
vn -0.4195 0.6237 0.6596
vn -0.0935 0.7254 0.6819
vn -0.0713 0.5598 0.8256
vn -0.2829 0.3783 0.8814
vn -0.6045 0.5923 0.5327
vn -0.1550 0.7994 0.5805
vn -0.0189 0.7599 0.6497
vn 0.0862 0.7167 0.6920
vn -0.3672 -0.1147 -0.9230
vn -0.4603 -0.2673 -0.8466
vn -0.5304 -0.2407 -0.8129
vn -0.3851 -0.0690 -0.9203
vn -0.4799 -0.1406 -0.8660
vn -0.5138 -0.2477 -0.8214
vn -0.4242 -0.0540 -0.9040
vn 0.9599 -0.2656 -0.0896
vn 0.9628 -0.2598 0.0749
vn 0.9783 -0.1641 0.1266
vn 0.9586 -0.2219 -0.1782
vn 0.8786 0.4267 0.2146
vn 0.9582 0.2756 -0.0765
vn 0.9574 0.2886 0.0058
vn 0.7436 0.4960 0.4484
vn 0.9583 0.2778 0.0663
vn 0.7117 0.4473 0.5416
vn 0.4546 0.5571 0.6950
vn 0.5514 0.6553 0.5163
vn 0.7005 0.6308 0.3339
vn 0.7693 0.5414 0.3393
vn 0.6420 0.7304 0.2330
vn -0.1879 0.5234 0.8311
vn -0.2744 0.6172 0.7374
vn -0.1912 0.6889 0.6992
vn -0.0364 0.6970 0.7162
vn -0.4332 0.2321 0.8709
vn -0.5877 0.3345 0.7367
vn -0.3786 0.5127 0.7706
vn -0.2749 0.5748 0.7708
vn 0.0370 0.5597 0.8279
vn -0.1341 0.1475 0.9799
vn 0.0648 0.7802 0.6222
vn -0.9560 0.0463 0.2898
vn -0.9445 0.1431 0.2956
vn -0.8494 0.0600 0.5243
vn -0.9124 -0.0572 0.4053
vn -0.9163 -0.1746 0.3605
vn -0.9544 -0.2966 -0.0334
vn -0.9740 -0.1570 0.1632
vn -0.8036 0.0427 0.5937
vn -0.9869 -0.0607 0.1497
vn -0.9426 -0.0575 0.3290
vn -0.9510 -0.0066 0.3091
vn -0.4756 -0.5010 -0.7230
vn -0.6095 -0.2902 -0.7377
vn -0.7530 -0.3559 -0.5535
vn -0.6384 -0.5522 -0.5362
vn -0.6521 -0.4247 -0.6280
vn -0.5687 -0.4931 -0.6584
vn -0.6019 -0.6438 -0.4724
vn -0.7205 -0.2942 -0.6279
vn -0.5469 -0.3978 -0.7367
vn -0.5706 -0.6413 -0.5129
vn -0.8200 -0.5339 -0.2065
vn -0.8594 0.0192 -0.5109
vn -0.5360 -0.3204 -0.7811
vn -0.3595 -0.4311 -0.8276
vn -0.3618 0.8271 0.4301
vn -0.3202 0.8500 0.4184
vn -0.2786 0.7356 0.6175
vn -0.3541 0.7519 0.5562
vn -0.5564 0.8205 0.1313
vn -0.5396 0.7900 0.2912
vn -0.4306 0.7868 0.4422
vn -0.6670 0.0215 -0.7448
vn -0.4179 0.0136 -0.9084
vn -0.2174 -0.5547 -0.8031
vn -0.2715 -0.4323 -0.8599
vn -0.4033 -0.4314 -0.8070
vn -0.4336 -0.3050 -0.8479
vn -0.4157 -0.2473 -0.8752
vn 0.7196 0.0170 0.6941
vn 0.9112 -0.1167 0.3951
vn 0.8681 -0.2222 0.4438
vn 0.7195 -0.0486 0.6927
vn 0.5957 -0.3962 0.6986
vn 0.5462 -0.2172 0.8090
vn 0.4667 -0.0000 0.8844
vn 0.4925 0.0304 0.8698
vn -0.1705 -0.9437 0.2836
vn -0.2399 -0.9455 0.2200
vn -0.2825 -0.9359 0.2102
vn -0.3453 -0.8928 0.2891
vn -0.1548 -0.8963 0.4156
vn -0.0796 -0.9238 0.3745
vn -0.4879 -0.7892 0.3731
vn -0.6453 -0.6981 0.3103
vn -0.5265 -0.7097 0.4682
vn -0.2688 -0.7367 0.6204
vn -0.8688 -0.2686 0.4159
vn -0.8985 -0.2712 0.3452
vn -0.9454 -0.0729 0.3177
vn -0.7299 -0.3424 0.5916
vn -0.9914 0.0417 0.1238
vn 0.0945 -0.3149 -0.9444
vn 0.2765 -0.3404 -0.8987
vn 0.1642 -0.2019 -0.9656
vn 0.1243 -0.1295 -0.9838
vn -0.1263 -0.0323 -0.9915
vn -0.3325 -0.1641 -0.9287
vn -0.1402 -0.4079 -0.9022
vn 0.0489 0.1050 -0.9933
vn -0.0652 0.9636 0.2591
vn -0.5303 0.7533 0.3889
vn -0.4481 0.5216 0.7260
vn -0.2111 0.7901 0.5755
vn -0.4016 0.8677 0.2929
vn -0.5302 0.8445 -0.0761
vn -0.2275 0.9721 -0.0565
vn -0.1119 0.9843 0.1364
vn -0.0794 0.9964 -0.0289
vn 0.0478 0.9896 -0.1354
vn 0.0946 0.9920 -0.0834
vn 0.1936 0.9697 -0.1487
vn -0.0227 0.9636 0.2663
vn -0.2711 0.8051 0.5275
vn -0.9732 -0.1714 -0.1535
vn -0.9738 0.2167 -0.0694
vn -0.9620 -0.0129 0.2727
vn -0.8855 -0.4381 0.1548
vn -0.9634 -0.1507 -0.2218
vn -0.9338 -0.1676 -0.3161
vn -0.9163 0.2384 -0.3219
vn -0.8358 -0.5373 0.1129
vn -0.9566 -0.2723 -0.1036
vn -0.9648 -0.2294 -0.1284
vn -0.3504 -0.9365 -0.0145
vn -0.2584 -0.9643 -0.0576
vn -0.2753 -0.9609 0.0291
vn -0.3398 -0.9284 -0.1506
vn -0.6287 -0.6913 -0.3563
vn -0.8400 -0.5367 -0.0797
vn -0.5242 -0.7980 0.2975
vn -0.4837 -0.7256 -0.4895
vn 0.6836 0.7208 0.1151
vn 0.8154 0.5782 0.0269
vn 0.8089 0.5877 -0.0181
vn 0.4526 0.8908 -0.0417
vn 0.1472 0.9883 0.0407
vn 0.4624 0.8582 0.2230
vn 0.7753 0.5850 -0.2382
vn 0.4956 0.8230 -0.2776
vn 0.1576 0.9343 -0.3198
vn 0.3575 0.2340 0.9041
vn 0.2877 0.1667 0.9431
vn 0.1107 0.1101 0.9877
vn 0.0806 0.1717 0.9819
vn 0.0995 0.2066 0.9734
vn 0.4721 0.2362 0.8493
vn -0.0147 0.1568 0.9875
vn -0.6887 -0.5637 -0.4560
vn -0.6661 -0.3312 -0.6683
vn -0.3972 -0.1776 -0.9004
vn -0.5387 -0.3860 -0.7488
vn -0.3840 -0.5119 -0.7685
vn -0.3463 -0.6064 -0.7158
vn -0.6550 -0.7544 -0.0430
vn -0.7375 -0.6726 0.0614
vn 0.1312 0.0251 -0.9910
vn 0.0929 -0.1083 -0.9898
vn 0.1254 0.9631 -0.2383
vn 0.2079 0.9303 -0.3023
vn 0.4442 0.8952 -0.0377
vn 0.3958 0.9174 -0.0411
vn 0.6331 -0.7284 -0.2620
vn 0.4151 -0.8738 -0.2532
vn 0.5212 -0.8525 -0.0390
vn 0.7080 -0.6843 -0.1745
vn 0.6124 -0.7784 0.1378
vn 0.7793 -0.6180 -0.1040
vn 0.7131 -0.6670 -0.2158
vn 0.7334 -0.6403 -0.2284
vn 0.7315 -0.5399 -0.4164
vn 0.6265 -0.6315 -0.4568
vn -0.9111 0.2317 -0.3410
vn -0.8711 0.2838 -0.4008
vn -0.9756 0.2000 -0.0902
vn -0.9849 0.1714 0.0222
vn -0.9473 0.2894 0.1372
vn -0.9207 0.2332 -0.3131
vn -0.8075 0.2008 -0.5546
vn -0.7755 -0.1802 0.6051
vn -0.8279 -0.3308 0.4529
vn -0.8285 -0.0636 0.5564
vn -0.7199 0.0997 0.6869
vn -0.7100 0.0513 0.7023
vn -0.8614 -0.2887 0.4179
vn -0.7654 -0.0429 0.6422
vn 0.6365 -0.7305 -0.2474
vn 0.7357 -0.6773 0.0095
vn 0.8080 -0.5857 -0.0638
vn 0.5578 -0.6593 -0.5041
vn -0.7749 0.1756 -0.6072
vn -0.8270 0.3648 -0.4278
vn -0.8382 0.0763 -0.5400
vn -0.7579 -0.1276 -0.6398
vn -0.6975 -0.1754 -0.6948
vn -0.5594 0.3193 -0.7650
vn -0.8831 0.0284 -0.4683
vn -0.7353 0.0946 0.6711
vn -0.8268 0.1305 0.5471
vn -0.7647 0.0101 0.6444
vn -0.7260 0.0162 0.6875
vn -0.8812 -0.1696 0.4414
vn -0.8836 0.0585 0.4646
vn -0.8803 0.2428 0.4076
vn -0.7167 -0.6120 0.3344
vn -0.6859 -0.5675 0.4555
vn -0.8343 -0.5415 0.1035
vn -0.8821 -0.4026 0.2447
vn -0.7301 -0.6614 -0.1720
vn -0.8489 -0.4062 -0.3383
vn -0.8152 -0.3117 -0.4880
vn -0.9213 -0.3224 -0.2175
vn -0.8125 -0.5791 -0.0672
vn -0.1309 0.4173 0.8993
vn -0.1468 0.1355 0.9798
vn -0.2447 0.1534 0.9574
vn -0.2544 0.3527 0.9005
vn 0.0547 0.2206 0.9738
vn 0.0091 0.3520 0.9360
vn -0.3084 0.4478 0.8393
vn -0.2195 0.3868 0.8957
vn 0.0828 0.0759 0.9937
vn 0.1778 0.1976 0.9640
vn 0.9223 0.3800 0.0700
vn 0.9817 0.1904 -0.0031
vn 0.9681 0.2503 0.0112
vn 0.9314 0.3605 0.0495
vn 0.9109 0.4107 0.0394
vn 0.8625 0.4504 0.2308
vn 0.8215 0.5183 0.2376
vn 0.9398 0.3417 -0.0061
vn 0.9107 0.4108 -0.0423
vn 0.9624 0.2718 -0.0008
vn -0.9958 -0.0915 0.0019
vn -0.9435 0.3018 -0.1371
vn -0.7611 -0.2446 -0.6007
vn -0.5441 0.1452 -0.8263
vn -0.8827 0.4436 0.1552
vn -0.9369 0.3406 0.0786
vn -0.9240 -0.3250 -0.2012
vn -0.8414 -0.4887 -0.2304
vn -0.9042 -0.1116 -0.4122
vn -0.9911 0.0527 -0.1219
vn -0.8031 -0.5846 0.1153
vn -0.6247 -0.7547 0.2006
vn -0.8492 -0.4841 -0.2110
vn -0.8686 -0.4918 0.0610
vn 0.5173 -0.2085 -0.8300
vn 0.5688 0.0380 -0.8216
vn 0.3984 0.0244 -0.9169
vn 0.4305 -0.1773 -0.8850
vn 0.5857 -0.1735 -0.7918
vn 0.7043 0.0561 -0.7077
vn 0.4062 -0.3085 -0.8601
vn 0.2842 -0.4245 -0.8597
vn 0.5027 -0.4490 -0.7387
vn 0.5353 -0.4445 -0.7183
vn 0.6273 -0.3881 -0.6752
vn 0.9163 0.3683 0.1571
vn 0.6650 0.5866 -0.4623
vn 0.9673 0.1768 -0.1818
vn 0.9562 0.0935 0.2775
vn 0.9562 0.2142 0.1997
vn 0.8527 0.5204 -0.0456
vn 0.7661 0.6069 0.2115
vn 0.9365 0.0481 0.3474
vn 0.2418 0.0234 -0.9701
vn 0.1790 0.1993 -0.9634
vn 0.0387 -0.2250 -0.9736
vn 0.1235 -0.4924 -0.8616
vn 0.2628 -0.5752 -0.7746
vn 0.3604 -0.0712 -0.9301
vn 0.0504 -0.6378 -0.7685
vn 0.0926 -0.7867 -0.6104
vn -0.0637 -0.3530 -0.9334
vn -0.0408 -0.4142 -0.9093
vn -0.1297 -0.3641 -0.9223
vn 0.1458 -0.2890 -0.9461
vn 0.1292 -0.5139 -0.8480
vn 0.7243 -0.2851 -0.6278
vn 0.5111 -0.1610 -0.8443
vn 0.2609 -0.0158 -0.9652
vn -0.1483 -0.0867 -0.9851
vn -0.1564 -0.0046 -0.9877
vn -0.1451 -0.1430 -0.9790
vn -0.1239 -0.1885 -0.9742
vn -0.1043 -0.1328 -0.9856
vn 0.9308 -0.0939 0.3534
vn 0.9033 -0.0955 0.4181
vn 0.9177 -0.1084 0.3823
vn 0.9905 0.0582 0.1247
vn -0.9703 -0.2224 -0.0951
vn -0.9523 0.1087 0.2852
vn -0.9785 -0.2062 -0.0113
vn -0.9216 -0.2918 -0.2561
vn -0.8357 -0.4069 -0.3687
vn -0.9696 -0.2289 -0.0867
vn -0.9158 -0.2971 -0.2704
vn -0.8094 -0.4813 -0.3364
vn 0.6359 0.3785 -0.6726
vn 0.7361 0.4199 -0.5309
vn 0.7311 0.4197 -0.5379
vn 0.6081 0.4711 -0.6390
vn 0.7649 0.3930 -0.5103
vn 0.6955 0.4348 -0.5720
vn 0.4566 0.5262 -0.7174
vn 0.4757 0.3272 -0.8165
vn 0.7162 0.4345 -0.5461
vn 0.6114 0.5772 -0.5413
vn 0.4461 0.7057 -0.5504
vn -0.9352 -0.2070 -0.2875
vn -0.9375 0.2716 0.2173
vn -0.8570 -0.3348 0.3917
vn -0.8822 -0.4547 0.1224
vn -0.4995 0.8488 0.1732
vn -0.5033 0.8455 0.1781
vn -0.5754 0.8164 0.0500
vn -0.6153 0.7842 0.0800
vn -0.7146 0.5677 0.4087
vn -0.4807 0.6914 0.5393
vn -0.4104 0.7053 0.5780
vn 0.0525 0.0738 0.9959
vn 0.0078 0.3762 0.9265
vn 0.0286 0.3374 0.9409
vn 0.1602 0.0460 0.9860
vn -0.0162 0.4336 0.9010
vn 0.3077 0.1199 0.9439
vn -0.2341 0.1560 0.9596
vn -0.2099 0.2753 0.9382
vn -0.8289 0.5581 0.0368
vn -0.8859 0.4208 0.1953
vn -0.8930 0.4329 -0.1227
vn -0.7985 0.5847 -0.1432
vn -0.7680 0.6242 -0.1434
vn -0.8396 0.5391 -0.0667
vn -0.8534 0.5021 0.1399
vn -0.8154 0.4346 0.3824
vn -0.7799 0.6246 -0.0408
vn 0.7555 -0.2875 -0.5887
vn 0.8572 -0.2600 -0.4446
vn 0.8689 -0.1767 -0.4624
vn 0.8052 0.1164 -0.5814
vn 0.8503 -0.3507 -0.3925
vn 0.9015 -0.1271 -0.4137
vn 0.6692 0.2697 -0.6924
vn 0.6711 -0.3581 -0.6491
vn 0.7044 0.1557 -0.6925
vn 0.5843 0.6653 -0.4647
vn 0.8205 0.1775 -0.5434
vn 0.9721 -0.1713 0.1604
vn 0.9369 -0.1894 0.2938
vn 0.9384 -0.2399 0.2485
vn 0.9764 -0.2145 -0.0265
vn 0.9958 0.0209 0.0888
vn 0.9436 -0.1035 0.3146
vn 0.9910 -0.0355 -0.1289
vn -0.8546 0.5126 0.0823
vn 0.2440 0.8121 -0.5300
vn 0.2103 0.7650 -0.6087
vn 0.2944 0.7120 -0.6375
vn 0.3675 0.7523 -0.5468
vn 0.4276 0.7996 -0.4216
vn 0.5072 0.7348 -0.4503
vn 0.4285 0.7710 -0.4711
vn 0.0953 0.0344 -0.9948
vn -0.0489 -0.2010 -0.9784
vn 0.0727 0.1914 -0.9788
vn 0.2997 0.4365 -0.8483
vn 0.2274 0.1623 -0.9602
vn -0.0946 0.0156 -0.9954
vn 0.3091 0.5288 -0.7905
vn 0.3717 0.3843 -0.8451
vn 0.4218 0.2442 -0.8732
vn -0.5114 0.2216 0.8303
vn -0.5060 0.2139 0.8356
vn -0.5535 0.2090 0.8062
vn -0.4065 0.1700 0.8977
vn -0.6586 0.1627 0.7347
vn -0.5564 0.2408 0.7953
vn -0.7558 0.3695 0.5405
vn -0.8815 0.4714 0.0262
vn -0.8861 0.4628 -0.0249
vn -0.9091 0.3265 0.2588
vn -0.9041 0.4043 0.1387
vn -0.8886 0.3961 0.2314
vn -0.9018 0.2678 0.3391
vn -0.8856 0.0386 0.4629
vn -0.8276 0.4507 0.3345
vn -0.9589 0.0006 0.2839
vn -0.8517 -0.4068 0.3302
vn -0.8790 -0.1650 0.4473
vn -0.7346 0.6274 -0.2585
vn -0.9958 -0.0857 0.0314
vn -0.8022 0.5842 0.1233
vn -0.2856 0.9526 -0.1043
vn -0.0770 0.9589 -0.2730
vn -0.7237 0.4198 -0.5478
vn -0.8629 -0.4925 -0.1135
vn 0.4267 0.1016 -0.8987
vn 0.3425 0.2922 -0.8929
vn 0.5052 0.4185 -0.7548
vn 0.4894 0.1337 -0.8617
vn 0.2028 -0.1913 -0.9603
vn 0.0058 -0.0188 -0.9998
vn 0.3363 -0.3524 -0.8734
vn -0.2874 -0.5913 -0.7535
vn -0.0859 -0.7251 -0.6832
vn -0.5445 -0.5994 -0.5867
vn -0.1740 0.1066 -0.9790
vn -0.4058 -0.8732 -0.2698
vn 0.9092 0.3845 0.1597
vn 0.8831 0.3663 0.2931
vn 0.8183 0.5731 0.0439
vn 0.8405 0.5418 -0.0022
vn 0.8542 0.4946 -0.1605
vn 0.9240 0.3768 -0.0655
vn 0.9284 0.3608 0.0889
vn -0.9120 0.3778 -0.1599
vn -0.9217 0.2892 -0.2584
vn -0.8520 0.1960 -0.4855
vn -0.8973 0.3697 -0.2411
vn -0.8546 0.4589 0.2428
vn -0.8475 0.4908 0.2020
vn -0.9438 0.2372 -0.2302
vn -0.8948 0.4458 -0.0262
vn -0.9536 0.1902 -0.2335
vn -0.9697 0.0141 -0.2439
vn -0.8927 -0.3035 -0.3332
vn 0.2400 0.2825 0.9288
vn 0.1169 0.6923 0.7121
vn -0.4381 0.8473 0.3002
vn -0.2848 0.5786 0.7643
vn -0.9356 0.2835 -0.2104
vn 0.9325 0.3571 -0.0535
vn 0.5758 0.5782 -0.5781
vn 0.0712 0.9663 -0.2474
vn 0.3514 0.9201 0.1732
vn -0.3313 0.8276 -0.4531
vn -0.3392 0.9189 -0.2012
vn -0.0371 0.6401 -0.7674
vn 0.8466 -0.3295 0.4180
vn 0.8018 -0.1809 0.5696
vn 0.6779 -0.2817 0.6791
vn 0.8017 -0.3733 0.4669
vn 0.9398 -0.3248 0.1062
vn 0.9019 0.1435 0.4074
vn 0.8962 -0.4435 0.0153
vn 0.6146 0.0247 -0.7885
vn 0.2285 0.2267 -0.9468
vn 0.5570 -0.2206 -0.8007
vn 0.1847 0.1182 -0.9757
vn -0.2872 0.5334 -0.7956
vn -0.0398 -0.9193 -0.3916
vn -0.0613 -0.8832 -0.4650
vn -0.0147 -0.9619 -0.2731
vn 0.0134 -0.9716 -0.2363
vn 0.5962 0.2228 -0.7713
vn 0.7444 0.0108 -0.6676
vn 0.5714 -0.1002 -0.8145
vn 0.4464 0.0687 -0.8922
vn 0.5809 0.2982 -0.7574
vn 0.5774 0.1462 -0.8033
vn 0.4845 -0.0782 -0.8713
vn -0.2799 -0.7120 -0.6439
vn -0.7222 -0.3799 -0.5780
vn -0.6513 -0.2463 -0.7177
vn -0.4180 -0.3811 -0.8246
vn -0.2689 -0.3727 -0.8881
vn -0.1842 -0.6899 -0.7001
vn -0.0461 -0.9349 -0.3520
vn -0.6144 0.7810 0.1119
vn -0.6219 0.7562 0.2033
vn -0.3438 0.9390 -0.0102
vn -0.3709 0.9264 0.0659
vn -0.1309 0.9814 -0.1405
vn -0.1655 0.9770 0.1346
vn -0.3763 0.8500 0.3687
vn -0.5089 0.8423 0.1778
vn -0.6339 0.7690 -0.0827
vn -0.7191 0.6942 -0.0307
vn -0.6827 0.7235 -0.1022
vn 0.8980 -0.3196 0.3023
vn 0.9173 -0.3588 0.1727
vn 0.9974 -0.0210 0.0694
vn 0.9614 -0.0244 0.2742
vn 0.9458 -0.2972 0.1307
vn 0.8929 0.0010 0.4503
vn 0.7958 -0.2352 0.5580
vn -0.8584 0.4723 0.2003
vn -0.7808 0.6101 -0.1349
vn -0.9128 0.3909 0.1183
vn -0.8972 0.1805 0.4031
vn -0.8664 0.1522 0.4756
vn -0.9490 0.2263 0.2196
vn -0.8846 0.1856 0.4278
vn -0.8365 0.0876 0.5409
vn -0.8178 0.1551 0.5542
vn -0.7895 -0.0061 0.6137
vn -0.7715 0.1310 0.6225
vn 0.8639 0.4978 -0.0773
vn 0.8504 0.5028 -0.1551
vn 0.6464 0.6999 -0.3039
vn 0.8671 0.4895 -0.0924
vn 0.9240 0.1153 0.3647
vn -0.4357 0.8933 -0.1099
vn 0.0263 0.9857 0.1667
vn -0.3418 0.8968 0.2809
vn -0.5569 0.8097 0.1853
vn -0.4681 0.7439 0.4770
vn -0.6705 0.6945 0.2608
vn -0.5687 0.7818 0.2555
vn -0.6786 0.7305 0.0767
vn -0.5246 0.7978 -0.2971
vn -0.1808 0.7150 -0.6753
vn 0.0784 0.8753 -0.4771
vn 0.3522 0.9355 -0.0266
vn 0.9273 -0.3300 0.1770
vn 0.9539 0.0684 0.2921
vn 0.9586 0.2546 -0.1275
vn 0.9621 -0.2672 -0.0544
vn 0.8801 -0.3680 0.3000
vn 0.8259 -0.2094 0.5235
vn 0.7589 -0.6450 0.0897
vn 0.6137 -0.7895 -0.0107
vn 0.7924 -0.6088 0.0394
vn 0.7963 -0.6031 0.0465
vn -0.5289 -0.1559 -0.8343
vn -0.4662 -0.1449 -0.8727
vn -0.4171 -0.1574 -0.8951
vn -0.5026 -0.2058 -0.8397
vn -0.6952 -0.1170 -0.7092
vn -0.6630 -0.0259 -0.7482
vn -0.6898 -0.2541 -0.6780
vn 0.9768 -0.1773 -0.1204
vn 0.8543 -0.5054 0.1219
vn 0.8469 -0.5131 -0.1394
vn 0.9704 -0.1661 -0.1754
vn 0.8901 0.2516 -0.3800
vn 0.7937 0.0660 -0.6047
vn 0.9186 -0.0885 -0.3852
vn 0.9418 0.3069 -0.1370
vn 0.3696 -0.9291 -0.0132
vn 0.5287 -0.8387 0.1310
vn 0.3090 -0.9199 0.2413
vn 0.2086 -0.9545 0.2130
vn 0.3076 -0.8508 -0.4261
vn 0.4512 -0.8096 -0.3754
vn -0.1600 -0.7028 0.6932
vn -0.3438 -0.8585 0.3804
vn -0.0780 -0.9205 0.3829
vn -0.1347 -0.7388 0.6604
vn 0.8378 -0.4905 0.2396
vn 0.8241 -0.5641 0.0515
vn 0.7844 -0.6121 -0.1001
vn 0.7994 -0.5589 -0.2205
vn 0.0120 -0.6625 -0.7490
vn -0.2834 -0.4516 -0.8460
vn -0.2398 -0.4119 -0.8791
vn 0.0036 -0.5711 -0.8209
vn -0.0833 -0.5071 -0.8578
vn 0.1310 -0.6101 -0.7814
vn 0.2489 -0.7066 -0.6624
vn -0.1797 0.9784 0.1026
vn 0.1806 0.9743 0.1345
vn 0.0572 0.9813 0.1838
vn -0.1417 0.9890 -0.0431
vn -0.1745 0.9843 0.0260
vn -0.3440 0.9311 0.1216
vn -0.0541 0.8628 -0.5027
vn -0.0704 0.9388 -0.3373
vn -0.1770 0.9836 0.0357
vn -0.3206 0.8558 -0.4060
vn 0.6261 0.3424 0.7006
vn -0.0717 0.9785 0.1933
vn 0.2654 0.8463 0.4619
vn 0.6792 0.3976 0.6169
vn 0.4444 0.6025 0.6629
vn -0.0621 0.9471 0.3150
vn -0.3695 0.9045 -0.2128
vn 0.0207 0.9997 0.0159
vn -0.1073 0.9758 -0.1904
vn -0.5186 0.5986 -0.6105
vn -0.4060 0.6720 -0.6194
vn -0.3352 0.9117 -0.2376
vn 0.5667 0.6422 0.5162
vn 0.6481 0.1404 0.7485
vn 0.2050 0.3010 -0.9313
vn 0.3637 0.4636 -0.8080
vn 0.3008 0.5408 -0.7855
vn -0.0567 0.5643 -0.8236
vn 0.6635 0.2118 -0.7176
vn 0.1340 -0.1732 -0.9757
vn -0.3292 0.2462 -0.9116
vn 0.7889 -0.6145 0.0013
vn 0.7670 -0.6413 0.0210
vn 0.7083 -0.7049 0.0392
vn 0.8180 -0.5616 0.1248
vn 0.8721 -0.4822 0.0826
vn 0.7817 -0.5359 -0.3189
vn 0.9243 -0.2585 -0.2807
vn 0.9024 -0.3285 0.2789
vn 0.9476 -0.1532 0.2802
vn -0.3758 -0.4401 -0.8155
vn 0.2148 -0.8770 -0.4298
vn 0.6715 -0.6475 0.3603
vn 0.9011 0.1756 0.3965
vn 0.7832 0.6217 -0.0106
vn 0.5341 0.7418 0.4056
vn 0.7334 0.1451 0.6641
vn 0.6249 -0.5920 0.5089
vn 0.8933 -0.4495 0.0057
vn 0.7968 0.1795 -0.5769
vn -0.4309 0.0181 -0.9022
vn -0.6015 0.0411 -0.7978
vn -0.3858 0.6915 -0.6108
vn -0.0527 0.4995 -0.8647
vn 0.3462 -0.2689 -0.8988
vn -0.1562 -0.4943 -0.8552
vn -0.4668 -0.5636 -0.6815
vn 0.3874 0.9216 -0.0221
vn 0.3494 0.9275 0.1332
vn 0.3293 0.7537 -0.5688
vn 0.0486 0.9786 -0.2002
vn 0.4974 -0.7905 -0.3574
vn 0.0201 -0.9014 -0.4325
vn -0.1127 -0.9308 -0.3478
vn 0.3230 -0.9404 0.1069
vn 0.3471 0.7236 -0.5966
vn 0.4480 0.6975 -0.5593
vn 0.3608 0.8099 -0.4624
vn 0.1668 0.7523 -0.6374
vn 0.0752 0.7168 -0.6932
vn 0.0725 0.7968 -0.5998
vn 0.2412 0.6608 -0.7107
vn 0.0038 0.5856 -0.8106
vn -0.0124 0.5475 -0.8367
vn -0.1362 -0.8603 0.4913
vn -0.1753 -0.7887 0.5892
vn -0.0559 -0.7616 0.6457
vn -0.0561 -0.8411 0.5380
vn -0.3651 -0.8362 0.4092
vn -0.3597 -0.7863 0.5024
vn -0.3328 -0.7870 0.5195
vn 0.9734 -0.0865 -0.2119
vn 0.9890 0.0409 -0.1419
vn 0.9891 -0.1104 0.0974
vn 0.9678 -0.2301 -0.1025
vn 0.8992 -0.0681 -0.4321
vn 0.9079 0.1585 -0.3880
vn 0.8884 -0.2685 -0.3724
vn -0.6471 -0.0701 -0.7591
vn -0.6999 0.0662 -0.7111
vn -0.4206 0.3280 -0.8459
vn -0.3172 0.0646 -0.9462
vn -0.6767 -0.2166 -0.7037
vn -0.7866 -0.0972 -0.6097
vn -0.3888 -0.1924 -0.9010
vn 0.6385 -0.5858 -0.4992
vn 0.7229 -0.6733 -0.1549
vn 0.1213 -0.9873 0.1030
vn 0.2952 -0.8056 -0.5137
vn 0.7145 -0.2626 -0.6485
vn 0.4645 -0.3122 -0.8287
vn 0.5137 0.0065 -0.8580
vn 0.7416 -0.0166 -0.6706
vn -0.1083 -0.9043 -0.4128
vn 0.1896 -0.3887 -0.9017
vn 0.2933 -0.0025 -0.9560
vn 0.2830 0.2587 -0.9236
vn 0.5104 0.2732 -0.8154
vn -0.1707 -0.4860 -0.8571
vn 0.0282 -0.0734 -0.9969
vn 0.0532 0.2082 -0.9766
vn -0.1024 0.4772 -0.8728
vn 0.1804 0.5470 -0.8175
vn 0.0768 0.7472 -0.6601
vn 0.3883 0.7653 -0.5134
vn 0.4545 0.5699 -0.6846
vn -0.2430 0.6534 -0.7169
vn -0.1846 0.6351 -0.7500
vn 0.0889 0.7075 -0.7011
vn -0.4779 0.5119 -0.7138
vn -0.4386 0.5200 -0.7329
vn -0.3715 0.4316 -0.8220
vn -0.0542 0.5589 -0.8275
vn -0.6784 0.3013 -0.6700
vn -0.6309 0.4033 -0.6628
vn -0.6924 0.2470 -0.6779
vn -0.7310 0.1409 -0.6677
vn -0.3141 0.4274 -0.8478
vn -0.7743 0.2663 -0.5740
vn -0.8094 0.1904 -0.5556
vn -0.8517 0.0153 -0.5238
vn -0.9134 0.1955 -0.3571
vn -0.7478 0.3963 -0.5327
vn -0.9569 -0.0405 -0.2875
vn -0.9519 -0.1824 -0.2461
vn -0.9909 -0.1236 0.0530
vn -0.9290 -0.1653 0.3311
vn -0.9229 0.3456 -0.1696
vn -0.8158 -0.4965 0.2966
vn -0.7328 -0.4122 0.5414
vn -0.6639 -0.4538 0.5944
vn -0.7003 -0.5611 0.4413
vn -0.9091 -0.2910 0.2982
vn -0.5402 -0.4816 0.6901
vn -0.6037 -0.5074 0.6149
vn -0.6552 -0.5972 0.4626
vn -0.6470 -0.6654 0.3722
vn -0.7730 -0.5386 0.3352
vn -0.5353 -0.5771 0.6168
vn -0.5831 -0.6416 0.4984
vn -0.6120 -0.6962 0.3751
vn -0.6737 -0.7308 0.1098
vn -0.7192 -0.6813 0.1364
vn -0.4906 -0.6998 0.5193
vn -0.5706 -0.7383 0.3596
vn -0.6391 -0.7640 0.0883
vn -0.6049 -0.7905 -0.0962
vn -0.6627 -0.7379 -0.1281
vn -0.4834 -0.7989 0.3579
vn -0.4855 -0.8683 0.1021
vn -0.4656 -0.8829 -0.0615
vn -0.4121 -0.8985 -0.1510
vn -0.5082 -0.8376 -0.2005
vn -0.3177 -0.9406 0.1194
vn -0.3076 -0.9503 -0.0484
vn -0.2749 -0.9555 -0.1072
vn -0.1623 -0.9376 -0.3075
vn -0.2821 -0.8852 -0.3699
vn 0.0389 -0.9982 -0.0446
vn -0.0082 -0.9970 -0.0766
vn 0.0184 -0.9682 -0.2494
vn 0.1195 -0.8942 -0.4313
vn -0.0318 -0.8683 -0.4951
vn 0.3611 -0.9298 -0.0714
vn 0.3029 -0.9300 -0.2080
vn 0.3432 -0.8695 -0.3551
vn 0.4228 -0.7833 -0.4557
vn 0.2271 -0.8097 -0.5411
vn 0.7300 -0.6655 -0.1556
vn 0.6795 -0.6837 -0.2660
vn 0.6598 -0.6647 -0.3505
vn 0.6713 -0.6241 -0.3998
vn 0.5274 -0.6865 -0.5005
vn 0.9398 -0.3000 -0.1637
vn 0.9042 -0.3711 -0.2116
vn 0.8796 -0.4007 -0.2563
vn 0.8634 -0.4350 -0.2557
vn 0.7361 -0.5672 -0.3693
vn 0.9991 0.0168 -0.0393
vn 0.9982 -0.0213 -0.0570
vn 0.9952 -0.0756 -0.0618
vn 0.9832 -0.1269 -0.1315
vn 0.8486 -0.4537 -0.2721
vn 0.9229 0.3605 0.1349
vn 0.9399 0.3218 0.1139
vn 0.9557 0.2923 0.0339
vn 0.7267 0.6363 0.2590
vn 0.7376 0.6447 0.2008
vn 0.7856 0.6111 -0.0974
vn 0.7664 0.4075 -0.4966
vn 0.5256 0.8063 0.2714
vn 0.5795 0.8084 -0.1031
vn 0.5108 0.6138 -0.6019
vn 0.3244 0.4366 -0.8391
vn 0.6597 0.1626 -0.7337
vn 0.0867 0.2570 -0.9625
vn 0.5111 -0.0450 -0.8583
vn 0.6878 -0.1623 -0.7075
vn 0.3075 -0.1461 -0.9402
vn 0.5352 -0.2703 -0.8003
vn 0.7484 -0.3175 -0.5824
vn 0.8205 -0.2256 -0.5252
vn 0.9776 -0.1955 -0.0783
vn 0.9674 -0.2520 -0.0249
vn 0.9249 -0.3544 0.1375
vn 0.8618 -0.3961 0.3170
vn 0.7761 -0.1308 0.6169
vn 0.6191 -0.4276 0.6587
vn 0.5987 -0.4037 0.6918
vn 0.6996 -0.2273 0.6774
vn 0.8004 -0.4026 0.4441
vn 0.3806 -0.3544 0.8542
vn 0.4318 -0.3422 0.8346
vn 0.5756 -0.0781 0.8140
vn 0.6692 0.1148 0.7342
vn 0.7798 -0.0944 0.6189
vn 0.2664 -0.2800 0.9223
vn 0.3940 0.0323 0.9186
vn 0.4934 0.3321 0.8039
vn 0.5817 0.4467 0.6798
vn 0.7186 0.1360 0.6820
vn 0.1710 0.1363 0.9758
vn 0.3731 0.4338 0.8201
vn 0.5194 0.5489 0.6550
vn 0.7089 0.6512 0.2709
vn 0.8449 0.4206 0.3305
vn 0.1677 0.6408 0.7492
vn 0.3117 0.7019 0.6405
vn 0.3702 0.8905 0.2644
vn 0.3462 0.8969 -0.2753
vn 0.7681 0.6001 -0.2234
vn -0.0456 0.7894 0.6122
vn 0.0214 0.9667 0.2551
vn 0.0585 0.9657 -0.2528
vn 0.0874 0.9448 -0.3157
vn 0.4007 0.8483 -0.3460
vn -0.1442 0.9689 0.2011
vn -0.0529 0.9779 -0.2023
vn -0.0876 0.9574 -0.2752
vn -0.0261 0.9684 -0.2482
vn 0.2052 0.9435 -0.2602
vn -0.2059 0.9579 -0.2001
vn -0.2157 0.9569 -0.1947
vn -0.1398 0.9452 -0.2949
vn 0.1020 0.9423 -0.3188
vn -0.4594 0.8882 -0.0093
vn -0.4972 0.8669 -0.0366
vn -0.4754 0.8593 -0.1887
vn -0.3966 0.8343 -0.3829
vn -0.0169 0.8879 -0.4598
vn -0.7103 0.6905 0.1370
vn -0.7536 0.6571 -0.0155
vn -0.7558 0.6225 -0.2029
vn -0.7227 0.5928 -0.3554
vn -0.3287 0.7975 -0.5059
vn -0.9066 0.3820 0.1792
vn -0.9250 0.3781 -0.0366
vn -0.8917 0.3770 -0.2504
vn -0.6833 0.2653 -0.6803
vn -0.5932 0.4338 -0.6782
vn -0.9673 0.2533 -0.0118
vn -0.9197 0.2769 -0.2782
vn -0.6822 0.1012 -0.7242
vn -0.3798 -0.0582 -0.9232
vn -0.3343 0.1393 -0.9321
vn -0.9344 0.2050 -0.2913
vn -0.7737 -0.0938 -0.6266
vn -0.4770 -0.3362 -0.8121
vn -0.4715 -0.3619 -0.8041
vn -0.2934 -0.0640 -0.9538
vn -0.8449 -0.3205 -0.4283
vn -0.4890 -0.5256 -0.6962
vn -0.5221 -0.4586 -0.7191
vn -0.6894 -0.3717 -0.6217
vn -0.5520 -0.2851 -0.7836
vn -0.5117 -0.6919 -0.5094
vn -0.5827 -0.6231 -0.5218
vn -0.7806 -0.4757 -0.4054
vn -0.5765 -0.6447 -0.5021
vn -0.6101 -0.7417 -0.2788
vn -0.7363 -0.6694 -0.0987
vn -0.6757 -0.5525 -0.4881
vn -0.6944 -0.6900 -0.2043
vn -0.7965 -0.5683 -0.2066
vn -0.7701 -0.6371 -0.0326
vn -0.7534 -0.6488 0.1072
vn -0.8297 -0.5394 0.1436
vn -0.7838 -0.5864 0.2046
vn -0.6942 -0.6512 0.3069
vn -0.6220 -0.7038 0.3432
vn -0.7124 -0.6935 0.1080
vn -0.8701 -0.4927 0.0160
vn -0.6908 -0.6215 0.3696
vn -0.6639 -0.6944 0.2775
vn -0.6811 -0.7316 0.0309
vn -0.5515 -0.7647 0.3334
vn -0.4955 -0.8637 0.0920
vn -0.4974 -0.8672 0.0232
vn -0.6971 -0.7025 -0.1432
vn -0.7546 -0.6359 -0.1622
vn -0.7116 -0.6985 -0.0760
vn -0.7912 -0.5622 -0.2408
vn -0.8745 -0.3346 -0.3510
vn -0.8385 -0.5071 -0.1991
vn -0.8620 0.1919 -0.4691
vn -0.8284 -0.0118 -0.5601
vn -0.5905 0.4385 -0.6775
vn -0.5841 0.4455 -0.6785
vn -0.6845 0.5683 -0.4566
vn -0.8253 0.0452 -0.5629
vn -0.8276 0.3941 -0.3997
vn -0.8622 0.4597 -0.2128
vn -0.9321 0.0526 -0.3583
vn -0.8902 0.3923 -0.2318
vn -0.8009 0.5967 -0.0499
vn -0.7185 0.6178 0.3195
vn -0.6022 0.7276 -0.3286
vn -0.1770 0.9428 -0.2826
vn -0.0799 0.9682 -0.2372
vn -0.1323 0.9884 -0.0744
vn 0.0807 0.9890 -0.1240
vn 0.0361 0.9993 0.0102
vn 0.2951 0.9550 0.0288
vn 0.3404 0.9249 0.1695
vn 0.4752 0.8646 0.1632
vn 0.4931 0.8417 0.2201
vn 0.5770 0.7749 0.2581
vn 0.7131 0.6711 0.2028
vn 0.6296 0.6838 0.3689
vn 0.6445 0.6732 0.3626
vn 0.7180 0.6035 0.3467
vn 0.7665 0.5262 0.3684
vn 0.8049 0.5732 0.1536
vn 0.6477 0.3575 0.6728
vn 0.6342 0.4341 0.6398
vn 0.6678 0.4073 0.6230
vn 0.6612 0.3628 0.6566
vn 0.7972 0.4437 0.4093
vn 0.4468 0.2765 0.8508
vn 0.4948 0.2463 0.8334
vn 0.4465 0.2481 0.8597
vn 0.3174 0.4306 0.8449
vn 0.5893 0.4615 0.6632
vn 0.2126 0.0162 0.9770
vn 0.1447 0.0810 0.9862
vn -0.0153 0.3298 0.9439
vn -0.1840 0.6577 0.7305
vn 0.1925 0.7081 0.6794
vn -0.1502 -0.0909 0.9845
vn -0.3285 0.1701 0.9290
vn -0.5003 0.5178 0.6940
vn -0.5168 0.7178 0.4666
vn -0.2560 0.8156 0.5188
vn -0.6127 -0.0018 0.7903
vn -0.7164 0.3871 0.5805
vn -0.6448 0.6632 0.3800
vn -0.8907 0.2667 0.3683
vn -0.7999 0.5759 0.1687
vn -0.7311 0.6809 0.0426
vn -0.7916 0.6018 -0.1062
vn -0.9240 0.3766 -0.0662
vn -0.8355 0.4781 -0.2707
vn -0.9720 0.1453 0.1845
vn -0.9683 0.0803 0.2366
vn -0.8225 -0.1018 0.5596
vn -0.7354 0.0485 0.6759
vn -0.8995 0.1489 0.4108
vn -0.8627 -0.1883 0.4694
vn -0.8110 -0.1295 0.5705
vn -0.5112 -0.4697 0.7198
vn -0.4955 -0.5312 0.6872
vn -0.4369 -0.4189 0.7961
vn -0.1936 -0.6118 0.7670
vn -0.2927 -0.5133 0.8067
vn -0.4073 -0.2743 0.8711
vn -0.1928 -0.6743 0.7128
vn -0.2222 -0.6641 0.7138
vn -0.3368 -0.6523 0.6790
vn -0.2297 -0.5799 0.7816
vn -0.1251 -0.5660 0.8148
vn -0.2429 -0.3865 0.8897
vn -0.0789 -0.4161 0.9059
vn 0.2022 -0.4946 0.8453
vn 0.0264 -0.6519 0.7578
vn 0.4227 -0.5772 0.6987
vn 0.1912 -0.7652 0.6147
vn 0.4806 -0.6479 0.5910
vn 0.2289 -0.8173 0.5288
vn 0.4325 -0.6692 0.6042
vn 0.1220 -0.8212 0.5574
vn -0.1586 -0.8653 0.4755
vn -0.1662 -0.6594 0.7332
vn -0.3430 -0.7019 0.6243
vn -0.4033 -0.7047 0.5838
vn -0.2559 -0.8576 0.4461
vn -0.4524 -0.7124 0.5365
vn -0.3427 -0.8515 0.3968
vn -0.5809 -0.7187 0.3823
vn -0.5503 -0.8130 0.1903
vn -0.7448 -0.6619 0.0850
vn -0.6072 -0.5865 0.5360
vn -0.8130 -0.5474 0.1986
vn -0.8979 -0.2466 -0.3646
vn -0.8537 -0.4518 -0.2590
vn -0.6218 0.2254 -0.7501
vn -0.8082 -0.0096 -0.5888
vn -0.4868 0.2581 -0.8345
vn -0.5793 0.1428 -0.8025
vn -0.4859 0.3558 -0.7983
vn -0.7904 -0.1849 -0.5840
vn -0.6528 0.1158 -0.7487
vn -0.8472 -0.3426 -0.4061
vn -0.8076 -0.2982 -0.5088
vn -0.6463 0.0337 -0.7624
vn -0.7609 -0.2540 -0.5972
vn -0.8636 -0.2219 -0.4527
vn -0.0225 0.4927 -0.8699
vn -0.4264 0.3382 -0.8390
vn -0.0251 0.5755 -0.8174
vn 0.1525 0.5840 -0.7973
vn 0.4073 0.5610 -0.7206
vn 0.2966 0.5265 -0.7968
vn 0.4916 0.5008 -0.7125
vn 0.4518 0.5028 -0.7370
vn 0.4852 0.5028 -0.7154
vn 0.3392 0.7325 -0.5902
vn 0.2425 0.8909 -0.3841
vn 0.7201 0.5308 -0.4470
vn 0.6112 0.7322 -0.3007
vn 0.4657 0.8732 -0.1438
vn 0.3409 0.9383 -0.0580
vn 0.1735 0.9536 -0.2462
vn 0.7510 0.6590 0.0422
vn 0.5797 0.8055 0.1228
vn 0.4913 0.8568 0.1566
vn 0.6326 0.6772 0.3757
vn 0.6435 0.6659 0.3774
vn 0.6572 0.6583 0.3671
vn 0.7603 0.3539 0.5447
vn 0.7890 0.2422 0.5647
vn 0.7292 0.2366 0.6421
vn 0.7885 -0.1212 0.6029
vn 0.6700 -0.0939 0.7364
vn 0.5091 0.1056 0.8542
vn 0.6375 -0.1638 0.7528
vn 0.3889 -0.0143 0.9212
vn 0.2176 0.0483 0.9748
vn 0.2673 -0.3011 0.9154
vn 0.0027 -0.2387 0.9711
vn -0.0794 -0.1949 0.9776
vn -0.3969 -0.2963 0.8687
vn 0.5562 -0.3691 0.7446
vn 0.7665 -0.2457 0.5934
vn 0.6667 -0.4310 0.6080
vn 0.7668 -0.2226 0.6020
vn 0.6541 -0.4430 0.6131
vn 0.6005 -0.0123 0.7995
vn 0.4811 -0.2226 0.8479
vn 0.1932 -0.4649 0.8640
vn 0.2814 0.0064 0.9596
vn -0.0343 -0.2291 0.9728
vn -0.3446 -0.4359 0.8314
vn -0.0011 -0.2312 0.9729
vn -0.3095 -0.4071 0.8594
vn -0.4469 -0.4717 0.7601
vn -0.4524 -0.5124 0.7299
vn -0.5179 -0.4960 0.6970
vn -0.4965 -0.5460 0.6748
vn -0.5215 -0.4991 0.6920
vn -0.5147 -0.5622 0.6474
vn -0.6048 -0.5118 0.6102
vn -0.5007 -0.5680 0.6532
vn -0.6091 -0.5548 0.5667
vn -0.9211 -0.3893 0.0020
vn -0.8884 -0.4297 0.1616
vn -0.7043 0.0614 -0.7073
vn -0.8666 -0.4639 -0.1836
vn -0.6728 -0.0201 -0.7395
vn -0.6252 -0.0834 -0.7760
vn -0.5320 0.1559 -0.8323
vn -0.7173 -0.3587 -0.5973
vn -0.7278 -0.0907 -0.6797
vn -0.7370 -0.4026 -0.5429
vn -0.8451 -0.3118 -0.4342
vn -0.6208 -0.0071 -0.7839
vn -0.8286 -0.1835 -0.5289
vn -0.2640 0.4681 -0.8434
vn -0.4620 0.1143 -0.8795
vn -0.2236 0.5193 -0.8249
vn -0.1248 0.6421 -0.7564
vn -0.0733 0.6123 -0.7872
vn -0.1022 0.6845 -0.7218
vn -0.0408 0.6207 -0.7830
vn -0.1151 0.6922 -0.7125
vn 0.0062 0.6251 -0.7805
vn -0.0821 0.7377 -0.6701
vn 0.1598 0.6696 -0.7253
vn 0.1639 0.9248 -0.3435
vn 0.4826 0.7621 -0.4316
vn 0.7109 0.5166 -0.4773
vn 0.7492 0.6293 0.2066
vn 0.9000 0.4314 0.0619
vn 0.8808 0.4734 -0.0009
vn 0.8185 0.2698 0.5072
vn 0.8296 0.3661 0.4215
vn 0.7332 0.5621 0.3828
vn 0.7311 0.3067 0.6094
vn 0.6559 0.4726 0.5886
vn 0.6604 0.4810 0.5766
vn 0.5997 0.3853 0.7014
vn 0.6657 0.2454 0.7047
vn 0.7980 0.0072 0.6027
vn 0.4650 0.1977 0.8629
vn 0.6787 0.3030 0.6690
vn 0.5584 0.2068 0.8034
vn 0.3482 0.0195 0.9372
vn 0.5971 0.1583 0.7864
vn 0.4568 0.0539 0.8879
vn 0.1323 -0.2112 0.9685
vn 0.4501 0.0752 0.8898
vn 0.2553 -0.1433 0.9562
vn -0.0176 -0.4505 0.8926
vn -0.2075 -0.4398 0.8738
vn -0.2265 -0.6364 0.7374
vn -0.3807 -0.5328 0.7557
vn -0.3502 -0.7088 0.6124
vn -0.4764 -0.5673 0.6717
vn -0.4509 -0.7233 0.5230
vn -0.2228 -0.8232 0.5222
vn -0.4020 -0.8508 0.3384
vn -0.5804 -0.8038 0.1307
vn -0.6085 -0.6937 0.3853
vn -0.7670 -0.5469 -0.3356
vn -0.5857 -0.8074 -0.0711
vn -0.6983 -0.5783 -0.4218
vn -0.6796 -0.4840 -0.5513
vn -0.6917 -0.2479 -0.6783
vn -0.6184 -0.6765 -0.4000
vn -0.6591 -0.4269 -0.6192
vn -0.5862 -0.6877 -0.4283
vn -0.6309 -0.5750 -0.5208
vn -0.5836 -0.4035 -0.7047
vn -0.6108 -0.4071 -0.6791
vn -0.4245 0.1520 -0.8926
vn -0.6003 -0.4407 -0.6674
vn -0.4627 0.0960 -0.8813
vn -0.2035 0.5564 -0.8056
vn -0.2082 0.5455 -0.8118
vn -0.0685 0.7396 -0.6696
vn -0.1221 0.6875 -0.7159
vn -0.0291 0.8050 -0.5925
vn -0.0944 0.7530 -0.6513
vn -0.0405 0.8238 -0.5655
vn -0.1114 0.7663 -0.6327
vn -0.0393 0.8592 -0.5101
vn -0.1157 0.7944 -0.5963
vn 0.0725 0.9593 -0.2730
vn 0.0451 0.9491 -0.3118
vn 0.3277 0.9170 0.2275
vn 0.3520 0.8820 0.3134
vn 0.4687 0.8223 0.3227
vn 0.4691 0.6306 0.6183
vn 0.5359 0.5254 0.6609
vn 0.7075 0.3502 0.6138
vn 0.5421 0.3838 0.7475
vn 0.6666 0.2596 0.6987
vn 0.7360 0.2077 0.6443
vn 0.5901 0.1454 0.7941
vn 0.6806 0.1837 0.7093
vn 0.5205 0.1045 0.8474
vn 0.4992 0.1505 0.8533
vn 0.4543 0.0482 0.8896
vn 0.4274 0.0356 0.9034
vn 0.4810 0.0117 0.8766
vn 0.4749 -0.0137 0.8799
vn 0.4498 -0.0845 0.8891
vn 0.3616 -0.0939 0.9276
vn 0.3292 -0.3312 0.8843
vn 0.2037 -0.3951 0.8958
vn 0.0765 -0.6723 0.7364
vn -0.0249 -0.6915 0.7220
vn -0.2008 -0.8667 0.4566
vn 0.0584 -0.6771 0.7336
vn -0.2458 -0.8709 0.4256
vn -0.4798 -0.8740 0.0776
vn -0.4204 -0.8894 0.1798
vn -0.6248 -0.7523 -0.2087
vn -0.5210 -0.8536 -0.0010
vn -0.6261 -0.7147 -0.3117
vn -0.6465 -0.6289 -0.4319
vn -0.6859 -0.5867 -0.4305
vn -0.6020 -0.7616 -0.2397
vn -0.6589 -0.6456 -0.3861
vn -0.5018 -0.8648 -0.0165
vn -0.5581 -0.8074 -0.1913
vn -0.5737 -0.7628 -0.2983
vn -0.5721 -0.7416 -0.3503
vn -0.6068 -0.4714 -0.6400
vn -0.5534 -0.7752 -0.3048
vn -0.5348 -0.4924 -0.6867
vn -0.3719 -0.0059 -0.9283
vn -0.4903 0.0287 -0.8711
vn -0.0979 0.4859 -0.8685
vn -0.2065 0.5505 -0.8089
vn 0.0832 0.6868 -0.7220
vn -0.0283 0.7628 -0.6461
vn 0.1910 0.7743 -0.6033
vn 0.0400 0.8337 -0.5507
vn 0.2416 0.8210 -0.5174
vn 0.0481 0.8599 -0.5082
vn 0.2876 0.8708 -0.3988
vn 0.0713 0.9039 -0.4217
vn 0.3524 0.9146 -0.1983
vn 0.1565 0.9660 -0.2057
vn 0.4272 0.9016 0.0675
vn 0.3081 0.9403 0.1447
vn 0.4750 0.8291 0.2950
vn 0.4320 0.7952 0.4255
vn 0.4722 0.7006 0.5350
vn 0.5029 0.6365 0.5848
vn 0.5241 0.5454 0.6541
vn 0.5046 0.4717 0.7231
vn 0.5547 0.2639 0.7891
vn 0.5034 0.1708 0.8470
vn 0.5432 0.0290 0.8391
vn 0.5396 0.4065 0.7372
vn 0.5210 0.1377 0.8424
vn 0.4768 -0.0400 0.8781
vn 0.5204 -0.0606 0.8518
vn 0.4018 -0.2016 0.8932
vn 0.4726 -0.1441 0.8694
vn 0.2364 -0.4451 0.8637
vn 0.3301 -0.3649 0.8706
vn -0.0293 -0.7165 0.6970
vn 0.0092 -0.3956 0.9184
vn -0.2237 -0.6599 0.7173
vn -0.4280 -0.8239 0.3715
vn -0.3041 -0.8705 0.3869
vn -0.5552 -0.8311 -0.0316
vn -0.6146 -0.6842 0.3927
vn -0.6653 -0.7465 0.0129
vn -0.6383 -0.7450 -0.1938
vn -0.5801 -0.7481 -0.3221
vn -0.6070 -0.7552 -0.2475
vn -0.5607 -0.7321 -0.3869
vn -0.5975 -0.7829 -0.1734
vn -0.5249 -0.8316 -0.1814
vn -0.6123 -0.7854 -0.0905
vn -0.4878 -0.8728 0.0155
vn -0.6062 -0.7066 -0.3650
vn -0.7602 -0.6176 -0.2018
vn -0.7072 -0.5679 -0.4212
vn -0.4641 -0.3862 -0.7972
vn -0.4506 -0.4618 -0.7640
vn -0.0423 -0.0840 -0.9956
vn -0.1307 -0.0317 -0.9909
vn 0.2862 0.1377 -0.9482
vn 0.1508 0.3108 -0.9385
vn 0.4326 0.2297 -0.8718
vn 0.3005 0.4514 -0.8402
vn 0.5484 0.2970 -0.7817
vn 0.4241 0.5444 -0.7237
vn 0.6837 0.3761 -0.6254
vn 0.5293 0.6157 -0.5838
vn 0.8025 0.4589 -0.3814
vn 0.6053 0.6839 -0.4073
vn 0.8472 0.5177 -0.1191
vn 0.6488 0.7337 -0.2018
vn 0.8406 0.5410 0.0268
vn 0.6660 0.7458 0.0104
vn 0.8122 0.5414 0.2172
vn 0.6560 0.7224 0.2188
vn 0.6918 0.5051 0.5160
vn 0.6062 0.6666 0.4338
vn 0.4993 0.7167 0.4869
vn 0.4976 0.5526 0.6687
vn 0.4799 0.5333 0.6967
vn 0.3310 0.3755 0.8657
vn 0.4051 0.2980 0.8643
vn 0.1748 0.2196 0.9598
vn 0.3270 0.1067 0.9390
vn -0.0117 0.0219 0.9997
vn 0.1990 -0.1195 0.9727
vn -0.2071 -0.2094 0.9557
vn -0.0327 0.0933 0.9951
vn -0.2420 -0.0846 0.9666
vn -0.5408 -0.3287 0.7743
vn -0.4347 -0.4773 0.7637
vn -0.7463 -0.5194 0.4162
vn -0.5347 -0.3286 0.7785
vn -0.7809 -0.4631 0.4193
vn -0.8562 -0.4954 0.1463
vn -0.8002 -0.5911 0.1015
vn -0.8670 -0.4970 0.0358
vn -0.7897 -0.6126 -0.0329
vn -0.8635 -0.4954 -0.0946
vn -0.7727 -0.6201 -0.1359
vn -0.8445 -0.5011 -0.1890
vn -0.7556 -0.6192 -0.2136
vn -0.8310 -0.5190 -0.2003
vn -0.7420 -0.4868 -0.4609
vn -0.4571 -0.3459 -0.8194
vn -0.4778 -0.3307 -0.8138
vn -0.0823 -0.1689 -0.9822
vn -0.1040 -0.1223 -0.9870
vn 0.2531 0.0178 -0.9673
vn 0.2582 0.0566 -0.9644
vn 0.4404 0.1309 -0.8882
vn 0.4438 0.1398 -0.8852
vn 0.5463 0.1875 -0.8163
vn 0.5658 0.1921 -0.8019
vn 0.7316 0.2794 -0.6218
vn 0.7255 0.2722 -0.6321
vn 0.8688 0.3574 -0.3427
vn 0.9167 0.3969 -0.0457
vn 0.9100 0.4062 0.0835
vn 0.8660 0.4140 0.2804
vn 0.7383 0.2213 0.6371
vn 0.6892 0.3671 0.6247
vn 0.5348 0.0827 0.8409
vn 0.4640 0.2884 0.8376
vn 0.5079 0.4467 0.7366
vn 0.3322 0.2471 0.9103
vn 0.3189 0.3545 0.8790
vn 0.2108 0.1839 0.9601
vn 0.1392 0.2346 0.9621
vn 0.0959 0.0916 0.9912
vn 0.3677 -0.0091 0.9299
vn 0.3107 -0.0652 0.9483
vn 0.0565 -0.2288 0.9718
vn -0.1399 -0.0816 0.9868
vn -0.4489 -0.4604 0.7658
vn 0.2107 -0.4149 0.8851
vn -0.4166 -0.5691 0.7089
vn -0.8460 -0.4499 0.2860
vn -0.7817 -0.5107 0.3580
vn -0.9504 -0.3018 0.0757
vn -0.8742 -0.4713 0.1171
vn -0.8944 -0.4461 0.0324
vn -0.9021 -0.4265 -0.0663
vn -0.9500 -0.2561 0.1786
vn -0.9998 -0.0212 0.0004
vn -0.9864 -0.1642 -0.0048
vn -0.9760 0.0534 -0.2110
vn -0.9444 0.1720 -0.2800
vn -0.9392 -0.1243 -0.3202
vn -0.8009 0.1181 -0.5870
vn -0.4465 0.5086 -0.7362
vn -0.8002 0.4219 -0.4263
vn -0.0565 0.7547 -0.6536
vn -0.3125 0.7958 -0.5187
vn -0.3549 0.8703 -0.3414
vn 0.3605 0.8548 -0.3734
vn 0.2981 0.8086 -0.5072
vn 0.5893 0.7252 -0.3562
vn 0.7365 0.6555 -0.1670
vn 0.9176 0.3970 0.0171
vn 0.9309 0.2355 0.2794
vn 0.8520 0.1277 0.5078
vn 0.9377 -0.0799 0.3382
vn 0.8245 -0.2107 0.5252
vn 0.6788 -0.1384 0.7211
vn 0.6101 -0.4693 0.6383
vn 0.5298 -0.2541 0.8092
vn 0.4226 0.0206 0.9061
vn 0.4959 -0.2582 0.8291
vn 0.5265 -0.5097 0.6804
vn 0.4986 -0.4894 0.7155
vn 0.4673 -0.2724 0.8411
vn 0.2394 -0.5795 0.7790
vn 0.3783 -0.6684 0.6404
vn 0.0738 -0.7146 0.6956
vn -0.6342 -0.6023 0.4848
vn -0.5093 -0.5987 0.6182
vn -0.2174 -0.6044 0.7664
vn -0.7178 -0.5110 0.4730
vn -0.9673 -0.2507 -0.0389
vn -0.6839 -0.3285 0.6515
vn -0.3445 -0.3381 0.8758
vn -0.3232 0.3879 0.8632
vn -0.4841 0.4215 0.7668
vn -0.0374 0.9894 0.1400
vn -0.0420 0.9876 0.1511
vn 0.0933 0.9133 -0.3965
vn 0.1948 0.9273 -0.3197
vn 0.3526 0.9043 -0.2409
vn 0.1561 -0.5483 0.8216
vn 0.4994 -0.6265 0.5984
vn 0.4381 -0.4589 0.7730
vn 0.6831 -0.4852 0.5459
vn 0.6125 0.0711 -0.7872
vn 0.7733 0.2191 -0.5949
vn 0.7634 -0.0442 -0.6445
vn 0.8374 0.1618 -0.5221
vn 0.8193 0.1490 -0.5536
vn 0.8402 0.3616 -0.4042
vn 0.6834 -0.1727 -0.7093
vn 0.5526 0.0173 -0.8333
vn 0.3718 -0.1123 -0.9215
vn 0.4188 -0.3516 -0.8372
vn 0.0026 -0.2900 -0.9570
vn -0.0808 -0.4945 -0.8654
vn -0.5458 -0.3888 -0.7422
vn -0.7073 -0.4437 -0.5504
vn -0.7914 -0.4700 -0.3909
vn -0.7926 -0.2070 -0.5736
vn -0.6885 -0.6042 0.4011
vn -0.5673 -0.5703 0.5942
vn -0.7969 -0.4933 0.3486
vn -0.6509 -0.4787 0.5892
vn -0.7188 -0.5751 0.3906
vn -0.8455 -0.4280 0.3193
vn -0.7475 -0.2750 0.6047
vn -0.5239 -0.2413 0.8169
vn -0.7075 0.0681 0.7035
vn -0.6894 0.0947 0.7182
vn -0.7968 0.2914 0.5293
vn -0.8269 0.2489 0.5042
vn -0.9204 0.3395 0.1941
vn -0.9457 0.2508 -0.2067
vn -0.8970 0.1627 0.4110
vn -0.9383 0.2584 0.2298
vn -0.9670 0.2192 -0.1297
vn -0.9942 -0.1056 0.0212
vn -0.9455 -0.2845 -0.1585
vn -0.7321 -0.5619 -0.3850
vn -0.7120 -0.6387 -0.2917
vn -0.5171 -0.6856 -0.5125
vn -0.5893 -0.7059 -0.3930
vn -0.7485 -0.6420 -0.1660
vn -0.4543 -0.7466 -0.4860
vn -0.3684 -0.7859 -0.4967
vn -0.4763 -0.8026 -0.3590
vn -0.5958 -0.7708 -0.2254
vn -0.3778 -0.7864 -0.4887
vn -0.2964 -0.8477 -0.4399
vn -0.3123 -0.8502 -0.4239
vn -0.4084 -0.7958 -0.4471
vn -0.7121 -0.6865 -0.1468
vn -0.3515 -0.8462 -0.4006
vn -0.2960 -0.8479 -0.4399
vn -0.3546 -0.7834 -0.5104
vn -0.4275 -0.7059 -0.5648
vn -0.5311 -0.7074 -0.4663
vn -0.3678 -0.8352 -0.4088
vn -0.4308 -0.7614 -0.4844
vn -0.4614 -0.7037 -0.5404
vn -0.5399 -0.5365 -0.6485
vn -0.4977 -0.5591 -0.6632
vn -0.1703 -0.7784 -0.6042
vn -0.2319 -0.7006 -0.6748
vn -0.3783 -0.4978 -0.7805
vn -0.5333 -0.0943 -0.8407
vn -0.6769 -0.1655 -0.7172
vn 0.1604 -0.5809 -0.7980
vn -0.0037 -0.3700 -0.9290
vn -0.1844 -0.0010 -0.9828
vn -0.1910 0.1842 -0.9642
vn -0.5552 0.2273 -0.8000
vn 0.1601 -0.2718 -0.9489
vn 0.1263 0.0468 -0.9909
vn 0.1642 0.0875 -0.9825
vn 0.2131 0.1165 -0.9701
vn -0.0774 0.2180 -0.9729
vn 0.3559 0.0188 -0.9343
vn 0.3816 0.0826 -0.9206
vn 0.3798 0.1893 -0.9055
vn 0.2320 0.2245 -0.9465
vn 0.5725 -0.0702 -0.8169
vn 0.5757 0.0210 -0.8174
vn 0.5918 0.0690 -0.8031
vn 0.6023 0.0116 -0.7982
vn 0.3651 0.2406 -0.8993
vn 0.8012 -0.1295 -0.5843
vn 0.8181 -0.1766 -0.5472
vn 0.7932 -0.3274 -0.5135
vn 0.6815 -0.4802 -0.5522
vn 0.5756 -0.0854 -0.8133
vn 0.8889 -0.4223 -0.1774
vn 0.8061 -0.5611 -0.1879
vn 0.6613 -0.7003 -0.2686
vn 0.5048 -0.7577 -0.4135
vn 0.5343 -0.5468 -0.6446
vn 0.7633 -0.6461 -0.0030
vn 0.6139 -0.7821 -0.1070
vn 0.4590 -0.8642 -0.2061
vn 0.4003 -0.8558 -0.3275
vn 0.4171 -0.7289 -0.5429
vn 0.5285 -0.8432 0.0988
vn 0.3920 -0.9196 -0.0244
vn 0.3517 -0.9313 -0.0954
vn 0.3837 -0.9118 -0.1462
vn 0.4156 -0.7963 -0.4395
vn 0.2211 -0.9329 0.2844
vn 0.1830 -0.9544 0.2358
vn 0.2192 -0.9391 0.2648
vn 0.2862 -0.9045 0.3161
vn 0.3809 -0.9110 -0.1585
vn 0.0118 -0.8850 0.4655
vn 0.0680 -0.8613 0.5035
vn 0.1992 -0.8185 0.5389
vn 0.3395 -0.7684 0.5425
vn 0.3540 -0.8645 0.3570
vn 0.0462 -0.8464 0.5306
vn 0.1827 -0.7974 0.5751
vn 0.3281 -0.7338 0.5948
vn 0.4608 -0.6650 0.5878
vn 0.4535 -0.7294 0.5121
vn 0.1181 -0.7301 0.6730
vn 0.2836 -0.6130 0.7374
vn 0.4537 -0.4870 0.7463
vn 0.5057 -0.4119 0.7580
vn 0.5198 -0.6208 0.5869
vn 0.1897 -0.1760 0.9659
vn 0.4098 -0.0697 0.9095
vn 0.4292 -0.0532 0.9016
vn 0.2973 -0.0825 0.9512
vn 0.3988 -0.3821 0.8337
vn 0.3602 0.1289 0.9239
vn 0.3450 0.1617 0.9246
vn 0.2343 0.1058 0.9664
vn 0.1512 0.0408 0.9877
vn 0.2030 -0.1133 0.9726
vn 0.2545 0.2619 0.9309
vn 0.1374 0.3129 0.9398
vn -0.0149 0.3546 0.9349
vn -0.2251 0.4664 0.8555
vn -0.0489 0.0882 0.9949
vn -0.1237 0.6764 0.7260
vn -0.2440 0.6848 0.6867
vn -0.3370 0.6785 0.6528
vn -0.4045 0.6360 0.6572
vn -0.4184 0.4965 0.7606
vn -0.3010 0.7636 0.5713
vn -0.3415 0.7066 0.6198
vn -0.4005 0.7064 0.5836
vn -0.3665 0.8533 0.3709
vn -0.4009 0.7154 0.5723
vn -0.3865 0.7967 0.4647
vn -0.4245 0.8455 0.3240
vn -0.3329 0.9353 0.1199
vn -0.0260 0.9987 0.0445
vn -0.1170 0.9729 0.1993
vn -0.4101 0.9096 -0.0669
vn -0.2405 0.9577 -0.1579
vn 0.0852 0.9870 -0.1362
vn 0.3340 0.9321 -0.1398
vn 0.2098 0.9776 0.0184
vn -0.1077 0.8981 -0.4264
vn 0.2029 0.9237 -0.3251
vn 0.4175 0.8699 -0.2624
vn 0.3904 0.8887 -0.2405
vn 0.3074 0.9334 -0.1851
vn 0.2895 0.8475 -0.4449
vn 0.4584 0.8270 -0.3254
vn 0.4595 0.8380 -0.2943
vn 0.2995 0.8810 -0.3662
vn 0.1965 0.9469 -0.2546
vn 0.4732 0.8075 -0.3521
vn 0.5167 0.7709 -0.3725
vn 0.4259 0.7320 -0.5317
vn 0.2256 0.7143 -0.6625
vn 0.1043 0.8647 -0.4914
vn 0.5452 0.7023 -0.4577
vn 0.4909 0.5758 -0.6538
vn 0.3033 0.4930 -0.8155
vn -0.4624 0.2089 -0.8617
vn -0.6846 -0.6353 -0.3574
vn -0.7517 -0.5723 -0.3279
vn -0.5118 0.4001 -0.7603
vn -0.7575 -0.5907 -0.2779
vn -0.5247 0.4099 -0.7461
vn 0.0363 0.9178 -0.3953
vn -0.6097 0.3581 -0.7071
vn 0.0041 0.9362 -0.3515
vn 0.1344 0.9701 -0.2019
vn 0.0421 0.9896 -0.1379
vn 0.1877 0.9783 -0.0878
vn -0.0887 0.9945 -0.0563
vn 0.0312 0.9983 0.0490
vn 0.0586 0.9830 0.1740
vn -0.2065 0.9530 0.2215
vn -0.1468 0.9289 0.3400
vn -0.2516 0.8751 0.4133
vn -0.5673 0.5667 0.5975
vn -0.5241 0.4744 0.7073
vn -0.4888 0.4344 0.7566
vn -0.6595 -0.1645 0.7335
vn -0.5619 0.0149 0.8271
vn -0.3921 0.1463 0.9082
vn -0.5614 -0.3152 0.7651
vn -0.3168 -0.2117 0.9246
vn 0.0531 -0.1632 0.9852
vn -0.2820 -0.4188 0.8632
vn 0.0844 -0.3481 0.9337
vn 0.2720 -0.3362 0.9016
vn 0.1192 -0.5769 0.8081
vn 0.3377 -0.5879 0.7351
vn 0.4466 -0.6202 0.6449
vn 0.3512 -0.7695 0.5334
vn 0.4308 -0.7624 0.4828
vn 0.4961 -0.7284 0.4726
vn 0.3682 -0.8856 0.2833
vn 0.4215 -0.8553 0.3012
vn 0.4085 -0.8437 0.3483
vn 0.1860 -0.9671 -0.1736
vn 0.2193 -0.9641 -0.1496
vn 0.3036 -0.9419 -0.1436
vn -0.1089 -0.7208 -0.6845
vn 0.1117 -0.7547 -0.6465
vn 0.3437 -0.7625 -0.5481
vn -0.0930 -0.4791 -0.8728
vn 0.2110 -0.5697 -0.7943
vn 0.3762 -0.6622 -0.6481
vn 0.0058 -0.2027 -0.9792
vn 0.2525 -0.3730 -0.8928
vn 0.4111 -0.5159 -0.7516
vn 0.0462 -0.0017 -0.9989
vn 0.3491 -0.1232 -0.9289
vn 0.5092 -0.1493 -0.8476
vn 0.3962 0.2594 -0.8807
vn 0.3229 0.3718 -0.8703
vn 0.2530 0.3023 -0.9190
vn 0.1960 0.4901 -0.8493
vn 0.0993 0.3767 -0.9210
vn 0.0232 0.2811 -0.9594
vn -0.1660 0.5010 -0.8494
vn -0.3296 0.4149 -0.8481
vn -0.4768 0.3562 -0.8036
vn -0.6026 0.5252 -0.6009
vn -0.7192 0.4033 -0.5658
vn -0.7458 0.1874 -0.6393
vn -0.5910 0.3923 -0.7048
vn -0.6280 0.1209 -0.7688
vn -0.5990 -0.2390 -0.7642
vn -0.6569 -0.5558 -0.5095
vn -0.9126 -0.4086 -0.0158
vn -0.8104 -0.5813 -0.0731
vn -0.8799 -0.3017 0.3672
vn -0.2372 0.3444 -0.9084
vn -0.1508 0.4652 -0.8723
vn -0.1771 0.4820 -0.8581
vn -0.5105 0.5103 -0.6921
vn -0.5086 0.5614 -0.6528
vn -0.3945 0.6562 -0.6433
vn -0.1262 0.5777 -0.8064
vn -0.4220 0.6173 -0.6640
vn -0.1626 0.7447 -0.6473
vn -0.1894 0.8009 -0.5681
vn 0.0117 0.6145 -0.7888
vn 0.1969 0.6907 -0.6958
vn 0.1184 0.7986 -0.5900
vn 0.2428 0.7877 -0.5662
vn 0.1742 0.8794 -0.4431
vn 0.0684 0.8876 -0.4555
vn 0.2857 0.6973 -0.6574
vn 0.1218 0.6556 -0.7452
vn 0.1125 0.8042 -0.5836
vn -0.1684 0.7839 -0.5976
vn -0.1872 0.8807 -0.4352
vn 0.0534 0.8895 -0.4537
vn -0.1505 0.5686 -0.8087
vn -0.3811 0.4727 -0.7945
vn -0.4165 0.7019 -0.5778
vn -0.0797 -0.0489 -0.9956
vn -0.1803 -0.1508 -0.9720
vn -0.2675 -0.1750 -0.9475
vn -0.5446 0.4259 -0.7225
vn -0.0686 -0.3578 -0.9313
vn -0.0569 -0.4483 -0.8921
vn -0.0385 -0.5237 -0.8511
vn -0.0057 -0.5853 -0.8108
vn -0.3399 -0.1196 -0.9328
vn -0.2438 -0.0815 -0.9664
vn -0.2558 -0.2582 -0.9316
vn -0.1681 -0.4746 -0.8640
vn -0.0048 -0.6935 -0.7205
vn -0.0036 -0.6151 -0.7885
vn -0.4421 0.0052 -0.8970
vn -0.4252 -0.1889 -0.8852
vn -0.3035 -0.4343 -0.8481
vn -0.0435 -0.5914 -0.8052
vn 0.1487 -0.7746 -0.6148
vn -0.4918 -0.1398 -0.8594
vn -0.4790 -0.1852 -0.8581
vn -0.2774 -0.2682 -0.9226
vn 0.0762 -0.4188 -0.9049
vn 0.2414 -0.6477 -0.7226
vn -0.4764 -0.1828 -0.8600
vn -0.3589 -0.1440 -0.9222
vn -0.0530 -0.3040 -0.9512
vn 0.2074 -0.6168 -0.7593
vn 0.2901 -0.6737 -0.6797
vn -0.2120 -0.5689 -0.7946
vn -0.0467 -0.6246 -0.7796
vn 0.1080 -0.7506 -0.6519
vn 0.1918 -0.8939 -0.4051
vn 0.2776 -0.8549 -0.4382
vn 0.0520 -0.9685 -0.2435
vn -0.0042 -0.9581 -0.2864
vn 0.0295 -0.9735 -0.2270
vn -0.1124 -0.9843 -0.1363
vn 0.0240 -0.9751 -0.2206
vn -0.1063 -0.9810 0.1624
vn -0.1973 -0.9774 0.0754
vn -0.3330 -0.9407 0.0647
vn -0.4360 -0.8985 0.0516
vn -0.3200 -0.9457 -0.0574
vn -0.3938 -0.8339 0.3867
vn -0.5200 -0.8047 0.2865
vn -0.5453 -0.8154 0.1944
vn -0.5305 -0.8352 0.1448
vn -0.4619 -0.8836 0.0761
vn -0.6108 -0.6611 0.4357
vn -0.6179 -0.7204 0.3150
vn -0.6168 -0.7489 0.2424
vn -0.6567 -0.7309 0.1857
vn -0.5910 -0.7975 0.1211
vn -0.6541 -0.6535 0.3809
vn -0.6810 -0.6590 0.3194
vn -0.7267 -0.6406 0.2481
vn -0.8263 -0.5231 0.2088
vn -0.7022 -0.6990 0.1358
vn -0.7293 -0.5732 0.3736
vn -0.6925 -0.5764 0.4338
vn -0.7822 -0.1844 0.5951
vn -0.8417 -0.1637 0.5145
vn -0.6370 0.6067 0.4755
vn -0.3739 0.9216 0.1038
vn -0.6316 -0.5082 0.5855
vn -0.6298 -0.5840 0.5122
vn -0.5437 -0.4757 0.6915
vn -0.5053 -0.6262 0.5937
vn -0.2462 -0.6083 0.7546
vn -0.1839 -0.8307 0.5254
vn 0.1471 -0.7954 0.5879
vn 0.1315 -0.9535 0.2711
vn 0.3084 -0.9070 0.2867
vn 0.1265 -0.9714 -0.2011
vn 0.1548 -0.9717 -0.1785
vn -0.2576 -0.6144 -0.7458
vn -0.2042 -0.6690 -0.7146
vn -0.4267 -0.2924 -0.8558
vn -0.3247 -0.3914 -0.8610
vn -0.4377 -0.1321 -0.8894
vn -0.2727 -0.1384 -0.9521
vn -0.3420 0.1366 -0.9297
vn -0.1728 0.1645 -0.9711
vn -0.1887 0.0321 -0.9815
vn -0.7882 -0.5733 -0.2238
vn -0.6553 -0.7498 0.0914
vn -0.6179 -0.7851 0.0425
vn -0.5438 -0.8356 0.0777
vn -0.5752 -0.8177 -0.0230
vn -0.4841 -0.8748 0.0201
vn -0.4041 -0.9145 0.0214
vn -0.4108 -0.9095 -0.0636
vn -0.3411 -0.9391 -0.0421
vn -0.2303 -0.9669 -0.1099
vn -0.2448 -0.9564 -0.1592
vn -0.1272 -0.9766 -0.1732
vn 0.1119 -0.9630 -0.2453
vn 0.0822 -0.9275 -0.3648
vn 0.2591 -0.9064 -0.3335
vn 0.3438 -0.8315 -0.4364
vn 0.5063 -0.6658 -0.5480
vn 0.4402 -0.7069 -0.5536
vn 0.3515 -0.6977 -0.6243
vn 0.5208 -0.3078 -0.7963
vn 0.3512 -0.5415 -0.7638
vn 0.2681 -0.7089 -0.6524
vn 0.1941 -0.0653 -0.9788
vn 0.0564 -0.4061 -0.9121
vn -0.0015 -0.5864 -0.8101
vn -0.2340 0.1748 -0.9564
vn -0.3691 0.0676 -0.9269
vn -0.3986 -0.0151 -0.9170
vn -0.4706 0.4518 -0.7579
vn -0.5685 0.4794 -0.6686
vn -0.6004 0.4543 -0.6581
vn -0.5548 0.5580 -0.6171
vn -0.6223 0.5574 -0.5496
vn -0.5853 0.6021 -0.5430
vn -0.6138 0.7137 -0.3374
vn -0.5871 0.7319 -0.3459
vn -0.4250 0.8146 -0.3947
vn -0.5198 0.8449 0.1266
vn -0.4270 0.9042 -0.0119
vn -0.2191 0.9636 -0.1534
vn -0.4278 0.8643 0.2646
vn -0.2520 0.9618 0.1073
vn -0.0972 0.9950 0.0214
vn -0.0305 0.9730 -0.2288
vn -0.0474 0.9944 -0.0945
vn 0.0768 0.9611 -0.2652
vn -0.0653 0.9184 -0.3901
vn 0.0580 0.9073 -0.4165
vn -0.0820 0.7121 -0.6973
vn -0.0529 0.7476 -0.6620
vn -0.0846 0.5332 -0.8418
vn -0.6484 0.7121 -0.2692
vn -0.7102 0.6067 -0.3571
vn -0.7975 0.5697 -0.1986
vn -0.8801 0.2388 0.4104
vn -0.8543 0.3166 0.4123
vn -0.8896 0.3698 0.2679
vn -0.8689 0.4925 0.0492
vn -0.8855 0.4526 -0.1051
vn -0.9030 0.4151 -0.1110
vn -0.7155 0.3674 -0.5942
vn -0.5141 0.1543 -0.8437
vn -0.7895 0.2906 -0.5407
vn -0.4973 -0.1339 -0.8572
vn -0.7574 -0.1362 -0.6386
vn -0.9997 0.0002 -0.0229
vn -0.7855 -0.4415 -0.4337
vn -0.9501 -0.2765 0.1442
vn -0.7799 -0.6228 -0.0623
vn -0.5677 -0.4184 -0.7090
vn -0.5888 -0.7169 -0.3733
vn -0.5340 -0.8454 0.0118
vn -0.5011 -0.8218 0.2712
vn -0.4087 -0.9126 0.0124
vn -0.3834 -0.9093 -0.1617
vn -0.6305 -0.6019 -0.4900
vn -0.7455 -0.5890 -0.3119
vn -0.6915 -0.2835 -0.6644
vn -0.7904 -0.2247 -0.5699
vn -0.5791 -0.2639 -0.7713
vn -0.5765 -0.2056 -0.7908
vn -0.5811 -0.4008 -0.7083
vn -0.5654 -0.7710 -0.2931
vn -0.4877 -0.5315 -0.6925
vn -0.4731 -0.8753 -0.1003
vn -0.4964 -0.8033 -0.3290
vn -0.4324 -0.8980 0.0812
vn -0.4858 -0.8739 0.0187
vn -0.4586 -0.8886 0.0079
vn -0.6295 -0.7739 0.0691
vn -0.4452 -0.7602 0.4732
vn -0.2829 -0.8929 0.3504
vn -0.3666 -0.9056 0.2133
vn -0.3633 -0.9279 0.0840
vn -0.6191 -0.7593 -0.2004
vn -0.0403 -0.7754 0.6301
vn 0.1220 -0.8892 0.4409
vn 0.0899 -0.8824 0.4618
vn 0.0116 -0.8212 0.5706
vn -0.1797 -0.9806 0.0779
vn 0.5728 -0.4956 0.6529
vn 0.5104 -0.4841 0.7107
vn 0.2065 -0.4697 0.8583
vn 0.0192 -0.4407 0.8974
vn -0.0185 -0.7046 0.7093
vn 0.7126 0.1756 0.6793
vn 0.3804 0.0744 0.9218
vn 0.0773 -0.1020 0.9918
vn 0.0418 -0.1250 0.9913
vn 0.0692 -0.4135 0.9079
vn 0.4154 0.6102 0.6746
vn 0.1114 0.5034 0.8569
vn 0.3066 0.9088 0.2829
vn 0.0640 0.9437 0.3247
vn 0.1113 0.9911 -0.0729
vn -0.0420 0.9860 -0.1614
vn -0.1761 0.8699 -0.4608
vn -0.1594 0.8159 -0.5557
vn -0.2989 0.7929 -0.5310
vn -0.2518 0.3829 -0.8888
vn -0.3316 0.4110 -0.8492
vn -0.2591 -0.1218 -0.9581
vn -0.3161 -0.0716 -0.9460
vn -0.5650 -0.0912 -0.8201
vn -0.2332 -0.5050 -0.8310
vn -0.5601 -0.1704 -0.8107
vn -0.4325 -0.6068 -0.6669
vn -0.3378 -0.8138 -0.4729
vn -0.2012 -0.8557 -0.4768
vn -0.1078 -0.9711 0.2130
vn 0.0381 -0.6864 0.7263
vn -0.7348 -0.6334 -0.2426
vn -0.9112 0.0070 -0.4119
vn -0.4570 0.4797 -0.7491
vn -0.6984 0.5569 -0.4495
vn -0.7356 0.5733 -0.3608
vn -0.3504 0.8916 -0.2867
vn -0.4268 0.8898 -0.1617
vn 0.1526 0.9879 0.0275
vn 0.1433 0.9816 0.1259
vn 0.1558 0.9604 0.2311
vn -0.1685 0.9785 -0.1193
vn -0.4953 0.6931 -0.5237
vn 0.2042 0.9473 0.2468
vn 0.1900 0.9492 -0.2507
vn 0.0650 0.7221 -0.6888
vn 0.1126 0.9280 -0.3553
vn 0.0612 0.6738 -0.7364
vn -0.2414 0.2770 -0.9300
vn -0.1854 0.1301 -0.9740
vn -0.3570 0.6979 -0.6209
vn -0.2137 0.9347 -0.2841
vn -0.4632 0.8835 -0.0704
vn -0.7221 0.6013 -0.3422
vn -0.0948 0.9385 0.3321
vn -0.2147 0.8926 0.3963
vn 0.0740 0.9624 0.2613
vn 0.1817 0.8367 0.5166
vn 0.3310 0.8431 0.4239
vn 0.4161 0.7055 0.5737
vn 0.1685 0.6626 0.7297
vn 0.4739 0.2332 0.8491
vn 0.0556 0.2112 0.9759
vn 0.2859 -0.3835 0.8782
vn -0.0970 -0.2130 0.9722
vn -0.2669 -0.2069 0.9413
vn -0.2707 -0.4888 0.8294
vn -0.3139 -0.4227 0.8502
vn -0.6591 -0.4551 0.5988
vn -0.6113 -0.0989 0.7852
vn -0.8150 0.0510 0.5772
vn -0.9204 -0.2951 0.2564
vn -0.5756 0.3409 0.7433
vn -0.7059 0.3622 0.6087
vn -0.4678 0.6405 0.6090
vn -0.3397 0.5260 0.7797
vn -0.6260 0.7104 0.3217
vn -0.8479 0.4232 0.3193
vn -0.9576 0.2543 0.1353
vn -0.8312 0.5134 0.2134
vn -0.6046 0.7494 0.2701
vn -0.7148 0.5801 0.3906
vn -0.5512 0.7033 0.4490
vn -0.4785 0.7569 0.4452
vn -0.3979 0.8752 0.2753
vn -0.2488 0.8507 0.4630
vn -0.2735 0.9241 0.2670
vn 0.0841 0.8651 0.4944
vn -0.0678 0.9498 0.3056
vn 0.2533 0.8152 0.5209
vn 0.1679 0.9132 0.3713
vn 0.1255 0.9378 0.3237
vn 0.1248 0.8911 0.4364
vn 0.3411 0.8401 0.4218
vn 0.3129 0.8693 0.3826
vn 0.2591 0.8336 0.4879
vn 0.1305 0.7593 0.6376
vn 0.1138 0.7886 0.6042
vn 0.4921 0.7544 0.4345
vn 0.3973 0.7010 0.5923
vn 0.1619 0.6063 0.7786
vn 0.4626 0.5527 0.6932
vn 0.2059 0.4480 0.8700
vn 0.1082 0.3855 0.9164
vn 0.0350 0.1891 0.9813
vn 0.3297 0.2630 0.9067
vn 0.2506 0.2742 0.9285
vn 0.1448 0.1304 0.9808
vn 0.1468 -0.1102 0.9830
vn -0.0892 -0.0992 0.9911
vn 0.4517 0.0585 0.8903
vn 0.3060 0.0757 0.9490
vn 0.3120 -0.0412 0.9492
vn 0.3824 -0.2949 0.8757
vn 0.1541 -0.3477 0.9248
vn 0.6320 -0.0424 0.7738
vn 0.5697 0.0153 0.8217
vn 0.5707 -0.2282 0.7888
vn 0.5277 -0.5627 0.6364
vn 0.3044 -0.5940 0.7446
vn 0.7570 0.0352 0.6524
vn 0.7301 -0.1510 0.6664
vn 0.7260 -0.4698 0.5022
vn 0.6875 -0.7038 0.1792
vn 0.4041 -0.8509 0.3356
vn 0.8498 -0.0889 0.5195
vn 0.8311 -0.3867 0.3996
vn 0.8156 -0.5689 0.1055
vn 0.8198 -0.5288 -0.2198
vn 0.6090 -0.7774 -0.1575
vn 0.9346 -0.2596 0.2431
vn 0.9347 -0.3554 0.0090
vn 0.9569 -0.1951 -0.2150
vn 0.9509 0.0557 -0.3043
vn 0.8858 -0.3391 -0.3167
vn 0.8945 0.3682 -0.2536
vn 0.8825 0.4284 -0.1941
vn 0.9551 0.1760 -0.2384
vn 0.6855 0.7089 -0.1663
vn 0.6720 0.7357 -0.0849
vn 0.6341 0.7651 -0.1119
vn 0.8559 0.4682 -0.2196
vn 0.2409 0.9686 0.0613
vn 0.2337 0.9657 0.1131
vn -0.4163 0.8110 0.4111
vn -0.4436 0.8347 0.3264
vn -0.6804 0.4811 0.5528
vn -0.7740 0.5065 0.3801
vn -0.7644 0.1881 0.6166
vn -0.8649 0.2649 0.4263
vn -0.7416 -0.3540 0.5698
vn -0.8353 -0.3133 0.4518
vn -0.5231 -0.7328 0.4351
vn -0.5206 -0.7872 0.3304
vn -0.2890 -0.9082 0.3029
vn -0.3263 -0.9101 0.2554
vn -0.2434 -0.9398 0.2399
vn 0.0039 -0.8520 0.5236
vn -0.0955 -0.9822 0.1620
vn -0.0861 -0.9823 0.1665
vn 0.2553 -0.9663 -0.0323
vn 0.3520 -0.9359 -0.0168
vn 0.6332 -0.7416 -0.2214
vn 0.7520 -0.6376 -0.1675
vn 0.9584 -0.1557 -0.2393
vn 0.9555 -0.0001 -0.2951
vn 0.9627 0.0136 -0.2701
vn 0.9344 0.2300 -0.2720
vn 0.9444 -0.0360 0.3268
vn 0.3629 0.0618 0.9298
vn 0.2277 -0.3611 0.9043
vn 0.2785 -0.9599 0.0316
vn 0.0025 -0.9802 0.1980
vn 0.1362 -0.8834 0.4484
vn -0.2129 -0.9187 0.3325
vn -0.0696 -0.8547 0.5144
vn 0.0842 -0.5968 0.7979
vn -0.3710 -0.7537 0.5425
vn -0.2891 -0.5897 0.7541
vn -0.2223 -0.3600 0.9061
vn -0.7095 -0.4702 0.5248
vn -0.6794 -0.2779 0.6791
vn -0.5197 0.0297 0.8538
vn -0.8898 -0.1732 0.4222
vn -0.7847 0.2074 0.5841
vn -0.9583 -0.1056 0.2655
vn -0.8906 0.2483 0.3810
vn -0.9960 0.0163 0.0874
vn -0.9153 0.2520 0.3143
vn -0.6960 0.5194 0.4958
vn -0.9202 0.3179 0.2284
vn -0.7694 0.5612 0.3049
vn -0.5671 0.7963 0.2104
vn -0.3609 0.7807 0.5102
vn -0.1860 0.9759 0.1141
vn 0.0562 0.9443 0.3243
vn 0.2418 0.8263 0.5086
vn 0.4414 0.8721 0.2112
vn 0.3567 0.7777 0.5176
vn 0.1371 0.5919 0.7942
vn 0.2329 0.6651 0.7095
vn -0.0616 0.5070 0.8597
vn 0.0993 0.6162 0.7813
vn 0.0358 0.7516 0.6587
vn 0.0542 0.5363 0.8423
vn -0.2419 0.4210 0.8742
vn -0.0150 0.6454 0.7637
vn -0.3377 0.4874 0.8052
vn -0.2690 0.5252 0.8073
vn -0.3203 0.6601 0.6795
vn -0.3245 0.6299 0.7056
vn -0.2864 0.6333 0.7190
vn -0.1947 0.5929 0.7814
vn -0.2909 0.7673 0.5715
vn -0.0248 0.7806 0.6245
vn 0.0159 0.8394 0.5432
vn 0.0600 0.8725 0.4850
vn -0.2886 0.8145 0.5033
vn 0.1100 0.8610 0.4966
vn 0.3984 0.8223 0.4063
vn 0.4056 0.8101 0.4233
vn 0.4783 0.6806 0.5550
vn 0.5793 0.7343 0.3540
vn 0.6469 0.6357 0.4212
vn 0.7537 0.4722 0.4571
vn 0.8538 0.4906 0.1744
vn 0.8678 0.4969 0.0107
vn 0.8733 0.4856 -0.0393
vn 0.8688 0.4281 -0.2487
vn 0.8489 0.4703 -0.2413
vn 0.6700 0.5270 -0.5229
vn 0.5968 0.4647 -0.6541
vn 0.3957 0.6206 -0.6769
vn 0.4358 0.7206 -0.5393
vn 0.2451 0.6727 -0.6982
vn 0.2223 0.8130 -0.5381
vn 0.2458 0.6842 -0.6866
vn 0.1959 0.8141 -0.5467
vn 0.1404 0.9369 -0.3203
vn 0.2267 0.8071 -0.5452
vn 0.2247 0.8893 -0.3982
vn 0.2618 0.7720 -0.5792
vn 0.2506 0.8462 -0.4703
vn 0.1495 0.9562 -0.2518
vn 0.1612 0.8566 -0.4902
vn 0.1013 0.9632 -0.2489
vn -0.0140 0.9886 0.1499
vn -0.0686 0.9817 0.1774
vn -0.1394 0.8050 0.5767
vn -0.2687 0.8027 0.5324
vn -0.2653 0.2497 0.9313
vn -0.5247 0.3924 0.7554
vn -0.5731 0.5078 0.6432
vn -0.6888 -0.2084 0.6943
vn -0.8295 -0.1231 0.5448
vn -0.6473 -0.5371 0.5408
vn -0.7692 -0.5199 0.3716
vn -0.5609 -0.7554 0.3388
vn -0.6832 -0.6866 0.2486
vn -0.4153 -0.9074 0.0645
vn -0.5610 -0.8269 -0.0392
vn -0.2622 -0.9565 -0.1279
vn -0.2711 -0.8896 -0.3676
vn -0.3248 -0.7108 -0.6239
vn -0.4715 -0.4353 -0.7670
vn -0.5730 -0.2504 -0.7803
vn -0.2599 -0.1194 -0.9582
vn -0.2768 -0.0433 -0.9600
vn -0.1937 0.0939 -0.9766
vn -0.2180 0.0518 -0.9746
vn -0.3578 0.2044 -0.9111
vn -0.1572 0.0461 -0.9865
vn -0.2199 0.2672 -0.9382
vn -0.2868 0.5984 -0.7481
vn 0.0025 0.2738 -0.9618
vn 0.0444 0.6193 -0.7839
vn 0.0469 0.8269 -0.5605
vn 0.2658 0.5705 -0.7771
vn 0.2590 0.7892 -0.5568
vn 0.2111 0.8623 -0.4603
vn 0.4384 0.7670 -0.4686
vn 0.3576 0.8727 -0.3323
vn 0.6505 0.5938 -0.4734
vn 0.6379 0.6920 -0.3378
vn 0.5327 0.8082 -0.2511
vn 0.9054 0.2520 -0.3415
vn 0.9257 0.3235 -0.1958
vn 0.8367 0.4631 -0.2924
vn 0.9470 -0.3096 -0.0856
vn 0.9816 -0.1696 -0.0873
vn 0.9902 0.1277 -0.0567
vn 0.8838 -0.4646 0.0561
vn 0.8566 -0.5131 -0.0548
vn 0.9124 -0.3928 -0.1151
vn 0.9181 -0.3921 0.0572
vn 0.9687 0.0850 -0.2334
vn 0.9979 0.0252 -0.0590
vn 0.7121 0.6349 -0.2998
vn 0.7927 0.5663 -0.2257
vn 0.4983 0.8137 -0.2993
vn 0.5432 0.7793 -0.3125
vn 0.7749 0.5546 -0.3033
vn 0.7749 0.5314 -0.3422
vn 0.8733 0.3940 -0.2865
vn 0.9546 -0.2422 -0.1736
vn 0.9589 -0.2632 -0.1056
vn 0.7531 -0.6575 0.0237
vn 0.7961 -0.6038 0.0415
vn 0.6923 -0.7163 0.0875
vn 0.6993 -0.7086 0.0940
vn 0.6482 -0.7516 0.1225
vn 0.4711 -0.8636 0.1799
vn 0.4088 -0.8856 0.2204
vn 0.0729 -0.9587 0.2750
vn 0.0875 -0.9399 0.3299
vn 0.0952 -0.9240 0.3704
vn -0.1034 -0.9154 0.3890
vn -0.1023 -0.8860 0.4522
vn -0.1357 -0.8126 0.5668
vn 0.0571 -0.9151 0.3992
vn -0.0141 -0.9980 0.0616
vn -0.4110 -0.9092 -0.0662
vn -0.4073 -0.8776 -0.2526
vn 0.1095 -0.9845 -0.1373
vn -0.3630 -0.7326 -0.5758
vn 0.0520 -0.8683 -0.4933
vn -0.7108 -0.6383 -0.2957
vn -0.6474 -0.4616 -0.6065
vn -0.4711 -0.2097 -0.8568
vn -0.7169 -0.3088 -0.6251
vn -0.5234 -0.1377 -0.8409
vn -0.5381 -0.1480 -0.8298
vn -0.4408 -0.2372 -0.8657
vn -0.6280 -0.1807 -0.7570
vn -0.3870 -0.3979 -0.8318
vn -0.5508 -0.2094 -0.8079
vn -0.2055 -0.4739 -0.8562
vn 0.0419 -0.5852 -0.8098
vn -0.1054 -0.5048 -0.8568
vn 0.0778 -0.6245 -0.7771
vn 0.2000 -0.6852 -0.7004
vn 0.1959 -0.6464 -0.7374
vn 0.3058 -0.7111 -0.6331
vn 0.2905 -0.6975 -0.6550
vn 0.5569 -0.7392 -0.3788
vn 0.2956 -0.7583 -0.5811
vn 0.5746 -0.7340 -0.3619
vn 0.8129 -0.5823 -0.0080
vn 0.6081 -0.7406 -0.2857
vn 0.8018 -0.5958 -0.0463
vn 0.8722 -0.4540 0.1818
vn 0.8515 -0.3805 0.3607
vn 0.8319 -0.3279 0.4476
vn 0.7940 -0.2960 0.5310
vn 0.7720 -0.2365 0.5899
vn 0.7579 -0.1842 0.6258
vn 0.6762 -0.6975 -0.2372
vn 0.3013 -0.8132 -0.4980
vn 0.3740 -0.8164 -0.4400
vn 0.4546 -0.7686 -0.4501
vn 0.7421 -0.6087 -0.2808
vn 0.4818 -0.7145 -0.5074
vn 0.7393 -0.5580 -0.3768
vn 0.7986 -0.5142 -0.3128
vn 0.6518 -0.5961 -0.4688
vn 0.4410 -0.6772 -0.5890
vn 0.3283 -0.7243 -0.6063
vn 0.3102 -0.6932 -0.6505
vn 0.1695 -0.7192 -0.6738
vn 0.0536 -0.8004 -0.5970
vn -0.0164 -0.7072 -0.7069
vn -0.1061 -0.7713 -0.6275
vn -0.1733 -0.8276 -0.5338
vn -0.2782 -0.7328 -0.6210
vn -0.3030 -0.7783 -0.5500
vn -0.3853 -0.8235 -0.4163
vn -0.4609 -0.6993 -0.5465
vn -0.5153 -0.7367 -0.4379
vn -0.6001 -0.7633 -0.2393
vn -0.6686 -0.6117 -0.4229
vn -0.7110 -0.6559 -0.2534
vn -0.7474 -0.6504 -0.1356
vn -0.8917 -0.3958 -0.2196
vn -0.8931 -0.4340 -0.1186
vn -0.8686 -0.4800 0.1228
vn -0.9863 -0.1521 -0.0642
vn -0.9767 -0.2049 0.0647
vn -0.9533 -0.2310 0.1948
vn -0.9754 0.2164 -0.0419
vn -0.9754 0.2014 -0.0901
vn -0.9608 0.2527 -0.1139
vn -0.7462 0.5508 -0.3738
vn -0.6603 0.5927 -0.4611
vn -0.6587 0.6208 -0.4251
vn -0.4027 0.6882 -0.6036
vn -0.3366 0.7682 -0.5445
vn -0.3196 0.6446 -0.6945
vn -0.1192 0.7017 -0.7025
vn -0.2946 0.7368 -0.6085
vn 0.0637 0.7362 -0.6738
vn 0.2560 0.6177 -0.7436
vn -0.5210 0.6782 -0.5183
vn -0.6111 0.7620 -0.2142
vn -0.3588 0.8939 -0.2686
vn -0.8055 0.5736 -0.1489
vn -0.8148 0.5775 0.0514
vn -0.6173 0.7833 0.0736
vn -0.9651 0.2617 0.0080
vn -0.9509 0.3095 -0.0014
vn -0.8043 0.5857 0.1001
vn -0.9913 -0.0452 -0.1236
vn -0.9855 0.0581 -0.1596
vn -0.9414 0.3355 -0.0335
vn -0.9022 -0.2925 -0.3169
vn -0.9429 -0.1987 -0.2674
vn -0.9913 0.0729 -0.1098
vn -0.7029 -0.5353 -0.4684
vn -0.8045 -0.4825 -0.3462
vn -0.9690 -0.2198 -0.1127
vn -0.4970 -0.6697 -0.5517
vn -0.6085 -0.6186 -0.4970
vn -0.8680 -0.4349 -0.2395
vn -0.3080 -0.6872 -0.6580
vn -0.4010 -0.7342 -0.5478
vn -0.6871 -0.6319 -0.3585
vn 0.0400 -0.7405 -0.6709
vn 0.0649 -0.8276 -0.5575
vn -0.4406 -0.7553 -0.4851
vn 0.3465 -0.7691 -0.5371
vn 0.2253 -0.8277 -0.5140
vn 0.0567 -0.8500 -0.5238
vn 0.0026 -0.8224 -0.5689
vn -0.2851 -0.7034 -0.6511
vn -0.3620 -0.7356 -0.5726
vn 0.1126 -0.8328 -0.5420
vn 0.1157 -0.8017 -0.5864
vn -0.0068 -0.7640 -0.6452
vn 0.0472 -0.6785 -0.7331
vn -0.1085 -0.5510 -0.8274
vn -0.2121 -0.6320 -0.7454
vn 0.1734 -0.7332 -0.6575
vn -0.3108 -0.3089 -0.8989
vn -0.4286 -0.3523 -0.8320
vn -0.5888 -0.4247 -0.6877
vn -0.5387 -0.1269 -0.8329
vn -0.6989 -0.2507 -0.6698
vn -0.7820 -0.3730 -0.4993
vn -0.6657 -0.5045 -0.5498
vn -0.8263 -0.4700 -0.3104
vn -0.6999 -0.6060 -0.3780
vn -0.8662 -0.4602 -0.1946
vn -0.9447 -0.2423 -0.2212
vn -0.9680 -0.2422 -0.0656
vn -0.9727 -0.2304 -0.0284
vn -0.9831 -0.1739 -0.0573
vn -0.9886 -0.1472 0.0321
vn -0.9989 -0.0455 -0.0076
vn -0.9989 -0.0324 0.0353
vn -0.9847 0.1617 0.0654
vn -0.9555 0.2950 -0.0087
vn -0.9192 0.3790 0.1071
vn -0.8396 0.5358 0.0898
vn -0.8021 0.5921 0.0776
vn -0.7680 0.6357 0.0775
vn -0.6569 0.7444 0.1193
vn -0.6189 0.7687 0.1618
vn -0.6338 0.7700 0.0735
vn -0.4699 0.8680 0.1607
vn -0.3688 0.9265 0.0747
vn -0.5198 0.8526 0.0537
vn -0.6031 0.7960 0.0513
vn -0.2816 0.9420 0.1824
vn -0.2782 0.9567 0.0854
vn -0.7653 0.6437 0.0054
vn -0.8551 0.5180 0.0242
vn -0.6627 0.7349 0.1442
vn -0.8873 0.4579 0.0542
vn -0.9492 0.3145 0.0093
vn -0.8869 0.4566 0.0704
vn -0.9881 0.1530 0.0136
vn -0.9895 -0.0226 -0.1426
vn -0.9691 0.2440 -0.0364
vn -0.9705 -0.1938 -0.1432
vn -0.9078 -0.2681 -0.3225
vn -0.9610 -0.0855 -0.2629
vn -0.9530 -0.1908 -0.2354
vn -0.8779 -0.1707 -0.4474
vn -0.8263 -0.2601 -0.4997
vn -0.8828 -0.1868 -0.4310
vn -0.7620 -0.0987 -0.6400
vn -0.7510 -0.0858 -0.6546
vn -0.6491 0.0027 -0.7607
vn -0.5579 -0.1459 -0.8170
vn -0.6929 -0.1887 -0.6959
vn -0.6518 0.0596 -0.7560
vn -0.6876 0.1874 -0.7015
vn -0.5925 -0.0077 -0.8055
vn -0.5320 -0.0218 -0.8464
vn -0.6819 0.0461 -0.7300
vn -0.7130 0.1372 -0.6876
vn -0.3971 -0.2813 -0.8736
vn -0.7340 0.0514 -0.6772
vn -0.6682 -0.0354 -0.7431
vn -0.4913 -0.1354 -0.8604
vn -0.6207 -0.0330 -0.7834
vn -0.4292 -0.1954 -0.8818
vn -0.4257 -0.2169 -0.8785
vn -0.4939 -0.1357 -0.8588
vn -0.5696 -0.0612 -0.8196
vn -0.4900 -0.1109 -0.8646
vn -0.4768 -0.1453 -0.8669
vn -0.6816 0.2021 -0.7032
vn -0.6424 0.1283 -0.7555
vn -0.6668 0.0637 -0.7425
vn -0.7450 0.4661 -0.4772
vn -0.7700 0.4069 -0.4915
vn -0.8656 0.3129 -0.3910
vn -0.7953 0.0149 -0.6060
vn -0.9527 0.2164 -0.2132
vn -0.9136 -0.0597 -0.4022
vn -0.9730 0.2095 -0.0964
vn -0.9088 0.4141 -0.0515
vn -0.8967 0.4377 0.0654
vn -0.8852 0.4540 0.1014
vn -0.7296 0.6410 0.2385
vn -0.7054 0.6590 0.2610
vn -0.6960 0.6802 0.2299
vn -0.3567 0.8424 0.4040
vn -0.2758 0.8742 0.3997
vn -0.2591 0.9078 0.3298
vn 0.2257 0.8635 0.4510
vn 0.2274 0.8609 0.4551
vn 0.1510 0.9367 0.3158
vn 0.4355 0.7654 0.4739
vn 0.4843 0.7956 0.3640
vn 0.5588 0.8132 0.1626
vn 0.1376 0.9807 0.1386
vn 0.6187 0.7711 0.1502
vn 0.6627 0.7328 0.1544
vn 0.6880 0.7131 0.1347
vn 0.7195 0.5883 0.3689
vn 0.5458 0.7610 0.3507
vn 0.7454 0.6537 0.1305
vn 0.7342 0.6036 0.3110
vn 0.7521 0.3862 0.5340
vn 0.8782 0.3762 0.2953
vn 0.8477 0.2924 0.4426
vn 0.8045 0.1338 0.5787
vn 0.7453 0.1186 0.6561
vn 0.6748 -0.1151 0.7289
vn 0.6326 0.0220 0.7742
vn 0.5763 -0.3848 0.7210
vn 0.5886 0.0599 0.8062
vn 0.5830 0.4410 0.6823
vn 0.4329 0.8348 0.3401
vn -0.0704 0.9783 -0.1949
vn -0.5333 0.6190 -0.5766
vn -0.6696 0.0916 -0.7370
vn -0.5806 0.1484 -0.8006
vn -0.5105 -0.5091 -0.6930
vn -0.1095 -0.9292 -0.3529
vn 0.3620 -0.8976 0.2514
vn 0.9682 -0.0160 0.2495
vn 0.9894 0.0843 0.1183
vn 0.9857 -0.1511 0.0752
vn 0.9389 -0.3093 0.1511
vn 0.9104 0.3896 0.1388
vn 0.8940 0.4364 0.1017
vn 0.9836 0.1775 0.0313
vn 0.7458 0.6501 0.1456
vn 0.7009 0.6483 0.2974
vn 0.8381 0.5089 0.1963
vn 0.6021 0.7206 0.3439
vn 0.4969 0.7467 0.4423
vn 0.6314 0.6755 0.3808
vn 0.5716 0.7389 0.3568
vn 0.7356 0.6202 0.2726
vn 0.7723 0.5664 0.2876
vn 0.4394 0.7970 0.4144
vn 0.4290 0.8140 0.3917
vn 0.5232 0.7755 0.3532
vn 0.4186 0.7994 0.4309
vn 0.3921 0.8268 0.4032
vn 0.3010 0.8714 0.3874
vn 0.4267 0.8499 0.3093
vn 0.1065 0.8905 0.4424
vn -0.0507 0.8874 0.4583
vn -0.4438 0.8044 0.3950
vn -0.7829 0.6113 0.1154
vn -0.7929 0.6046 -0.0758
vn -0.8525 0.4711 -0.2264
vn -0.7691 0.5641 -0.3005
vn -0.7418 0.6560 -0.1396
vn -0.6668 0.7395 0.0924
vn -0.7344 0.6240 -0.2668
vn -0.7196 0.6576 -0.2231
vn -0.7458 0.5077 -0.4312
vn -0.8053 0.4759 -0.3536
vn -0.7408 0.2012 -0.6409
vn -0.7875 0.1473 -0.5984
vn -0.9137 0.3248 -0.2442
vn -0.6308 -0.0328 -0.7753
vn -0.8095 0.0756 -0.5822
vn -0.8303 -0.0726 -0.5526
vn -0.9807 0.0217 -0.1943
vn -0.9574 0.1890 -0.2185
vn -0.9607 0.1016 0.2584
vn -0.8689 0.1144 0.4816
vn -0.9438 -0.2781 -0.1783
vn -0.9293 -0.2245 0.2932
vn -0.8135 -0.1835 0.5518
vn -0.7547 -0.1601 0.6363
vn -0.8031 0.1461 0.5776
vn -0.7738 -0.5249 0.3546
vn -0.6283 -0.5012 0.5951
vn -0.5988 -0.4947 0.6298
vn -0.6734 -0.4616 0.5775
vn -0.7906 -0.0879 0.6060
vn -0.4184 -0.6539 0.6304
vn -0.4480 -0.6794 0.5812
vn -0.5280 -0.6682 0.5241
vn -0.5833 -0.6846 0.4370
vn -0.7930 -0.4231 0.4383
vn -0.2478 -0.8083 0.5341
vn -0.2773 -0.8483 0.4511
vn -0.3089 -0.8579 0.4105
vn -0.3175 -0.8991 0.3014
vn -0.6044 -0.7432 0.2871
vn -0.1754 -0.8782 0.4449
vn -0.1375 -0.9110 0.3888
vn -0.1355 -0.9439 0.3011
vn -0.1970 -0.9624 0.1872
vn -0.3349 -0.9157 0.2223
vn -0.1338 -0.9425 0.3063
vn -0.1401 -0.9747 0.1741
vn -0.1243 -0.9748 0.1851
vn -0.2932 -0.9216 0.2542
vn 0.1196 -0.9745 0.1900
vn 0.1978 -0.9694 0.1455
vn 0.2271 -0.9632 0.1436
vn -0.1327 -0.9518 0.2765
vn 0.5016 -0.8507 0.1573
vn 0.5186 -0.8477 0.1116
vn 0.5124 -0.8582 0.0319
vn 0.4587 -0.8876 -0.0413
vn 0.1646 -0.9806 0.1067
vn 0.6476 -0.7585 0.0729
vn 0.6032 -0.7976 -0.0035
vn 0.5572 -0.8244 -0.0992
vn 0.4941 -0.8547 -0.1591
vn 0.3817 -0.9198 -0.0909
vn 0.6656 -0.7460 -0.0219
vn 0.6290 -0.7660 -0.1329
vn 0.5774 -0.7891 -0.2097
vn 0.5359 -0.8126 -0.2292
vn 0.4226 -0.8855 -0.1931
vn 0.8097 -0.5425 -0.2236
vn 0.7666 -0.5765 -0.2828
vn 0.7287 -0.6192 -0.2926
vn 0.6747 -0.6936 -0.2523
vn 0.4995 -0.8298 -0.2487
vn 0.8224 -0.5050 -0.2620
vn 0.8120 -0.5543 -0.1829
vn 0.6573 -0.7075 -0.2595
vn 0.9324 -0.2818 -0.2265
vn 0.9449 -0.3125 -0.0975
vn 0.9353 -0.3138 -0.1637
vn 0.8112 -0.5340 -0.2383
vn 0.9607 -0.2148 -0.1757
vn 0.9836 -0.1750 -0.0429
vn 0.9859 -0.1340 -0.1002
vn 0.9758 -0.0486 -0.2131
vn 0.9066 -0.2658 -0.3277
vn 1.0000 0.0009 -0.0079
vn 0.9984 -0.0047 -0.0557
vn 0.9936 0.0577 -0.0974
vn 0.9676 0.1921 -0.1638
vn 0.9449 0.0789 -0.3176
vn 0.9839 0.1785 0.0099
vn 0.9651 0.2619 -0.0067
vn 0.8974 0.4404 -0.0274
vn 0.8938 0.3533 -0.2762
vn 0.9222 0.3633 0.1323
vn 0.9050 0.3883 0.1739
vn 0.8764 0.4682 0.1127
vn 0.7789 0.6271 0.0006
vn 0.7485 0.6449 -0.1544
vn 0.8174 0.5216 0.2444
vn 0.8558 0.5032 0.1200
vn 0.8059 0.5872 0.0758
vn 0.6619 0.7478 0.0513
vn 0.5566 0.8289 -0.0560
vn 0.6464 0.6955 0.3137
vn 0.6424 0.6763 0.3603
vn 0.6035 0.7385 0.3006
vn 0.3360 0.9397 0.0639
vn 0.3616 0.7165 0.5965
vn 0.3831 0.6908 0.6132
vn 0.3265 0.8008 0.5020
vn 0.6482 0.6937 0.3140
vn 0.3617 0.8208 0.4421
vn 0.6106 0.7134 0.3438
vn 0.7674 0.5781 0.2774
vn 0.7736 0.5921 0.2257
vn -0.2195 0.9190 -0.3276
vn 0.2076 0.9661 -0.1535
vn -0.0435 0.7046 -0.7082
vn 0.2801 0.7976 -0.5341
vn 0.5306 0.7768 -0.3393
vn 0.3321 0.6044 -0.7242
vn 0.5627 0.5842 -0.5849
vn 0.7471 0.4997 -0.4382
vn 0.5755 0.3226 -0.7514
vn 0.7357 0.2860 -0.6140
vn 0.8714 0.1951 -0.4500
vn 0.7804 -0.0190 -0.6250
vn 0.8439 -0.1650 -0.5105
vn 0.5816 -0.2424 -0.7765
vn 0.6679 -0.3949 -0.6308
vn 0.7714 -0.5016 -0.3915
vn 0.4928 -0.6010 -0.6293
vn 0.6344 -0.6572 -0.4070
vn 0.6619 -0.6822 -0.3107
vn 0.4910 -0.7628 -0.4208
vn 0.4808 -0.7893 -0.3820
vn 0.4694 -0.8175 -0.3337
vn 0.4164 -0.8109 -0.4111
vn 0.3945 -0.8420 -0.3681
vn 0.3856 -0.8848 -0.2616
vn 0.3062 -0.8646 -0.3985
vn 0.3128 -0.9091 -0.2750
vn 0.3265 -0.9314 -0.1609
vn -0.0402 -0.9593 -0.2794
vn 0.0165 -0.9953 -0.0956
vn 0.0857 -0.9958 0.0333
vn -0.2357 -0.9716 -0.0218
vn -0.1868 -0.9733 0.1336
vn -0.1672 -0.9561 0.2406
vn -0.3363 -0.9275 0.1633
vn -0.3596 -0.8915 0.2754
vn -0.3548 -0.8682 0.3470
vn -0.4090 -0.8737 0.2635
vn -0.3948 -0.8499 0.3491
vn -0.3747 -0.8713 0.3168
vn -0.5292 -0.7758 0.3435
vn -0.5659 -0.7537 0.3343
vn -0.5998 -0.7656 0.2324
vn -0.8357 -0.4727 0.2796
vn -0.8753 -0.4410 0.1986
vn -0.8696 -0.4264 0.2489
vn -0.9887 0.1102 0.1017
vn -0.9802 0.0951 0.1737
vn -0.9131 0.0175 0.4074
vn -0.8724 0.2954 0.3894
vn -0.7858 0.2103 0.5816
vn -0.8449 0.1739 0.5059
vn -0.7984 -0.0625 0.5989
vn -0.8513 0.0411 0.5230
vn -0.8277 0.1074 0.5508
vn -0.8005 0.4409 0.4060
vn -0.7980 0.4977 0.3398
vn -0.8383 0.3792 0.3918
vn -0.6735 0.7155 0.1856
vn -0.8745 0.0655 0.4806
vn -0.8911 0.1530 0.4273
vn -0.8585 0.3701 0.3550
vn -0.9495 0.2060 0.2365
vn -0.9269 0.3731 0.0409
vn -0.9439 0.3063 -0.1237
vn -0.9851 0.1369 -0.1038
vn -0.9771 0.1165 0.1782
vn -0.8873 -0.4110 -0.2094
vn -0.9566 0.1996 0.2123
vn -0.9036 -0.2971 -0.3085
vn -0.7941 0.4482 0.4106
vn -0.8779 0.4475 0.1704
vn -0.9601 0.0875 0.2655
vn -0.8598 0.1672 0.4825
vn -0.7994 -0.4886 0.3495
vn -0.7883 -0.4180 0.4515
vn -0.5215 -0.7942 0.3120
vn -0.5863 -0.7671 0.2604
vn -0.6656 -0.7396 0.1003
vn -0.4404 -0.8786 0.1849
vn -0.4858 -0.8732 0.0403
vn -0.5062 -0.8392 -0.1986
vn -0.6313 -0.7468 -0.2092
vn -0.3353 -0.9421 0.0041
vn -0.3763 -0.8972 -0.2312
vn -0.4399 -0.7884 -0.4300
vn -0.4765 -0.7675 -0.4289
vn -0.3043 -0.9187 -0.2518
vn -0.3267 -0.8288 -0.4543
vn -0.3360 -0.8211 -0.4614
vn -0.4447 -0.7762 -0.4470
vn -0.0494 -0.8914 -0.4505
vn -0.0293 -0.8756 -0.4821
vn -0.0464 -0.8981 -0.4373
vn -0.3383 -0.8617 -0.3781
vn 0.3043 -0.8427 -0.4441
vn 0.3007 -0.8388 -0.4538
vn 0.2787 -0.7948 -0.5391
vn -0.1020 -0.8626 -0.4955
vn 0.4335 -0.7896 -0.4342
vn 0.4279 -0.7347 -0.5265
vn 0.3659 -0.6193 -0.6948
vn 0.2354 -0.6934 -0.6810
vn 0.4200 -0.7168 -0.5567
vn 0.2574 -0.6108 -0.7488
vn 0.2601 -0.4926 -0.8305
vn 0.3021 -0.4959 -0.8141
vn -0.9892 0.0847 0.1197
vn 0.3754 0.3195 -0.8701
vn 0.1517 0.2768 -0.9489
vn 0.2744 0.0026 -0.9616
vn 0.0380 0.5390 -0.8414
vn -0.1670 0.4608 -0.8717
vn -0.0032 0.2768 -0.9609
vn -0.2815 0.5819 -0.7630
vn -0.3635 0.5725 -0.7349
vn -0.2408 0.4821 -0.8424
vn -0.5128 0.7602 -0.3989
vn -0.6661 0.6735 -0.3205
vn -0.8240 0.5244 -0.2146
vn -0.4844 0.5801 -0.6549
vn -0.6871 0.4798 -0.5456
vn -0.3968 0.5364 -0.7449
vn -0.3043 0.5363 -0.7873
vn -0.9282 0.3185 -0.1924
vn -0.9423 0.1868 -0.2780
vn -0.8362 0.3114 -0.4513
vn -0.9863 0.1637 -0.0181
vn -0.9374 0.1464 -0.3161
vn -0.8953 0.1417 -0.4223
vn -0.9164 0.1081 -0.3854
vn -0.9896 -0.1268 -0.0678
vn -0.9155 -0.3334 0.2251
vn -0.8617 -0.3726 0.3444
vn -0.9156 0.1129 -0.3860
vn -0.8920 0.1334 -0.4318
vn -0.8889 0.1247 -0.4408
vn -0.9279 0.1183 -0.3535
vn -0.9544 0.1248 -0.2710
vn -0.8853 0.1649 -0.4348
vn -0.8989 0.0054 0.4381
vn -0.8240 0.1012 0.5575
vn -0.9674 0.1380 -0.2122
vn -0.5254 -0.0381 0.8500
vn -0.4535 0.0241 0.8909
vn -0.5848 0.2326 0.7771
vn -0.8789 0.1766 0.4430
vn -0.1450 -0.0194 0.9892
vn -0.1688 -0.0311 0.9852
vn -0.2769 0.2868 0.9171
vn -0.3514 0.5680 0.7442
vn -0.6378 0.4372 0.6341
vn 0.2242 -0.0859 0.9707
vn 0.0697 0.3160 0.9462
vn -0.1162 0.6314 0.7667
vn 0.4713 0.3524 0.8085
vn 0.3301 0.7142 0.6172
vn 0.2915 0.6495 0.7023
vn 0.3097 0.5988 0.7386
vn 0.7655 0.6197 0.1734
vn 0.7474 0.5831 0.3185
vn 0.5981 0.5863 0.5464
vn 0.3584 0.7891 0.4988
vn 0.2067 0.7784 0.5927
vn 0.9177 0.3952 -0.0393
vn 0.8803 0.4248 -0.2114
vn 0.8262 0.1835 -0.5326
vn 0.8891 0.1876 -0.4175
vn 0.6375 -0.0700 -0.7673
vn 0.6619 -0.0276 -0.7491
vn 0.3080 -0.2725 -0.9115
vn 0.2453 -0.2042 -0.9477
vn -0.1200 -0.3944 -0.9111
vn -0.1972 -0.2864 -0.9376
vn -0.5564 -0.3993 -0.7287
vn -0.5780 -0.2785 -0.7670
vn -0.6077 -0.1932 -0.7703
vn -0.6250 0.3695 -0.6877
vn -0.8899 -0.1976 -0.4111
vn -0.9061 -0.2544 -0.3381
vn -0.9987 -0.0493 0.0096
vn -0.9925 -0.1082 -0.0564
vn -0.9208 0.1922 0.3393
vn -0.9299 0.0400 0.3656
vn -0.9913 0.0506 -0.1213
vn -0.8790 -0.0886 -0.4685
vn -0.8348 0.1296 -0.5351
vn -0.6290 -0.1766 -0.7571
vn -0.7294 0.1810 -0.6597
vn -0.8363 0.2567 -0.4844
vn -0.3508 0.2665 -0.8977
vn -0.4488 0.4045 -0.7968
vn -0.4946 0.3482 -0.7963
vn -0.0925 0.4598 -0.8832
vn -0.2134 0.4311 -0.8767
vn -0.2889 0.4832 -0.8265
vn -0.5195 0.3952 -0.7576
vn -0.2545 0.5472 -0.7974
vn -0.4897 0.4994 -0.7147
vn -0.1522 0.5570 -0.8165
vn 0.0279 0.5529 -0.8328
vn 0.1681 0.5387 -0.8255
vn 0.2879 0.4584 -0.8408
vn -0.0733 0.5118 -0.8560
vn 0.3023 0.2299 -0.9251
vn -0.0498 0.3780 -0.9245
vn 0.2425 0.0334 -0.9696
vn 0.6210 0.0777 -0.7800
vn 0.5041 -0.1635 -0.8480
vn 0.4183 -0.1993 -0.8862
vn 0.6430 -0.2381 -0.7279
vn 0.5336 -0.3782 -0.7565
vn 0.7028 -0.2699 -0.6581
vn 0.6067 -0.5394 -0.5838
vn 0.8468 -0.3670 -0.3850
vn 0.6933 -0.6576 -0.2946
vn 0.9115 -0.3995 0.0979
vn 0.7604 -0.6454 0.0724
vn 0.8316 -0.3391 0.4399
vn 0.7742 -0.5134 0.3702
vn 0.8133 -0.5345 0.2299
vn 0.7546 -0.3785 0.5361
vn 0.8367 -0.3071 0.4535
vn 0.9533 -0.2015 0.2248
vn 0.8956 -0.4402 0.0648
vn 0.9898 -0.1359 0.0421
vn 0.9409 -0.3268 -0.0896
vn 0.8459 -0.5015 -0.1816
vn 0.9594 -0.1755 -0.2207
vn 0.8257 -0.4086 -0.3889
vn 0.6928 -0.5653 -0.4477
vn 0.7510 -0.2628 -0.6057
vn 0.5635 -0.4239 -0.7091
vn 0.4552 -0.5173 -0.7247
vn 0.5891 -0.6641 -0.4603
vn 0.2424 -0.6058 -0.7578
vn 0.3432 -0.8053 -0.4834
vn -0.0406 -0.6523 -0.7569
vn 0.0033 -0.8704 -0.4923
vn 0.0784 -0.9796 -0.1848
vn 0.2186 -0.9689 0.1164
vn -0.2666 -0.8347 -0.4819
vn -0.1539 -0.9816 -0.1131
vn 0.0260 -0.9727 0.2308
vn 0.1527 -0.8910 0.4275
vn 0.3279 -0.8826 0.3369
vn -0.2285 -0.9711 -0.0685
vn -0.0539 -0.9510 0.3044
vn 0.0806 -0.8765 0.4746
vn 0.2085 -0.7737 0.5983
vn 0.2551 -0.7864 0.5626
vn -0.3724 -0.8362 0.4026
vn -0.2864 -0.7669 0.5742
vn -0.1428 -0.7026 0.6971
vn 0.0035 -0.6106 0.7920
vn 0.3101 -0.6728 0.6717
vn -0.6288 -0.5485 0.5511
vn -0.5612 -0.4904 0.6667
vn -0.4353 -0.4163 0.7982
vn -0.2950 -0.3563 0.8866
vn 0.0988 -0.5681 0.8170
vn -0.5292 -0.4974 0.6874
vn -0.4895 -0.3708 0.7892
vn -0.4015 -0.2525 0.8804
vn -0.2864 -0.2657 0.9205
vn -0.2036 -0.3943 0.8961
vn -0.2649 -0.4672 0.8436
vn -0.2240 -0.3489 0.9100
vn -0.2519 -0.2413 0.9372
vn -0.4075 -0.3001 0.8625
vn -0.2930 -0.4282 0.8549
vn -0.4990 -0.2523 0.8290
vn -0.6413 0.0133 0.7671
vn -0.7517 0.2818 0.5962
vn -0.7257 0.5176 0.4532
vn -0.5742 -0.1954 0.7951
vn -0.9167 0.2984 0.2659
vn -0.7562 0.6427 0.1231
vn -0.9463 0.3183 0.0561
vn -0.7884 0.6139 0.0385
vn -0.9564 0.2900 0.0352
vn -0.8938 0.4047 0.1932
vn -0.9426 0.1633 0.2912
vn -0.8825 0.1083 0.4577
vn -0.6925 0.2585 0.6736
vn -0.4135 0.3978 0.8190
vn -0.7879 -0.0514 0.6137
vn -0.6309 0.0458 0.7745
vn -0.3298 0.1692 0.9288
vn -0.0647 0.1610 0.9848
vn -0.2327 0.4071 0.8832
vn -0.6884 0.2977 0.6615
vn -0.3309 0.4243 0.8429
vn -0.0698 0.4384 0.8961
vn -0.2442 0.9167 0.3163
vn -0.1253 0.9047 0.4073
vn -0.2015 0.8497 0.4873
vn -0.3363 0.7607 0.5552
vn -0.3973 0.7295 0.5568
vn -0.4521 0.7908 0.4126
vn -0.3386 0.8169 0.4668
vn -0.3175 0.7957 0.5159
vn -0.4730 0.8610 0.1868
vn -0.4123 0.8982 0.1527
vn -0.2682 0.8370 0.4770
vn -0.5428 0.7505 -0.3771
vn -0.5000 0.7655 -0.4048
vn -0.4456 0.8891 0.1046
vn -0.4666 0.5590 -0.6854
vn -0.3744 0.5877 -0.7172
vn -0.4554 0.7874 -0.4154
vn -0.3251 0.4398 -0.8372
vn -0.1226 0.5424 -0.8311
vn -0.2089 0.6691 -0.7132
vn -0.0154 0.3759 -0.9265
vn 0.2148 0.6199 -0.7547
vn 0.1175 0.7125 -0.6918
vn 0.4026 0.2873 -0.8691
vn 0.5330 0.5586 -0.6355
vn 0.3805 0.7674 -0.5160
vn 0.6719 -0.0551 -0.7386
vn 0.6487 0.1412 -0.7478
vn 0.5617 0.6407 -0.5235
vn 0.4399 -0.5775 -0.6877
vn 0.3656 -0.4438 -0.8182
vn 0.5650 0.1986 -0.8008
vn -0.0138 -0.8890 -0.4577
vn -0.0098 -0.8122 -0.5834
vn -0.2952 -0.9297 -0.2202
vn -0.5237 -0.8459 -0.1008
vn 0.5705 0.5592 -0.6016
vn 0.4898 0.7799 -0.3897
vn 0.3294 0.8105 -0.4843
vn 0.0281 0.7864 -0.6171
vn -0.3269 0.8344 -0.4438
vn -0.4670 0.8833 0.0423
vn -0.3211 0.8065 0.4964
vn -0.2651 0.8180 0.5105
vn -0.0523 0.5929 0.8036
vn -0.4926 0.8692 0.0431
vn -0.8676 0.1879 0.4604
vn -0.8545 0.0767 0.5138
vn -0.9264 0.3755 0.0277
vn -0.8887 0.3140 0.3342
vn -0.8486 0.3958 -0.3511
vn -0.9385 0.3307 -0.0990
vn -0.9285 0.3073 -0.2086
vn -0.9622 0.1517 -0.2263
vn -0.7619 0.2526 -0.5965
vn -0.9668 -0.0144 -0.2550
vn -0.6928 0.0652 -0.7181
vn -0.9102 -0.1810 -0.3726
vn -0.6030 -0.1375 -0.7858
vn -0.7938 -0.3592 -0.4908
vn -0.5562 -0.3804 -0.7389
vn -0.9796 0.1451 0.1388
vn -0.9761 0.1860 0.1125
vn -0.9032 0.0344 0.4279
vn -0.8990 -0.0401 0.4360
vn -0.5131 -0.3534 0.7822
vn -0.3794 -0.5509 0.7434
vn -0.5314 -0.6360 0.5596
vn -0.5636 -0.6121 0.5547
vn -0.5799 -0.7137 0.3928
vn -0.6831 -0.6262 0.3757
vn -0.7222 -0.6861 0.0873
vn -0.7576 -0.6476 0.0812
vn -0.9182 -0.3806 0.1097
vn -0.7815 -0.6013 -0.1663
vn -0.9045 -0.4144 -0.1011
vn -0.9912 -0.1319 -0.0098
vn -0.9925 -0.0579 0.1074
vn -0.9872 0.1151 0.1102
vn -0.9931 0.0740 0.0907
vn -0.8999 0.3534 0.2557
vn -0.9570 0.1195 0.2645
vn -0.8084 0.3421 0.4790
vn -0.6045 0.5022 0.6184
vn -0.7321 0.1987 0.6515
vn -0.5445 0.2930 0.7859
vn -0.5032 0.3120 0.8059
vn -0.5304 0.5433 0.6508
vn -0.3108 0.3531 0.8825
vn -0.4688 0.5646 0.6794
vn 0.0829 0.4097 0.9085
vn -0.1018 0.6623 0.7423
vn 0.2653 0.4307 0.8626
vn 0.2493 0.6643 0.7046
vn 0.2311 0.4772 0.8478
vn 0.2922 0.6567 0.6953
vn 0.2892 0.5847 0.7579
vn 0.3317 0.6865 0.6471
vn 0.3590 0.7739 0.5217
vn 0.4577 0.7104 0.5346
vn 0.4825 0.7249 0.4916
vn 0.4937 0.7480 0.4436
vn 0.5947 0.6750 0.4366
vn 0.6164 0.6619 0.4266
vn 0.6197 0.6377 0.4574
vn 0.7233 0.5709 0.3884
vn 0.6992 0.5422 0.4659
vn 0.5412 0.3710 0.7546
vn 0.8287 0.3814 0.4096
vn 0.7222 0.1132 0.6823
vn 0.5446 -0.0500 0.8372
vn 0.8248 -0.0789 0.5599
vn 0.6836 -0.2929 0.6685
vn 0.6768 -0.2058 0.7068
vn 0.7277 -0.3525 0.5884
vn 0.7675 -0.3130 0.5595
vn 0.8081 -0.1104 0.5786
vn 0.7893 -0.3166 0.5260
vn 0.8657 -0.1095 0.4885
vn 0.8665 0.0551 0.4961
vn 0.9035 -0.0843 0.4203
vn 0.9222 0.0837 0.3775
vn 0.9354 -0.0219 0.3530
vn 0.9769 0.1436 0.1584
vn 0.9869 0.0800 0.1402
vn 0.9520 0.2029 -0.2290
vn 0.9739 0.1958 -0.1145
vn 0.8725 0.2197 -0.4364
vn 0.8819 0.3004 -0.3633
vn 0.7768 0.2729 -0.5676
vn 0.7213 0.3870 -0.5744
vn 0.7299 0.3933 -0.5591
vn 0.7792 0.3830 -0.4960
vn 0.4840 0.4695 -0.7384
vn 0.4350 0.5028 -0.7470
vn 0.4737 0.4966 -0.7274
vn 0.5633 0.4449 -0.6962
vn 0.8753 0.3316 -0.3521
vn 0.0099 0.5316 -0.8469
vn 0.0917 0.4853 -0.8695
vn 0.2144 0.5004 -0.8388
vn 0.6445 0.4316 -0.6311
vn 0.7260 0.2947 -0.6214
vn 0.9726 0.1732 -0.1550
vn 0.9490 0.2331 -0.2122
vn 0.3837 0.3299 -0.8625
vn 0.5380 0.0126 -0.8429
vn 0.7892 0.1545 -0.5943
vn 0.0750 0.3104 -0.9476
vn 0.2460 -0.0861 -0.9654
vn -0.2053 -0.1610 -0.9654
vn 0.9436 0.2828 -0.1722
vn 0.8607 0.3541 0.3658
vn 0.9039 -0.0043 0.4276
vn 0.5692 -0.1039 0.8156
vn 0.5899 0.3632 -0.7212
vn 0.7848 0.0013 -0.6197
vn 0.8058 0.0213 -0.5918
vn 0.9315 0.0189 -0.3633
vn 0.9911 -0.0451 0.1250
vn 0.8234 -0.1601 0.5444
vn 0.9184 0.2098 0.3355
vn 0.9453 0.0606 0.3205
vn 0.9415 0.2215 0.2538
vn 0.9827 0.0680 0.1723
vn 0.9543 0.1803 0.2383
vn 0.9742 0.1293 0.1851
vn 0.9993 0.0340 0.0178
vn 0.9234 0.3045 0.2336
vn 0.9599 0.2713 0.0707
vn 0.9522 0.0234 -0.3046
vn 0.8949 0.4322 0.1108
vn 0.9150 0.1996 -0.3505
vn 0.6632 -0.1094 -0.7404
vn 0.8386 0.3640 -0.4054
vn 0.5553 0.0551 -0.8298
vn 0.2814 -0.1451 -0.9485
vn 0.4175 -0.2832 -0.8634
vn 0.4212 0.2616 -0.8684
vn 0.1334 0.0030 -0.9911
vn 0.0523 -0.0923 -0.9944
vn -0.0220 0.1534 -0.9879
vn -0.1265 0.0187 -0.9918
vn -0.0707 0.0693 -0.9951
vn 0.0967 -0.0282 -0.9949
vn 0.0796 0.2716 -0.9591
vn 0.1610 0.2068 -0.9650
vn 0.2064 0.6115 -0.7639
vn 0.1166 0.5133 -0.8502
vn -0.1357 0.3675 -0.9200
vn -0.1511 0.6877 -0.7101
vn -0.3842 0.4629 -0.7988
vn -0.4913 0.3708 -0.7882
vn -0.3725 0.1956 -0.9072
vn -0.5660 0.3579 -0.7426
vn -0.5076 0.0940 -0.8564
vn -0.7509 0.2133 -0.6250
vn -0.6999 -0.0293 -0.7137
vn -0.9047 -0.0413 -0.4241
vn -0.8416 -0.1697 -0.5128
vn -0.9064 -0.1478 -0.3958
vn -0.8181 -0.1499 -0.5552
vn -0.8237 -0.0628 -0.5635
vn -0.7155 -0.0649 -0.6956
vn -0.6117 -0.1564 -0.7754
vn -0.5652 0.0454 -0.8237
vn -0.4503 -0.0134 -0.8928
vn -0.4363 0.1348 -0.8897
vn -0.3935 0.0389 -0.9185
vn -0.4853 0.0919 -0.8695
vn -0.5232 -0.0424 -0.8512
vn -0.6080 -0.1569 -0.7783
vn -0.6609 -0.2232 -0.7165
vn -0.6770 -0.1708 -0.7159
vn -0.7409 -0.2454 -0.6251
vn -0.7832 -0.2854 -0.5524
vn -0.8002 -0.2812 -0.5297
vn -0.6716 -0.2512 -0.6971
vn -0.8151 -0.3214 -0.4820
vn -0.8569 -0.3226 -0.4021
vn -0.9002 -0.2970 -0.3185
vn -0.9275 -0.2800 -0.2477
vn -0.7881 -0.3274 -0.5213
vn -0.9070 -0.4210 0.0117
vn -0.9475 -0.3041 0.0992
vn -0.9705 -0.2055 0.1261
vn -0.9877 -0.1347 0.0798
vn -0.9283 -0.2975 -0.2229
vn -0.7906 -0.2817 0.5437
vn -0.8721 -0.1317 0.4713
vn -0.9253 0.0331 0.3778
vn -0.9911 -0.1290 0.0329
vn -0.6660 -0.0428 0.7447
vn -0.5749 -0.2508 0.7788
vn -0.4152 -0.2259 0.8812
vn -0.4921 0.0187 0.8703
vn -0.2552 -0.2046 0.9450
vn -0.4086 0.0301 0.9122
vn -0.0714 -0.1295 0.9890
vn -0.1433 0.0749 0.9868
vn -0.0274 -0.0079 0.9996
vn 0.1330 0.1496 0.9798
vn -0.0339 0.1593 0.9866
vn 0.1240 0.2316 0.9649
vn 0.1401 0.3580 0.9231
vn 0.1376 0.3767 0.9161
vn 0.2799 0.4711 0.8365
vn 0.2923 0.5390 0.7900
vn 0.5279 0.5311 0.6628
vn 0.4453 0.6328 0.6335
vn 0.4470 0.6853 0.5749
vn 0.7162 0.6080 0.3426
vn 0.6037 0.6846 0.4084
vn 0.5855 0.6909 0.4240
vn 0.8535 0.4996 0.1482
vn 0.7861 0.5457 0.2902
vn 0.7472 0.5589 0.3597
vn 0.9455 0.2898 0.1485
vn 0.8949 0.3440 0.2843
vn 0.8496 0.4090 0.3330
vn 0.9602 0.2193 0.1730
vn 0.9638 0.2667 -0.0060
vn 0.9412 0.3160 0.1194
vn 0.8457 0.4545 0.2796
vn 0.8371 0.5389 0.0940
vn 0.7695 0.6383 0.0213
vn 0.7148 0.5316 -0.4543
vn 0.6637 0.7458 -0.0568
vn 0.5584 0.6871 -0.4649
vn 0.2805 0.4603 -0.8423
vn 0.3984 0.7911 -0.4641
vn 0.1267 0.5828 -0.8027
vn -0.1443 0.2901 -0.9461
vn 0.0210 0.5507 -0.8345
vn -0.1875 0.3317 -0.9246
vn -0.2205 0.3103 -0.9247
vn -0.2537 0.1700 -0.9522
vn -0.1308 0.4477 -0.8846
vn -0.2291 0.2425 -0.9427
vn 0.0701 0.6781 -0.7316
vn -0.1034 0.4489 -0.8876
vn 0.5149 0.8242 -0.2358
vn 0.1354 0.7472 -0.6507
vn 0.0769 0.8626 -0.5000
vn -0.1630 0.8628 -0.4785
vn -0.4010 0.6597 -0.6356
vn -0.2714 0.8227 -0.4996
vn -0.4808 0.6753 -0.5592
vn -0.5392 0.6346 -0.5537
vn -0.5214 0.5154 -0.6801
vn -0.4762 0.6996 -0.5327
vn -0.4913 0.5693 -0.6592
vn -0.5467 0.6507 -0.5270
vn -0.5471 0.5636 -0.6189
vn -0.7667 0.4155 -0.4895
vn -0.7665 0.3508 -0.5380
vn -0.9455 0.0229 -0.3249
vn -0.9343 -0.0062 -0.3565
vn -0.9221 -0.3750 -0.0958
vn -0.9317 -0.2890 -0.2202
vn -0.8855 -0.4443 -0.1361
vn -0.8928 -0.2448 -0.3781
vn -0.8800 -0.2098 -0.4262
vn -0.7952 -0.0567 -0.6036
vn -0.7038 0.0481 -0.7088
vn -0.6547 0.1287 -0.7449
vn -0.5399 0.1920 -0.8196
vn -0.4993 0.3086 -0.8096
vn -0.4888 0.2309 -0.8413
vn -0.5010 0.3442 -0.7941
vn -0.5895 0.1530 -0.7932
vn -0.6241 -0.0379 -0.7804
vn -0.7375 0.0128 -0.6752
vn -0.7581 -0.2105 -0.6172
vn -0.7764 -0.3037 -0.5523
vn -0.8414 -0.4525 -0.2956
vn -0.8169 -0.5479 -0.1803
vn -0.8487 -0.5218 -0.0866
vn -0.6029 -0.6961 0.3897
vn -0.5944 -0.6345 0.4940
vn -0.6947 -0.4563 0.5561
vn -0.3409 -0.5660 0.7506
vn -0.4317 -0.4197 0.7984
vn -0.2899 -0.4969 0.8179
vn -0.3051 -0.3933 0.8673
vn -0.3332 -0.3973 0.8551
vn -0.1988 -0.3282 0.9234
vn -0.3724 -0.2583 0.8914
vn -0.1953 -0.2178 0.9563
vn -0.2312 -0.0874 0.9690
vn -0.2096 -0.0653 0.9756
vn -0.0735 0.0695 0.9949
vn -0.0364 0.1330 0.9904
vn 0.0794 0.2003 0.9765
vn 0.1492 0.2764 0.9494
vn 0.4891 0.2815 0.8256
vn 0.3449 0.3276 0.8796
vn 0.7768 0.2743 0.5668
vn 0.7211 0.3017 0.6237
vn 0.9547 0.2383 0.1784
vn 0.9572 0.2387 0.1636
vn 0.8725 0.4330 0.2265
vn 0.9638 0.1869 -0.1902
vn 0.9551 0.2537 -0.1531
vn 0.9262 0.3767 -0.0148
vn 0.9711 0.1733 -0.1643
vn 0.9735 0.2253 -0.0385
vn 0.9946 -0.0077 -0.1037
vn 0.9888 -0.0150 -0.1485
vn 0.9369 0.1367 0.3219
vn 0.7865 0.4040 0.4672
vn 0.5411 0.2989 0.7860
vn 0.4373 0.4860 0.7567
vn 0.3937 0.3179 0.8626
vn 0.4232 0.4978 0.7570
vn 0.4977 0.6114 0.6152
vn 0.5942 0.4385 0.6743
vn 0.6416 0.5678 0.5157
vn 0.6430 0.7050 0.2993
vn 0.5775 0.7218 0.3816
vn 0.6053 0.7905 0.0930
vn 0.5877 0.7968 0.1406
vn 0.5127 0.8386 -0.1843
vn 0.5456 0.8313 -0.1063
vn 0.3082 0.7748 -0.5520
vn 0.6201 0.6946 -0.3647
vn 0.3179 0.5625 -0.7633
vn 0.0128 0.3351 -0.9421
vn 0.3187 0.1952 -0.9276
vn 0.0618 0.0659 -0.9959
vn 0.1810 0.1099 -0.9773
vn -0.0768 0.2434 -0.9669
vn 0.3870 0.2086 -0.8982
vn 0.0427 0.3219 -0.9458
vn 0.6962 0.2448 -0.6748
vn 0.2931 0.4851 -0.8239
vn 0.5847 0.1388 -0.7993
vn 0.8093 0.1409 -0.5703
vn 0.9962 0.0137 -0.0857
vn 0.8770 0.2086 -0.4328
vn 0.9984 0.0536 0.0174
vn 0.8897 -0.1659 0.4254
vn 0.9876 0.1292 0.0891
vn 0.8748 -0.1246 0.4682
vn 0.9362 -0.0635 0.3456
vn 0.8803 -0.0495 0.4718
vn 0.9670 0.0319 0.2529
vn 0.9481 0.2106 -0.2383
vn 0.9907 0.1283 -0.0452
vn 0.8757 0.2186 -0.4305
vn 0.9402 0.1891 -0.2834
vn 0.9772 0.1914 -0.0916
vn 0.8335 0.2908 -0.4698
vn 0.8463 0.4077 -0.3430
vn 0.5389 0.4823 -0.6906
vn 0.5568 0.6165 -0.5567
vn 0.5383 0.7850 -0.3064
vn 0.4685 0.8802 -0.0757
vn 0.1993 0.7294 -0.6544
vn 0.1370 0.8770 -0.4604
vn 0.0721 0.9383 -0.3383
vn -0.2253 0.8338 -0.5039
vn -0.0333 0.7638 -0.6446
vn -0.2591 0.7728 -0.5794
vn -0.4224 0.7767 -0.4673
vn -0.5846 0.6768 -0.4474
vn -0.5573 0.7104 -0.4298
vn -0.6342 0.6411 -0.4321
vn -0.5358 0.7080 -0.4601
vn -0.5984 0.6455 -0.4747
vn -0.5678 0.6638 -0.4868
vn -0.7504 0.5184 -0.4102
vn -0.7602 0.4764 -0.4417
vn -0.9178 0.3156 -0.2411
vn -0.9501 0.1487 -0.2741
vn -0.9890 -0.1024 0.1067
vn -0.9546 -0.2977 0.0111
vn -0.8931 -0.3395 0.2950
vn -0.8832 -0.4576 0.1026
vn -0.9396 -0.2634 0.2186
vn -0.9525 -0.2859 -0.1053
vn -0.9984 0.0118 -0.0550
vn -0.9214 -0.0031 -0.3886
vn -0.7748 0.0335 -0.6313
vn -0.7553 0.2600 -0.6016
vn -0.5878 0.2970 -0.7525
vn -0.5115 0.4827 -0.7109
vn -0.4421 0.4526 -0.7744
vn -0.3631 0.5795 -0.7296
vn -0.4334 0.5013 -0.7489
vn -0.6262 0.2831 -0.7265
vn -0.5781 0.4695 -0.6673
vn -0.8150 0.1340 -0.5637
vn -0.8790 -0.2055 -0.4303
vn -0.9682 -0.1670 -0.1862
vn -0.8772 -0.4797 0.0210
vn -0.7220 -0.6540 0.2259
vn -0.7777 -0.5376 0.3259
vn -0.5994 -0.6262 0.4985
vn -0.4262 -0.6285 0.6506
vn -0.6423 -0.5225 0.5607
vn -0.4539 -0.5327 0.7143
vn -0.6033 -0.4408 0.6647
vn -0.5186 -0.4175 0.7462
vn -0.4974 -0.3257 0.8040
vn -0.4452 -0.2762 0.8518
vn -0.4463 -0.1668 0.8792
vn -0.2733 -0.1060 0.9561
vn -0.3909 -0.0937 0.9156
vn -0.2609 0.0128 0.9653
vn -0.0376 -0.1001 0.9943
vn 0.0196 0.1255 0.9919
vn 0.4889 -0.1193 0.8641
vn 0.5314 0.2128 0.8200
vn 0.8158 -0.1757 0.5510
vn 0.7853 0.2236 0.5774
vn 0.9515 -0.2408 0.1914
vn 0.9568 0.1413 0.2542
vn 0.8436 -0.3971 0.3615
vn 0.9417 -0.3136 0.1221
vn 0.8605 -0.0716 0.5044
vn 0.5810 0.0369 0.8131
vn 0.4426 0.1255 0.8879
vn 0.7293 0.0470 0.6826
vn 0.3900 0.0611 0.9188
vn 0.3819 0.1470 0.9124
vn 0.4972 0.2979 0.8149
vn 0.4505 0.1877 0.8728
vn 0.6158 0.2789 0.7369
vn 0.6974 0.3537 0.6233
vn 0.6491 0.2947 0.7013
vn 0.7380 0.3316 0.5878
vn 0.8267 0.3733 0.4210
vn 0.7499 0.4726 0.4630
vn 0.8852 0.4079 0.2238
vn 0.7693 0.5843 0.2583
vn 0.8981 0.4282 -0.1002
vn 0.7472 0.6644 0.0178
vn 0.7289 0.3695 -0.5763
vn 0.9446 0.2649 -0.1941
vn 0.6995 0.1371 -0.7014
vn 0.2578 -0.0193 -0.9660
vn 0.6208 0.1464 -0.7701
vn 0.1965 0.0328 -0.9799
vn 0.1729 0.0194 -0.9848
vn 0.1345 -0.0515 -0.9896
vn 0.4939 0.0798 -0.8659
vn 0.3852 0.0395 -0.9220
vn 0.7290 0.1645 -0.6645
vn 0.5286 0.2908 -0.7975
vn 0.8160 0.2842 -0.5034
vn 0.9109 0.2892 -0.2942
vn 0.8107 0.4471 -0.3780
vn 0.9038 0.3685 -0.2176
vn 0.9740 0.1744 0.1449
vn 0.8740 0.4601 -0.1566
vn 0.9344 0.2449 0.2586
vn 0.8907 0.0939 0.4448
vn 0.8816 0.3181 0.3486
vn 0.9145 0.2564 0.3131
vn 0.9179 0.3663 -0.1526
vn 0.9771 0.2027 0.0643
vn 0.7902 0.3724 -0.4867
vn 0.8731 0.2931 -0.3896
vn 0.6996 0.2919 -0.6522
vn 0.8070 0.2663 -0.5271
vn 0.6889 0.1979 -0.6974
vn 0.7775 0.2207 -0.5889
vn 0.8224 0.2372 -0.5170
vn 0.5096 0.2894 -0.8103
vn 0.5319 0.3876 -0.7529
vn 0.0769 0.3535 -0.9323
vn 0.1541 0.4720 -0.8681
vn 0.2037 0.5856 -0.7846
vn -0.1276 0.4690 -0.8739
vn 0.0353 0.6001 -0.7992
vn -0.2805 0.4205 -0.8628
vn -0.1898 0.6031 -0.7748
vn -0.3394 0.4198 -0.8418
vn -0.5211 0.5835 -0.6229
vn -0.4967 0.4835 -0.7208
vn -0.6262 0.5897 -0.5100
vn -0.6896 0.4970 -0.5267
vn -0.6580 0.5852 -0.4739
vn -0.7439 0.4924 -0.4519
vn -0.7541 0.5158 -0.4067
vn -0.8004 0.4810 -0.3578
vn -0.8639 0.4223 -0.2744
vn -0.9581 0.2642 0.1110
vn -0.9846 0.1054 0.1392
vn -0.8287 -0.0510 0.5573
vn -0.8718 -0.1937 0.4500
vn -0.7481 -0.1564 0.6449
vn -0.8648 -0.2279 0.4473
vn -0.9243 0.0410 0.3794
vn -0.9828 0.0208 0.1832
vn -0.9531 0.3024 -0.0141
vn -0.9428 0.3088 -0.1259
vn -0.8967 0.2765 -0.3457
vn -0.7667 0.4994 -0.4035
vn -0.6433 0.4998 -0.5800
vn -0.5020 0.5872 -0.6350
vn -0.4041 0.6020 -0.6887
vn -0.3740 0.5740 -0.7285
vn -0.3271 0.6126 -0.7195
vn -0.3667 0.6065 -0.7055
vn -0.4382 0.5860 -0.6816
vn -0.5861 0.5675 -0.5783
vn -0.8760 0.2608 -0.4056
vn -0.9101 0.3551 -0.2138
vn -0.9993 -0.0309 -0.0188
vn -0.9302 -0.3340 0.1523
vn -0.9610 -0.1686 0.2194
vn -0.8733 -0.3651 0.3227
vn -0.7666 -0.4847 0.4211
vn -0.7913 -0.3606 0.4938
vn -0.6673 -0.4520 0.5919
vn -0.7718 -0.2630 0.5789
vn -0.6397 -0.3432 0.6877
vn -0.6751 -0.2706 0.6863
vn -0.5969 -0.2556 0.7605
vn -0.4038 -0.3870 0.8290
vn -0.4395 -0.2713 0.8563
vn 0.0152 -0.4622 0.8867
vn -0.0537 -0.3739 0.9259
vn 0.5057 -0.4407 0.7416
vn -0.3764 -0.3292 0.8660
vn 0.0344 -0.3526 0.9351
vn -0.4539 -0.0885 0.8866
vn -0.0109 -0.1310 0.9913
vn 0.4594 -0.1358 0.8778
vn -0.0847 0.1229 0.9888
vn 0.3981 -0.0701 0.9146
vn 0.3584 -0.0167 0.9334
vn 0.5754 -0.0645 0.8154
vn -0.1241 0.2163 0.9684
vn 0.1581 0.0598 0.9856
vn -0.2556 0.3344 0.9071
vn -0.1113 0.1976 0.9739
vn 0.1114 0.0734 0.9911
vn 0.2607 0.0491 0.9642
vn -0.0807 0.2508 0.9647
vn -0.0585 0.3247 0.9440
vn 0.3012 0.2514 0.9198
vn 0.1983 0.2519 0.9472
vn 0.5998 0.1819 0.7792
vn 0.5613 0.2158 0.7990
vn 0.7188 0.1504 0.6788
vn 0.6764 0.1847 0.7130
vn 0.6416 0.2279 0.7324
vn 0.5942 0.2738 0.7563
vn 0.6960 0.1525 0.7017
vn 0.6562 0.2267 0.7197
vn 0.6503 0.2854 0.7040
vn 0.5230 0.2592 0.8120
vn 0.7916 0.2612 0.5524
vn 0.7602 0.3243 0.5630
vn 0.9284 0.2756 0.2493
vn 0.8780 0.3336 0.3432
vn 0.9612 0.2580 0.0978
vn 0.9354 0.3091 0.1718
vn 0.9432 0.2413 -0.2285
vn 0.9705 0.2286 0.0763
vn 0.9417 0.2811 -0.1848
vn 0.5910 0.3128 -0.7435
vn 0.9477 0.3043 -0.0967
vn 0.6254 0.4747 -0.6193
vn 0.1858 0.4951 -0.8487
vn 0.1684 0.2651 -0.9494
vn 0.1600 0.5161 -0.8414
vn 0.1699 0.2709 -0.9475
vn 0.5201 0.5333 -0.6671
vn 0.1774 0.6657 -0.7248
vn 0.5086 0.6684 -0.5428
vn 0.7638 0.5594 -0.3220
vn 0.7064 0.6453 -0.2909
vn 0.8378 0.5439 -0.0470
vn 0.6400 0.7243 -0.2565
vn 0.6214 0.7285 -0.2883
vn 0.6975 0.6067 -0.3813
vn 0.6536 0.5534 -0.5163
vn 0.8629 0.2474 -0.4406
vn 0.8003 0.3904 -0.4551
vn 0.7356 0.4847 -0.4732
vn 0.9593 0.1430 -0.2437
vn 0.9913 0.0045 -0.1313
vn 0.9340 -0.0302 -0.3561
vn 0.7468 0.4903 -0.4493
vn 0.9829 0.1543 -0.1004
vn 0.9956 0.0914 -0.0181
vn 0.9868 0.1529 0.0536
vn 0.9842 0.1178 0.1319
vn 0.9700 0.2378 -0.0499
vn 0.9739 0.2097 0.0875
vn 0.6942 0.5245 -0.4929
vn 0.2301 0.6352 -0.7373
vn 0.9558 0.2214 0.1933
vn 0.9666 0.1916 0.1700
vn 0.8285 0.1747 0.5320
vn 0.8694 0.1133 0.4810
vn 0.9228 0.0249 0.3846
vn 0.7641 0.0983 0.6375
vn 0.8344 0.0412 0.5496
vn 0.8827 -0.0763 0.4637
vn 0.7487 0.0981 0.6556
vn 0.7645 -0.0141 0.6445
vn 0.7679 -0.1107 0.6310
vn 0.9007 -0.1366 0.4124
vn 0.7696 -0.1405 0.6228
vn 0.9091 -0.1301 0.3957
vn 0.7568 -0.2189 0.6160
vn 0.8953 -0.2320 0.3803
vn 0.9200 -0.3341 0.2047
vn 0.6766 -0.6781 0.2870
vn 0.6834 -0.7153 0.1459
vn 0.6673 -0.7440 -0.0346
vn 0.9074 -0.4179 -0.0456
vn 0.6588 -0.7106 -0.2470
vn 0.8637 -0.4004 -0.3060
vn 0.9159 -0.2529 -0.3118
vn 0.7726 -0.3611 -0.5222
vn 0.8085 -0.2504 -0.5325
vn 0.8419 -0.1497 -0.5185
vn 0.9343 -0.1751 -0.3104
vn 0.8564 0.1084 -0.5049
vn 0.8241 0.2090 -0.5265
vn 0.8596 0.3905 -0.3296
vn 0.7558 0.3066 -0.5786
vn 0.8789 0.3594 -0.3137
vn 0.8607 0.4169 -0.2922
vn 0.7259 0.3949 -0.5631
vn 0.5420 -0.2672 -0.7968
vn 0.4618 -0.5005 -0.7323
vn 0.3833 -0.4442 -0.8098
vn 0.4661 -0.2380 -0.8521
vn 0.6207 -0.6325 -0.4634
vn 0.2449 -0.9334 -0.2621
vn 0.2154 -0.8254 -0.5218
vn 0.2475 -0.9627 -0.1097
vn -0.0180 -0.9997 -0.0178
vn -0.0444 -0.9961 -0.0761
vn 0.2344 -0.9721 0.0010
vn -0.0020 -0.9998 0.0218
vn -0.0220 -0.9995 0.0239
vn -0.0481 -0.9988 -0.0092
vn 0.2136 -0.9749 0.0627
vn -0.0037 -0.9996 0.0295
vn -0.0184 -0.9994 0.0287
vn -0.0188 -0.9994 0.0298
vn -0.0303 -0.9992 0.0264
vn -0.0309 -0.9882 -0.1497
vn 0.0008 -0.9702 -0.2422
vn -0.0786 -0.9956 -0.0512
vn 0.0651 -0.9543 -0.2916
vn 0.1119 -0.9063 -0.4076
vn 0.2432 -0.7192 -0.6509
vn -0.0632 -0.8504 -0.5224
vn 0.0100 -0.6753 -0.7375
vn 0.0863 -0.4586 -0.8844
vn 0.2093 -0.2572 -0.9434
vn -0.2100 -0.5932 -0.7772
vn -0.2270 -0.3814 -0.8961
vn -0.2401 -0.1816 -0.9536
vn -0.2429 0.0426 -0.9691
vn 0.3534 -0.0628 -0.9334
vn -0.1741 -0.3644 -0.9148
vn -0.1820 -0.2207 -0.9582
vn -0.2156 -0.0055 -0.9765
vn -0.3513 0.2154 -0.9111
vn -0.1418 0.1711 -0.9750
vn -0.2449 -0.2161 -0.9452
vn -0.1212 -0.0907 -0.9885
vn -0.0566 0.1139 -0.9919
vn -0.2200 0.2755 -0.9358
vn -0.4036 0.2779 -0.8717
vn -0.3066 -0.0538 -0.9503
vn -0.0969 0.1205 -0.9880
vn 0.0014 0.2747 -0.9615
vn -0.1281 0.3196 -0.9389
vn -0.3591 0.3281 -0.8737
vn -0.4155 0.2449 -0.8760
vn -0.2501 0.3989 -0.8822
vn -0.3112 0.4309 -0.8471
vn -0.7570 0.5055 -0.4140
vn -0.6877 0.4894 -0.5362
vn -0.8570 0.4377 -0.2719
vn -0.7664 0.4526 -0.4558
vn -0.7071 0.3430 -0.6183
vn -0.7236 0.4605 -0.5142
vn -0.8610 0.3807 -0.3373
vn -0.9190 0.3930 -0.0306
vn -0.8328 0.3590 0.4214
vn -0.8053 0.1601 0.5709
vn -0.6200 0.0136 0.7845
vn -0.7562 0.1389 0.6394
vn -0.9106 0.3477 0.2234
vn -0.8735 0.4754 0.1046
vn -0.8840 0.4263 -0.1917
vn -0.8481 0.4401 -0.2949
vn -0.7488 0.4598 -0.4774
vn -0.6429 0.5080 -0.5732
vn -0.5272 0.4459 -0.7233
vn -0.4408 0.4998 -0.7456
vn -0.4434 0.4144 -0.7948
vn -0.4321 0.4890 -0.7577
vn -0.4233 0.5470 -0.7223
vn -0.5904 0.5025 -0.6316
vn -0.6554 0.5102 -0.5569
vn -0.7422 0.5118 -0.4327
vn -0.8987 0.4120 -0.1500
vn -0.9501 0.3107 0.0275
vn -0.9838 0.0981 0.1504
vn -0.9426 0.2176 0.2534
vn -0.9562 0.0320 0.2909
vn -0.9070 -0.1870 0.3773
vn -0.9218 0.0491 0.3845
vn -0.8712 -0.1220 0.4755
vn -0.8012 0.0030 0.5984
vn -0.7262 -0.1808 0.6632
vn -0.9192 0.2240 0.3239
vn -0.8465 0.2278 0.4811
vn -0.5930 0.2438 0.7674
vn -0.8560 0.3782 0.3524
vn -0.6952 0.4307 0.5755
vn -0.2366 0.2515 0.9385
vn -0.7715 0.4103 0.4862
vn -0.4113 0.2025 0.8888
vn 0.2977 -0.0223 0.9544
vn 0.2474 0.0975 0.9640
vn -0.8480 0.2532 0.4655
vn -0.5168 0.0484 0.8547
vn -0.8662 0.0671 0.4952
vn -0.5263 -0.0558 0.8485
vn -0.8461 -0.1046 0.5227
vn -0.5453 -0.1621 0.8224
vn -0.3089 -0.0404 0.9502
vn -0.5538 -0.3371 0.7613
vn -0.3266 -0.2581 0.9092
vn -0.1141 -0.2155 0.9698
vn -0.1631 0.0247 0.9863
vn 0.1696 -0.2422 0.9553
vn 0.1096 -0.0551 0.9924
vn 0.4050 -0.2173 0.8881
vn 0.4192 -0.1172 0.9003
vn 0.4178 0.0393 0.9077
vn 0.3766 0.1838 0.9080
vn 0.5747 -0.1094 0.8110
vn 0.5828 -0.0028 0.8126
vn 0.5968 0.1117 0.7946
vn 0.5725 -0.1707 0.8019
vn 0.3803 -0.2873 0.8791
vn 0.5631 -0.2343 0.7925
vn 0.2814 -0.6799 0.6772
vn 0.4112 -0.6800 0.6070
vn 0.5608 -0.6789 0.4739
vn 0.0801 -0.9833 0.1633
vn 0.1164 -0.9830 0.1420
vn 0.1785 -0.9790 0.0981
vn -0.0260 -0.9989 0.0394
vn -0.0078 -0.9993 0.0364
vn -0.0142 -0.9995 0.0276
vn -0.0343 -0.9989 0.0320
vn -0.1155 -0.9130 -0.3912
vn -0.1552 -0.9171 -0.3671
vn -0.1900 -0.8206 -0.5389
vn -0.1355 -0.6102 -0.7805
vn -0.0976 -0.9947 0.0307
vn -0.1332 -0.9910 0.0166
vn -0.2270 -0.9739 0.0050
vn -0.1293 -0.9894 0.0662
vn -0.0863 -0.9958 -0.0302
vn -0.1057 -0.9940 -0.0281
vn -0.2592 -0.9658 -0.0079
vn -0.4407 -0.8921 -0.0996
vn -0.0766 -0.9962 -0.0407
vn -0.0977 -0.9947 -0.0314
vn -0.2168 -0.9759 0.0235
vn -0.6336 -0.7473 0.2004
vn -0.7619 -0.6396 0.1020
vn -0.0814 -0.9963 -0.0291
vn -0.2090 -0.9762 0.0582
vn -0.5320 -0.7918 0.3000
vn -0.7446 -0.4781 0.4657
vn -0.9058 -0.3000 0.2992
vn -0.1280 -0.9885 0.0810
vn -0.3553 -0.8462 0.3972
vn -0.5190 -0.5485 0.6556
vn -0.8109 -0.2830 0.5122
vn -0.1686 -0.8795 0.4450
vn -0.2935 -0.5460 0.7847
vn -0.0234 -0.8545 0.5190
vn -0.0706 -0.4958 0.8656
vn 0.1342 -0.7539 0.6431
vn 0.1780 -0.3879 0.9044
vn 0.0087 -0.9905 0.1375
vn 0.0478 -0.9827 0.1788
vn 0.0721 -0.9790 0.1909
vn 0.0194 -0.9991 0.0369
vn 0.0112 -0.9993 0.0343
vn 0.0187 -0.9995 0.0250
vn 0.0083 -0.9996 0.0254
vn -0.0592 -0.9975 -0.0376
vn -0.0367 -0.9990 -0.0251
vn -0.0432 -0.9989 -0.0201
vn -0.0077 -1.0000 -0.0014
vn -0.0075 -0.9999 0.0138
vn -0.0381 -0.9936 0.1067
vn 0.0131 -0.9992 0.0370
vn 0.0146 -0.9997 0.0180
vn -0.9630 0.1060 0.2476
vn -0.9555 -0.0821 0.2832
vn -0.9609 0.2262 0.1598
vn -0.9835 0.0916 0.1558
vn -0.9816 -0.1066 0.1583
vn -0.9638 0.1845 -0.1927
vn -0.9737 0.0407 -0.2241
vn -0.8857 -0.4082 -0.2210
vn -0.7317 0.2659 -0.6277
vn -0.8186 -0.0092 -0.5743
vn -0.6963 -0.6279 -0.3477
vn -0.7155 0.4808 -0.5069
vn -0.9113 -0.2215 -0.3470
vn -0.4297 -0.8940 -0.1275
vn -0.9725 0.0397 -0.2296
vn -0.6592 -0.6801 -0.3208
vn -0.2854 -0.9213 -0.2643
vn -0.1552 -0.9864 -0.0540
vn -0.6345 -0.6758 -0.3750
vn -0.7595 0.6414 -0.1085
vn -0.6506 0.7173 -0.2493
vn -0.7474 0.6347 0.1964
vn -0.5643 0.5353 -0.6285
vn -0.5198 0.4320 -0.7370
vn -0.6049 0.6153 -0.5054
vn -0.7194 0.2816 -0.6350
vn -0.7463 0.2996 -0.5944
vn -0.5072 0.3235 -0.7988
vn -0.9560 0.2705 -0.1134
vn -0.9440 0.3287 -0.0282
vn -0.7832 0.3628 -0.5050
vn -0.9359 0.3044 0.1771
vn -0.9196 0.3392 0.1981
vn -0.9292 0.3651 0.0579
vn -0.9435 0.2536 0.2131
vn -0.9091 0.3598 0.2097
vn -0.8698 0.4216 0.2564
vn -0.9092 0.3453 0.2328
vn -0.9085 0.3112 0.2789
vn -0.9347 0.3021 0.1874
vn -0.9272 0.3555 0.1181
vn -0.8398 0.4714 -0.2692
vn -0.8092 0.4469 -0.3814
vn -0.5511 0.4331 -0.7132
vn -0.5212 0.3403 -0.7827
vn -0.4846 0.3625 -0.7961
vn -0.5591 0.4269 -0.7108
vn -0.6429 0.4409 -0.6264
vn -0.7254 0.5567 -0.4049
vn -0.7053 0.7083 -0.0300
vn -0.7949 0.6026 0.0706
vn -0.6963 0.5877 0.4120
vn -0.8551 0.4490 0.2593
vn -0.6772 0.3487 0.6479
vn -0.9548 0.2610 0.1424
vn -0.9793 0.1930 0.0602
vn -0.7576 0.1678 -0.6308
vn -0.7782 0.2550 -0.5739
vn -0.7940 0.2717 -0.5438
vn -0.8775 0.3005 -0.3737
vn -0.9156 0.3499 0.1980
vn -0.9104 0.4136 0.0070
vn -0.8941 0.4028 0.1957
vn -0.8510 0.4371 -0.2911
vn -0.9094 0.3497 -0.2251
vn -0.5730 0.0832 -0.8154
vn -0.6399 -0.0451 -0.7671
vn -0.4093 -0.1739 -0.8957
vn -0.7255 0.4514 0.5195
vn -0.8185 0.4893 -0.3011
vn -0.3237 0.3603 -0.8749
vn -0.0280 0.2541 -0.9668
vn 0.4723 0.2082 -0.8565
vn 0.4320 0.1179 -0.8941
vn 0.3005 0.0905 0.9495
vn -0.9130 -0.3616 -0.1887
vn -0.7833 -0.5226 -0.3367
vn -0.7743 -0.4251 -0.4687
vn -0.7500 -0.5647 -0.3444
vn -0.7249 -0.4700 -0.5036
vn -0.6963 -0.3555 -0.6235
vn -0.6875 -0.5615 -0.4605
vn -0.5987 -0.4491 -0.6632
vn -0.7356 -0.5944 -0.3249
vn -0.5864 -0.6841 -0.4338
vn -0.5370 -0.7781 -0.3258
vn -0.3754 -0.8060 -0.4576
vn -0.5007 -0.6751 -0.5418
vn -0.7255 -0.6698 -0.1578
vn -0.6984 -0.7073 0.1097
vn -0.4495 -0.8926 0.0354
vn -0.7582 -0.6338 -0.1530
vn -0.6613 -0.6346 0.4000
vn -0.3324 -0.6540 -0.6796
vn -0.5543 0.5191 0.6506
vn -0.6605 0.2022 0.7231
vn -0.7433 0.0133 0.6688
vn -0.7123 0.5875 0.3840
vn -0.5787 -0.1397 0.8035
vn -0.5036 -0.4006 0.7654
vn -0.3633 -0.4903 0.7922
vn -0.3008 -0.6185 0.7259
vn -0.2906 -0.5838 0.7581
vn -0.2372 -0.4990 0.8335
vn -0.0951 -0.7757 0.6240
vn 0.0146 -0.6994 0.7146
vn 0.1093 -0.6055 0.7883
vn 0.1773 -0.7784 0.6022
vn 0.3082 -0.6755 0.6699
vn 0.3492 -0.6368 0.6874
vn 0.3708 -0.6793 0.6333
vn 0.4018 -0.6463 0.6488
vn 0.3485 -0.6896 0.6348
vn 0.4910 -0.6515 0.5784
vn 0.4543 -0.7028 0.5475
vn 0.3948 -0.7866 0.4747
vn 0.7098 -0.6439 0.2858
vn 0.6675 -0.7119 0.2184
vn 0.8510 -0.5229 0.0479
vn 0.8248 -0.5634 -0.0479
vn 0.9034 -0.3643 -0.2262
vn 0.8716 -0.3689 -0.3228
vn 0.8019 -0.4420 -0.4020
vn 0.7866 -0.1798 -0.5908
vn 0.8411 -0.5355 0.0756
vn 0.7151 -0.6173 0.3281
vn 0.6660 -0.7012 0.2544
vn 0.4654 -0.6946 0.5486
vn 0.3470 -0.8380 0.4212
vn 0.2309 -0.7915 0.5659
vn 0.0730 -0.8723 0.4835
vn 0.0318 -0.8551 0.5175
vn -0.0217 -0.8701 0.4924
vn -0.1054 -0.8100 0.5769
vn -0.0142 -0.7964 0.6047
vn -0.2767 -0.5552 0.7843
vn -0.1127 -0.3735 0.9208
vn -0.2784 0.0742 0.9576
vn 0.1500 0.1025 0.9834
vn -0.0984 0.9929 0.0667
vn 0.9965 -0.0069 -0.0837
vn 0.9289 -0.0841 -0.3607
vn 0.9333 0.2620 -0.2456
vn 0.8100 -0.1781 -0.5588
vn 0.8244 0.2314 -0.5165
vn 0.8956 0.3767 -0.2366
vn 0.7496 -0.3322 -0.5724
vn 0.7946 0.1931 -0.5756
vn 0.6749 -0.5025 -0.5404
vn 0.8031 0.0419 -0.5943
vn 0.7019 -0.5567 -0.4444
vn 0.8263 -0.1788 -0.5342
vn 0.7910 0.3318 -0.5140
vn 0.9037 -0.3159 -0.2889
vn 0.8126 -0.5241 -0.2550
vn 0.7615 -0.4547 -0.4619
vn 0.8692 -0.3989 -0.2924
vn 0.9161 0.1422 -0.3748
vn 0.6438 0.6846 -0.3419
vn 0.6304 0.6528 -0.4201
vn 0.5176 0.8004 -0.3025
vn 0.9187 0.0909 -0.3844
vn 0.8509 0.4254 -0.3083
vn 0.8934 -0.4245 -0.1469
vn 0.9477 -0.2865 -0.1409
vn 0.6962 -0.7171 0.0315
vn 0.6514 -0.4522 -0.6092
vn -0.1902 -0.7894 0.5837
vn -0.2468 -0.6884 0.6821
vn -0.6183 -0.6516 0.4393
vn -0.5074 -0.7238 0.4676
vn -0.8019 -0.5953 -0.0517
vn -0.6995 -0.7119 -0.0624
vn -0.8032 -0.4737 -0.3613
vn -0.8587 -0.4992 -0.1158
vn -0.7985 -0.3986 -0.4512
vn -0.6916 -0.2921 -0.6605
vn -0.8124 -0.2806 -0.5112
vn -0.5101 -0.1813 -0.8408
vn -0.5213 -0.1202 -0.8449
vn -0.5298 0.7847 0.3218
vn -0.2964 0.8122 0.5025
vn -0.3226 0.7918 0.5187
vn -0.0674 0.7684 0.6364
vn -0.3501 0.6008 0.7186
vn -0.1673 0.3952 0.9032
vn -0.4136 0.1745 0.8936
vn -0.6351 0.4498 0.6279
vn -0.3678 0.2665 0.8909
vn -0.6381 0.5421 0.5468
vn -0.6828 0.7190 0.1301
vn -0.5597 0.6725 0.4842
vn -0.6986 0.7121 0.0696
vn -0.6461 0.6824 -0.3419
vn -0.8300 0.5537 0.0672
vn -0.7772 0.4584 -0.4311
vn -0.5697 0.3332 -0.7512
vn -0.4016 0.5477 -0.7340
vn -0.1624 0.1179 -0.9797
vn -0.5807 0.3061 -0.7544
vn -0.2429 0.1417 -0.9596
vn 0.2082 -0.0664 -0.9758
vn -0.2523 0.2420 -0.9369
vn 0.1814 -0.0294 -0.9830
vn 0.4428 -0.1658 -0.8812
vn 0.4538 -0.1752 -0.8737
vn 0.7135 -0.2686 -0.6471
vn 0.7238 -0.2460 -0.6446
vn 0.9347 -0.3540 -0.0304
vn 0.9751 -0.2168 -0.0463
vn 0.7546 -0.2783 0.5943
vn 0.7966 -0.0475 0.6027
vn 0.8352 0.0963 0.5414
vn 0.4829 0.0973 0.8703
vn 0.5341 0.2817 0.7971
vn 0.4871 0.0448 0.8722
vn 0.3904 0.3391 0.8559
vn 0.3494 0.1591 0.9234
vn 0.2508 -0.2448 0.9366
vn 0.1749 0.2877 0.9416
vn 0.0085 -0.0386 0.9992
vn -0.0144 -0.1292 0.9915
vn -0.1860 0.4990 0.8464
vn 0.2859 0.3727 0.8828
vn -0.0890 0.5146 0.8528
vn -0.6014 0.5941 0.5343
vn 0.0217 0.2940 0.9556
vn -0.5792 0.4662 0.6687
vn -0.8642 0.5031 -0.0022
vn -0.4771 0.5122 0.7142
vn -0.7449 0.6548 -0.1282
vn -0.6702 0.5718 -0.4732
vn -0.7635 0.4154 -0.4945
vn -0.5544 0.4577 -0.6951
vn -0.6209 0.6806 -0.3889
vn -0.5495 0.6075 -0.5736
vn -0.2801 0.3834 -0.8801
vn -0.4929 0.7008 -0.5157
vn 0.1805 0.0077 -0.9835
vn 0.4862 -0.2318 -0.8426
vn 0.7724 -0.3745 -0.5130
vn 0.7136 -0.3760 -0.5912
vn 0.8805 -0.4735 -0.0224
vn 0.7498 -0.3948 0.5310
vn 0.5334 -0.2800 0.7982
vn 0.4237 -0.1311 0.8963
vn 0.3626 -0.2151 0.9068
vn 0.1972 -0.0357 0.9797
vn 0.3064 0.1838 0.9340
vn 0.0695 0.0495 0.9964
vn 0.2452 0.2327 0.9411
vn 0.0329 0.0952 0.9949
vn 0.1182 -0.0646 0.9909
vn -0.2131 0.2465 0.9454
vn -0.6252 0.7006 0.3439
vn -0.5548 0.8164 -0.1603
vn -0.6587 0.7230 -0.2082
vn -0.5512 0.7628 -0.3381
vn -0.1367 0.9658 0.2205
vn 0.6008 0.1243 0.7897
vn 0.4992 0.6768 0.5410
vn 0.5725 -0.1661 0.8029
vn 0.8939 -0.2598 -0.3654
vn 0.9358 0.3281 0.1288
vn 0.9634 0.2632 0.0500
vn 0.9978 0.0272 -0.0610
vn 0.9987 -0.0381 -0.0327
vn 0.9628 -0.2557 -0.0878
vn 0.9438 -0.3295 0.0253
vn 0.7449 -0.6658 -0.0418
vn 0.7045 -0.7083 -0.0453
vn 0.8471 -0.5301 0.0386
vn 0.4742 -0.8786 -0.0570
vn 0.5596 -0.8256 0.0724
vn 0.0882 -0.9890 0.1185
vn 0.0665 -0.9158 0.3960
vn 0.5879 -0.7530 0.2956
vn 0.0594 -0.8537 0.5173
vn 0.5915 -0.7196 0.3636
vn 0.8845 -0.4484 0.1290
vn 0.6156 -0.6886 0.3831
vn 0.9099 -0.4003 0.1088
vn 0.9535 0.1074 -0.2817
vn 0.9654 -0.0095 -0.2608
vn 0.6946 0.4946 -0.5223
vn 0.7079 0.3911 -0.5882
vn 0.4436 0.6680 -0.5975
vn 0.4118 0.5615 -0.7177
vn 0.3650 0.7156 -0.5956
vn 0.3523 0.5746 -0.7388
vn 0.4434 0.5306 -0.7224
vn 0.2755 0.6277 -0.7281
vn 0.5636 0.7329 -0.3811
vn 0.4272 0.8085 -0.4047
vn 0.6754 0.5887 -0.4441
vn 0.4839 0.6615 -0.5729
vn 0.6640 0.4234 -0.6163
vn 0.4838 0.4769 -0.7338
vn 0.2417 0.5233 -0.8172
vn 0.5387 0.6280 -0.5617
vn 0.3612 0.6970 -0.6194
vn 0.0269 0.5530 -0.8327
vn 0.6039 0.7119 -0.3584
vn 0.6821 0.5387 -0.4945
vn 0.7594 0.6084 -0.2304
vn 0.8667 0.4311 -0.2509
vn 0.6980 0.5312 -0.4803
vn 0.7389 0.2421 -0.6288
vn 0.9164 0.4002 0.0060
vn 0.9601 0.2795 -0.0021
vn 0.9297 0.1003 0.3545
vn 0.9555 0.0736 0.2856
vn 0.8094 -0.1119 0.5765
vn 0.8360 -0.1365 0.5314
vn 0.8651 -0.3488 0.3604
vn 0.5147 -0.4458 0.7323
vn 0.3898 -0.6960 0.6030
vn 0.1812 -0.8768 0.4454
vn 0.8177 -0.5512 0.1662
vn -0.2708 -0.8051 0.5278
vn -0.4452 -0.7701 0.4568
vn -0.3815 -0.8812 0.2792
vn -0.5516 -0.6965 0.4589
vn -0.4951 -0.7655 0.4110
vn -0.4146 -0.8765 -0.2446
vn -0.3579 -0.8332 0.4214
vn -0.5357 -0.8326 -0.1408
vn -0.5289 -0.5159 -0.6739
vn -0.5899 -0.7709 -0.2401
vn -0.6936 -0.3895 -0.6060
vn -0.8102 -0.1865 -0.5557
vn -0.7927 -0.5757 -0.2005
vn -0.8839 -0.4676 -0.0115
vn -0.8940 -0.1180 -0.4323
vn -0.2190 -0.9139 0.3417
vn -0.3687 -0.8264 0.4255
vn -0.4779 -0.7233 0.4985
vn -0.5190 -0.6732 0.5267
vn -0.8764 -0.4546 0.1589
vn -0.1532 -0.7412 0.6536
vn -0.2997 -0.7282 0.6163
vn -0.4192 -0.6902 0.5898
vn -0.5753 -0.6397 0.5098
vn -0.2221 -0.7677 0.6011
vn -0.2842 -0.7482 0.5995
vn -0.3247 -0.7085 0.6266
vn -0.3407 -0.6209 0.7060
vn -0.4531 -0.6002 0.6591
vn -0.2568 -0.7515 0.6077
vn -0.2325 -0.7134 0.6611
vn -0.2456 -0.6400 0.7281
vn -0.3240 -0.5803 0.7472
vn -0.3830 -0.5481 0.7435
vn -0.0191 -0.7082 0.7057
vn -0.0534 -0.6650 0.7450
vn -0.1786 -0.6421 0.7455
vn -0.3048 -0.7237 0.6192
vn -0.3928 -0.6772 0.6221
vn 0.3120 -0.6278 0.7131
vn 0.2420 -0.6872 0.6849
vn 0.1123 -0.8063 0.5808
vn -0.3500 -0.7781 0.5215
vn 0.6594 -0.5649 0.4962
vn 0.6694 -0.4741 0.5720
vn 0.8924 -0.2601 0.3687
vn 0.9182 -0.3032 0.2549
vn 0.9944 0.0603 0.0870
vn 0.9835 0.1613 -0.0821
vn 0.8958 0.3892 -0.2146
vn 0.7895 0.5374 -0.2965
vn 0.9914 -0.0728 0.1086
vn 0.9220 0.2414 -0.3028
vn 0.9760 -0.0551 0.2108
vn 0.9269 0.3098 -0.2119
vn 0.8707 -0.3262 0.3682
vn 0.8455 -0.2906 0.4479
vn 0.6878 -0.4937 0.5321
vn 0.7202 -0.4011 0.5661
vn 0.6379 -0.3038 0.7077
vn 0.4016 -0.6004 0.6916
vn 0.2055 -0.6113 0.7643
vn -0.0729 -0.7147 0.6956
vn -0.2319 -0.7511 0.6181
vn -0.3983 -0.7589 0.5151
vn -0.4981 -0.7824 0.3738
vn -0.3099 -0.7707 0.5568
vn -0.0515 -0.7336 0.6776
vn 0.3587 -0.6413 0.6783
vn -0.3421 -0.8577 0.3838
vn -0.4482 -0.7316 0.5138
vn -0.4319 -0.6484 0.6269
vn -0.4686 -0.5109 0.7207
vn -0.5710 -0.5868 0.5742
vn -0.8593 -0.4582 0.2273
vn -0.9471 -0.0359 -0.3190
vn -0.8042 0.0901 -0.5874
vn 0.2189 0.2730 -0.9368
vn -0.0111 0.0924 -0.9957
vn 0.2065 0.2221 -0.9529
vn 0.4448 0.3729 -0.8143
vn 0.2005 0.2517 -0.9468
vn 0.3241 0.4815 -0.8144
vn 0.2396 0.5393 -0.8073
vn 0.2712 0.5321 -0.8021
vn 0.3276 0.5244 -0.7859
vn 0.2665 0.7084 -0.6536
vn 0.3092 0.5766 -0.7562
vn 0.2617 0.7170 -0.6461
vn 0.1551 0.6285 -0.7622
vn 0.1655 0.7041 -0.6906
vn 0.1752 0.7499 -0.6379
vn -0.1131 0.7076 -0.6975
vn -0.1016 0.7755 -0.6231
vn -0.0747 0.8701 -0.4872
vn -0.2178 0.7772 -0.5903
vn -0.1713 0.8446 -0.5073
vn -0.0614 0.9724 -0.2251
vn -0.0190 0.9750 -0.2212
vn 0.0673 0.9747 0.2131
vn 0.0556 0.9808 0.1869
vn 0.1660 0.5901 0.7901
vn 0.0964 0.7247 0.6823
vn 0.1435 0.0051 0.9896
vn 0.0992 0.1170 0.9882
vn 0.1089 -0.2689 0.9570
vn 0.1083 -0.3024 0.9470
vn -0.2952 -0.3105 0.9036
vn 0.1382 -0.6281 0.7657
vn -0.2714 -0.6404 0.7185
vn 0.1062 -0.8820 0.4591
vn -0.2387 -0.8629 0.4455
vn 0.0162 -0.9933 0.1142
vn -0.1952 -0.9692 0.1499
vn -0.0444 -0.9989 0.0129
vn -0.1599 -0.9869 0.0213
vn -0.1467 -0.9423 -0.3009
vn -0.0677 -0.9362 -0.3448
vn 0.0098 -0.8842 -0.4670
vn 0.0512 -0.6218 -0.7815
vn 0.2505 -0.5945 -0.7641
vn 0.1412 0.0559 -0.9884
vn 0.3644 -0.0247 -0.9309
vn -0.2462 -0.6104 -0.7529
vn -0.2486 0.0888 -0.9645
vn -0.1415 0.6314 -0.7624
vn -0.4324 0.0921 -0.8970
vn -0.2854 0.6098 -0.7393
vn -0.2389 0.7212 -0.6502
vn -0.1715 0.6166 -0.7684
vn -0.1148 0.7447 -0.6574
vn -0.1061 0.7347 -0.6701
vn 0.0985 0.7462 -0.6584
vn 0.0551 0.6688 -0.7414
vn 0.0988 0.8176 -0.5672
vn -0.0438 0.8327 -0.5520
vn 0.1624 0.9600 -0.2281
vn 0.0536 0.9722 -0.2281
vn 0.1119 0.8933 0.4353
vn 0.1262 0.9449 0.3019
vn -0.0741 0.2828 0.9563
vn 0.1049 0.4257 0.8988
vn -0.1631 -0.0414 0.9857
vn 0.0250 -0.0681 0.9974
vn -0.1883 -0.1820 0.9651
vn -0.0237 -0.2512 0.9676
vn -0.2527 -0.4151 0.8740
vn -0.0916 -0.4676 0.8792
vn 0.0978 -0.5432 0.8339
vn -0.1883 -0.7472 0.6374
vn 0.0481 -0.8462 0.5308
vn -0.2746 -0.9329 0.2329
vn -0.0616 -0.9910 0.1188
vn -0.3100 -0.9501 -0.0345
vn -0.1190 -0.9919 -0.0451
vn -0.3939 -0.8546 -0.3384
vn -0.2505 -0.9224 -0.2939
vn -0.4607 -0.4823 -0.7451
vn -0.4198 -0.5629 -0.7120
vn -0.3742 0.1030 -0.9216
vn -0.3878 -0.4195 -0.8208
vn -0.2121 0.0774 -0.9742
vn 0.0465 0.6273 -0.7774
vn -0.0131 0.0187 -0.9997
vn 0.2634 0.5811 -0.7700
vn 0.3272 0.7384 -0.5896
vn 0.3530 0.5080 -0.7857
vn 0.4349 0.7388 -0.5147
vn 0.4196 0.7338 -0.5343
vn 0.2670 0.6818 -0.6811
vn 0.4004 0.7847 -0.4733
vn 0.2498 0.8015 -0.5434
vn 0.3744 0.9041 -0.2062
vn 0.2507 0.9390 -0.2355
vn 0.1026 0.8001 0.5910
vn 0.0708 0.8407 0.5368
vn -0.2700 0.0797 0.9596
vn -0.2012 0.1518 0.9677
vn -0.3401 -0.0759 0.9373
vn -0.2614 -0.0199 0.9650
vn -0.3716 -0.1094 0.9219
vn -0.2997 -0.1073 0.9480
vn -0.4616 -0.3316 0.8228
vn -0.3854 -0.3587 0.8501
vn -0.5505 -0.6042 0.5761
vn -0.4625 -0.6026 0.6503
vn -0.3364 -0.6596 0.6721
vn -0.5080 -0.7837 0.3574
vn -0.4061 -0.8506 0.3339
vn -0.4931 -0.8656 -0.0878
vn -0.4353 -0.8993 -0.0411
vn -0.3495 -0.6900 -0.6338
vn -0.4459 -0.7519 -0.4857
vn -0.1910 -0.3840 -0.9033
vn -0.2752 -0.6718 -0.6877
vn 0.0095 -0.2798 -0.9600
vn 0.1505 0.0446 -0.9876
vn 0.2307 0.1529 -0.9610
vn 0.3896 0.4963 -0.7758
vn 0.2451 0.1995 -0.9488
vn 0.4051 0.4985 -0.7664
vn 0.4825 0.7127 -0.5091
vn 0.4706 0.7259 -0.5017
vn 0.4928 0.7306 -0.4726
vn 0.4808 0.7415 -0.4679
vn 0.4954 0.7505 -0.4373
vn 0.4814 0.7582 -0.4397
vn 0.4897 0.8358 -0.2482
vn 0.4609 0.8695 -0.1776
vn 0.1329 0.7501 0.6478
vn 0.1189 0.7581 0.6412
vn -0.3975 -0.0859 0.9136
vn -0.3430 0.0284 0.9389
vn -0.4607 -0.1958 0.8657
vn -0.4330 -0.1552 0.8879
vn -0.5559 -0.2575 0.7904
vn -0.4903 -0.1936 0.8498
vn -0.7080 -0.4135 0.5724
vn -0.6087 -0.3736 0.7000
vn -0.7777 -0.5604 0.2847
vn -0.6917 -0.5904 0.4159
vn -0.7626 -0.6245 0.1689
vn -0.6966 -0.6899 0.1972
vn -0.5803 -0.7642 0.2817
vn -0.5331 -0.8407 -0.0951
vn -0.7003 -0.6664 0.2560
vn -0.7109 -0.6179 0.3359
vn -0.7478 -0.5630 0.3517
vn -0.8369 -0.5468 -0.0241
vn -0.8676 -0.4812 0.1254
vn -0.7710 -0.1949 -0.6063
vn -0.2802 0.1949 -0.9399
vn -0.0255 0.2880 -0.9573
vn -0.3447 0.3429 -0.8739
vn 0.0067 0.5342 -0.8454
vn 0.1913 0.5609 -0.8055
vn -0.1656 0.7300 -0.6631
vn 0.1371 0.7562 -0.6399
vn 0.3318 0.7365 -0.5895
vn -0.3985 0.8757 -0.2727
vn 0.1187 0.8656 -0.4864
vn 0.3572 0.7973 -0.4866
vn -0.7955 0.5773 0.1844
vn -0.1617 0.9572 -0.2401
vn 0.2590 0.8865 -0.3834
vn -0.8289 0.0591 0.5562
vn -0.7124 -0.1542 0.6846
vn -0.8779 -0.0543 0.4757
vn -0.8098 -0.3203 0.4916
vn -0.7691 -0.3791 0.5146
vn -0.8004 -0.3740 0.4685
vn -0.7734 -0.4938 0.3975
vn -0.7616 -0.5405 0.3574
vn -0.8420 0.5312 0.0936
vn -0.9592 -0.0643 0.2752
vn -0.9017 -0.0050 -0.4324
vn -0.5708 0.6330 -0.5229
vn 0.0215 -0.0244 -0.9995
vn -0.4667 -0.7483 0.4713
vn -0.4067 -0.7544 0.5153
vn 0.7550 0.1933 0.6266
vn 0.6091 0.6756 0.4155
vn 0.6166 0.6557 0.4358
vn 0.4463 0.8499 0.2801
vn 0.4354 0.8705 0.2293
vn -0.1656 -0.0200 0.9860
vn -0.9421 -0.0839 0.3245
vn -0.9192 -0.3434 0.1927
vn -0.8948 -0.4462 -0.0156
vn -0.7726 -0.5424 0.3299
vn -0.8493 -0.5227 -0.0744
vn -0.8064 -0.4828 0.3415
vn -0.6363 -0.6317 0.4428
vn -0.3718 0.7203 -0.5856
vn 0.4100 0.4738 -0.7794
vn 0.9774 -0.2036 -0.0565
vn 0.3911 -0.5736 0.7197
vn -0.3511 -0.3851 0.8534
vn -0.9031 0.3640 0.2279
vn -0.2822 0.7251 0.6282
vn -0.7751 0.3964 0.4921
vt 0.067800 0.557900
vt 0.067700 0.549900
vt 0.069900 0.550300
vt 0.070600 0.557300
vt 0.071900 0.550900
vt 0.073300 0.556600
vt 0.821600 0.635100
vt 0.823600 0.634600
vt 0.823600 0.636500
vt 0.820400 0.636600
vt 0.226100 0.542900
vt 0.222300 0.541300
vt 0.223700 0.538200
vt 0.227800 0.540700
vt 0.817300 0.650000
vt 0.819200 0.649200
vt 0.819300 0.652300
vt 0.817400 0.652100
vt 0.225000 0.535100
vt 0.230100 0.539400
vt 0.074600 0.549700
vt 0.074200 0.541000
vt 0.076800 0.541700
vt 0.075500 0.552100
vt 0.079400 0.542900
vt 0.226500 0.545500
vt 0.221300 0.544500
vt 0.104700 0.513600
vt 0.096400 0.524900
vt 0.095000 0.520500
vt 0.101200 0.508800
vt 0.104000 0.495200
vt 0.107900 0.496500
vt 0.113300 0.497800
vt 0.112900 0.518000
vt 0.178800 0.519400
vt 0.173300 0.512100
vt 0.177800 0.511200
vt 0.186900 0.521300
vt 0.169100 0.513700
vt 0.176700 0.525200
vt 0.187500 0.528500
vt 0.107200 0.531500
vt 0.103300 0.529000
vt 0.117200 0.496900
vt 0.117000 0.513900
vt 0.123300 0.530900
vt 0.120100 0.535200
vt 0.139600 0.560300
vt 0.137600 0.561100
vt 0.138000 0.558200
vt 0.139300 0.558100
vt 0.145900 0.548700
vt 0.148900 0.551800
vt 0.143700 0.546700
vt 0.137300 0.557100
vt 0.137900 0.557900
vt 0.129700 0.552800
vt 0.130900 0.549300
vt 0.132500 0.546400
vt 0.138800 0.557700
vt 0.138000 0.558000
vt 0.161600 0.516800
vt 0.155600 0.534200
vt 0.151800 0.529900
vt 0.155500 0.513900
vt 0.168700 0.529100
vt 0.160600 0.500100
vt 0.164900 0.500700
vt 0.156100 0.498900
vt 0.137600 0.559500
vt 0.137800 0.558600
vt 0.138300 0.557300
vt 0.138400 0.556100
vt 0.136800 0.559400
vt 0.136900 0.560600
vt 0.136600 0.562100
vt 0.137200 0.556000
vt 0.138400 0.553800
vt 0.135700 0.543400
vt 0.138300 0.543100
vt 0.137800 0.556700
vt 0.140900 0.543700
vt 0.465600 0.266900
vt 0.468500 0.267700
vt 0.468200 0.270700
vt 0.466400 0.269600
vt 0.463500 0.267900
vt 0.463200 0.266100
vt 0.464000 0.271400
vt 0.471100 0.267100
vt 0.472400 0.269500
vt 0.458000 0.263000
vt 0.460700 0.261100
vt 0.465100 0.260300
vt 0.473500 0.261200
vt 0.477600 0.262900
vt 0.469600 0.260200
vt 0.450300 0.224900
vt 0.441800 0.213900
vt 0.448000 0.209700
vt 0.453600 0.220900
vt 0.454800 0.207200
vt 0.458800 0.222700
vt 0.456900 0.229000
vt 0.446500 0.228000
vt 0.455800 0.233400
vt 0.455300 0.238100
vt 0.442500 0.234500
vt 0.456000 0.245000
vt 0.448200 0.245600
vt 0.441900 0.246300
vt 0.436200 0.236800
vt 0.431500 0.223700
vt 0.437100 0.219000
vt 0.427000 0.229100
vt 0.464100 0.244100
vt 0.463600 0.238400
vt 0.471200 0.234300
vt 0.474700 0.238800
vt 0.478100 0.227500
vt 0.481800 0.229300
vt 0.487700 0.232200
vt 0.481700 0.240700
vt 0.471400 0.220700
vt 0.472900 0.208200
vt 0.478100 0.210600
vt 0.474000 0.223800
vt 0.466600 0.222000
vt 0.467100 0.205900
vt 0.467800 0.229200
vt 0.232000 0.154200
vt 0.245100 0.156800
vt 0.243900 0.160600
vt 0.228500 0.156400
vt 0.229200 0.151400
vt 0.246200 0.152700
vt 0.223500 0.154200
vt 0.221900 0.153200
vt 0.219700 0.154700
vt 0.219800 0.151900
vt 0.222400 0.151800
vt 0.228600 0.146200
vt 0.229800 0.148500
vt 0.229800 0.150600
vt 0.678200 0.269100
vt 0.677800 0.270800
vt 0.676300 0.269400
vt 0.676400 0.268200
vt 0.671600 0.261600
vt 0.673600 0.260600
vt 0.670600 0.262200
vt 0.674800 0.268700
vt 0.675300 0.270600
vt 0.668400 0.266800
vt 0.669700 0.263800
vt 0.350000 0.186900
vt 0.353000 0.174500
vt 0.372900 0.176700
vt 0.364200 0.198000
vt 0.386800 0.182300
vt 0.379100 0.196000
vt 0.558900 0.178900
vt 0.545500 0.189900
vt 0.537200 0.173500
vt 0.548000 0.145300
vt 0.564000 0.137200
vt 0.571000 0.164900
vt 0.579300 0.188100
vt 0.569400 0.196500
vt 0.405300 0.148900
vt 0.394600 0.166900
vt 0.379700 0.158300
vt 0.385100 0.137800
vt 0.409600 0.119500
vt 0.418300 0.121400
vt 0.420300 0.147400
vt 0.399500 0.113800
vt 0.375800 0.128400
vt 0.391200 0.108500
vt 0.528300 0.163400
vt 0.535500 0.137900
vt 0.535500 0.107500
vt 0.547900 0.108300
vt 0.561700 0.106600
vt 0.138300 0.239000
vt 0.140200 0.220000
vt 0.151500 0.223700
vt 0.147400 0.244000
vt 0.145800 0.257700
vt 0.136400 0.254300
vt 0.156500 0.242600
vt 0.153400 0.259200
vt 0.016400 0.877100
vt 0.024900 0.869300
vt 0.026500 0.871100
vt 0.016100 0.880800
vt 0.803200 0.639200
vt 0.805600 0.638500
vt 0.805200 0.641500
vt 0.802300 0.642300
vt 0.011700 0.875400
vt 0.022300 0.867300
vt 0.806800 0.638100
vt 0.806200 0.637200
vt 0.807000 0.636800
vt 0.807600 0.637700
vt 0.810200 0.638300
vt 0.809000 0.640300
vt 0.809900 0.635900
vt 0.805400 0.637600
vt 0.805900 0.637400
vt 0.806300 0.638300
vt 0.802800 0.637300
vt 0.803600 0.635700
vt 0.023200 0.887800
vt 0.020100 0.887500
vt 0.032200 0.882600
vt 0.032900 0.885800
vt 0.806600 0.634000
vt 0.810200 0.632400
vt 0.033400 0.888800
vt 0.021300 0.890100
vt 0.159500 0.225500
vt 0.549700 0.426900
vt 0.554600 0.444300
vt 0.542400 0.452800
vt 0.530300 0.429800
vt 0.521300 0.445800
vt 0.503900 0.435200
vt 0.507400 0.423500
vt 0.508800 0.409600
vt 0.529100 0.411500
vt 0.547600 0.412900
vt 0.533500 0.510800
vt 0.543700 0.500400
vt 0.550000 0.510400
vt 0.541800 0.520200
vt 0.519300 0.513300
vt 0.518500 0.504400
vt 0.530000 0.498800
vt 0.537100 0.490100
vt 0.690100 0.344100
vt 0.680300 0.342500
vt 0.688900 0.332200
vt 0.696500 0.338000
vt 0.692200 0.351200
vt 0.677000 0.355400
vt 0.702600 0.343300
vt 0.765200 0.426000
vt 0.776800 0.423700
vt 0.767500 0.436800
vt 0.762500 0.435000
vt 0.692400 0.491900
vt 0.684600 0.480900
vt 0.704800 0.477600
vt 0.714600 0.489000
vt 0.721200 0.470900
vt 0.726400 0.477100
vt 0.733900 0.481400
vt 0.730300 0.491900
vt 0.715600 0.499700
vt 0.697300 0.500800
vt 0.729800 0.500600
vt 0.958800 0.772800
vt 0.949700 0.786700
vt 0.933000 0.770900
vt 0.940600 0.758500
vt 0.969100 0.772300
vt 0.986000 0.796300
vt 0.978100 0.801000
vt 0.967600 0.810700
vt 0.119700 0.766700
vt 0.108300 0.789200
vt 0.102700 0.781400
vt 0.113100 0.761500
vt 0.126300 0.785000
vt 0.115100 0.798200
vt 0.557900 0.370000
vt 0.553500 0.382100
vt 0.535700 0.375700
vt 0.537700 0.360400
vt 0.511200 0.365900
vt 0.507400 0.356900
vt 0.527900 0.347800
vt 0.511100 0.376000
vt 0.539300 0.334800
vt 0.549100 0.341900
vt 0.563800 0.359300
vt 0.669200 0.308500
vt 0.684600 0.305100
vt 0.688800 0.311200
vt 0.671300 0.319700
vt 0.682200 0.326900
vt 0.670400 0.339000
vt 0.658300 0.334100
vt 0.693100 0.317300
vt 0.105900 0.851200
vt 0.106500 0.855700
vt 0.090300 0.858700
vt 0.091500 0.850200
vt 0.102300 0.844200
vt 0.107900 0.847100
vt 0.899600 0.772900
vt 0.908600 0.766900
vt 0.919900 0.782000
vt 0.906100 0.790100
vt 0.900800 0.749900
vt 0.885900 0.758800
vt 0.884400 0.776400
vt 0.102600 0.844800
vt 0.107100 0.840100
vt 0.108100 0.840600
vt 0.110900 0.843000
vt 0.120300 0.836400
vt 0.122000 0.842500
vt 0.123100 0.848900
vt 0.792100 0.420200
vt 0.786800 0.417300
vt 0.789600 0.407600
vt 0.802800 0.406500
vt 0.791300 0.398500
vt 0.804800 0.393600
vt 0.811700 0.413000
vt 0.798000 0.424500
vt 0.241200 0.194000
vt 0.233200 0.193700
vt 0.229900 0.167800
vt 0.241200 0.166300
vt 0.251900 0.172000
vt 0.249700 0.195900
vt 0.224300 0.559200
vt 0.225200 0.573400
vt 0.220700 0.573300
vt 0.218500 0.559600
vt 0.212900 0.570500
vt 0.207000 0.567300
vt 0.212300 0.554200
vt 0.557500 0.337000
vt 0.569000 0.353800
vt 0.552400 0.320000
vt 0.552900 0.317900
vt 0.550400 0.318800
vt 0.710600 0.552000
vt 0.703300 0.540400
vt 0.716600 0.539900
vt 0.721700 0.548700
vt 0.681800 0.293800
vt 0.682000 0.299500
vt 0.667900 0.299800
vt 0.670200 0.290100
vt 0.728000 0.556400
vt 0.723700 0.561100
vt 0.786800 0.618400
vt 0.790100 0.616600
vt 0.790000 0.620200
vt 0.786100 0.622900
vt 0.739300 0.597700
vt 0.760400 0.594200
vt 0.762400 0.604800
vt 0.737000 0.612800
vt 0.753000 0.635500
vt 0.735000 0.649700
vt 0.720500 0.625900
vt 0.238900 0.459500
vt 0.268900 0.473400
vt 0.263300 0.487500
vt 0.229300 0.484500
vt 0.261100 0.501600
vt 0.235000 0.503800
vt 0.242500 0.547300
vt 0.241100 0.535300
vt 0.251100 0.537500
vt 0.253100 0.547000
vt 0.178000 0.172600
vt 0.187500 0.170200
vt 0.193100 0.197300
vt 0.186500 0.201100
vt 0.261100 0.559300
vt 0.254800 0.567000
vt 0.249600 0.568600
vt 0.238300 0.552000
vt 0.114500 0.657600
vt 0.125600 0.652300
vt 0.129800 0.660600
vt 0.118800 0.668200
vt 0.102400 0.670800
vt 0.096800 0.666800
vt 0.108400 0.653400
vt 0.107300 0.676800
vt 0.760900 0.689200
vt 0.756700 0.719300
vt 0.744700 0.717300
vt 0.747900 0.679400
vt 0.766300 0.654300
vt 0.775900 0.665200
vt 0.735500 0.716700
vt 0.735000 0.684500
vt 0.723500 0.658400
vt 0.819600 0.448600
vt 0.803900 0.447800
vt 0.811000 0.434800
vt 0.820100 0.438100
vt 0.833900 0.433400
vt 0.839000 0.444500
vt 0.827200 0.424800
vt 0.795000 0.610300
vt 0.792300 0.612200
vt 0.792300 0.608400
vt 0.795900 0.604500
vt 0.492500 0.630000
vt 0.484300 0.615700
vt 0.489700 0.612900
vt 0.498900 0.631100
vt 0.485500 0.636700
vt 0.480500 0.618400
vt 0.763900 0.561200
vt 0.754100 0.555500
vt 0.767900 0.550900
vt 0.770500 0.557100
vt 0.657400 0.562600
vt 0.668000 0.566500
vt 0.663900 0.582700
vt 0.645300 0.587800
vt 0.667100 0.600900
vt 0.654700 0.608700
vt 0.626800 0.582500
vt 0.647100 0.558100
vt 0.629300 0.611300
vt 0.615200 0.607500
vt 0.177400 0.614400
vt 0.172800 0.609100
vt 0.179900 0.604200
vt 0.183500 0.614000
vt 0.183900 0.628300
vt 0.177100 0.626200
vt 0.169200 0.622300
vt 0.128700 0.678700
vt 0.140500 0.673400
vt 0.135400 0.682700
vt 0.130100 0.682900
vt 0.125400 0.689500
vt 0.120800 0.687600
vt 0.129800 0.691800
vt 0.604100 0.587700
vt 0.605300 0.574500
vt 0.624300 0.564400
vt 0.599100 0.603500
vt 0.156300 0.630900
vt 0.161600 0.617500
vt 0.166300 0.636600
vt 0.155000 0.641200
vt 0.144400 0.635600
vt 0.144200 0.631300
vt 0.162500 0.645400
vt 0.502900 0.303400
vt 0.506200 0.307700
vt 0.490100 0.311000
vt 0.491000 0.303800
vt 0.493700 0.296600
vt 0.507600 0.297700
vt 0.514900 0.300200
vt 0.125500 0.675700
vt 0.137400 0.667800
vt 0.148600 0.675100
vt 0.140400 0.684600
vt 0.268600 0.567900
vt 0.265800 0.574500
vt 0.264400 0.583800
vt 0.254800 0.580500
vt 0.253000 0.590300
vt 0.879500 0.359300
vt 0.879600 0.339000
vt 0.888000 0.338100
vt 0.887700 0.365200
vt 0.896800 0.382900
vt 0.883000 0.393700
vt 0.873300 0.382100
vt 0.866700 0.374500
vt 0.866800 0.344600
vt 0.870200 0.356000
vt 0.815800 0.813900
vt 0.808500 0.828500
vt 0.778400 0.819300
vt 0.782500 0.797300
vt 0.769600 0.773300
vt 0.788200 0.767800
vt 0.802800 0.786300
vt 0.752000 0.796300
vt 0.749100 0.775400
vt 0.752300 0.815300
vt 0.509500 0.291200
vt 0.521100 0.290800
vt 0.510600 0.284400
vt 0.523900 0.284200
vt 0.527100 0.292900
vt 0.520100 0.303300
vt 0.165300 0.656800
vt 0.153300 0.654500
vt 0.158100 0.651200
vt 0.170100 0.653500
vt 0.151500 0.661200
vt 0.145400 0.657600
vt 0.172400 0.660900
vt 0.156500 0.665400
vt 0.589700 0.648900
vt 0.570900 0.657200
vt 0.565100 0.643700
vt 0.578500 0.632200
vt 0.583900 0.673400
vt 0.573000 0.673700
vt 0.609200 0.656500
vt 0.592400 0.676500
vt 0.590800 0.617900
vt 0.604400 0.626900
vt 0.619000 0.631800
vt 0.798500 0.549700
vt 0.793500 0.541300
vt 0.811000 0.543500
vt 0.812200 0.549500
vt 0.815000 0.563600
vt 0.812200 0.567300
vt 0.791900 0.555300
vt 0.818200 0.559600
vt 0.284200 0.577700
vt 0.289200 0.580500
vt 0.290200 0.583500
vt 0.282100 0.578100
vt 0.299300 0.386200
vt 0.317400 0.405000
vt 0.305100 0.414400
vt 0.283000 0.398000
vt 0.326300 0.383000
vt 0.334700 0.399700
vt 0.290500 0.584000
vt 0.282200 0.581100
vt 0.275100 0.579700
vt 0.276400 0.574200
vt 0.614600 0.676000
vt 0.599800 0.688200
vt 0.636300 0.637300
vt 0.631900 0.653800
vt 0.631600 0.669200
vt 0.291100 0.593300
vt 0.282300 0.596100
vt 0.281200 0.587200
vt 0.288100 0.587300
vt 0.297400 0.588900
vt 0.823100 0.550400
vt 0.825000 0.557400
vt 0.840900 0.562900
vt 0.837700 0.569400
vt 0.232200 0.642800
vt 0.235500 0.653400
vt 0.220100 0.651000
vt 0.219300 0.642800
vt 0.204300 0.648300
vt 0.201100 0.644900
vt 0.213600 0.637200
vt 0.206500 0.651900
vt 0.711400 0.747900
vt 0.725800 0.748300
vt 0.721900 0.775800
vt 0.699300 0.776800
vt 0.718100 0.797400
vt 0.697200 0.798500
vt 0.333500 0.596600
vt 0.324000 0.583800
vt 0.327600 0.574800
vt 0.339800 0.590000
vt 0.350300 0.593600
vt 0.350800 0.608500
vt 0.343900 0.609400
vt 0.338100 0.612100
vt 0.242000 0.640800
vt 0.244800 0.648300
vt 0.234100 0.662300
vt 0.221600 0.657600
vt 0.936400 0.117800
vt 0.932400 0.121700
vt 0.929700 0.109800
vt 0.936000 0.109800
vt 0.943300 0.109900
vt 0.942100 0.120000
vt 0.939400 0.128300
vt 0.951600 0.144300
vt 0.959100 0.146500
vt 0.955200 0.160300
vt 0.944300 0.156900
vt 0.950900 0.179300
vt 0.942300 0.176100
vt 0.936500 0.148500
vt 0.943700 0.140600
vt 0.276000 0.661700
vt 0.271700 0.650300
vt 0.284200 0.648600
vt 0.290400 0.660800
vt 0.287000 0.673500
vt 0.285300 0.681500
vt 0.270100 0.667700
vt 0.260400 0.653400
vt 0.297400 0.676200
vt 0.704500 0.839400
vt 0.726500 0.840900
vt 0.722800 0.853400
vt 0.695600 0.854000
vt 0.721100 0.864000
vt 0.695900 0.865500
vt 0.684800 0.849300
vt 0.690000 0.838200
vt 0.673400 0.846600
vt 0.662700 0.855700
vt 0.657700 0.847200
vt 0.954600 0.485400
vt 0.953500 0.474500
vt 0.959200 0.474500
vt 0.963600 0.494700
vt 0.942800 0.486300
vt 0.942500 0.475000
vt 0.957700 0.499100
vt 0.300700 0.691000
vt 0.931400 0.532200
vt 0.920500 0.526300
vt 0.923900 0.518100
vt 0.937500 0.527500
vt 0.933100 0.541200
vt 0.917400 0.536700
vt 0.944500 0.539600
vt 0.299800 0.943100
vt 0.285300 0.938600
vt 0.289600 0.932000
vt 0.307200 0.937900
vt 0.306600 0.950500
vt 0.288100 0.947400
vt 0.331700 0.942200
vt 0.330100 0.948600
vt 0.331200 0.956200
vt 0.802400 0.187100
vt 0.796500 0.182600
vt 0.810000 0.177200
vt 0.811900 0.181000
vt 0.821500 0.175600
vt 0.819200 0.181700
vt 0.808500 0.191400
vt 0.294900 0.699100
vt 0.281800 0.686900
vt 0.313900 0.708000
vt 0.307400 0.712000
vt 0.306200 0.675600
vt 0.312900 0.690500
vt 0.323600 0.706200
vt 0.986800 0.364000
vt 0.988100 0.372100
vt 0.983600 0.366100
vt 0.983500 0.361700
vt 0.989700 0.373800
vt 0.989000 0.374000
vt 0.989500 0.372100
vt 0.990100 0.371400
vt 0.990400 0.371400
vt 0.989700 0.374200
vt 0.988600 0.374500
vt 0.063200 0.917800
vt 0.061100 0.917400
vt 0.070300 0.917400
vt 0.070400 0.919000
vt 0.061600 0.918000
vt 0.059600 0.917600
vt 0.070200 0.919900
vt 0.059800 0.918000
vt 0.061800 0.918200
vt 0.059300 0.918100
vt 0.058800 0.917400
vt 0.061600 0.919000
vt 0.939800 0.564900
vt 0.928600 0.563300
vt 0.929500 0.555600
vt 0.943300 0.559200
vt 0.951000 0.561900
vt 0.943600 0.568600
vt 0.929200 0.569600
vt 0.841400 0.163700
vt 0.840400 0.169400
vt 0.831200 0.166700
vt 0.830900 0.161200
vt 0.830900 0.155900
vt 0.838000 0.157900
vt 0.850300 0.171200
vt 0.848600 0.175100
vt 0.840100 0.154100
vt 0.846200 0.158600
vt 0.852900 0.167000
vt 0.153200 0.024000
vt 0.158500 0.019600
vt 0.155800 0.026700
vt 0.151900 0.028800
vt 0.831300 0.150700
vt 0.168100 0.016700
vt 0.167700 0.017200
vt 0.166700 0.016400
vt 0.167800 0.014900
vt 0.163400 0.016000
vt 0.163900 0.019700
vt 0.161900 0.019400
vt 0.161800 0.015900
vt 0.165600 0.020100
vt 0.155700 0.015700
vt 0.157700 0.016400
vt 0.150500 0.020300
vt 0.149200 0.018500
vt 0.156800 0.013300
vt 0.160200 0.014400
vt 0.148100 0.016600
vt 0.168300 0.020800
vt 0.166800 0.022500
vt 0.168000 0.030200
vt 0.165600 0.030100
vt 0.163600 0.029400
vt 0.991600 0.668200
vt 0.989600 0.655300
vt 0.994800 0.656100
vt 0.995900 0.665600
vt 0.948600 0.584400
vt 0.963800 0.570700
vt 0.966100 0.574100
vt 0.951800 0.586700
vt 0.936000 0.590700
vt 0.941000 0.598800
vt 0.958000 0.596000
vt 0.991500 0.679100
vt 0.990200 0.686000
vt 0.982600 0.683400
vt 0.982600 0.678500
vt 0.981200 0.669600
vt 0.986500 0.668900
vt 0.997500 0.675400
vt 0.358100 0.717900
vt 0.347200 0.700200
vt 0.356300 0.699300
vt 0.372100 0.717400
vt 0.362000 0.695700
vt 0.375300 0.708600
vt 0.392400 0.716100
vt 0.394100 0.725600
vt 0.377000 0.732100
vt 0.363000 0.731700
vt 0.396700 0.735600
vt 0.555400 0.857900
vt 0.568900 0.853300
vt 0.572600 0.863600
vt 0.553600 0.871800
vt 0.566000 0.847500
vt 0.547000 0.851000
vt 0.385500 0.664400
vt 0.383100 0.655900
vt 0.392800 0.659900
vt 0.392500 0.667300
vt 0.353600 0.731400
vt 0.365000 0.740500
vt 0.353600 0.741700
vt 0.349900 0.740800
vt 0.348000 0.730900
vt 0.347100 0.750700
vt 0.344900 0.748000
vt 0.345300 0.739100
vt 0.340400 0.742900
vt 0.341600 0.730800
vt 0.333100 0.732900
vt 0.560600 0.884000
vt 0.576400 0.874000
vt 0.579300 0.883300
vt 0.556300 0.893100
vt 0.541100 0.886900
vt 0.465800 0.710900
vt 0.477400 0.717700
vt 0.468900 0.724100
vt 0.446100 0.719800
vt 0.434500 0.710600
vt 0.450100 0.704900
vt 0.463200 0.729700
vt 0.441400 0.727800
vt 0.100700 0.154600
vt 0.105000 0.134900
vt 0.117100 0.139500
vt 0.116800 0.154900
vt 0.478500 0.707200
vt 0.484900 0.711200
vt 0.534400 0.906900
vt 0.537200 0.896900
vt 0.556600 0.899800
vt 0.559200 0.906100
vt 0.510300 0.895700
vt 0.519800 0.888000
vt 0.541300 0.924100
vt 0.529600 0.936400
vt 0.520300 0.917100
vt 0.562300 0.915100
vt 0.350200 0.764100
vt 0.354300 0.763600
vt 0.353100 0.768200
vt 0.348000 0.767200
vt 0.348400 0.761800
vt 0.353900 0.759500
vt 0.344900 0.765100
vt 0.434900 0.817000
vt 0.451600 0.841300
vt 0.432800 0.848900
vt 0.418100 0.828200
vt 0.152500 0.164000
vt 0.154500 0.148800
vt 0.163500 0.150600
vt 0.160800 0.172100
vt 0.503600 0.675700
vt 0.499400 0.683400
vt 0.490000 0.680000
vt 0.491700 0.670600
vt 0.533400 0.959500
vt 0.545400 0.939800
vt 0.549400 0.948300
vt 0.537900 0.967500
vt 0.525200 0.965000
vt 0.521800 0.941000
vt 0.321200 0.777600
vt 0.327000 0.779800
vt 0.322400 0.786600
vt 0.317500 0.781100
vt 0.473000 0.860200
vt 0.462300 0.867100
vt 0.454900 0.874700
vt 0.426500 0.862100
vt 0.339700 0.795400
vt 0.339200 0.787000
vt 0.345500 0.789200
vt 0.346300 0.795300
vt 0.357400 0.793200
vt 0.356500 0.801600
vt 0.508600 0.972800
vt 0.518200 0.967500
vt 0.519300 0.991000
vt 0.512900 0.988200
vt 0.571000 0.772100
vt 0.572500 0.769600
vt 0.588600 0.777100
vt 0.590100 0.783000
vt 0.583800 0.786500
vt 0.567500 0.776300
vt 0.601100 0.795700
vt 0.594600 0.798200
vt 0.601900 0.781500
vt 0.604700 0.786600
vt 0.921100 0.687100
vt 0.920100 0.693000
vt 0.899800 0.674900
vt 0.903800 0.669600
vt 0.925000 0.693600
vt 0.922400 0.694700
vt 0.923000 0.694700
vt 0.926700 0.696800
vt 0.931000 0.702700
vt 0.925300 0.708700
vt 0.906600 0.702000
vt 0.912000 0.694100
vt 0.933700 0.699800
vt 0.937200 0.697700
vt 0.618300 0.797400
vt 0.622600 0.805000
vt 0.617000 0.807100
vt 0.610800 0.795600
vt 0.185900 0.851100
vt 0.176400 0.850400
vt 0.176500 0.837600
vt 0.187500 0.833000
vt 0.885300 0.719200
vt 0.885500 0.707200
vt 0.901400 0.713200
vt 0.896000 0.726400
vt 0.208300 0.850700
vt 0.217800 0.850000
vt 0.219600 0.856500
vt 0.203800 0.860900
vt 0.217500 0.840500
vt 0.200300 0.837700
vt 0.195800 0.854200
vt 0.633900 0.766800
vt 0.649100 0.766800
vt 0.643600 0.787100
vt 0.633200 0.786800
vt 0.628200 0.753500
vt 0.644700 0.737000
vt 0.651400 0.743200
vt 0.659000 0.745200
vt 0.676800 0.696800
vt 0.677600 0.692800
vt 0.682700 0.707000
vt 0.678100 0.708200
vt 0.673200 0.708800
vt 0.674400 0.694200
vt 0.673600 0.689100
vt 0.966500 0.738400
vt 0.957900 0.735400
vt 0.959900 0.731000
vt 0.970700 0.737500
vt 0.975600 0.741100
vt 0.969700 0.742800
vt 0.957100 0.741000
vt 0.972900 0.733000
vt 0.965300 0.724800
vt 0.968400 0.721600
vt 0.977300 0.732700
vt 0.977900 0.737800
vt 0.972700 0.736700
vt 0.962000 0.728300
vt 0.666200 0.694000
vt 0.669900 0.690100
vt 0.672200 0.693600
vt 0.669100 0.696500
vt 0.665800 0.706700
vt 0.661300 0.704800
vt 0.670500 0.708200
vt 0.350900 0.281300
vt 0.354900 0.287000
vt 0.337600 0.300600
vt 0.331700 0.296200
vt 0.329200 0.291900
vt 0.346900 0.277100
vt 0.325800 0.314500
vt 0.321400 0.310000
vt 0.317000 0.305400
vt 0.232200 0.345000
vt 0.237700 0.336600
vt 0.241500 0.339200
vt 0.233000 0.349400
vt 0.228600 0.345700
vt 0.234500 0.334200
vt 0.228300 0.351400
vt 0.255300 0.385500
vt 0.261100 0.380800
vt 0.263100 0.384500
vt 0.254700 0.389700
vt 0.251800 0.384000
vt 0.258700 0.377700
vt 0.801000 0.628700
vt 0.800700 0.625900
vt 0.803700 0.626400
vt 0.803500 0.628700
vt 0.246600 0.359300
vt 0.253700 0.351900
vt 0.257400 0.355400
vt 0.246500 0.363400
vt 0.242100 0.359500
vt 0.250300 0.349000
vt 0.240400 0.365300
vt 0.249200 0.400100
vt 0.251700 0.397900
vt 0.252700 0.400500
vt 0.249200 0.402900
vt 0.799100 0.623900
vt 0.801200 0.623800
vt 0.798500 0.625900
vt 0.798600 0.622200
vt 0.801400 0.621800
vt 0.805400 0.621800
vt 0.804700 0.624300
vt 0.798500 0.620000
vt 0.801700 0.619600
vt 0.805600 0.619200
vt 0.244500 0.374600
vt 0.251200 0.368800
vt 0.253700 0.371900
vt 0.247000 0.378000
vt 0.802000 0.617200
vt 0.805500 0.616600
vt 0.242200 0.370600
vt 0.248800 0.365900
vt 0.259800 0.357500
vt 0.262800 0.360100
vt 0.277100 0.347800
vt 0.280500 0.351500
vt 0.265700 0.362800
vt 0.273600 0.344900
vt 0.288000 0.331900
vt 0.291800 0.335900
vt 0.269900 0.341800
vt 0.284200 0.327500
vt 0.299600 0.315200
vt 0.303900 0.319500
vt 0.266500 0.338600
vt 0.281200 0.324000
vt 0.295700 0.310800
vt 0.309400 0.298000
vt 0.312700 0.301900
vt 0.277900 0.320500
vt 0.291700 0.306700
vt 0.305300 0.293900
vt 0.320800 0.280200
vt 0.323700 0.283500
vt 0.288000 0.302500
vt 0.301100 0.289700
vt 0.317400 0.276600
vt 0.334200 0.259800
vt 0.337200 0.262800
vt 0.297900 0.285400
vt 0.314600 0.272200
vt 0.329200 0.255300
vt 0.342200 0.237400
vt 0.347800 0.241100
vt 0.310600 0.267700
vt 0.323900 0.251200
vt 0.336100 0.233800
vt 0.348200 0.217100
vt 0.355500 0.220400
vt 0.318400 0.247200
vt 0.329800 0.230300
vt 0.341200 0.213900
vt 0.567600 0.820300
vt 0.570800 0.816600
vt 0.578200 0.827100
vt 0.575600 0.829600
vt 0.323600 0.226500
vt 0.334700 0.210500
vt 0.572900 0.832600
vt 0.564500 0.824200
vt 0.555500 0.816800
vt 0.558500 0.812200
vt 0.569900 0.835900
vt 0.561300 0.828500
vt 0.552500 0.821700
vt 0.542100 0.814600
vt 0.545100 0.809600
vt 0.558100 0.832800
vt 0.549100 0.826400
vt 0.538900 0.819500
vt 0.528200 0.813000
vt 0.531100 0.807800
vt 0.239800 0.874900
vt 0.239200 0.867100
vt 0.258500 0.866000
vt 0.258400 0.874000
vt 0.277900 0.866300
vt 0.277400 0.874800
vt 0.297300 0.867900
vt 0.296200 0.877400
vt 0.258500 0.859100
vt 0.278300 0.858600
vt 0.298000 0.858800
vt 0.318600 0.861100
vt 0.317200 0.871100
vt 0.278400 0.851500
vt 0.298300 0.850800
vt 0.319400 0.851500
vt 0.341800 0.853500
vt 0.340200 0.864200
vt 0.298600 0.843000
vt 0.320000 0.843000
vt 0.342700 0.843800
vt 0.366600 0.844900
vt 0.365500 0.855800
vt 0.320400 0.834800
vt 0.343000 0.835200
vt 0.366400 0.834800
vt 0.392600 0.833600
vt 0.396400 0.845800
vt 0.535000 0.711600
vt 0.530500 0.715300
vt 0.519500 0.705400
vt 0.524800 0.701100
vt 0.509300 0.694100
vt 0.514500 0.688200
vt 0.514000 0.711000
vt 0.503800 0.700300
vt 0.495200 0.691600
vt 0.488500 0.688800
vt 0.498000 0.707300
vt 0.490700 0.702300
vt 0.485200 0.699600
vt 0.129700 0.143200
vt 0.129000 0.155000
vt 0.142800 0.146400
vt 0.142700 0.158600
vt 0.132400 0.126800
vt 0.143200 0.129600
vt 0.153600 0.130800
vt 0.143600 0.110000
vt 0.151200 0.111600
vt 0.158400 0.112200
vt 0.163000 0.131000
vt 0.164400 0.111700
vt 0.170900 0.130100
vt 0.172400 0.149300
vt 0.172500 0.170300
vt 0.065300 0.075400
vt 0.068800 0.081800
vt 0.050900 0.090500
vt 0.047100 0.083200
vt 0.032200 0.100000
vt 0.026500 0.090900
vt 0.454300 0.676500
vt 0.443000 0.667400
vt 0.448500 0.661300
vt 0.461400 0.671800
vt 0.055000 0.097900
vt 0.038600 0.108100
vt 0.448500 0.681700
vt 0.437700 0.673400
vt 0.424400 0.667800
vt 0.428100 0.661700
vt 0.443900 0.687100
vt 0.433000 0.679900
vt 0.420500 0.675200
vt 0.405900 0.674400
vt 0.408200 0.666500
vt 0.429200 0.687100
vt 0.416600 0.684300
vt 0.403000 0.682000
vt 0.390200 0.677200
vt 0.391800 0.672000
vt 0.413700 0.693500
vt 0.399700 0.689800
vt 0.387000 0.682300
vt 0.377100 0.676300
vt 0.380000 0.672300
vt 0.395000 0.695300
vt 0.383400 0.687500
vt 0.373600 0.681400
vt 0.362500 0.669900
vt 0.365900 0.666400
vt 0.379400 0.697400
vt 0.368400 0.688800
vt 0.357800 0.674500
vt 0.348000 0.659600
vt 0.352300 0.656100
vt 0.351400 0.678700
vt 0.343100 0.662900
vt 0.334700 0.648000
vt 0.339800 0.644800
vt 0.344900 0.681400
vt 0.336600 0.666200
vt 0.329200 0.651300
vt 0.322700 0.637700
vt 0.328400 0.634100
vt 0.329200 0.669000
vt 0.322800 0.654400
vt 0.316900 0.640600
vt 0.311400 0.628600
vt 0.317400 0.625400
vt 0.316500 0.656800
vt 0.310800 0.642900
vt 0.305700 0.631300
vt 0.299400 0.622700
vt 0.306500 0.619000
vt 0.304300 0.644800
vt 0.298300 0.633500
vt 0.290600 0.625800
vt 0.284800 0.618100
vt 0.291600 0.615000
vt 0.288500 0.635800
vt 0.282400 0.628900
vt 0.278700 0.621200
vt 0.273100 0.611200
vt 0.279400 0.608700
vt 0.274500 0.631400
vt 0.271400 0.624800
vt 0.266900 0.612400
vt 0.264200 0.596000
vt 0.270000 0.597500
vt 0.263200 0.628200
vt 0.261700 0.613100
vt 0.259800 0.594400
vt 0.252900 0.630400
vt 0.256500 0.614100
vt 0.257100 0.597600
vt 0.243500 0.630900
vt 0.250600 0.612900
vt 0.235700 0.629300
vt 0.245400 0.611300
vt 0.250600 0.590800
vt 0.246100 0.570200
vt 0.239200 0.609400
vt 0.245300 0.590600
vt 0.242900 0.571700
vt 0.233100 0.555800
vt 0.236000 0.554200
vt 0.238800 0.589800
vt 0.238200 0.573200
vt 0.230400 0.557400
vt 0.230900 0.573500
vt 0.227600 0.558700
vt 0.220500 0.169100
vt 0.226300 0.193600
vt 0.217500 0.193800
vt 0.211000 0.170100
vt 0.208300 0.194900
vt 0.202600 0.170400
vt 0.218500 0.218600
vt 0.209800 0.218800
vt 0.202200 0.219500
vt 0.199900 0.196000
vt 0.194900 0.170300
vt 0.195200 0.221600
vt 0.199700 0.241400
vt 0.192400 0.242800
vt 0.183300 0.243900
vt 0.187200 0.224400
vt 0.174100 0.244000
vt 0.178000 0.225900
vt 0.179500 0.206700
vt 0.174000 0.186800
vt 0.168200 0.226200
vt 0.169200 0.208400
vt 0.170300 0.191000
vt 0.252700 0.529600
vt 0.240700 0.526800
vt 0.161100 0.207400
vt 0.167700 0.190700
vt 0.741600 0.584400
vt 0.759300 0.583100
vt 0.154200 0.204300
vt 0.163100 0.185800
vt 0.143200 0.200200
vt 0.149600 0.179800
vt 0.772500 0.621100
vt 0.129500 0.196000
vt 0.135800 0.174700
vt 0.784800 0.635300
vt 0.117600 0.192700
vt 0.124700 0.170500
vt 0.795900 0.647100
vt 0.108000 0.190300
vt 0.115300 0.168100
vt 0.806200 0.657000
vt 0.787400 0.675500
vt 0.776800 0.696400
vt 0.814200 0.664500
vt 0.798600 0.682300
vt 0.792600 0.701300
vt 0.792100 0.722300
vt 0.775400 0.721400
vt 0.808300 0.686500
vt 0.803500 0.704000
vt 0.803400 0.723600
vt 0.807200 0.742500
vt 0.795000 0.743900
vt 0.814800 0.707800
vt 0.814800 0.724800
vt 0.818400 0.740800
vt 0.824500 0.754500
vt 0.814100 0.758600
vt 0.827100 0.725500
vt 0.829000 0.738900
vt 0.833400 0.750600
vt 0.841500 0.761500
vt 0.833900 0.767400
vt 0.838800 0.737200
vt 0.841400 0.746700
vt 0.847400 0.755700
vt 0.861200 0.766000
vt 0.856200 0.773600
vt 0.850000 0.743100
vt 0.854500 0.749400
vt 0.865600 0.755100
vt 0.171600 0.581400
vt 0.175900 0.587900
vt 0.169000 0.592900
vt 0.163400 0.585500
vt 0.160000 0.601000
vt 0.149700 0.591900
vt 0.153600 0.612400
vt 0.143600 0.602100
vt 0.174600 0.598200
vt 0.166200 0.605100
vt 0.181100 0.595200
vt 0.186200 0.603600
vt 0.191400 0.603200
vt 0.195900 0.615100
vt 0.189300 0.615900
vt 0.186300 0.592900
vt 0.180900 0.584500
vt 0.185200 0.581700
vt 0.190600 0.591300
vt 0.196900 0.601600
vt 0.202700 0.597500
vt 0.209200 0.602100
vt 0.202900 0.610100
vt 0.195700 0.589000
vt 0.201400 0.581900
vt 0.208800 0.586900
vt 0.189400 0.579300
vt 0.194300 0.574100
vt 0.183300 0.570400
vt 0.187600 0.565400
vt 0.193700 0.557000
vt 0.200900 0.562800
vt 0.200600 0.545800
vt 0.206900 0.550100
vt 0.047400 0.159000
vt 0.046800 0.178300
vt 0.035900 0.179700
vt 0.036100 0.158500
vt 0.026400 0.180400
vt 0.026800 0.156500
vt 0.048500 0.201500
vt 0.040500 0.204200
vt 0.033000 0.206800
vt 0.049100 0.230900
vt 0.042700 0.232300
vt 0.251300 0.222900
vt 0.249500 0.250000
vt 0.239100 0.247500
vt 0.242200 0.222400
vt 0.229100 0.245000
vt 0.233000 0.221200
vt 0.220100 0.243200
vt 0.225500 0.219700
vt 0.213700 0.241700
vt 0.212200 0.265100
vt 0.205600 0.264000
vt 0.200400 0.263100
vt 0.207000 0.240800
vt 0.194300 0.263100
vt 0.190900 0.285400
vt 0.185000 0.283900
vt 0.177500 0.282600
vt 0.185800 0.262800
vt 0.169600 0.282200
vt 0.177500 0.262600
vt 0.161500 0.281000
vt 0.168600 0.262500
vt 0.154200 0.279700
vt 0.160400 0.261100
vt 0.164900 0.243200
vt 0.148300 0.278000
vt 0.146900 0.299900
vt 0.140600 0.297900
vt 0.134100 0.295700
vt 0.141300 0.275600
vt 0.127600 0.293000
vt 0.133600 0.273000
vt 0.123200 0.290900
vt 0.125700 0.270000
vt 0.126200 0.251500
vt 0.126000 0.234700
vt 0.118300 0.268300
vt 0.115600 0.249800
vt 0.113600 0.232300
vt 0.113600 0.213600
vt 0.126600 0.216400
vt 0.105600 0.249500
vt 0.101700 0.230800
vt 0.102300 0.211400
vt 0.091600 0.229600
vt 0.093600 0.209200
vt 0.100800 0.187900
vt 0.107800 0.166500
vt 0.086500 0.206800
vt 0.094400 0.185600
vt 0.101300 0.165300
vt 0.820700 0.669500
vt 0.086100 0.183000
vt 0.091700 0.163400
vt 0.828800 0.674800
vt 0.818500 0.690900
vt 0.839400 0.680800
vt 0.831400 0.696700
vt 0.827800 0.711900
vt 0.845000 0.702800
vt 0.840900 0.716200
vt 0.838800 0.727000
vt 0.853700 0.722300
vt 0.850900 0.730700
vt 0.849300 0.737000
vt 0.179800 0.574200
vt 0.176300 0.577800
vt 0.858200 0.708500
vt 0.852200 0.686900
vt 0.864400 0.691000
vt 0.062400 0.159900
vt 0.078400 0.161300
vt 0.074100 0.180100
vt 0.060100 0.178300
vt 0.068700 0.201400
vt 0.058200 0.200400
vt 0.066900 0.227700
vt 0.060000 0.228300
vt 0.054800 0.229900
vt 0.066000 0.254900
vt 0.060500 0.256100
vt 0.054400 0.256900
vt 0.068500 0.278900
vt 0.061700 0.280300
vt 0.054500 0.282200
vt 0.047700 0.258600
vt 0.223300 0.294100
vt 0.216100 0.291000
vt 0.228400 0.269700
vt 0.237100 0.273400
vt 0.209000 0.288900
vt 0.219600 0.266900
vt 0.202300 0.287500
vt 0.201500 0.308900
vt 0.194300 0.307600
vt 0.187600 0.306600
vt 0.196000 0.286300
vt 0.182200 0.305500
vt 0.180700 0.324400
vt 0.174400 0.323100
vt 0.168100 0.321800
vt 0.174900 0.303600
vt 0.161400 0.321100
vt 0.168400 0.302500
vt 0.154600 0.320500
vt 0.160900 0.301400
vt 0.147600 0.320300
vt 0.153500 0.301000
vt 0.141100 0.319800
vt 0.146200 0.340600
vt 0.140200 0.340500
vt 0.134000 0.340600
vt 0.134700 0.318900
vt 0.128100 0.341000
vt 0.128800 0.317800
vt 0.122700 0.341200
vt 0.122900 0.316700
vt 0.118100 0.341400
vt 0.119400 0.315700
vt 0.115400 0.341900
vt 0.117800 0.315200
vt 0.119400 0.289300
vt 0.115300 0.315200
vt 0.114300 0.289300
vt 0.109900 0.268100
vt 0.110100 0.290000
vt 0.103000 0.269000
vt 0.096300 0.250000
vt 0.096200 0.270900
vt 0.087700 0.250900
vt 0.082900 0.228500
vt 0.079700 0.252500
vt 0.074500 0.227800
vt 0.078900 0.204000
vt 0.072100 0.253800
vt 0.089500 0.272700
vt 0.081500 0.275200
vt 0.074800 0.277200
vt 0.091800 0.294800
vt 0.084700 0.296900
vt 0.077900 0.298500
vt 0.091500 0.316700
vt 0.084400 0.317500
vt 0.077500 0.317900
vt 0.071100 0.299800
vt 0.071000 0.318800
vt 0.063700 0.301700
vt 0.214100 0.313000
vt 0.207300 0.329600
vt 0.201300 0.327300
vt 0.207400 0.310400
vt 0.195500 0.326000
vt 0.195700 0.343500
vt 0.190000 0.342400
vt 0.183400 0.341700
vt 0.188400 0.324800
vt 0.176600 0.341200
vt 0.180400 0.360000
vt 0.175100 0.360000
vt 0.169600 0.360400
vt 0.170400 0.340700
vt 0.164000 0.360800
vt 0.164600 0.340600
vt 0.158300 0.361100
vt 0.158200 0.340600
vt 0.152400 0.361400
vt 0.151900 0.340500
vt 0.147300 0.361600
vt 0.153800 0.382200
vt 0.148500 0.382700
vt 0.143300 0.383100
vt 0.141800 0.362000
vt 0.138100 0.383600
vt 0.136300 0.362600
vt 0.132400 0.384600
vt 0.130800 0.363500
vt 0.126900 0.385700
vt 0.125600 0.364200
vt 0.120900 0.386600
vt 0.120700 0.365200
vt 0.115000 0.387000
vt 0.116000 0.365900
vt 0.109800 0.386300
vt 0.111500 0.365700
vt 0.113300 0.342000
vt 0.108400 0.364100
vt 0.112000 0.341000
vt 0.113300 0.315100
vt 0.109400 0.339900
vt 0.110400 0.315000
vt 0.104800 0.291300
vt 0.105400 0.315300
vt 0.099100 0.292700
vt 0.098700 0.315800
vt 0.105100 0.338600
vt 0.098900 0.337200
vt 0.092700 0.336600
vt 0.095200 0.358200
vt 0.090400 0.356700
vt 0.085200 0.355700
vt 0.086100 0.336300
vt 0.079600 0.354900
vt 0.079800 0.336100
vt 0.075000 0.354500
vt 0.074700 0.336300
vt 0.195500 0.362400
vt 0.191100 0.361000
vt 0.200500 0.345600
vt 0.193000 0.380900
vt 0.189400 0.380100
vt 0.185300 0.379700
vt 0.186100 0.360300
vt 0.180100 0.379900
vt 0.186600 0.400000
vt 0.181600 0.400300
vt 0.176600 0.400500
vt 0.175200 0.380300
vt 0.171500 0.400900
vt 0.170100 0.380700
vt 0.166200 0.401200
vt 0.164800 0.381200
vt 0.160600 0.401600
vt 0.159200 0.381700
vt 0.154900 0.402200
vt 0.162300 0.420600
vt 0.156400 0.421000
vt 0.150500 0.421700
vt 0.149200 0.402800
vt 0.144000 0.422200
vt 0.144200 0.403100
vt 0.137300 0.423300
vt 0.138600 0.403900
vt 0.130600 0.424100
vt 0.132200 0.405100
vt 0.123900 0.424700
vt 0.125800 0.405900
vt 0.117400 0.425100
vt 0.119400 0.406600
vt 0.110500 0.425000
vt 0.112900 0.406800
vt 0.104000 0.424700
vt 0.106500 0.406100
vt 0.098300 0.424100
vt 0.101000 0.404800
vt 0.105400 0.384900
vt 0.095700 0.402700
vt 0.100400 0.382800
vt 0.104500 0.362100
vt 0.095100 0.380200
vt 0.099900 0.360100
vt 0.091000 0.378200
vt 0.090200 0.400300
vt 0.086700 0.398600
vt 0.083300 0.397100
vt 0.087200 0.376600
vt 0.079600 0.395900
vt 0.082800 0.375200
vt 0.076000 0.395000
vt 0.078100 0.374500
vt 0.071400 0.394300
vt 0.073300 0.373900
vt 0.073000 0.418100
vt 0.069500 0.417500
vt 0.193400 0.423700
vt 0.190000 0.422600
vt 0.190000 0.400400
vt 0.193400 0.400900
vt 0.187000 0.421600
vt 0.185300 0.444900
vt 0.182400 0.443500
vt 0.179200 0.442200
vt 0.182100 0.420900
vt 0.175400 0.441300
vt 0.177500 0.420600
vt 0.170800 0.440600
vt 0.172600 0.420500
vt 0.166200 0.440100
vt 0.167400 0.420400
vt 0.161600 0.439600
vt 0.163000 0.460900
vt 0.158600 0.459800
vt 0.153900 0.458900
vt 0.156900 0.439100
vt 0.149100 0.458200
vt 0.151400 0.438800
vt 0.143800 0.458200
vt 0.145200 0.439100
vt 0.138000 0.458500
vt 0.138500 0.439900
vt 0.132600 0.458500
vt 0.132200 0.440400
vt 0.126800 0.458300
vt 0.125300 0.441000
vt 0.120400 0.458900
vt 0.118400 0.441500
vt 0.113600 0.459800
vt 0.111600 0.441900
vt 0.107200 0.460200
vt 0.105100 0.442100
vt 0.101100 0.460700
vt 0.099300 0.442300
vt 0.095300 0.461500
vt 0.093300 0.442700
vt 0.092100 0.422800
vt 0.086800 0.442600
vt 0.086400 0.421700
vt 0.081800 0.442600
vt 0.082600 0.420800
vt 0.077300 0.442600
vt 0.078900 0.419800
vt 0.073700 0.442200
vt 0.075600 0.418900
vt 0.070300 0.441700
vt 0.075400 0.463200
vt 0.071300 0.463400
vt 0.067600 0.463300
vt 0.067100 0.441000
vt 0.182800 0.467500
vt 0.179200 0.466100
vt 0.188600 0.446500
vt 0.180400 0.485000
vt 0.176800 0.484300
vt 0.173700 0.484200
vt 0.176100 0.465300
vt 0.171100 0.483800
vt 0.173600 0.464400
vt 0.167900 0.483600
vt 0.170800 0.463400
vt 0.164600 0.482900
vt 0.167100 0.462200
vt 0.160700 0.481900
vt 0.156500 0.480200
vt 0.150900 0.496900
vt 0.151800 0.478900
vt 0.145300 0.495200
vt 0.146900 0.477700
vt 0.140000 0.494900
vt 0.141700 0.477500
vt 0.134200 0.495000
vt 0.136300 0.477400
vt 0.128200 0.495000
vt 0.130800 0.477400
vt 0.122600 0.495400
vt 0.125500 0.477000
vt 0.119400 0.477800
vt 0.114000 0.479200
vt 0.108900 0.479100
vt 0.103500 0.478900
vt 0.098600 0.494200
vt 0.098100 0.479200
vt 0.093300 0.493600
vt 0.092600 0.479500
vt 0.090100 0.461900
vt 0.087400 0.479600
vt 0.084800 0.462400
vt 0.082300 0.479900
vt 0.079700 0.462800
vt 0.077700 0.480500
vt 0.083300 0.493200
vt 0.078500 0.493500
vt 0.074000 0.493700
vt 0.073300 0.481000
vt 0.069900 0.493100
vt 0.069300 0.481100
vt 0.073000 0.502800
vt 0.068400 0.502300
vt 0.187100 0.505300
vt 0.184100 0.507600
vt 0.178700 0.498100
vt 0.182200 0.497300
vt 0.180800 0.509500
vt 0.175600 0.498600
vt 0.172700 0.499400
vt 0.168900 0.500300
vt 0.192300 0.515100
vt 0.189100 0.517800
vt 0.203900 0.522300
vt 0.202200 0.526100
vt 0.200700 0.529900
vt 0.215000 0.533300
vt 0.213500 0.537100
vt 0.212200 0.541200
vt 0.200100 0.534600
vt 0.211300 0.544500
vt 0.199300 0.539600
vt 0.187900 0.537100
vt 0.179900 0.536500
vt 0.092800 0.537600
vt 0.090500 0.535000
vt 0.099700 0.531000
vt 0.086800 0.548200
vt 0.084400 0.546700
vt 0.081900 0.544800
vt 0.087900 0.532000
vt 0.085300 0.529700
vt 0.092300 0.517200
vt 0.096800 0.506000
vt 0.082700 0.527900
vt 0.088700 0.514800
vt 0.092100 0.504400
vt 0.084500 0.513300
vt 0.087100 0.503400
vt 0.088100 0.493200
vt 0.082400 0.502900
vt 0.080300 0.512400
vt 0.075900 0.512000
vt 0.077700 0.502700
vt 0.071400 0.512000
vt 0.072700 0.525500
vt 0.069200 0.525100
vt 0.065800 0.525000
vt 0.067100 0.512000
vt 0.194500 0.512200
vt 0.206200 0.518900
vt 0.067000 0.539700
vt 0.063800 0.539200
vt 0.218400 0.526300
vt 0.216600 0.529700
vt 0.226300 0.532800
vt 0.065300 0.549700
vt 0.062400 0.549800
vt 0.065200 0.557600
vt 0.062700 0.557600
vt 0.232000 0.537800
vt 0.819900 0.638100
vt 0.823600 0.638200
vt 0.823500 0.639800
vt 0.819800 0.640000
vt 0.821000 0.648900
vt 0.821000 0.652600
vt 0.220700 0.547000
vt 0.226100 0.547800
vt 0.077400 0.560000
vt 0.079800 0.555100
vt 0.082300 0.556700
vt 0.079300 0.561200
vt 0.075200 0.558600
vt 0.077500 0.553400
vt 0.069700 0.540500
vt 0.076600 0.526100
vt 0.072400 0.540800
vt 0.079800 0.526800
vt 0.127100 0.511100
vt 0.121700 0.512100
vt 0.129400 0.527200
vt 0.125800 0.528700
vt 0.134400 0.544300
vt 0.132700 0.545400
vt 0.133200 0.525900
vt 0.132700 0.510300
vt 0.138900 0.509900
vt 0.138400 0.525400
vt 0.144700 0.510300
vt 0.143100 0.525800
vt 0.150500 0.512000
vt 0.147900 0.527500
vt 0.142700 0.544900
vt 0.137900 0.557400
vt 0.216500 0.575800
vt 0.214500 0.588500
vt 0.220000 0.588800
vt 0.215600 0.603700
vt 0.226100 0.589200
vt 0.221200 0.604700
vt 0.212600 0.618900
vt 0.207200 0.615500
vt 0.204000 0.628400
vt 0.199400 0.623200
vt 0.194500 0.637200
vt 0.191600 0.628600
vt 0.183300 0.640600
vt 0.174700 0.639800
vt 0.197600 0.641600
vt 0.185200 0.647200
vt 0.172200 0.648400
vt 0.187200 0.651200
vt 0.186800 0.653000
vt 0.191100 0.656400
vt 0.208400 0.656500
vt 0.194000 0.659300
vt 0.177300 0.663400
vt 0.161900 0.667800
vt 0.195800 0.662900
vt 0.180100 0.665900
vt 0.165400 0.670700
vt 0.153400 0.677900
vt 0.182200 0.669300
vt 0.168100 0.674000
vt 0.156700 0.681100
vt 0.147400 0.690000
vt 0.144000 0.687000
vt 0.170700 0.678100
vt 0.159900 0.684900
vt 0.150900 0.693300
vt 0.142700 0.702400
vt 0.139400 0.699200
vt 0.163200 0.688600
vt 0.154600 0.696700
vt 0.146500 0.706000
vt 0.484500 0.270800
vt 0.498600 0.271300
vt 0.498300 0.277800
vt 0.484200 0.276500
vt 0.811300 0.973700
vt 0.813400 0.967000
vt 0.830400 0.972600
vt 0.828400 0.979300
vt 0.608700 0.710300
vt 0.621900 0.705100
vt 0.623600 0.711500
vt 0.610100 0.716000
vt 0.635000 0.700500
vt 0.636100 0.707900
vt 0.606700 0.705000
vt 0.620200 0.698600
vt 0.633900 0.692400
vt 0.649500 0.688100
vt 0.649500 0.696700
vt 0.618200 0.690900
vt 0.632900 0.682800
vt 0.650200 0.678800
vt 0.415700 0.910300
vt 0.402100 0.921400
vt 0.397800 0.914100
vt 0.411900 0.904200
vt 0.650100 0.666900
vt 0.421700 0.917900
vt 0.407300 0.930000
vt 0.392000 0.941800
vt 0.387700 0.933000
vt 0.427900 0.926600
vt 0.412300 0.938100
vt 0.395700 0.949400
vt 0.376600 0.958500
vt 0.374500 0.951700
vt 0.416900 0.946500
vt 0.398500 0.956100
vt 0.378100 0.964400
vt 0.356000 0.969000
vt 0.355500 0.963500
vt 0.400900 0.963100
vt 0.379400 0.970800
vt 0.356800 0.975000
vt 0.333900 0.974700
vt 0.333600 0.968400
vt 0.380800 0.978100
vt 0.357800 0.982300
vt 0.334800 0.982100
vt 0.313500 0.979500
vt 0.312500 0.971200
vt 0.359400 0.990500
vt 0.336400 0.990500
vt 0.314900 0.987900
vt 0.295800 0.984500
vt 0.294800 0.976700
vt 0.865000 0.108500
vt 0.872400 0.107700
vt 0.873200 0.126800
vt 0.866000 0.127800
vt 0.873400 0.144300
vt 0.866600 0.144600
vt 0.874000 0.161000
vt 0.867500 0.161700
vt 0.880500 0.126000
vt 0.881000 0.143700
vt 0.881900 0.159800
vt 0.884800 0.175500
vt 0.877300 0.177700
vt 0.889400 0.142900
vt 0.890500 0.158200
vt 0.893700 0.172400
vt 0.899100 0.186400
vt 0.890900 0.190200
vt 0.899500 0.156700
vt 0.903300 0.169400
vt 0.908400 0.182900
vt 0.913500 0.198800
vt 0.904700 0.202300
vt 0.913300 0.166900
vt 0.918800 0.179700
vt 0.922800 0.196700
vt 0.925700 0.216100
vt 0.917500 0.217300
vt 0.931200 0.177000
vt 0.932000 0.196000
vt 0.933200 0.216000
vt 0.934500 0.236200
vt 0.928500 0.236200
vt 0.940300 0.196700
vt 0.940000 0.216700
vt 0.939800 0.236900
vt 0.939800 0.257300
vt 0.935800 0.257200
vt 0.946400 0.218000
vt 0.944900 0.237900
vt 0.944200 0.258000
vt 0.947100 0.278100
vt 0.942900 0.278800
vt 0.951200 0.239400
vt 0.950100 0.258700
vt 0.952200 0.277600
vt 0.958000 0.296800
vt 0.954500 0.298100
vt 0.956600 0.259600
vt 0.957800 0.277600
vt 0.962100 0.295800
vt 0.968900 0.312700
vt 0.965700 0.314000
vt 0.963300 0.278100
vt 0.967100 0.295400
vt 0.972900 0.311600
vt 0.979500 0.328200
vt 0.976500 0.329000
vt 0.971900 0.294900
vt 0.977000 0.310800
vt 0.982500 0.327600
vt 0.987100 0.345600
vt 0.984800 0.346000
vt 0.980600 0.310300
vt 0.985500 0.327100
vt 0.989500 0.345000
vt 0.992400 0.361800
vt 0.990700 0.362300
vt 0.104900 0.916900
vt 0.104500 0.920500
vt 0.086800 0.916800
vt 0.086600 0.913600
vt 0.070000 0.915600
vt 0.069400 0.913900
vt 0.060900 0.916200
vt 0.060900 0.916100
vt 0.086700 0.919300
vt 0.070200 0.916700
vt 0.060700 0.916400
vt 0.058700 0.917500
vt 0.059000 0.918500
vt 0.058800 0.918800
vt 0.058900 0.917800
vt 0.988800 0.374800
vt 0.988700 0.374800
vt 0.990200 0.373900
vt 0.990500 0.374000
vt 0.991200 0.370800
vt 0.991900 0.370900
vt 0.989900 0.374100
vt 0.990700 0.371000
vt 0.989300 0.362600
vt 0.988500 0.363000
vt 0.982900 0.346500
vt 0.987900 0.363300
vt 0.981500 0.347100
vt 0.973800 0.330100
vt 0.980600 0.348100
vt 0.971300 0.331700
vt 0.962500 0.315500
vt 0.969700 0.333300
vt 0.959700 0.317200
vt 0.950600 0.299600
vt 0.958200 0.318400
vt 0.948200 0.300800
vt 0.939900 0.279500
vt 0.946200 0.301800
vt 0.937200 0.280300
vt 0.931400 0.257500
vt 0.935400 0.281000
vt 0.927400 0.258700
vt 0.921600 0.237100
vt 0.923800 0.260200
vt 0.916000 0.239100
vt 0.909900 0.220000
vt 0.910700 0.242100
vt 0.903500 0.223400
vt 0.897400 0.206100
vt 0.897900 0.226700
vt 0.890900 0.209600
vt 0.883700 0.193600
vt 0.885100 0.212500
vt 0.877500 0.196200
vt 0.871000 0.179400
vt 0.256200 0.981100
vt 0.236900 0.982000
vt 0.236500 0.976100
vt 0.255500 0.974800
vt 0.275300 0.974900
vt 0.276300 0.981900
vt 0.254800 0.968600
vt 0.274500 0.967900
vt 0.293900 0.968700
vt 0.273700 0.961100
vt 0.292700 0.961500
vt 0.311800 0.963600
vt 0.291000 0.954500
vt 0.310300 0.957000
vt 0.332600 0.962600
vt 0.354600 0.957500
vt 0.353600 0.949300
vt 0.371700 0.943000
vt 0.352300 0.940100
vt 0.368800 0.933400
vt 0.383500 0.924100
vt 0.365900 0.924100
vt 0.380300 0.916300
vt 0.394700 0.907500
vt 0.377600 0.908600
vt 0.391200 0.900100
vt 0.404400 0.891300
vt 0.408100 0.898000
vt 0.986800 0.032200
vt 0.990200 0.048000
vt 0.983600 0.049200
vt 0.979000 0.033500
vt 0.526300 0.277600
vt 0.511500 0.278000
vt 0.511800 0.271000
vt 0.526600 0.269800
vt 0.650400 0.704700
vt 0.497400 0.284100
vt 0.495700 0.290500
vt 0.481200 0.288000
vt 0.483300 0.282100
vt 0.478700 0.294500
vt 0.136400 0.696400
vt 0.133600 0.694300
vt 0.475600 0.302800
vt 0.977500 0.049800
vt 0.973900 0.035800
vt 0.978300 0.066300
vt 0.971700 0.066700
vt 0.971600 0.048300
vt 0.973300 0.034000
vt 0.984800 0.065000
vt 0.984800 0.079900
vt 0.977600 0.081500
vt 0.992100 0.063800
vt 0.992600 0.079000
vt 0.992800 0.092400
vt 0.984500 0.093600
vt 0.363500 0.915600
vt 0.350900 0.930300
vt 0.349300 0.920500
vt 0.333500 0.933400
vt 0.334000 0.922600
vt 0.994100 0.104900
vt 0.996300 0.119000
vt 0.987100 0.119300
vt 0.985500 0.106100
vt 0.312700 0.931600
vt 0.316200 0.922100
vt 0.292900 0.925600
vt 0.295900 0.918500
vt 0.995000 0.154400
vt 0.987500 0.152600
vt 0.988000 0.134900
vt 0.996800 0.136300
vt 0.273900 0.921300
vt 0.275100 0.914600
vt 0.253800 0.920700
vt 0.254000 0.914000
vt 0.272400 0.927900
vt 0.253400 0.927400
vt 0.233600 0.930300
vt 0.233000 0.923600
vt 0.270800 0.935800
vt 0.253100 0.935200
vt 0.234100 0.937100
vt 0.214900 0.940600
vt 0.214500 0.934300
vt 0.253300 0.943200
vt 0.234700 0.944400
vt 0.215900 0.947500
vt 0.197100 0.950500
vt 0.196700 0.943300
vt 0.236000 0.953300
vt 0.217500 0.954500
vt 0.198800 0.956700
vt 0.180900 0.959300
vt 0.180000 0.952100
vt 0.217700 0.962900
vt 0.199800 0.963700
vt 0.181600 0.964900
vt 0.163900 0.965500
vt 0.163700 0.958900
vt 0.199800 0.971100
vt 0.181700 0.971400
vt 0.163500 0.970600
vt 0.146000 0.965700
vt 0.147100 0.960900
vt 0.181000 0.977800
vt 0.161700 0.976500
vt 0.144100 0.970200
vt 0.128400 0.960200
vt 0.130000 0.957300
vt 0.160200 0.982000
vt 0.141200 0.974500
vt 0.126000 0.962800
vt 0.111300 0.951400
vt 0.113100 0.949600
vt 0.924900 0.286700
vt 0.928300 0.284000
vt 0.937000 0.304800
vt 0.933600 0.306900
vt 0.944900 0.324700
vt 0.941600 0.326200
vt 0.954300 0.342600
vt 0.951800 0.343800
vt 0.939600 0.303800
vt 0.947800 0.323800
vt 0.957200 0.341200
vt 0.968000 0.356600
vt 0.965800 0.358000
vt 0.950600 0.322900
vt 0.960300 0.339700
vt 0.970300 0.355100
vt 0.980500 0.368500
vt 0.979300 0.369400
vt 0.963300 0.338000
vt 0.972700 0.353500
vt 0.982200 0.367300
vt 0.987300 0.372800
vt 0.986400 0.373500
vt 0.975400 0.352000
vt 0.966100 0.336200
vt 0.968400 0.334700
vt 0.977900 0.350500
vt 0.979800 0.349000
vt 0.987400 0.363500
vt 0.956100 0.319900
vt 0.953300 0.321700
vt 0.944100 0.302600
vt 0.941700 0.303300
vt 0.932600 0.282200
vt 0.930500 0.282900
vt 0.919900 0.262000
vt 0.916700 0.264100
vt 0.905900 0.245200
vt 0.913300 0.266900
vt 0.901800 0.247700
vt 0.892600 0.229500
vt 0.199700 0.983500
vt 0.180600 0.983100
vt 0.199800 0.977700
vt 0.218000 0.977000
vt 0.218200 0.983000
vt 0.217700 0.970400
vt 0.235900 0.969600
vt 0.235800 0.962000
vt 0.254100 0.961500
vt 0.254200 0.953400
vt 0.272100 0.953700
vt 0.270300 0.944500
vt 0.988600 0.374800
vt 0.985900 0.374200
vt 0.985400 0.374700
vt 0.978400 0.370200
vt 0.985100 0.374600
vt 0.977400 0.370700
vt 0.963900 0.359000
vt 0.081300 0.932200
vt 0.067300 0.924000
vt 0.068100 0.922700
vt 0.082500 0.930300
vt 0.097800 0.939200
vt 0.096300 0.941200
vt 0.083500 0.928900
vt 0.099500 0.937000
vt 0.114700 0.947000
vt 0.101000 0.934700
vt 0.116400 0.944200
vt 0.131800 0.953200
vt 0.118200 0.941300
vt 0.133500 0.948700
vt 0.148600 0.954800
vt 0.134800 0.943800
vt 0.149700 0.948800
vt 0.164200 0.951800
vt 0.150000 0.942700
vt 0.164500 0.945400
vt 0.179900 0.945100
vt 0.164200 0.938800
vt 0.179800 0.939200
vt 0.196600 0.937300
vt 0.179600 0.933300
vt 0.195900 0.931300
vt 0.213600 0.927900
vt 0.195200 0.925400
vt 0.212600 0.921600
vt 0.232300 0.917200
vt 0.984600 0.212400
vt 0.977800 0.210400
vt 0.982400 0.191900
vt 0.989500 0.193400
vt 0.985600 0.171400
vt 0.993000 0.173000
vt 0.975300 0.189800
vt 0.977700 0.170000
vt 0.979300 0.151200
vt 0.970600 0.167900
vt 0.972500 0.149700
vt 0.973400 0.134200
vt 0.979900 0.134600
vt 0.973800 0.120000
vt 0.980000 0.119800
vt 0.973100 0.108400
vt 0.978900 0.107400
vt 0.971600 0.097000
vt 0.977800 0.095300
vt 0.971200 0.082700
vt 0.965700 0.097600
vt 0.965500 0.082900
vt 0.966400 0.066900
vt 0.959900 0.082400
vt 0.960700 0.065800
vt 0.962300 0.048900
vt 0.967400 0.049600
vt 0.967000 0.032500
vt 0.969200 0.032300
vt 0.957400 0.047100
vt 0.964800 0.031100
vt 0.539200 0.303200
vt 0.526100 0.314000
vt 0.523300 0.307300
vt 0.533900 0.296100
vt 0.511800 0.322500
vt 0.508300 0.315400
vt 0.507200 0.311400
vt 0.491700 0.323400
vt 0.489900 0.317400
vt 0.475000 0.328200
vt 0.473600 0.321100
vt 0.473800 0.312000
vt 0.495100 0.330600
vt 0.477400 0.336200
vt 0.116800 0.685600
vt 0.111600 0.681900
vt 0.122000 0.672900
vt 0.133500 0.664300
vt 0.139400 0.652900
vt 0.133600 0.646600
vt 0.139100 0.642100
vt 0.146200 0.649400
vt 0.142600 0.638500
vt 0.151000 0.646500
vt 0.142500 0.846000
vt 0.141300 0.837600
vt 0.159500 0.839000
vt 0.161200 0.848100
vt 0.163200 0.856500
vt 0.144400 0.854500
vt 0.166300 0.865400
vt 0.146200 0.863100
vt 0.124000 0.855000
vt 0.146400 0.871000
vt 0.124700 0.861000
vt 0.144700 0.877700
vt 0.123600 0.867300
vt 0.107100 0.861900
vt 0.091000 0.864200
vt 0.122100 0.873200
vt 0.106500 0.867700
vt 0.092100 0.870200
vt 0.077200 0.878900
vt 0.074100 0.873300
vt 0.107100 0.875300
vt 0.094600 0.876400
vt 0.079800 0.884100
vt 0.063800 0.889100
vt 0.063200 0.884400
vt 0.096600 0.883400
vt 0.081800 0.889200
vt 0.064100 0.894000
vt 0.047500 0.893400
vt 0.048000 0.890100
vt 0.039500 0.836400
vt 0.053600 0.821300
vt 0.056900 0.825000
vt 0.042600 0.839000
vt 0.031200 0.853300
vt 0.028600 0.851400
vt 0.020600 0.865400
vt 0.018300 0.863400
vt 0.045000 0.841500
vt 0.033300 0.855000
vt 0.047300 0.844300
vt 0.036100 0.856800
vt 0.050100 0.848400
vt 0.038700 0.859500
vt 0.052300 0.853400
vt 0.041100 0.862700
vt 0.028600 0.874000
vt 0.017600 0.882100
vt 0.043700 0.867300
vt 0.030200 0.876800
vt 0.018500 0.884000
vt 0.045400 0.872400
vt 0.031200 0.879600
vt 0.019200 0.885900
vt 0.804900 0.634700
vt 0.046700 0.877300
vt 0.056800 0.865500
vt 0.059100 0.872300
vt 0.061600 0.878900
vt 0.047700 0.881800
vt 0.048100 0.886600
vt 0.033300 0.891200
vt 0.021600 0.891900
vt 0.033100 0.893500
vt 0.021300 0.894100
vt 0.071600 0.866400
vt 0.070900 0.859100
vt 0.054500 0.859000
vt 0.068500 0.854000
vt 0.089800 0.847300
vt 0.066200 0.847600
vt 0.084700 0.843500
vt 0.064200 0.840900
vt 0.082100 0.837300
vt 0.097700 0.831700
vt 0.099700 0.835700
vt 0.101900 0.838400
vt 0.111300 0.819900
vt 0.115000 0.824300
vt 0.117400 0.827800
vt 0.128100 0.811700
vt 0.134700 0.820000
vt 0.138900 0.829700
vt 0.118900 0.831700
vt 0.147400 0.816700
vt 0.155500 0.829700
vt 0.137300 0.804100
vt 0.139900 0.622600
vt 0.132400 0.613700
vt 0.138000 0.607800
vt 0.147900 0.619700
vt 0.911900 0.744500
vt 0.921500 0.737200
vt 0.929700 0.747700
vt 0.920400 0.758500
vt 0.131400 0.795700
vt 0.121500 0.805300
vt 0.105100 0.813200
vt 0.094200 0.824100
vt 0.089200 0.816000
vt 0.098900 0.805000
vt 0.083700 0.808300
vt 0.093000 0.797200
vt 0.078400 0.801900
vt 0.087200 0.790900
vt 0.096700 0.775500
vt 0.133800 0.895300
vt 0.118600 0.886700
vt 0.120800 0.880100
vt 0.138200 0.889000
vt 0.155500 0.902700
vt 0.151100 0.907100
vt 0.108200 0.757700
vt 0.976000 0.770000
vt 0.992500 0.791500
vt 0.103600 0.650100
vt 0.092300 0.663900
vt 0.088100 0.660700
vt 0.100400 0.646600
vt 0.486700 0.369300
vt 0.486700 0.378300
vt 0.485100 0.361200
vt 0.510200 0.386000
vt 0.485800 0.387100
vt 0.532700 0.387500
vt 0.530200 0.398500
vt 0.509200 0.396500
vt 0.484000 0.395800
vt 0.484200 0.409200
vt 0.548500 0.402500
vt 0.550300 0.392600
vt 0.572600 0.392400
vt 0.570300 0.401400
vt 0.569300 0.409200
vt 0.594400 0.407500
vt 0.594400 0.412100
vt 0.594400 0.416600
vt 0.569300 0.416700
vt 0.594400 0.421500
vt 0.569900 0.426500
vt 0.596500 0.426300
vt 0.573400 0.436900
vt 0.599700 0.431100
vt 0.578800 0.444100
vt 0.562600 0.456400
vt 0.551600 0.467800
vt 0.584300 0.452100
vt 0.569800 0.466500
vt 0.559500 0.479000
vt 0.551600 0.490100
vt 0.543900 0.479000
vt 0.577900 0.477400
vt 0.568000 0.489600
vt 0.559100 0.501000
vt 0.578300 0.501200
vt 0.568200 0.512100
vt 0.557100 0.520800
vt 0.546000 0.527900
vt 0.576100 0.521400
vt 0.562800 0.530400
vt 0.548700 0.534900
vt 0.469600 0.059300
vt 0.460100 0.057800
vt 0.466400 0.041400
vt 0.467700 0.040200
vt 0.566500 0.538900
vt 0.549700 0.540500
vt 0.472200 0.035100
vt 0.480100 0.057200
vt 0.475200 0.080600
vt 0.462900 0.079900
vt 0.480000 0.028100
vt 0.490000 0.053900
vt 0.487300 0.080000
vt 0.481200 0.103500
vt 0.467000 0.102800
vt 0.499800 0.051800
vt 0.499300 0.079100
vt 0.494300 0.103900
vt 0.490900 0.125600
vt 0.475000 0.123900
vt 0.510800 0.078600
vt 0.506700 0.104700
vt 0.506400 0.128400
vt 0.504700 0.149900
vt 0.490800 0.146200
vt 0.520900 0.105700
vt 0.521400 0.132500
vt 0.516900 0.155600
vt 0.507600 0.178600
vt 0.499100 0.173200
vt 0.515700 0.185500
vt 0.501900 0.204500
vt 0.496500 0.199700
vt 0.523100 0.193700
vt 0.507400 0.210700
vt 0.495700 0.223600
vt 0.490200 0.219300
vt 0.529700 0.203200
vt 0.512800 0.217800
vt 0.501300 0.229100
vt 0.413300 0.220200
vt 0.395800 0.207400
vt 0.402800 0.198800
vt 0.419000 0.213700
vt 0.410600 0.188400
vt 0.424500 0.206300
vt 0.420300 0.178500
vt 0.431400 0.199300
vt 0.431700 0.173300
vt 0.440100 0.193600
vt 0.442500 0.169200
vt 0.449700 0.189500
vt 0.454100 0.166100
vt 0.459100 0.187300
vt 0.461400 0.205700
vt 0.462300 0.222000
vt 0.468000 0.187000
vt 0.466000 0.164900
vt 0.478000 0.165800
vt 0.476400 0.188600
vt 0.488900 0.168700
vt 0.483900 0.191500
vt 0.491000 0.195600
vt 0.482700 0.213400
vt 0.475600 0.225300
vt 0.486000 0.216400
vt 0.469100 0.231900
vt 0.462700 0.234900
vt 0.461600 0.230300
vt 0.476600 0.143700
vt 0.461800 0.142700
vt 0.459500 0.122900
vt 0.447200 0.143400
vt 0.444800 0.122200
vt 0.453500 0.101300
vt 0.431000 0.121800
vt 0.440800 0.099100
vt 0.451700 0.077600
vt 0.429400 0.096800
vt 0.441300 0.074500
vt 0.451500 0.054900
vt 0.431500 0.070900
vt 0.443000 0.049600
vt 0.454700 0.027900
vt 0.461900 0.037600
vt 0.422200 0.066400
vt 0.432600 0.046200
vt 0.439400 0.029400
vt 0.413200 0.061900
vt 0.421900 0.042600
vt 0.426500 0.028900
vt 0.411700 0.039000
vt 0.415900 0.025500
vt 0.508500 0.516600
vt 0.500000 0.518900
vt 0.498100 0.509900
vt 0.507600 0.507600
vt 0.497100 0.500300
vt 0.507300 0.496500
vt 0.516500 0.492600
vt 0.503500 0.483600
vt 0.509800 0.477200
vt 0.514000 0.469100
vt 0.524200 0.486100
vt 0.516900 0.457800
vt 0.529300 0.476200
vt 0.534400 0.465000
vt 0.499800 0.457600
vt 0.500600 0.446800
vt 0.481500 0.453700
vt 0.481800 0.444900
vt 0.482300 0.434500
vt 0.935600 0.836300
vt 0.916600 0.819300
vt 0.925200 0.810700
vt 0.944900 0.827700
vt 0.936700 0.799600
vt 0.955700 0.820000
vt 0.483600 0.423100
vt 0.898500 0.802400
vt 0.909800 0.825900
vt 0.891100 0.810100
vt 0.870500 0.795500
vt 0.878300 0.787500
vt 0.849200 0.780800
vt 0.863300 0.803100
vt 0.841600 0.788500
vt 0.824900 0.773500
vt 0.833300 0.796900
vt 0.814400 0.780200
vt 0.802200 0.763000
vt 0.779900 0.745600
vt 0.761100 0.747700
vt 0.746200 0.748400
vt 0.735600 0.775700
vt 0.735500 0.748600
vt 0.726800 0.716500
vt 0.714900 0.718300
vt 0.710500 0.690600
vt 0.723600 0.687300
vt 0.700800 0.668200
vt 0.713200 0.663800
vt 0.687700 0.646700
vt 0.696600 0.641800
vt 0.707200 0.635100
vt 0.255300 0.428700
vt 0.283600 0.445200
vt 0.276300 0.458500
vt 0.246800 0.441700
vt 0.311000 0.461400
vt 0.304600 0.472800
vt 0.298500 0.485600
vt 0.332600 0.489700
vt 0.325900 0.498900
vt 0.319400 0.509100
vt 0.294000 0.497100
vt 0.312900 0.519400
vt 0.289700 0.507700
vt 0.307400 0.528600
vt 0.286100 0.519700
vt 0.260000 0.518400
vt 0.237100 0.521400
vt 0.444400 0.380700
vt 0.444700 0.405000
vt 0.429100 0.404400
vt 0.428400 0.381100
vt 0.429900 0.358100
vt 0.444700 0.358500
vt 0.412100 0.406300
vt 0.411000 0.381900
vt 0.412200 0.357800
vt 0.393600 0.410600
vt 0.389500 0.385800
vt 0.385400 0.365100
vt 0.375900 0.416200
vt 0.369100 0.392300
vt 0.363200 0.374500
vt 0.360500 0.420600
vt 0.352000 0.396800
vt 0.346900 0.380500
vt 0.270900 0.577900
vt 0.272700 0.571500
vt 0.270500 0.586200
vt 0.274500 0.587300
vt 0.275300 0.597500
vt 0.286100 0.605700
vt 0.295000 0.601200
vt 0.300200 0.610700
vt 0.303200 0.595400
vt 0.308300 0.604900
vt 0.312800 0.614500
vt 0.314700 0.598400
vt 0.319500 0.609500
vt 0.323600 0.621500
vt 0.326300 0.603600
vt 0.330600 0.616800
vt 0.334700 0.630400
vt 0.340900 0.626900
vt 0.344800 0.641700
vt 0.346800 0.624200
vt 0.349700 0.638800
vt 0.355700 0.652900
vt 0.354800 0.636200
vt 0.359100 0.649900
vt 0.368400 0.663200
vt 0.363300 0.647200
vt 0.370600 0.660000
vt 0.381600 0.667600
vt 0.373600 0.657100
vt 0.383100 0.664200
vt 0.608200 0.834100
vt 0.611900 0.842600
vt 0.590300 0.847600
vt 0.585900 0.839400
vt 0.368200 0.645800
vt 0.614600 0.850900
vt 0.593400 0.856300
vt 0.617300 0.859700
vt 0.596800 0.865100
vt 0.620700 0.869700
vt 0.600400 0.874600
vt 0.623800 0.878500
vt 0.602600 0.883800
vt 0.580900 0.891500
vt 0.604900 0.891300
vt 0.582800 0.898700
vt 0.608500 0.898900
vt 0.585600 0.906300
vt 0.612100 0.907300
vt 0.588800 0.914600
vt 0.564900 0.924700
vt 0.592300 0.923600
vt 0.568700 0.933700
vt 0.595600 0.932800
vt 0.573500 0.942000
vt 0.553800 0.954900
vt 0.577300 0.950100
vt 0.559000 0.962300
vt 0.546800 0.978000
vt 0.541000 0.972700
vt 0.542300 0.991500
vt 0.536700 0.993100
vt 0.532100 0.991300
vt 0.329800 0.781700
vt 0.325900 0.791600
vt 0.333000 0.783700
vt 0.328200 0.794800
vt 0.528700 0.989100
vt 0.335800 0.785500
vt 0.333600 0.795600
vt 0.524100 0.990600
vt 0.334300 0.778900
vt 0.337400 0.780100
vt 0.340800 0.781700
vt 0.339800 0.774400
vt 0.343100 0.776300
vt 0.348800 0.778000
vt 0.346900 0.783600
vt 0.359500 0.779600
vt 0.357900 0.785800
vt 0.371100 0.781200
vt 0.370600 0.788000
vt 0.370200 0.796300
vt 0.383900 0.790000
vt 0.382800 0.799200
vt 0.381000 0.810200
vt 0.369000 0.807300
vt 0.492700 0.938600
vt 0.503400 0.930100
vt 0.513300 0.946200
vt 0.501700 0.954600
vt 0.511800 0.923500
vt 0.488500 0.915500
vt 0.495000 0.908700
vt 0.501500 0.903200
vt 0.474500 0.895500
vt 0.479900 0.889200
vt 0.487500 0.882900
vt 0.497600 0.875000
vt 0.482500 0.853300
vt 0.508100 0.866200
vt 0.530200 0.877300
vt 0.397800 0.648700
vt 0.413700 0.651700
vt 0.409300 0.658900
vt 0.388800 0.644000
vt 0.432100 0.655600
vt 0.461700 0.837200
vt 0.449500 0.882600
vt 0.469900 0.902300
vt 0.445800 0.889700
vt 0.418800 0.880400
vt 0.422000 0.872100
vt 0.390100 0.877000
vt 0.392100 0.868200
vt 0.394600 0.857100
vt 0.363800 0.866500
vt 0.362000 0.876200
vt 0.338300 0.874400
vt 0.360600 0.885200
vt 0.336600 0.884200
vt 0.315300 0.881000
vt 0.506000 0.804900
vt 0.493100 0.803800
vt 0.492900 0.798200
vt 0.507100 0.798900
vt 0.519500 0.802300
vt 0.517300 0.808000
vt 0.507400 0.793700
vt 0.520900 0.796900
vt 0.533400 0.802500
vt 0.522200 0.792200
vt 0.535300 0.797900
vt 0.547500 0.804900
vt 0.536800 0.794000
vt 0.549800 0.800800
vt 0.561700 0.808200
vt 0.551900 0.797300
vt 0.564600 0.804700
vt 0.574100 0.813600
vt 0.567400 0.801600
vt 0.577700 0.811000
vt 0.583700 0.823700
vt 0.580500 0.825200
vt 0.581300 0.808500
vt 0.587800 0.822100
vt 0.362500 0.224200
vt 0.369300 0.228700
vt 0.352800 0.244700
vt 0.375800 0.233600
vt 0.358000 0.249200
vt 0.340600 0.266800
vt 0.362400 0.254400
vt 0.343600 0.271900
vt 0.326200 0.287500
vt 0.366700 0.260300
vt 0.386700 0.244600
vt 0.391700 0.250800
vt 0.371000 0.266400
vt 0.381400 0.239200
vt 0.587600 0.803800
vt 0.590700 0.801200
vt 0.601800 0.815200
vt 0.597100 0.818200
vt 0.592400 0.820400
vt 0.584500 0.806300
vt 0.572600 0.795900
vt 0.575500 0.793100
vt 0.570100 0.798500
vt 0.555800 0.791000
vt 0.557800 0.787700
vt 0.553800 0.794200
vt 0.539200 0.787700
vt 0.540600 0.784400
vt 0.538100 0.790500
vt 0.523200 0.785300
vt 0.523900 0.782400
vt 0.522800 0.788400
vt 0.507300 0.785900
vt 0.507300 0.782700
vt 0.507600 0.789400
vt 0.491800 0.790200
vt 0.491200 0.786900
vt 0.492500 0.793800
vt 0.476100 0.797400
vt 0.475400 0.793700
vt 0.477200 0.800900
vt 0.460700 0.806000
vt 0.459800 0.801700
vt 0.478400 0.805900
vt 0.461400 0.810600
vt 0.443600 0.814200
vt 0.443400 0.808800
vt 0.388100 0.884800
vt 0.416000 0.887400
vt 0.425900 0.808300
vt 0.426700 0.802000
vt 0.443300 0.803400
vt 0.425400 0.814700
vt 0.408600 0.813400
vt 0.409800 0.806000
vt 0.442200 0.896800
vt 0.464000 0.910000
vt 0.395700 0.802500
vt 0.397600 0.793300
vt 0.411700 0.797800
vt 0.393900 0.811900
vt 0.480500 0.924000
vt 0.399000 0.785500
vt 0.413400 0.790100
vt 0.428200 0.794600
vt 0.415200 0.782300
vt 0.430000 0.786500
vt 0.444900 0.788900
vt 0.443800 0.796500
vt 0.459800 0.789500
vt 0.459400 0.796500
vt 0.475100 0.788600
vt 0.460900 0.781800
vt 0.475400 0.782400
vt 0.490900 0.782100
vt 0.476600 0.774700
vt 0.491900 0.776400
vt 0.508000 0.778500
vt 0.493500 0.770000
vt 0.509400 0.774000
vt 0.525200 0.778900
vt 0.511500 0.768500
vt 0.527200 0.774100
vt 0.542400 0.780500
vt 0.529900 0.769000
vt 0.545000 0.775900
vt 0.560300 0.784000
vt 0.548000 0.771100
vt 0.564000 0.780100
vt 0.579000 0.789900
vt 0.551100 0.767100
vt 0.535500 0.759700
vt 0.537300 0.756400
vt 0.554200 0.763600
vt 0.532700 0.764200
vt 0.516900 0.758200
vt 0.519000 0.754100
vt 0.514200 0.763000
vt 0.498500 0.757700
vt 0.501100 0.752700
vt 0.495700 0.764000
vt 0.481000 0.760100
vt 0.483800 0.753600
vt 0.478400 0.767000
vt 0.464800 0.764000
vt 0.467100 0.756900
vt 0.462500 0.772500
vt 0.448600 0.770200
vt 0.450700 0.761600
vt 0.446500 0.780300
vt 0.431800 0.777600
vt 0.433600 0.768300
vt 0.417500 0.766400
vt 0.418300 0.759800
vt 0.435200 0.760300
vt 0.416400 0.774200
vt 0.400700 0.771700
vt 0.401000 0.765300
vt 0.400100 0.778500
vt 0.385200 0.776200
vt 0.385700 0.769600
vt 0.384500 0.782700
vt 0.372000 0.774300
vt 0.360400 0.773800
vt 0.360600 0.768500
vt 0.372300 0.768500
vt 0.360700 0.763600
vt 0.371800 0.763200
vt 0.385700 0.763900
vt 0.370900 0.757600
vt 0.385200 0.758200
vt 0.401300 0.759600
vt 0.384300 0.752600
vt 0.401300 0.753800
vt 0.418900 0.754500
vt 0.400700 0.748300
vt 0.419200 0.749200
vt 0.437300 0.748900
vt 0.436300 0.754500
vt 0.454100 0.749300
vt 0.452400 0.755200
vt 0.469300 0.750800
vt 0.456100 0.743200
vt 0.471600 0.744800
vt 0.486400 0.747900
vt 0.474300 0.739200
vt 0.488600 0.743100
vt 0.503200 0.748600
vt 0.491300 0.738600
vt 0.505200 0.744800
vt 0.520600 0.750800
vt 0.507700 0.741100
vt 0.522200 0.747400
vt 0.538900 0.753900
vt 0.524300 0.744000
vt 0.540600 0.751500
vt 0.557400 0.758800
vt 0.555900 0.761500
vt 0.573900 0.765800
vt 0.559600 0.755500
vt 0.575900 0.761700
vt 0.590700 0.767300
vt 0.589200 0.772300
vt 0.603600 0.772400
vt 0.602500 0.776900
vt 0.578100 0.756700
vt 0.592500 0.761300
vt 0.605100 0.765800
vt 0.594700 0.754900
vt 0.606800 0.759300
vt 0.662800 0.790300
vt 0.653600 0.788400
vt 0.660400 0.767400
vt 0.671800 0.767700
vt 0.683000 0.769300
vt 0.672300 0.792600
vt 0.667700 0.746700
vt 0.676300 0.747900
vt 0.684600 0.749100
vt 0.672000 0.727300
vt 0.679100 0.727000
vt 0.684800 0.727200
vt 0.954400 0.708600
vt 0.951500 0.711500
vt 0.947800 0.716100
vt 0.944600 0.721500
vt 0.941600 0.728100
vt 0.922600 0.718700
vt 0.939600 0.734900
vt 0.919900 0.727600
vt 0.660100 0.723700
vt 0.654800 0.720600
vt 0.665700 0.726200
vt 0.597100 0.748500
vt 0.609400 0.752900
vt 0.583200 0.744500
vt 0.585200 0.739400
vt 0.599300 0.743000
vt 0.612200 0.747100
vt 0.580700 0.750700
vt 0.565200 0.746000
vt 0.568800 0.740000
vt 0.562200 0.751000
vt 0.546200 0.743400
vt 0.550500 0.738700
vt 0.542900 0.747900
vt 0.527700 0.739800
vt 0.532100 0.734800
vt 0.519300 0.725900
vt 0.525500 0.719900
vt 0.537700 0.729300
vt 0.514400 0.731700
vt 0.502900 0.723200
vt 0.508300 0.716900
vt 0.510600 0.736900
vt 0.498500 0.729400
vt 0.487400 0.722700
vt 0.492800 0.715700
vt 0.494500 0.734400
vt 0.481900 0.728300
vt 0.477500 0.733600
vt 0.458900 0.736500
vt 0.439300 0.735800
vt 0.438200 0.742800
vt 0.418900 0.743400
vt 0.418100 0.736700
vt 0.417400 0.728700
vt 0.399300 0.742600
vt 0.380300 0.741000
vt 0.382800 0.747200
vt 0.367700 0.746600
vt 0.369600 0.752400
vt 0.359300 0.753800
vt 0.357000 0.748900
vt 0.360400 0.758400
vt 0.352400 0.756400
vt 0.346700 0.759500
vt 0.344600 0.757900
vt 0.350200 0.754000
vt 0.342300 0.755700
vt 0.339300 0.752200
vt 0.339900 0.762000
vt 0.338000 0.759900
vt 0.335000 0.756200
vt 0.329100 0.749800
vt 0.334000 0.746200
vt 0.333900 0.764600
vt 0.330600 0.761000
vt 0.324600 0.754500
vt 0.316500 0.745700
vt 0.320700 0.740700
vt 0.326000 0.767200
vt 0.320000 0.760700
vt 0.311900 0.751100
vt 0.303100 0.739600
vt 0.307600 0.734700
vt 0.315400 0.767500
vt 0.306300 0.757300
vt 0.298000 0.745300
vt 0.289500 0.732200
vt 0.294500 0.726900
vt 0.300100 0.764500
vt 0.290900 0.752300
vt 0.282700 0.738200
vt 0.274500 0.723800
vt 0.280400 0.718100
vt 0.284100 0.758000
vt 0.275400 0.743700
vt 0.268000 0.729400
vt 0.258800 0.715800
vt 0.264600 0.709700
vt 0.598400 0.942700
vt 0.617400 0.927900
vt 0.620100 0.939200
vt 0.640000 0.926000
vt 0.643000 0.936700
vt 0.661000 0.921700
vt 0.664100 0.932100
vt 0.615400 0.917600
vt 0.637400 0.914500
vt 0.657700 0.910700
vt 0.678600 0.906700
vt 0.680900 0.916400
vt 0.633900 0.902600
vt 0.654400 0.899000
vt 0.675700 0.895800
vt 0.698500 0.894000
vt 0.699700 0.904000
vt 0.651300 0.889600
vt 0.673400 0.886300
vt 0.697600 0.883900
vt 0.721500 0.884700
vt 0.720800 0.895700
vt 0.670900 0.878100
vt 0.697300 0.874500
vt 0.721700 0.874300
vt 0.742600 0.878200
vt 0.741100 0.890700
vt 0.743800 0.867500
vt 0.766200 0.877700
vt 0.763400 0.888500
vt 0.745600 0.858400
vt 0.768700 0.868300
vt 0.789600 0.876900
vt 0.785900 0.888000
vt 0.748300 0.847400
vt 0.772100 0.855900
vt 0.794300 0.864100
vt 0.814800 0.871300
vt 0.808500 0.884900
vt 0.775800 0.838900
vt 0.801300 0.846700
vt 0.823800 0.855500
vt 0.841000 0.867800
vt 0.831800 0.881600
vt 0.834700 0.839400
vt 0.853100 0.852700
vt 0.866900 0.865900
vt 0.855000 0.879100
vt 0.842700 0.827800
vt 0.863300 0.841000
vt 0.879800 0.854400
vt 0.889100 0.867700
vt 0.874800 0.878100
vt 0.871400 0.832000
vt 0.889600 0.845600
vt 0.903000 0.860100
vt 0.490400 0.480500
vt 0.481500 0.491300
vt 0.473400 0.484300
vt 0.479000 0.472400
vt 0.896400 0.838400
vt 0.910700 0.854900
vt 0.480700 0.465900
vt 0.495100 0.473100
vt 0.495000 0.490300
vt 0.481600 0.460000
vt 0.498300 0.465900
vt 0.903200 0.832100
vt 0.919000 0.849900
vt 0.927100 0.844000
vt 0.878200 0.824400
vt 0.884400 0.817200
vt 0.856400 0.810900
vt 0.849700 0.819000
vt 0.825500 0.804700
vt 0.488500 0.504000
vt 0.485800 0.497400
vt 0.522800 0.664900
vt 0.530700 0.659400
vt 0.534400 0.667300
vt 0.524000 0.672800
vt 0.536400 0.676700
vt 0.523000 0.682000
vt 0.544600 0.659800
vt 0.548000 0.669900
vt 0.550300 0.681500
vt 0.537700 0.687200
vt 0.522500 0.693900
vt 0.558800 0.663600
vt 0.561300 0.677000
vt 0.866300 0.889300
vt 0.861700 0.900000
vt 0.846900 0.892300
vt 0.860000 0.912200
vt 0.841800 0.904500
vt 0.824900 0.894400
vt 0.838100 0.915800
vt 0.820600 0.906400
vt 0.803700 0.897100
vt 0.815900 0.918900
vt 0.798800 0.910000
vt 0.781900 0.900100
vt 0.793300 0.923700
vt 0.777000 0.914100
vt 0.759800 0.901900
vt 0.773100 0.924800
vt 0.756700 0.912400
vt 0.739500 0.901900
vt 0.754100 0.920600
vt 0.737700 0.910700
vt 0.720000 0.905100
vt 0.735900 0.918100
vt 0.719100 0.913400
vt 0.700500 0.913000
vt 0.718200 0.922100
vt 0.701500 0.923100
vt 0.683100 0.927000
vt 0.237400 0.696600
vt 0.226600 0.690600
vt 0.229600 0.682900
vt 0.241400 0.689300
vt 0.253200 0.697900
vt 0.248200 0.704800
vt 0.245000 0.681700
vt 0.257300 0.690700
vt 0.269600 0.703800
vt 0.260600 0.684600
vt 0.273100 0.698700
vt 0.284700 0.713200
vt 0.275900 0.694700
vt 0.287900 0.709100
vt 0.298800 0.722300
vt 0.291000 0.704900
vt 0.303000 0.717500
vt 0.312200 0.729800
vt 0.317600 0.725200
vt 0.325700 0.736600
vt 0.324600 0.722000
vt 0.334200 0.719100
vt 0.332700 0.703200
vt 0.342700 0.717600
vt 0.339900 0.701200
vt 0.349700 0.717600
vt 0.329900 0.685800
vt 0.336800 0.683400
vt 0.322100 0.688800
vt 0.314500 0.674000
vt 0.322000 0.671700
vt 0.309700 0.658800
vt 0.300800 0.659900
vt 0.295100 0.646400
vt 0.278200 0.638300
vt 0.267300 0.641400
vt 0.265100 0.634900
vt 0.255000 0.644200
vt 0.253400 0.637600
vt 0.253000 0.658500
vt 0.266800 0.672000
vt 0.265000 0.675800
vt 0.249600 0.663900
vt 0.263100 0.679900
vt 0.248100 0.669600
vt 0.247000 0.675400
vt 0.233500 0.668900
vt 0.221700 0.664200
vt 0.232200 0.675200
vt 0.220800 0.670900
vt 0.209600 0.668800
vt 0.209600 0.662000
vt 0.219000 0.679000
vt 0.208700 0.676600
vt 0.197200 0.674500
vt 0.197000 0.667900
vt 0.216200 0.686100
vt 0.206400 0.682600
vt 0.196300 0.679700
vt 0.184400 0.678900
vt 0.183900 0.674300
vt 0.733400 0.925400
vt 0.751500 0.927400
vt 0.748300 0.934000
vt 0.767000 0.939700
vt 0.763500 0.946500
vt 0.782600 0.950400
vt 0.779600 0.957700
vt 0.770000 0.932900
vt 0.785300 0.943300
vt 0.800500 0.952300
vt 0.797900 0.959000
vt 0.788600 0.935300
vt 0.804100 0.944300
vt 0.819200 0.952400
vt 0.815800 0.960300
vt 0.809900 0.932000
vt 0.826500 0.940200
vt 0.845100 0.949000
vt 0.835500 0.960200
vt 0.834200 0.927000
vt 0.855900 0.935700
vt 0.859100 0.923900
vt 0.604500 0.699700
vt 0.832100 0.966200
vt 0.795100 0.966300
vt 0.172800 0.682200
vt 0.278700 0.690800
vt 0.554800 0.651800
vt 0.548000 0.641600
vt 0.556100 0.632100
vt 0.539400 0.651200
vt 0.529800 0.644600
vt 0.536600 0.634700
vt 0.523000 0.652900
vt 0.513200 0.647700
vt 0.517700 0.639700
vt 0.517700 0.658900
vt 0.509000 0.654300
vt 0.625400 0.029400
vt 0.622900 0.044800
vt 0.613500 0.043400
vt 0.615000 0.024800
vt 0.492900 0.521100
vt 0.490000 0.512000
vt 0.402000 0.035100
vt 0.406400 0.020300
vt 0.616000 0.066600
vt 0.606500 0.067600
vt 0.602400 0.041600
vt 0.602400 0.019700
vt 0.624600 0.065300
vt 0.631500 0.089700
vt 0.622500 0.092300
vt 0.396100 0.053800
vt 0.404600 0.057400
vt 0.394800 0.081000
vt 0.386400 0.076200
vt 0.383300 0.103300
vt 0.374800 0.097700
vt 0.402800 0.084700
vt 0.411100 0.089200
vt 0.419500 0.093600
vt 0.642100 0.113300
vt 0.650000 0.136600
vt 0.639800 0.139300
vt 0.632100 0.116700
vt 0.367200 0.121800
vt 0.359300 0.114400
vt 0.342500 0.136000
vt 0.337100 0.126800
vt 0.348400 0.144000
vt 0.321400 0.153500
vt 0.317400 0.144700
vt 0.353400 0.151900
vt 0.324600 0.159700
vt 0.296400 0.162400
vt 0.295700 0.156000
vt 0.353700 0.162200
vt 0.326200 0.167300
vt 0.296300 0.168800
vt 0.268600 0.163800
vt 0.269700 0.158100
vt 0.327000 0.175200
vt 0.295800 0.175500
vt 0.267100 0.169500
vt 0.295200 0.182400
vt 0.265100 0.176100
vt 0.243100 0.164200
vt 0.227900 0.158700
vt 0.630000 0.256800
vt 0.633100 0.250400
vt 0.653800 0.261600
vt 0.653000 0.266800
vt 0.668400 0.269900
vt 0.669100 0.273100
vt 0.675600 0.271700
vt 0.676500 0.273300
vt 0.655300 0.256600
vt 0.635400 0.244800
vt 0.638300 0.239100
vt 0.657000 0.252400
vt 0.642700 0.233400
vt 0.659300 0.249200
vt 0.647500 0.228800
vt 0.661800 0.247100
vt 0.652600 0.225500
vt 0.664700 0.245400
vt 0.657100 0.224000
vt 0.667300 0.244600
vt 0.675600 0.260000
vt 0.679000 0.269100
vt 0.669500 0.244200
vt 0.677400 0.259500
vt 0.680900 0.268800
vt 0.661500 0.223800
vt 0.245600 0.140400
vt 0.269600 0.139100
vt 0.269600 0.144900
vt 0.246000 0.144000
vt 0.270100 0.151700
vt 0.246300 0.148500
vt 0.293700 0.148100
vt 0.292200 0.140400
vt 0.314200 0.135800
vt 0.658500 0.204700
vt 0.651000 0.204900
vt 0.647800 0.185600
vt 0.656800 0.185000
vt 0.644800 0.163400
vt 0.655100 0.161600
vt 0.638100 0.188100
vt 0.634100 0.165700
vt 0.629500 0.142300
vt 0.623000 0.169400
vt 0.618200 0.146200
vt 0.612400 0.123300
vt 0.622800 0.119900
vt 0.605200 0.097400
vt 0.614200 0.094700
vt 0.596800 0.068900
vt 0.595200 0.100000
vt 0.587100 0.070300
vt 0.579000 0.040200
vt 0.589700 0.040200
vt 0.573900 0.009700
vt 0.588100 0.013900
vt 0.525300 0.620900
vt 0.542800 0.624100
vt 0.522300 0.630500
vt 0.527700 0.610200
vt 0.548900 0.612400
vt 0.565800 0.620200
vt 0.553600 0.599900
vt 0.574200 0.606600
vt 0.556400 0.589700
vt 0.579700 0.595700
vt 0.558400 0.583400
vt 0.582800 0.586800
vt 0.560700 0.577300
vt 0.585000 0.578100
vt 0.563400 0.570700
vt 0.586700 0.569800
vt 0.604700 0.563800
vt 0.587700 0.560400
vt 0.603300 0.554300
vt 0.618600 0.545100
vt 0.621800 0.553700
vt 0.634600 0.532800
vt 0.638800 0.540500
vt 0.643100 0.548700
vt 0.653600 0.529900
vt 0.658200 0.536200
vt 0.663200 0.543100
vt 0.674500 0.529700
vt 0.679600 0.535700
vt 0.685200 0.542600
vt 0.670600 0.549400
vt 0.689900 0.550800
vt 0.677100 0.556100
vt 0.652500 0.286500
vt 0.649800 0.295700
vt 0.637700 0.290600
vt 0.641700 0.281500
vt 0.626700 0.284600
vt 0.631700 0.274600
vt 0.614000 0.277400
vt 0.619100 0.265900
vt 0.634800 0.301100
vt 0.622700 0.295900
vt 0.609200 0.289900
vt 0.595000 0.282700
vt 0.599300 0.270200
vt 0.617600 0.308000
vt 0.603700 0.302700
vt 0.590100 0.294400
vt 0.576500 0.284600
vt 0.579800 0.274900
vt 0.597500 0.314500
vt 0.584800 0.304600
vt 0.572500 0.292600
vt 0.911800 0.033700
vt 0.903700 0.031000
vt 0.911800 0.015300
vt 0.920400 0.018800
vt 0.578600 0.313700
vt 0.567200 0.299900
vt 0.928100 0.020700
vt 0.919400 0.036500
vt 0.912200 0.052900
vt 0.904800 0.050800
vt 0.937000 0.022500
vt 0.927400 0.039400
vt 0.920000 0.055300
vt 0.915000 0.072400
vt 0.907800 0.070500
vt 0.933900 0.041900
vt 0.927000 0.057800
vt 0.920900 0.073800
vt 0.918000 0.092100
vt 0.913100 0.091000
vt 0.932200 0.059900
vt 0.925700 0.075800
vt 0.922900 0.093300
vt 0.924200 0.110000
vt 0.919400 0.109700
vt 0.930500 0.077800
vt 0.928900 0.095100
vt 0.936000 0.078800
vt 0.935100 0.096100
vt 0.941400 0.079400
vt 0.941700 0.095200
vt 0.948400 0.080600
vt 0.948100 0.094900
vt 0.949300 0.109700
vt 0.949400 0.121000
vt 0.954500 0.096300
vt 0.955400 0.109700
vt 0.955800 0.121200
vt 0.954800 0.132800
vt 0.947400 0.131300
vt 0.961000 0.109800
vt 0.961700 0.121100
vt 0.961100 0.133300
vt 0.967400 0.120900
vt 0.967500 0.134000
vt 0.965600 0.148300
vt 0.962500 0.164400
vt 0.959100 0.183600
vt 0.967500 0.187000
vt 0.963400 0.204600
vt 0.955800 0.201600
vt 0.970900 0.207700
vt 0.966700 0.224600
vt 0.960200 0.222200
vt 0.973100 0.227400
vt 0.970000 0.244500
vt 0.964100 0.242800
vt 0.979900 0.229800
vt 0.976400 0.246400
vt 0.974100 0.263000
vt 0.968600 0.262000
vt 0.179700 0.927200
vt 0.164300 0.933100
vt 0.164700 0.927300
vt 0.149900 0.931200
vt 0.150400 0.926400
vt 0.149900 0.936600
vt 0.135800 0.933200
vt 0.136000 0.928200
vt 0.135600 0.938700
vt 0.120000 0.933500
vt 0.120500 0.928600
vt 0.119500 0.937700
vt 0.102800 0.931000
vt 0.103600 0.927700
vt 0.101900 0.932700
vt 0.085300 0.925200
vt 0.085900 0.923600
vt 0.084300 0.927100
vt 0.069900 0.920200
vt 0.068900 0.921600
vt 0.061300 0.919700
vt 0.061000 0.920400
vt 0.086400 0.921500
vt 0.104200 0.923700
vt 0.120800 0.924400
vt 0.121500 0.921000
vt 0.136600 0.924200
vt 0.976100 0.294600
vt 0.968800 0.278800
vt 0.973900 0.279200
vt 0.962600 0.260900
vt 0.958000 0.241100
vt 0.953300 0.219900
vt 0.947700 0.198900
vt 0.967000 0.109600
vt 0.960100 0.097300
vt 0.954700 0.081800
vt 0.950700 0.063900
vt 0.955700 0.065200
vt 0.953600 0.046300
vt 0.946200 0.062700
vt 0.950600 0.045000
vt 0.955700 0.025800
vt 0.961300 0.028600
vt 0.543000 0.310800
vt 0.546800 0.315800
vt 0.533400 0.328100
vt 0.529200 0.322100
vt 0.521000 0.338700
vt 0.515800 0.330600
vt 0.502700 0.348200
vt 0.498700 0.338800
vt 0.482700 0.352900
vt 0.480100 0.344000
vt 0.947200 0.042900
vt 0.948500 0.025100
vt 0.941500 0.062100
vt 0.936700 0.061200
vt 0.943000 0.042400
vt 0.945800 0.030000
vt 0.938400 0.043100
vt 0.947900 0.027400
vt 0.944200 0.025200
vt 0.556200 0.314600
vt 0.560300 0.309000
vt 0.571400 0.324300
vt 0.564400 0.331400
vt 0.581700 0.338900
vt 0.575300 0.348200
vt 0.595900 0.347600
vt 0.590000 0.359400
vt 0.586200 0.365700
vt 0.605800 0.367200
vt 0.602100 0.375500
vt 0.598900 0.383700
vt 0.581800 0.372300
vt 0.596600 0.392700
vt 0.576500 0.381600
vt 0.595000 0.400900
vt 0.620200 0.397700
vt 0.620800 0.402500
vt 0.621700 0.406700
vt 0.646400 0.398600
vt 0.647700 0.400400
vt 0.648200 0.402200
vt 0.622100 0.410300
vt 0.649300 0.403800
vt 0.622500 0.412900
vt 0.649900 0.405500
vt 0.622900 0.414800
vt 0.650400 0.409100
vt 0.623500 0.417200
vt 0.651100 0.416200
vt 0.625100 0.421200
vt 0.649500 0.429200
vt 0.626300 0.428400
vt 0.603100 0.438100
vt 0.627400 0.443300
vt 0.607900 0.449900
vt 0.591000 0.463200
vt 0.615300 0.467900
vt 0.600300 0.478200
vt 0.587500 0.490400
vt 0.609700 0.494300
vt 0.596800 0.503900
vt 0.587500 0.511700
vt 0.604300 0.516100
vt 0.594800 0.521700
vt 0.582300 0.529600
vt 0.599500 0.531900
vt 0.585900 0.538300
vt 0.568200 0.546600
vt 0.549000 0.546000
vt 0.587600 0.549100
vt 0.568300 0.555100
vt 0.546700 0.551900
vt 0.490700 0.022300
vt 0.566300 0.563500
vt 0.543300 0.558500
vt 0.501100 0.018200
vt 0.509800 0.050000
vt 0.509600 0.015300
vt 0.519000 0.048000
vt 0.521200 0.078200
vt 0.527200 0.046400
vt 0.532700 0.077600
vt 0.536300 0.044700
vt 0.545300 0.076500
vt 0.546700 0.043200
vt 0.557400 0.074900
vt 0.556600 0.041800
vt 0.567300 0.073300
vt 0.573500 0.104500
vt 0.576900 0.133400
vt 0.576700 0.071800
vt 0.584700 0.102400
vt 0.589200 0.130200
vt 0.594300 0.153600
vt 0.582300 0.158200
vt 0.600800 0.126800
vt 0.606000 0.150000
vt 0.611600 0.173700
vt 0.600600 0.177400
vt 0.607200 0.202400
vt 0.597700 0.207000
vt 0.589800 0.181500
vt 0.617500 0.197400
vt 0.626000 0.217400
vt 0.618200 0.223900
vt 0.627700 0.192300
vt 0.634400 0.211600
vt 0.643000 0.207200
vt 0.612500 0.230000
vt 0.608600 0.234800
vt 0.589300 0.211600
vt 0.604100 0.240700
vt 0.581800 0.217500
vt 0.327100 0.184100
vt 0.567600 0.040800
vt 0.544600 0.008800
vt 0.558900 0.008000
vt 0.534700 0.010600
vt 0.531400 0.590000
vt 0.529900 0.599100
vt 0.525900 0.011800
vt 0.532500 0.581100
vt 0.518100 0.013000
vt 0.535300 0.573200
vt 0.539400 0.565500
vt 0.601700 0.543400
vt 0.610200 0.526800
vt 0.614900 0.536600
vt 0.625000 0.517200
vt 0.630600 0.525700
vt 0.640100 0.507900
vt 0.646900 0.516200
vt 0.650900 0.523300
vt 0.663400 0.509400
vt 0.666600 0.516200
vt 0.669700 0.523200
vt 0.683700 0.512100
vt 0.687400 0.519200
vt 0.692000 0.526000
vt 0.703700 0.516700
vt 0.708000 0.524400
vt 0.712300 0.531900
vt 0.697000 0.532600
vt 0.722000 0.524200
vt 0.724800 0.531700
vt 0.727800 0.538800
vt 0.735500 0.529500
vt 0.737700 0.535900
vt 0.740100 0.542000
vt 0.731100 0.545800
vt 0.742300 0.548000
vt 0.734600 0.552200
vt 0.745000 0.553800
vt 0.739400 0.557800
vt 0.735300 0.562800
vt 0.746200 0.564000
vt 0.743700 0.569100
vt 0.741200 0.573600
vt 0.732100 0.567400
vt 0.692500 0.283000
vt 0.697100 0.285500
vt 0.690900 0.294600
vt 0.688500 0.290800
vt 0.701500 0.288500
vt 0.694300 0.298400
vt 0.705900 0.291700
vt 0.698400 0.302700
vt 0.710200 0.295100
vt 0.702600 0.306900
vt 0.715700 0.300200
vt 0.708000 0.312800
vt 0.698600 0.323300
vt 0.714200 0.319100
vt 0.705100 0.329300
vt 0.720000 0.323800
vt 0.711300 0.334200
vt 0.725000 0.327300
vt 0.716300 0.338000
vt 0.706500 0.347500
vt 0.694400 0.356000
vt 0.720300 0.340900
vt 0.709700 0.350500
vt 0.696800 0.359500
vt 0.680000 0.367600
vt 0.678000 0.362400
vt 0.712700 0.352800
vt 0.699200 0.362100
vt 0.682200 0.371400
vt 0.662800 0.379300
vt 0.661400 0.373000
vt 0.701400 0.363700
vt 0.684100 0.373900
vt 0.664900 0.384000
vt 0.643100 0.389700
vt 0.642100 0.382900
vt 0.686000 0.375000
vt 0.667200 0.387200
vt 0.644700 0.395700
vt 0.620300 0.389800
vt 0.668900 0.388700
vt 0.687800 0.375700
vt 0.689900 0.376800
vt 0.670600 0.390200
vt 0.693200 0.380100
vt 0.672000 0.392200
vt 0.694800 0.387100
vt 0.673200 0.394300
vt 0.695400 0.397200
vt 0.675100 0.399600
vt 0.691900 0.410400
vt 0.675100 0.407000
vt 0.687000 0.424700
vt 0.671800 0.419100
vt 0.686100 0.437300
vt 0.666800 0.434800
vt 0.687900 0.447400
vt 0.666700 0.448000
vt 0.646100 0.444600
vt 0.670100 0.459500
vt 0.649400 0.460700
vt 0.631900 0.462800
vt 0.657100 0.473400
vt 0.640300 0.478100
vt 0.624100 0.484700
vt 0.649500 0.490600
vt 0.632600 0.497000
vt 0.617900 0.507100
vt 0.657500 0.501500
vt 0.666700 0.485200
vt 0.674700 0.495800
vt 0.680200 0.504500
vt 0.700300 0.508900
vt 0.716500 0.508000
vt 0.718700 0.516000
vt 0.730300 0.508400
vt 0.732000 0.516300
vt 0.734000 0.523500
vt 0.744500 0.515200
vt 0.745700 0.521500
vt 0.747200 0.527100
vt 0.761900 0.519800
vt 0.763300 0.524000
vt 0.764900 0.528900
vt 0.748800 0.533000
vt 0.766700 0.533800
vt 0.750500 0.538800
vt 0.768700 0.538800
vt 0.751700 0.544200
vt 0.770200 0.545900
vt 0.752200 0.549700
vt 0.750000 0.559200
vt 0.761900 0.565500
vt 0.760600 0.570200
vt 0.784000 0.570300
vt 0.782600 0.576000
vt 0.780100 0.582200
vt 0.759100 0.575100
vt 0.775400 0.588800
vt 0.756000 0.581000
vt 0.694300 0.268300
vt 0.695400 0.249500
vt 0.704600 0.252700
vt 0.701600 0.270800
vt 0.711200 0.255700
vt 0.707300 0.273900
vt 0.716500 0.258700
vt 0.711700 0.276800
vt 0.721300 0.262000
vt 0.716400 0.279700
vt 0.726500 0.267000
vt 0.721500 0.284300
vt 0.731900 0.272700
vt 0.727400 0.290900
vt 0.721800 0.306200
vt 0.733600 0.296200
vt 0.727900 0.311300
vt 0.739700 0.300600
vt 0.733100 0.315500
vt 0.745300 0.305000
vt 0.737500 0.319000
vt 0.729500 0.330500
vt 0.741800 0.322400
vt 0.733400 0.333300
vt 0.723800 0.343000
vt 0.737200 0.336300
vt 0.726800 0.345000
vt 0.715300 0.353900
vt 0.729800 0.347400
vt 0.717300 0.354700
vt 0.702800 0.363600
vt 0.719800 0.357200
vt 0.704800 0.364300
vt 0.722600 0.362400
vt 0.707200 0.367200
vt 0.725500 0.370200
vt 0.710200 0.373600
vt 0.726600 0.383200
vt 0.712000 0.384200
vt 0.724100 0.400500
vt 0.710700 0.397900
vt 0.722800 0.414400
vt 0.706200 0.414000
vt 0.722900 0.422900
vt 0.705000 0.426300
vt 0.723400 0.430100
vt 0.705900 0.435400
vt 0.724600 0.438000
vt 0.707900 0.443400
vt 0.727800 0.446900
vt 0.711100 0.452400
vt 0.691000 0.455800
vt 0.715700 0.462900
vt 0.697300 0.466800
vt 0.675700 0.469400
vt 0.731700 0.454300
vt 0.736200 0.460000
vt 0.748200 0.440000
vt 0.750500 0.446000
vt 0.753200 0.451900
vt 0.739500 0.465200
vt 0.755600 0.457500
vt 0.743800 0.470000
vt 0.760400 0.463600
vt 0.752000 0.476300
vt 0.746800 0.486800
vt 0.766900 0.483600
vt 0.764300 0.491800
vt 0.762000 0.499000
vt 0.745000 0.494800
vt 0.760700 0.504200
vt 0.743900 0.501800
vt 0.760200 0.509700
vt 0.743800 0.508900
vt 0.760700 0.514700
vt 0.782700 0.509900
vt 0.783100 0.512600
vt 0.784100 0.516600
vt 0.806400 0.511000
vt 0.806700 0.515900
vt 0.807800 0.523700
vt 0.785800 0.521900
vt 0.808600 0.529800
vt 0.787700 0.527200
vt 0.809500 0.536400
vt 0.789900 0.533600
vt 0.826800 0.531700
vt 0.825800 0.538600
vt 0.824600 0.544100
vt 0.845200 0.541200
vt 0.843800 0.547800
vt 0.842200 0.554700
vt 0.861800 0.552300
vt 0.860500 0.559900
vt 0.860200 0.568400
vt 0.878300 0.563600
vt 0.878900 0.571500
vt 0.879800 0.580300
vt 0.860100 0.575500
vt 0.880300 0.589500
vt 0.859600 0.583100
vt 0.836600 0.575600
vt 0.858000 0.590300
vt 0.835100 0.580400
vt 0.856300 0.595900
vt 0.833700 0.584100
vt 0.810400 0.571000
vt 0.788200 0.560400
vt 0.831600 0.588200
vt 0.808900 0.574700
vt 0.785500 0.565400
vt 0.807200 0.579100
vt 0.829500 0.592800
vt 0.827500 0.597900
vt 0.805400 0.585100
vt 0.825100 0.603200
vt 0.802300 0.591500
vt 0.820800 0.608600
vt 0.797500 0.598000
vt 0.697600 0.228700
vt 0.703700 0.207800
vt 0.712800 0.213300
vt 0.707200 0.232800
vt 0.720800 0.218000
vt 0.714900 0.236500
vt 0.727300 0.222100
vt 0.721000 0.240200
vt 0.732900 0.226100
vt 0.726600 0.244200
vt 0.738300 0.229900
vt 0.732300 0.248600
vt 0.744100 0.233500
vt 0.737600 0.253100
vt 0.749900 0.237900
vt 0.742200 0.257300
vt 0.737300 0.277800
vt 0.747100 0.261600
vt 0.743300 0.282300
vt 0.752900 0.266100
vt 0.750000 0.286300
vt 0.760800 0.271300
vt 0.756500 0.291200
vt 0.749700 0.309200
vt 0.761600 0.297300
vt 0.754100 0.313600
vt 0.746000 0.326200
vt 0.758900 0.319100
vt 0.750100 0.330800
vt 0.740700 0.340000
vt 0.754200 0.336900
vt 0.744300 0.345400
vt 0.733000 0.351800
vt 0.747600 0.352600
vt 0.735900 0.357700
vt 0.751000 0.363900
vt 0.738800 0.367300
vt 0.753800 0.381200
vt 0.739800 0.383200
vt 0.756500 0.395600
vt 0.740300 0.400600
vt 0.758300 0.403900
vt 0.740500 0.411100
vt 0.759500 0.409500
vt 0.740700 0.418200
vt 0.760800 0.414000
vt 0.740600 0.423900
vt 0.762200 0.416800
vt 0.741400 0.429700
vt 0.763800 0.420000
vt 0.744500 0.435400
vt 0.779500 0.408300
vt 0.779500 0.414900
vt 0.780400 0.428000
vt 0.783300 0.432800
vt 0.772000 0.447900
vt 0.769200 0.442200
vt 0.787500 0.437800
vt 0.777800 0.454300
vt 0.771200 0.471200
vt 0.788300 0.460600
vt 0.787300 0.476300
vt 0.786000 0.488700
vt 0.805100 0.477500
vt 0.805500 0.488900
vt 0.805700 0.497000
vt 0.784200 0.497500
vt 0.806300 0.502000
vt 0.783200 0.503600
vt 0.806500 0.505200
vt 0.782800 0.507200
vt 0.806500 0.507400
vt 0.829200 0.501100
vt 0.829100 0.504900
vt 0.828200 0.509900
vt 0.850900 0.501700
vt 0.850000 0.508000
vt 0.848500 0.514900
vt 0.827500 0.515900
vt 0.847400 0.523200
vt 0.827700 0.523600
vt 0.846100 0.533100
vt 0.866900 0.524700
vt 0.865000 0.534900
vt 0.863400 0.544100
vt 0.882700 0.536700
vt 0.880700 0.546200
vt 0.879000 0.555300
vt 0.897000 0.549900
vt 0.895900 0.558200
vt 0.896100 0.566400
vt 0.913000 0.560900
vt 0.913100 0.568300
vt 0.914500 0.575500
vt 0.897200 0.574200
vt 0.916600 0.583500
vt 0.899100 0.583000
vt 0.919600 0.593800
vt 0.900600 0.593300
vt 0.921400 0.603800
vt 0.901300 0.602800
vt 0.879900 0.597900
vt 0.900900 0.609900
vt 0.878600 0.604200
vt 0.900200 0.617200
vt 0.877200 0.610300
vt 0.853800 0.601200
vt 0.875800 0.616100
vt 0.852000 0.606000
vt 0.874000 0.622800
vt 0.850100 0.611200
vt 0.872400 0.629200
vt 0.848200 0.616600
vt 0.871300 0.636300
vt 0.846000 0.621800
vt 0.735500 0.172300
vt 0.740800 0.178700
vt 0.724500 0.194900
vt 0.717000 0.188300
vt 0.746300 0.184700
vt 0.731300 0.200600
vt 0.751000 0.189900
vt 0.737200 0.205400
vt 0.755700 0.194500
vt 0.742400 0.209300
vt 0.760800 0.198800
vt 0.747600 0.213300
vt 0.765500 0.203400
vt 0.752400 0.217300
vt 0.769600 0.208300
vt 0.758100 0.221800
vt 0.774200 0.212600
vt 0.763700 0.226100
vt 0.754600 0.242400
vt 0.769000 0.231300
vt 0.759500 0.247200
vt 0.774700 0.237900
vt 0.765600 0.253100
vt 0.783000 0.247000
vt 0.775000 0.261800
vt 0.768800 0.279100
vt 0.782700 0.271900
vt 0.774000 0.287100
vt 0.766600 0.304200
vt 0.779300 0.294700
vt 0.771800 0.311400
vt 0.763500 0.325700
vt 0.776800 0.319200
vt 0.768100 0.333700
vt 0.758200 0.345100
vt 0.773800 0.345800
vt 0.762200 0.356900
vt 0.780000 0.360800
vt 0.767500 0.373200
vt 0.785200 0.372300
vt 0.772100 0.384800
vt 0.788500 0.380800
vt 0.775100 0.392200
vt 0.790800 0.389300
vt 0.777500 0.398100
vt 0.779500 0.403600
vt 0.802300 0.370300
vt 0.805100 0.381900
vt 0.815300 0.359300
vt 0.820700 0.373500
vt 0.825000 0.385700
vt 0.832900 0.362100
vt 0.839500 0.372800
vt 0.846000 0.382200
vt 0.826700 0.395000
vt 0.851800 0.389100
vt 0.833700 0.402100
vt 0.858600 0.395800
vt 0.840200 0.407700
vt 0.819800 0.418300
vt 0.803900 0.430000
vt 0.847900 0.416200
vt 0.867100 0.406000
vt 0.874600 0.416800
vt 0.854600 0.426700
vt 0.883100 0.429500
vt 0.861100 0.438000
vt 0.892100 0.446900
vt 0.868800 0.452900
vt 0.844900 0.458300
vt 0.822400 0.462000
vt 0.872800 0.466400
vt 0.848300 0.470100
vt 0.825000 0.474800
vt 0.803500 0.462900
vt 0.849800 0.478800
vt 0.826900 0.484600
vt 0.850600 0.485600
vt 0.828100 0.491800
vt 0.851100 0.491400
vt 0.828800 0.497000
vt 0.851200 0.496200
vt 0.873700 0.487400
vt 0.873200 0.493500
vt 0.872100 0.500000
vt 0.894300 0.493800
vt 0.891800 0.500800
vt 0.889300 0.508300
vt 0.870500 0.507200
vt 0.887200 0.517400
vt 0.868800 0.515600
vt 0.885200 0.527000
vt 0.904500 0.521100
vt 0.902000 0.531200
vt 0.899400 0.540600
vt 0.915300 0.545100
vt 0.913800 0.553100
vt 0.931600 0.548500
vt 0.945300 0.551100
vt 0.953500 0.551400
vt 0.951100 0.536400
vt 0.956500 0.531800
vt 0.959800 0.550600
vt 0.941700 0.521500
vt 0.945700 0.514500
vt 0.951400 0.506700
vt 0.962400 0.527400
vt 0.927200 0.511600
vt 0.930700 0.504700
vt 0.936000 0.495400
vt 0.917600 0.488800
vt 0.921300 0.480200
vt 0.913800 0.497400
vt 0.896500 0.486300
vt 0.910500 0.504400
vt 0.907500 0.511700
vt 0.874100 0.480800
vt 0.898000 0.478500
vt 0.873800 0.473800
vt 0.898700 0.471200
vt 0.922800 0.472900
vt 0.897700 0.462700
vt 0.920600 0.459600
vt 0.937800 0.457200
vt 0.913500 0.440000
vt 0.929500 0.435400
vt 0.938100 0.433100
vt 0.946900 0.455200
vt 0.943600 0.431600
vt 0.952100 0.453600
vt 0.948600 0.430000
vt 0.956800 0.452000
vt 0.963400 0.473300
vt 0.960700 0.450900
vt 0.967100 0.472100
vt 0.971600 0.494100
vt 0.968700 0.494500
vt 0.977100 0.519700
vt 0.974900 0.520400
vt 0.971500 0.521600
vt 0.978200 0.547400
vt 0.974700 0.548200
vt 0.971000 0.548800
vt 0.967500 0.523400
vt 0.965400 0.549900
vt 0.959200 0.567400
vt 0.955100 0.564000
vt 0.945800 0.577600
vt 0.944700 0.572300
vt 0.930400 0.575700
vt 0.932000 0.581800
vt 0.975600 0.573400
vt 0.981100 0.572200
vt 0.979400 0.596300
vt 0.971300 0.596600
vt 0.980400 0.546400
vt 0.983400 0.545900
vt 0.984800 0.571400
vt 0.979500 0.519600
vt 0.983400 0.519100
vt 0.986300 0.545400
vt 0.975100 0.493900
vt 0.979700 0.493900
vt 0.984200 0.494000
vt 0.988300 0.518200
vt 0.971400 0.471300
vt 0.976400 0.471400
vt 0.981200 0.472200
vt 0.971200 0.449800
vt 0.976700 0.450700
vt 0.993100 0.570000
vt 0.988400 0.570900
vt 0.991500 0.543400
vt 0.993400 0.595700
vt 0.989300 0.595000
vt 0.984500 0.595300
vt 0.987300 0.618100
vt 0.982400 0.617900
vt 0.977100 0.618100
vt 0.970300 0.617300
vt 0.983300 0.638900
vt 0.977700 0.639000
vt 0.970300 0.638200
vt 0.957600 0.634900
vt 0.957700 0.614700
vt 0.979000 0.655200
vt 0.972000 0.654300
vt 0.958800 0.649500
vt 0.940100 0.639200
vt 0.939900 0.627600
vt 0.973300 0.668700
vt 0.959700 0.661900
vt 0.941100 0.650700
vt 0.920400 0.641500
vt 0.920600 0.632700
vt 0.959000 0.670900
vt 0.940200 0.660800
vt 0.919600 0.650100
vt 0.896900 0.640100
vt 0.898100 0.632900
vt 0.939000 0.668500
vt 0.917800 0.658800
vt 0.895400 0.648100
vt 0.774600 0.149500
vt 0.778600 0.155800
vt 0.759100 0.165000
vt 0.755300 0.160100
vt 0.782700 0.162300
vt 0.763600 0.171200
vt 0.786000 0.167900
vt 0.767100 0.177000
vt 0.788400 0.172900
vt 0.771300 0.181800
vt 0.791500 0.177500
vt 0.775900 0.186300
vt 0.780700 0.191500
vt 0.785800 0.196300
vt 0.790400 0.200400
vt 0.812700 0.195600
vt 0.794100 0.206000
vt 0.779800 0.217700
vt 0.798500 0.212400
vt 0.785700 0.224500
vt 0.804700 0.220900
vt 0.793200 0.233600
vt 0.814400 0.234300
vt 0.803400 0.246200
vt 0.792300 0.258700
vt 0.811100 0.256700
vt 0.798600 0.268000
vt 0.787800 0.280100
vt 0.803400 0.274700
vt 0.792900 0.287900
vt 0.784700 0.302900
vt 0.799600 0.297700
vt 0.791500 0.314300
vt 0.783300 0.331100
vt 0.800100 0.329600
vt 0.790900 0.345900
vt 0.808500 0.343900
vt 0.797500 0.358300
vt 0.808800 0.312400
vt 0.818700 0.329900
vt 0.826500 0.347800
vt 0.829400 0.315900
vt 0.837900 0.334600
vt 0.845400 0.347300
vt 0.851000 0.322400
vt 0.860000 0.333400
vt 0.852500 0.357600
vt 0.859900 0.366800
vt 0.864100 0.310900
vt 0.873700 0.325000
vt 0.874000 0.304600
vt 0.883600 0.321700
vt 0.882300 0.300900
vt 0.892000 0.318700
vt 0.899300 0.333900
vt 0.897700 0.316300
vt 0.905900 0.332600
vt 0.913300 0.352900
vt 0.904600 0.355900
vt 0.917800 0.373700
vt 0.909900 0.375800
vt 0.925000 0.391400
vt 0.918100 0.393400
vt 0.907500 0.397500
vt 0.892800 0.405700
vt 0.928000 0.412200
vt 0.919000 0.414800
vt 0.903300 0.420600
vt 0.934100 0.410600
vt 0.931000 0.389400
vt 0.939700 0.408800
vt 0.936500 0.387400
vt 0.944900 0.406900
vt 0.952900 0.428700
vt 0.950600 0.405700
vt 0.957600 0.428000
vt 0.965200 0.449900
vt 0.964200 0.427900
vt 0.957000 0.405100
vt 0.963000 0.405600
vt 0.970400 0.428500
vt 0.991900 0.619100
vt 0.992500 0.639700
vt 0.987900 0.638900
vt 0.984500 0.655100
vt 0.885700 0.227800
vt 0.879800 0.229800
vt 0.874000 0.212800
vt 0.879000 0.209400
vt 0.894700 0.247300
vt 0.888900 0.248600
vt 0.883400 0.250100
vt 0.874000 0.231100
vt 0.905000 0.268600
vt 0.899300 0.269800
vt 0.894000 0.271300
vt 0.889200 0.272500
vt 0.879100 0.250800
vt 0.907600 0.290100
vt 0.901600 0.291900
vt 0.896800 0.293600
vt 0.892600 0.295800
vt 0.884100 0.274400
vt 0.910400 0.310100
vt 0.905800 0.312100
vt 0.901800 0.314000
vt 0.888100 0.297300
vt 0.914500 0.329100
vt 0.910400 0.330800
vt 0.922500 0.349200
vt 0.918300 0.350800
vt 0.929200 0.369400
vt 0.923900 0.371700
vt 0.927500 0.347500
vt 0.934800 0.367000
vt 0.942400 0.385300
vt 0.941100 0.364900
vt 0.949300 0.383900
vt 0.947100 0.362700
vt 0.955500 0.383400
vt 0.914100 0.289000
vt 0.922000 0.307400
vt 0.916100 0.308500
vt 0.930100 0.325300
vt 0.924200 0.326500
vt 0.918800 0.327600
vt 0.933000 0.346000
vt 0.938500 0.343400
vt 0.872600 0.279600
vt 0.878800 0.275900
vt 0.861300 0.255800
vt 0.868800 0.252800
vt 0.874100 0.251500
vt 0.861100 0.237800
vt 0.866000 0.234800
vt 0.870100 0.232600
vt 0.860800 0.224300
vt 0.865600 0.218700
vt 0.869600 0.214300
vt 0.861200 0.201900
vt 0.865000 0.196100
vt 0.868000 0.192600
vt 0.858500 0.182000
vt 0.860300 0.178100
vt 0.863500 0.175000
vt 0.871900 0.189600
vt 0.855900 0.163900
vt 0.848800 0.153500
vt 0.855700 0.187000
vt 0.852000 0.192300
vt 0.846600 0.181500
vt 0.856000 0.208900
vt 0.849400 0.216600
vt 0.845800 0.199500
vt 0.855800 0.230400
vt 0.849800 0.236700
vt 0.842400 0.225400
vt 0.854400 0.243100
vt 0.845100 0.249500
vt 0.840800 0.243600
vt 0.851700 0.260500
vt 0.840700 0.269400
vt 0.833000 0.258500
vt 0.863400 0.283500
vt 0.852800 0.291200
vt 0.840900 0.303000
vt 0.829500 0.282000
vt 0.818600 0.296400
vt 0.809300 0.282700
vt 0.820600 0.269500
vt 0.815800 0.263300
vt 0.828900 0.252800
vt 0.823800 0.246100
vt 0.834300 0.235800
vt 0.824500 0.222400
vt 0.835700 0.209800
vt 0.818300 0.208900
vt 0.833000 0.198200
vt 0.842800 0.189100
vt 0.830600 0.190200
vt 0.837400 0.182200
vt 0.839800 0.175000
vt 0.830700 0.177700
vt 0.831300 0.171800
vt 0.820900 0.171100
vt 0.819400 0.166300
vt 0.805200 0.169300
vt 0.803100 0.163500
vt 0.818000 0.161000
vt 0.807400 0.173500
vt 0.800800 0.157300
vt 0.817200 0.155000
vt 0.798200 0.150300
vt 0.816800 0.149000
vt 0.795500 0.143600
vt 0.815800 0.143200
vt 0.831200 0.145600
vt 0.958300 0.676600
vt 0.973300 0.676200
vt 0.972900 0.681500
vt 0.841300 0.148700
vt 0.826500 0.185500
vt 0.815300 0.200600
vt 0.899100 0.625000
vt 0.921100 0.622800
vt 0.922000 0.613000
vt 0.941100 0.613600
vt 0.794200 0.443400
vt 0.621100 0.381800
vt 0.623100 0.372100
vt 0.642100 0.374500
vt 0.626500 0.360200
vt 0.643300 0.364000
vt 0.660500 0.364900
vt 0.647900 0.350200
vt 0.662400 0.354200
vt 0.632600 0.344800
vt 0.641900 0.329200
vt 0.626000 0.325000
vt 0.631800 0.312600
vt 0.649100 0.316600
vt 0.617900 0.339200
vt 0.603500 0.333100
vt 0.611100 0.320300
vt 0.611000 0.354700
vt 0.590300 0.325800
vt 0.649000 0.305700
vt 0.935300 0.135200
vt 0.927800 0.140400
vt 0.921300 0.126100
vt 0.927600 0.125100
vt 0.917200 0.142300
vt 0.914700 0.126000
vt 0.913400 0.109100
vt 0.907300 0.125800
vt 0.906500 0.108200
vt 0.906200 0.089500
vt 0.897900 0.107400
vt 0.897600 0.088300
vt 0.899900 0.068900
vt 0.888500 0.087500
vt 0.891100 0.067400
vt 0.896600 0.048500
vt 0.881500 0.065700
vt 0.887100 0.046000
vt 0.894400 0.027800
vt 0.877200 0.043500
vt 0.884000 0.024300
vt 0.891500 0.007100
vt 0.902000 0.011300
vt 0.873900 0.021300
vt 0.880900 0.002900
vt 0.582800 0.264000
vt 0.585100 0.252800
vt 0.603000 0.258000
vt 0.425500 0.974100
vt 0.423100 0.964600
vt 0.442600 0.959300
vt 0.444800 0.971100
vt 0.675900 0.617600
vt 0.666800 0.624800
vt 0.420400 0.955200
vt 0.439100 0.948100
vt 0.659700 0.633200
vt 0.644000 0.621800
vt 0.654400 0.643500
vt 0.433900 0.936900
vt 0.651100 0.655000
vt 0.403100 0.971400
vt 0.405200 0.979200
vt 0.383000 0.985700
vt 0.867600 0.041300
vt 0.872100 0.064200
vt 0.863600 0.063600
vt 0.871300 0.086600
vt 0.863700 0.086900
vt 0.879400 0.086800
vt 0.879800 0.107500
vt 0.888700 0.107300
vt 0.889000 0.125600
vt 0.898400 0.125700
vt 0.898500 0.142100
vt 0.907600 0.141900
vt 0.909400 0.156000
vt 0.921900 0.154200
vt 0.927500 0.162900
vt 0.678500 0.271300
vt 0.679700 0.271500
vt 0.222400 0.156400
vt 0.751300 0.833000
vt 0.730300 0.829100
vt 0.733900 0.814500
vt 0.710100 0.826700
vt 0.714500 0.813800
vt 0.734700 0.797300
vt 0.692100 0.826300
vt 0.694900 0.813900
vt 0.364200 0.595500
vt 0.364600 0.607400
vt 0.357500 0.607900
vt 0.357300 0.594900
vt 0.365300 0.619800
vt 0.358900 0.621100
vt 0.352800 0.622500
vt 0.360600 0.634100
vt 0.366400 0.632900
vt 0.652600 0.827400
vt 0.655300 0.837700
vt 0.633900 0.839200
vt 0.631000 0.830500
vt 0.635700 0.847800
vt 0.637600 0.856600
vt 0.666400 0.862600
vt 0.641200 0.865900
vt 0.668900 0.871200
vt 0.645100 0.874000
vt 0.648300 0.881600
vt 0.626900 0.885800
vt 0.630300 0.893200
vt 0.674000 0.837700
vt 0.673300 0.826000
vt 0.294500 0.770400
vt 0.310900 0.773800
vt 0.306800 0.778500
vt 0.323000 0.773200
vt 0.330200 0.770500
vt 0.328000 0.776100
vt 0.333300 0.772300
vt 0.331300 0.777700
vt 0.336400 0.773400
vt 0.336300 0.766600
vt 0.339100 0.768100
vt 0.342400 0.769200
vt 0.342300 0.763500
vt 0.345600 0.771300
vt 0.351200 0.772900
vt 0.416600 0.720300
vt 0.392200 0.703800
vt 0.412600 0.710600
vt 0.411900 0.701900
vt 0.428400 0.702400
vt 0.427100 0.694400
vt 0.440100 0.695500
vt 0.442200 0.699300
vt 0.060700 0.131600
vt 0.073000 0.117500
vt 0.080900 0.123500
vt 0.069000 0.139200
vt 0.091000 0.129200
vt 0.081000 0.146800
vt 0.093100 0.108400
vt 0.101200 0.113300
vt 0.111400 0.118300
vt 0.114000 0.097200
vt 0.120900 0.101300
vt 0.128300 0.104800
vt 0.121800 0.122900
vt 0.136000 0.108000
vt 0.136300 0.085200
vt 0.141400 0.087700
vt 0.146700 0.089500
vt 0.148800 0.067400
vt 0.152900 0.068900
vt 0.156800 0.070100
vt 0.152100 0.090800
vt 0.160800 0.071300
vt 0.157100 0.091700
vt 0.164600 0.072100
vt 0.161700 0.092000
vt 0.115800 0.042100
vt 0.118500 0.045200
vt 0.101900 0.057700
vt 0.099000 0.053400
vt 0.085400 0.070100
vt 0.082500 0.065800
vt 0.105100 0.061900
vt 0.089100 0.074900
vt 0.072900 0.087300
vt 0.093300 0.080000
vt 0.076900 0.092300
vt 0.060500 0.105100
vt 0.045900 0.116300
vt 0.081400 0.097600
vt 0.066700 0.111600
vt 0.053400 0.124100
vt 0.440900 0.691900
vt 0.086500 0.102800
vt 0.097400 0.084700
vt 0.102000 0.089300
vt 0.107800 0.093200
vt 0.117000 0.073300
vt 0.121400 0.076700
vt 0.126000 0.080000
vt 0.133600 0.059400
vt 0.137000 0.061500
vt 0.140900 0.063800
vt 0.130900 0.082700
vt 0.144800 0.065700
vt 0.151700 0.044300
vt 0.154400 0.045800
vt 0.157300 0.047300
vt 0.161800 0.028500
vt 0.160400 0.048500
vt 0.163700 0.049400
vt 0.170200 0.030200
vt 0.167100 0.050200
vt 0.172500 0.030000
vt 0.170600 0.050900
vt 0.133800 0.029900
vt 0.131500 0.027200
vt 0.136100 0.032300
vt 0.121200 0.048000
vt 0.138200 0.034200
vt 0.124000 0.050600
vt 0.109000 0.066000
vt 0.127300 0.053700
vt 0.113100 0.069600
vt 0.130500 0.056500
vt 0.140700 0.036600
vt 0.144400 0.039500
vt 0.146300 0.040900
vt 0.157800 0.027100
vt 0.149100 0.042800
vt 0.159800 0.027700
vt 0.160300 0.019000
vt 0.158100 0.017800
vt 0.160500 0.016400
vt 0.168300 0.013200
vt 0.168900 0.015900
vt 0.152000 0.022000
vt 0.169100 0.020500
vt 0.170200 0.020100
vt 0.542300 0.724800
vt 0.555200 0.733800
vt 0.546200 0.720700
vt 0.558500 0.728900
vt 0.571400 0.735100
vt 0.278100 0.837700
vt 0.298600 0.835300
vt 0.278300 0.844900
vt 0.257800 0.847300
vt 0.257600 0.840800
vt 0.258300 0.853300
vt 0.237400 0.855000
vt 0.236900 0.849200
vt 0.236800 0.842500
vt 0.238400 0.860700
vt 0.221800 0.863400
vt 0.222800 0.869300
vt 0.207100 0.873400
vt 0.206000 0.867200
vt 0.418600 0.317000
vt 0.400300 0.323800
vt 0.397700 0.317300
vt 0.417600 0.310300
vt 0.395400 0.311000
vt 0.416600 0.303000
vt 0.378700 0.327200
vt 0.375700 0.320600
vt 0.372200 0.314500
vt 0.391400 0.304600
vt 0.411200 0.294200
vt 0.368100 0.307100
vt 0.386800 0.296900
vt 0.405700 0.285800
vt 0.363900 0.299700
vt 0.382600 0.288700
vt 0.401400 0.277000
vt 0.359600 0.292900
vt 0.378700 0.281000
vt 0.398400 0.268100
vt 0.374900 0.273300
vt 0.395300 0.258900
vt 0.611100 0.809000
vt 0.606000 0.811700
vt 0.347300 0.310900
vt 0.342800 0.305400
vt 0.333000 0.323400
vt 0.329400 0.318700
vt 0.317800 0.336600
vt 0.314400 0.332200
vt 0.311400 0.327100
vt 0.299100 0.344400
vt 0.295600 0.340200
vt 0.308100 0.323200
vt 0.283800 0.355400
vt 0.302600 0.348700
vt 0.287200 0.359600
vt 0.271400 0.369300
vt 0.268700 0.365900
vt 0.256200 0.374800
vt 0.249600 0.381200
vt 0.289600 0.363600
vt 0.273600 0.372700
vt 0.291500 0.368200
vt 0.275700 0.377100
vt 0.293600 0.373200
vt 0.277400 0.381400
vt 0.264500 0.388300
vt 0.278900 0.385800
vt 0.265600 0.391700
vt 0.257300 0.397100
vt 0.255800 0.394000
vt 0.798900 0.629300
vt 0.266300 0.395600
vt 0.258300 0.400400
vt 0.253500 0.403500
vt 0.259300 0.403800
vt 0.254700 0.406700
vt 0.251400 0.409500
vt 0.249800 0.406200
vt 0.799000 0.617400
vt 0.227100 0.359900
vt 0.225800 0.355800
vt 0.229400 0.355200
vt 0.231100 0.358600
vt 0.799600 0.614400
vt 0.802300 0.614100
vt 0.805400 0.613600
vt 0.234500 0.362700
vt 0.236300 0.354300
vt 0.239000 0.357100
vt 0.247700 0.346300
vt 0.245400 0.344000
vt 0.258000 0.329500
vt 0.260100 0.332600
vt 0.234500 0.351700
vt 0.243800 0.341700
vt 0.255900 0.327300
vt 0.267300 0.310600
vt 0.271300 0.314000
vt 0.251800 0.324500
vt 0.263600 0.308000
vt 0.276400 0.291700
vt 0.279700 0.294800
vt 0.248100 0.321700
vt 0.259800 0.305000
vt 0.272500 0.288600
vt 0.286600 0.273200
vt 0.291000 0.277100
vt 0.255800 0.301800
vt 0.268300 0.285100
vt 0.282000 0.269500
vt 0.295200 0.254700
vt 0.300400 0.258700
vt 0.263800 0.281800
vt 0.276600 0.265800
vt 0.289500 0.250900
vt 0.300700 0.235300
vt 0.306500 0.239000
vt 0.353500 0.358100
vt 0.349900 0.353300
vt 0.365700 0.342800
vt 0.369400 0.348000
vt 0.382100 0.332900
vt 0.385500 0.338900
vt 0.402900 0.330300
vt 0.361800 0.337600
vt 0.346500 0.347700
vt 0.343400 0.341200
vt 0.358800 0.330500
vt 0.340200 0.334700
vt 0.355400 0.323700
vt 0.336700 0.328900
vt 0.351600 0.317000
vt 0.324600 0.346500
vt 0.321400 0.341500
vt 0.308000 0.358200
vt 0.305600 0.353400
vt 0.327400 0.352400
vt 0.310500 0.363600
vt 0.330000 0.358200
vt 0.312600 0.369300
vt 0.295500 0.378800
vt 0.314900 0.374300
vt 0.296900 0.382800
vt 0.279900 0.390300
vt 0.298500 0.387800
vt 0.280400 0.395000
vt 0.266600 0.399800
vt 0.225500 0.343900
vt 0.231100 0.331600
vt 0.224900 0.351200
vt 0.241100 0.316100
vt 0.244500 0.318900
vt 0.251700 0.298700
vt 0.317300 0.379200
vt 0.332700 0.364100
vt 0.335500 0.368300
vt 0.311900 0.218800
vt 0.322700 0.202900
vt 0.328500 0.206800
vt 0.317500 0.222700
vt 0.420600 0.323400
vt 0.312500 0.243000
vt 0.305700 0.263200
vt 0.294700 0.281300
vt 0.283900 0.298500
vt 0.274800 0.316900
vt 0.263400 0.335900
vt 0.567000 0.839500
vt 0.223800 0.876700
vt 0.207900 0.880100
vt 0.319300 0.591700
vt 0.307600 0.588900
vt 0.309800 0.582100
vt 0.309400 0.575000
vt 0.299500 0.578600
vt 0.295400 0.574300
vt 0.289900 0.570200
vt 0.309000 0.565200
vt 0.287200 0.579000
vt 0.286900 0.579800
vt 0.285400 0.580200
vt 0.286700 0.577900
vt 0.297600 0.423900
vt 0.273100 0.407400
vt 0.290800 0.434100
vt 0.263900 0.417400
vt 0.323300 0.443100
vt 0.317200 0.451400
vt 0.349500 0.467300
vt 0.344900 0.473000
vt 0.339100 0.480900
vt 0.371100 0.498100
vt 0.363700 0.504200
vt 0.355700 0.511100
vt 0.381000 0.529500
vt 0.372500 0.535300
vt 0.363700 0.542100
vt 0.347400 0.518700
vt 0.355500 0.549200
vt 0.339300 0.526800
vt 0.346800 0.556700
vt 0.331200 0.535900
vt 0.338300 0.565300
vt 0.323100 0.545200
vt 0.455800 0.467100
vt 0.446800 0.472100
vt 0.435300 0.448300
vt 0.446000 0.445000
vt 0.429400 0.426100
vt 0.441900 0.425300
vt 0.423500 0.452800
vt 0.414800 0.429700
vt 0.410700 0.458500
vt 0.399400 0.435400
vt 0.399600 0.466200
vt 0.385000 0.442200
vt 0.390500 0.474400
vt 0.372100 0.449200
vt 0.383900 0.481900
vt 0.362000 0.455100
vt 0.347100 0.424400
vt 0.356400 0.459200
vt 0.335600 0.429500
vt 0.352900 0.462900
vt 0.328200 0.436300
vt 0.381600 0.486900
vt 0.380500 0.490200
vt 0.376400 0.493800
vt 0.403500 0.514800
vt 0.397200 0.520500
vt 0.389400 0.524700
vt 0.412600 0.542400
vt 0.403600 0.547800
vt 0.395600 0.552800
vt 0.418300 0.569000
vt 0.411100 0.574000
vt 0.403100 0.579400
vt 0.387300 0.558300
vt 0.396000 0.585300
vt 0.379000 0.564500
vt 0.389800 0.591500
vt 0.370800 0.571200
vt 0.385300 0.596500
vt 0.363700 0.577900
vt 0.380700 0.602500
vt 0.357400 0.585100
vt 0.484400 0.518500
vt 0.476800 0.523400
vt 0.461500 0.497400
vt 0.470100 0.491400
vt 0.469800 0.527600
vt 0.453600 0.502300
vt 0.437500 0.476700
vt 0.447000 0.507000
vt 0.428000 0.482000
vt 0.440800 0.511300
vt 0.420600 0.488300
vt 0.435200 0.516700
vt 0.414200 0.495400
vt 0.431500 0.522000
vt 0.410600 0.501800
vt 0.427700 0.528500
vt 0.408000 0.507800
vt 0.420900 0.536100
vt 0.442300 0.550900
vt 0.434100 0.557500
vt 0.426100 0.563300
vt 0.447300 0.578800
vt 0.440600 0.584100
vt 0.434400 0.589200
vt 0.456400 0.604200
vt 0.451100 0.608700
vt 0.446500 0.612900
vt 0.428600 0.593900
vt 0.441800 0.616900
vt 0.422100 0.598700
vt 0.437400 0.621200
vt 0.416200 0.604000
vt 0.433500 0.625700
vt 0.411700 0.609200
vt 0.430700 0.630000
vt 0.408800 0.613200
vt 0.427500 0.635000
vt 0.404300 0.619300
vt 0.504700 0.575500
vt 0.499600 0.578100
vt 0.489400 0.550900
vt 0.495600 0.547200
vt 0.494500 0.580900
vt 0.483500 0.554400
vt 0.489400 0.583900
vt 0.478200 0.557700
vt 0.463400 0.531700
vt 0.473100 0.560800
vt 0.458500 0.535700
vt 0.467600 0.564400
vt 0.454200 0.539800
vt 0.461400 0.568700
vt 0.449000 0.544900
vt 0.454600 0.573500
vt 0.473100 0.592900
vt 0.467500 0.596500
vt 0.461900 0.600200
vt 0.475500 0.620900
vt 0.470800 0.624300
vt 0.484400 0.637200
vt 0.482400 0.638700
vt 0.479000 0.641400
vt 0.467100 0.627500
vt 0.475900 0.644300
vt 0.463700 0.630800
vt 0.473400 0.647300
vt 0.460400 0.634000
vt 0.471100 0.650100
vt 0.457200 0.637200
vt 0.465800 0.649600
vt 0.454000 0.640700
vt 0.467800 0.654400
vt 0.451900 0.644400
vt 0.466500 0.657400
vt 0.449700 0.648800
vt 0.513500 0.600800
vt 0.520500 0.618400
vt 0.517500 0.619600
vt 0.509000 0.602900
vt 0.514400 0.621600
vt 0.505000 0.605100
vt 0.509300 0.625300
vt 0.500800 0.607400
vt 0.503900 0.628600
vt 0.495700 0.610100
vt 0.484400 0.586700
vt 0.479000 0.589500
vt 0.795800 0.612600
vt 0.795900 0.614600
vt 0.792700 0.614100
vt 0.792500 0.613300
vt 0.791800 0.613900
vt 0.791700 0.613600
vt 0.791400 0.612500
vt 0.790100 0.608800
vt 0.791300 0.613700
vt 0.790600 0.612800
vt 0.788200 0.609900
vt 0.790900 0.614000
vt 0.790000 0.613500
vt 0.786800 0.611600
vt 0.790800 0.614500
vt 0.789700 0.614400
vt 0.786100 0.613700
vt 0.790900 0.615100
vt 0.789900 0.615500
vt 0.786100 0.616000
vt 0.791200 0.616200
vt 0.792300 0.619500
vt 0.791400 0.614800
vt 0.792100 0.615700
vt 0.794200 0.618300
vt 0.791700 0.614400
vt 0.792600 0.614900
vt 0.795500 0.616500
vt 0.791200 0.614400
vt 0.791500 0.614200
vt 0.791500 0.613900
vt 0.791200 0.614100
vt 0.299400 0.584400
vt 0.433700 0.145100
vt 0.492800 0.236500
vt 0.141700 0.883000
vt 0.160700 0.897300
vt 0.168700 0.892300
vt 0.106800 0.882100
vt 0.071900 0.815300
vt 0.067200 0.809200
vt 0.076600 0.822400
vt 0.060300 0.829600
vt 0.079900 0.830100
vt 0.062600 0.834900
vt 0.010900 0.873900
vt 0.009700 0.872300
vt 0.807200 0.641400
vt 0.169300 0.877200
vt 0.208700 0.632800
vt 0.217600 0.621200
vt 0.222400 0.623400
vt 0.232800 0.607800
vt 0.228800 0.626900
vt 0.226800 0.606100
vt 0.232400 0.589200
vt 0.449900 0.815600
vt 0.892300 0.690600
vt 0.895000 0.681000
vt 0.486700 0.244400
vt 0.482200 0.254500
vt 0.476900 0.252600
vt 0.471700 0.251200
vt 0.465400 0.252300
vt 0.458700 0.253400
vt 0.453100 0.255200
vt 0.455500 0.266700
vt 0.448000 0.257700
vt 0.138000 0.562900
vt 0.174400 0.538800
vt 0.164200 0.544200
vt 0.160100 0.539200
vt 0.150600 0.554200
vt 0.115800 0.541000
vt 0.140200 0.561600
s 1
usemtl UnwrapChecker.001
f 1/1/1 2/2/2 3/3/3 4/4/4
f 4/4/4 3/3/3 5/5/5 6/6/6
f 4/7/4 6/8/6 7/9/7 1/10/1
f 8/11/8 9/12/9 10/13/10 11/14/11
f 11/15/11 12/16/12 13/17/13 8/18/8
f 10/13/10 14/19/14 12/20/12 11/14/11
f 15/21/15 5/5/5 16/22/16 17/23/17
f 18/24/18 6/6/6 5/5/5 15/21/15
f 15/21/15 17/23/17 19/25/19 18/24/18
f 8/11/8 13/26/13 20/27/20 9/12/9
f 21/28/21 22/29/22 23/30/23 24/31/24
f 24/31/24 25/32/25 26/33/26 21/28/21
f 21/28/21 26/33/26 27/34/27 28/35/28
f 29/36/29 30/37/30 31/38/31 32/39/32
f 33/40/33 30/37/30 29/36/29 34/41/34
f 32/39/32 35/42/35 34/41/34 29/36/29
f 28/35/28 36/43/36 37/44/37 21/28/21
f 27/34/27 38/45/38 39/46/39 28/35/28
f 28/35/28 39/46/39 40/47/40 41/48/41
f 42/49/42 43/50/43 44/51/44 45/52/45
f 45/52/45 46/53/46 47/54/47 42/49/42
f 45/52/45 44/51/44 48/55/48 46/53/46
f 49/56/49 50/57/50 51/58/51 52/59/52
f 49/56/49 52/59/52 53/60/53 54/61/54
f 54/61/54 55/62/55 50/57/50 49/56/49
f 56/63/56 57/64/57 58/65/58 59/66/59
f 33/40/33 34/41/34 60/67/60 56/63/56
f 61/68/61 62/69/62 33/40/33 56/63/56
f 59/66/59 63/70/63 61/68/61 56/63/56
f 64/71/64 65/72/65 66/73/66 67/74/67
f 68/75/68 69/76/69 65/77/65 64/71/64
f 64/71/64 67/74/67 70/78/70 68/75/68
f 71/79/71 70/78/70 72/80/72 73/81/73
f 74/82/74 68/75/68 70/78/70 71/79/71
f 71/79/71 73/81/73 75/83/75 74/82/74
f 76/84/76 77/85/77 78/86/78 79/87/79
f 80/88/80 81/89/81 76/84/76 79/87/79
f 79/87/79 78/86/78 82/90/82 80/88/80
f 77/85/77 83/91/83 82/92/82 78/86/78
f 80/88/80 84/93/84 85/94/85 81/89/81
f 85/94/85 86/95/86 76/84/76 81/89/81
f 83/91/83 87/96/87 88/97/88 82/92/82
f 83/91/83 77/85/77 89/98/89 87/96/87
f 90/99/90 91/100/91 92/101/92 93/102/93
f 93/102/93 92/101/92 94/103/94 95/104/95
f 95/104/95 96/105/96 90/99/90 93/102/93
f 97/106/97 98/107/98 99/108/99 100/109/100
f 99/108/99 101/110/101 102/111/102 100/109/100
f 100/109/100 102/111/102 103/112/103 104/113/104
f 100/109/100 105/114/105 106/115/106 97/106/97
f 104/113/104 107/116/107 105/114/105 100/109/100
f 108/117/108 109/118/109 110/119/110 111/120/111
f 111/120/111 110/119/110 112/121/112 113/122/113
f 113/122/113 114/123/114 115/124/115 111/120/111
f 116/125/116 117/126/117 118/127/118 119/128/119
f 116/125/116 120/129/120 121/130/121 117/126/117
f 119/128/119 122/131/122 120/129/120 116/125/116
f 123/132/123 124/133/124 125/134/125 126/135/126
f 123/132/123 127/136/127 128/137/128 124/133/124
f 126/135/126 129/138/129 127/136/127 123/132/123
f 130/139/130 131/140/131 132/141/132 133/142/133
f 133/142/133 132/141/132 134/143/134 135/144/135
f 133/142/133 135/144/135 136/145/136 130/139/130
f 137/146/137 138/147/138 139/148/139 140/149/140
f 140/149/140 141/150/141 142/151/142 137/146/137
f 140/149/140 139/148/139 143/152/143 141/150/141
f 144/153/144 145/154/145 146/155/146 147/156/147
f 139/148/139 138/147/138 145/154/145 144/153/144
f 144/153/144 147/156/147 143/152/143 139/148/139
f 148/157/148 149/158/149 150/159/150 151/160/151
f 150/159/150 152/161/152 153/162/153 151/160/151
f 151/163/151 153/164/153 154/165/154 155/166/155
f 155/166/155 156/167/156 157/168/157 151/163/151
f 151/163/151 157/168/157 158/169/158 148/170/148
f 159/171/159 160/172/160 161/173/161 162/174/162
f 159/171/159 163/175/163 164/176/164 165/177/165
f 162/174/162 166/178/166 163/175/163 159/171/159
f 167/179/167 168/180/168 166/178/166 162/174/162
f 155/166/155 154/165/154 169/181/169 170/182/170
f 170/182/170 171/183/171 172/184/172 155/166/155
f 172/184/172 173/185/173 156/167/156 155/166/155
f 174/186/174 175/187/175 176/188/176 177/189/177
f 177/189/177 178/190/178 179/191/179 174/186/174
f 177/189/177 180/192/180 181/193/181 178/190/178
f 182/194/182 183/195/183 184/196/184 185/197/185
f 185/198/185 186/199/186 187/200/187 182/201/182
f 182/194/182 187/202/187 188/203/188 183/195/183
f 189/204/189 190/205/190 191/206/191 192/207/192
f 192/207/192 193/208/193 194/209/194 189/204/189
f 192/207/192 191/206/191 195/210/195 193/208/193
f 196/211/196 197/212/197 198/213/198 186/199/186
f 196/211/196 199/214/199 200/215/200 197/212/197
f 196/211/196 186/199/186 185/198/185 199/214/199
f 201/216/201 202/217/202 203/218/203 204/219/204
f 195/210/195 191/206/191 202/220/202 201/221/201
f 201/216/201 204/219/204 205/222/205 195/223/195
f 176/188/176 206/224/206 180/192/180 177/189/177
f 207/225/207 208/226/208 209/227/209 210/228/210
f 211/229/211 212/230/212 213/231/213 210/228/210
f 213/231/213 214/232/214 215/233/215 210/228/210
f 215/233/215 216/234/216 207/225/207 210/228/210
f 217/235/217 218/236/218 219/237/219 220/238/220
f 217/235/217 221/239/221 222/240/222 223/241/223
f 223/241/223 224/242/224 218/236/218 217/235/217
f 225/243/225 226/244/226 227/245/227 228/246/228
f 229/247/229 230/248/230 226/244/226 225/243/225
f 225/243/225 228/246/228 231/249/231 229/247/229
f 232/250/232 233/251/233 234/252/234 235/253/235
f 236/254/236 237/255/237 238/256/238 239/257/239
f 239/257/239 238/256/238 240/258/240 241/259/241
f 241/259/241 242/260/242 243/261/243 239/257/239
f 239/257/239 244/262/244 245/263/245 236/254/236
f 243/261/243 246/264/246 244/262/244 239/257/239
f 247/265/247 248/266/248 249/267/249 250/268/250
f 251/269/251 252/270/252 253/271/253 247/265/247
f 253/271/253 254/272/254 248/266/248 247/265/247
f 247/273/247 255/274/255 256/275/256 251/276/251
f 250/277/250 257/278/257 255/274/255 247/273/247
f 258/279/258 259/280/259 260/281/260 261/282/261
f 262/283/262 263/284/263 264/285/264 261/282/261
f 260/281/260 265/286/265 262/283/262 261/282/261
f 264/285/264 266/287/266 267/288/267 261/282/261
f 261/282/261 267/288/267 268/289/268 258/279/258
f 269/290/269 270/291/270 271/292/271 272/293/272
f 272/293/272 273/294/273 274/295/274 275/296/275
f 271/292/271 276/297/276 273/294/273 272/293/272
f 277/298/277 278/299/278 279/300/279 280/301/280
f 281/302/281 282/303/282 277/298/277 280/301/280
f 283/304/283 284/305/284 285/306/285 286/307/286
f 287/308/287 284/305/284 283/304/283 288/309/288
f 283/304/283 286/307/286 289/310/289 288/309/288
f 290/311/290 291/312/291 292/313/292 281/302/281
f 293/314/293 292/313/292 294/315/294 295/316/295
f 293/314/293 295/316/295 296/317/296 282/303/282
f 282/303/282 281/302/281 292/313/292 293/314/293
f 297/318/297 298/319/298 299/320/299 300/321/300
f 300/321/300 299/320/299 301/322/301 302/323/302
f 300/321/300 303/324/303 304/325/304 297/318/297
f 305/326/305 306/327/306 307/328/307 308/329/308
f 309/330/309 310/331/310 305/326/305 308/329/308
f 307/332/307 311/333/311 312/334/312 308/335/308
f 308/335/308 313/336/313 314/337/314 309/338/309
f 315/339/315 316/340/316 268/289/268 267/288/267
f 317/341/317 318/342/318 315/339/315 267/288/267
f 266/287/266 319/343/319 317/341/317 267/288/267
f 320/344/320 321/345/321 322/346/322 323/347/323
f 324/348/324 325/349/325 326/350/326 320/351/320
f 323/347/323 327/352/327 324/353/324 320/344/320
f 328/354/328 329/355/329 330/356/330 331/357/331
f 332/358/332 333/359/333 334/360/334 335/361/335
f 336/362/336 337/363/337 338/364/338 335/361/335
f 338/365/338 339/366/339 340/367/340 335/368/335
f 340/367/340 341/369/341 332/370/332 335/368/335
f 342/371/342 343/372/343 344/373/344 345/374/345
f 342/375/342 346/376/346 347/377/347 348/378/348
f 345/374/345 349/379/349 350/380/350 342/371/342
f 342/371/342 350/380/350 351/381/351 346/382/346
f 352/383/352 353/384/353 354/385/354 355/386/355
f 356/387/356 357/388/357 358/389/358 352/383/352
f 355/386/355 359/390/359 356/387/356 352/383/352
f 360/391/360 361/392/361 362/393/362 363/394/363
f 363/394/363 364/395/364 365/396/365 360/391/360
f 337/363/337 336/362/336 364/395/364 363/394/363
f 362/393/362 366/397/366 367/398/367 363/394/363
f 363/394/363 367/398/367 368/399/368 337/363/337
f 369/400/369 370/401/370 371/402/371 372/403/372
f 373/404/373 374/405/374 369/400/369 372/403/372
f 372/403/372 371/402/371 375/406/375 373/404/373
f 376/407/376 377/408/377 378/409/378 379/410/379
f 379/411/380 380/412/381 381/413/382 376/414/383
f 379/411/380 378/415/384 382/416/385 380/412/381
f 383/417/386 384/418/387 385/419/388 386/420/389
f 387/421/390 388/422/391 389/423/392 390/424/393
f 390/424/393 389/423/392 391/425/394 392/426/395
f 390/424/393 393/427/396 394/428/397 387/421/390
f 395/429/398 396/430/399 393/427/396 390/424/393
f 397/431/400 398/432/401 399/433/402 400/434/403
f 400/434/403 401/435/404 402/436/405 397/431/400
f 397/431/400 402/436/405 403/437/406 398/432/401
f 404/438/407 405/439/408 406/440/409 407/441/410
f 407/441/410 408/442/411 409/443/412 404/438/407
f 407/441/410 406/440/409 410/444/413 408/442/411
f 393/427/396 411/445/414 412/446/415 413/447/416
f 396/430/399 414/448/417 411/445/414 393/427/396
f 415/449/418 416/450/419 403/437/406 417/451/420
f 415/449/418 418/452/421 419/453/422 420/454/423
f 417/451/420 421/455/424 418/452/421 415/449/418
f 422/456/425 423/457/426 424/458/427 425/459/428
f 422/456/425 425/459/428 426/460/429 427/461/430
f 427/461/430 428/462/431 423/457/426 422/456/425
f 404/438/407 429/463/432 430/464/433 405/439/408
f 405/439/408 431/465/434 432/466/435 406/440/409
f 349/379/349 433/467/436 434/468/437 350/380/350
f 434/468/437 435/469/438 436/470/439 350/380/350
f 436/470/439 437/471/440 351/381/351 350/380/350
f 438/472/441 439/473/442 440/474/443 441/475/444
f 442/476/445 443/477/446 444/478/447 441/475/444
f 441/475/444 444/478/447 445/479/448 438/472/441
f 446/480/449 439/473/442 438/472/441 447/481/450
f 448/482/451 449/483/452 450/484/453 451/485/454
f 451/485/454 452/486/455 453/487/456 454/488/457
f 455/489/458 456/490/459 452/486/455 451/485/454
f 451/485/454 450/484/453 457/491/460 455/489/458
f 428/462/431 427/461/430 458/492/461 459/493/462
f 459/493/462 458/492/461 460/494/463 461/495/464
f 462/496/465 463/497/466 428/462/431 459/493/462
f 464/498/467 465/499/468 466/500/469 467/501/470
f 468/502/471 469/503/472 465/499/468 464/498/467
f 464/498/467 470/504/473 471/505/474 468/502/471
f 472/506/475 473/507/476 474/508/477 475/509/478
f 476/510/479 477/511/480 473/507/476 472/506/475
f 472/506/475 478/512/481 479/513/482 476/510/479
f 475/509/478 480/514/483 481/515/484 472/506/475
f 481/515/484 482/516/485 478/512/481 472/506/475
f 483/517/486 484/518/487 485/519/488 486/520/489
f 483/517/486 487/521/490 488/522/491 489/523/492
f 486/520/489 490/524/493 487/521/490 483/517/486
f 491/525/494 492/526/495 493/527/496 494/528/497
f 494/529/497 495/530/498 496/531/499 491/532/494
f 497/533/500 498/534/501 495/530/498 494/529/497
f 494/528/497 493/527/496 499/535/502 500/536/503
f 500/536/503 501/537/504 497/538/500 494/528/497
f 502/539/505 503/540/506 479/513/482 478/512/481
f 482/516/485 504/541/507 505/542/508 478/512/481
f 478/512/481 505/542/508 506/543/509 502/539/505
f 507/544/510 508/545/511 509/546/512 510/547/513
f 510/547/513 509/546/512 500/536/503 499/535/502
f 499/535/502 511/548/514 507/544/510 510/547/513
f 490/524/493 486/520/489 512/549/515 513/550/516
f 513/550/516 514/551/517 515/552/518 490/524/493
f 516/553/519 517/554/520 518/555/521 519/556/522
f 520/557/523 521/558/524 522/559/525 519/556/522
f 518/555/521 523/560/526 520/557/523 519/556/522
f 524/561/527 525/562/528 526/563/529 527/564/530
f 527/564/530 526/563/529 528/565/531 529/566/532
f 530/567/533 531/568/534 524/569/527 527/570/530
f 529/571/532 532/572/535 533/573/536 527/570/530
f 533/573/536 534/574/537 530/567/533 527/570/530
f 516/553/519 535/575/538 536/576/539 517/554/520
f 517/554/520 537/577/540 538/578/541 518/555/521
f 539/579/542 540/580/543 541/581/544 542/582/545
f 539/579/542 542/582/545 543/583/546 544/584/547
f 544/584/547 545/585/548 540/580/543 539/579/542
f 546/586/549 547/587/550 548/588/551 549/589/552
f 548/588/551 550/590/553 551/591/554 549/589/552
f 552/592/555 553/593/556 546/586/549 549/589/552
f 554/594/557 555/595/558 556/596/559 557/597/560
f 558/598/561 559/599/562 560/600/563 554/594/557
f 554/594/557 560/600/563 561/601/564 555/595/558
f 557/597/560 562/602/565 558/598/561 554/594/557
f 563/603/566 564/604/567 565/605/568 566/606/569
f 566/606/569 565/605/568 567/607/570 568/608/571
f 566/606/569 569/609/572 570/610/573 563/603/566
f 571/611/574 569/609/572 572/612/575 573/613/576
f 574/614/577 575/615/578 576/616/579 577/617/580
f 578/618/581 579/619/582 575/615/578 574/614/577
f 574/614/577 577/617/580 580/620/583 578/618/581
f 562/602/565 581/621/584 559/599/562 558/598/561
f 582/622/585 583/623/586 584/624/587 585/625/588
f 582/622/585 586/626/589 587/627/590 583/623/586
f 585/625/588 588/628/591 586/626/589 582/622/585
f 589/629/592 590/630/593 591/631/594 592/632/595
f 589/629/592 593/633/596 594/634/597 590/630/593
f 592/632/595 595/635/598 596/636/599 589/629/592
f 596/636/599 597/637/600 593/633/596 589/629/592
f 598/638/601 599/639/602 600/640/603 601/641/604
f 600/640/603 602/642/605 603/643/606 601/641/604
f 601/641/604 603/643/606 604/644/607 598/638/601
f 581/621/584 605/645/608 606/646/609 559/599/562
f 607/647/610 608/648/611 605/645/608 581/621/584
f 581/621/584 562/602/565 609/649/612 610/650/613
f 610/650/613 611/651/614 607/647/610 581/621/584
f 612/652/615 613/653/616 614/654/617 615/655/618
f 616/656/619 617/657/620 618/658/621 619/659/622
f 616/656/619 619/659/622 620/660/623 621/661/624
f 616/656/619 621/661/624 622/662/625 617/657/620
f 623/663/626 624/664/627 625/665/628 626/666/629
f 627/667/630 628/668/631 624/664/627 623/663/626
f 623/663/626 626/666/629 629/669/632 627/667/630
f 630/670/633 628/668/631 627/667/630 631/671/634
f 630/670/633 632/672/635 633/673/636 628/668/631
f 630/670/633 631/671/634 634/674/637 632/672/635
f 635/675/638 636/676/639 637/677/640 638/678/641
f 638/678/641 639/679/642 640/680/643 635/675/638
f 635/675/638 640/680/643 641/681/644 636/676/639
f 642/682/645 643/683/646 644/684/647 645/685/648
f 645/685/648 646/686/649 647/687/650 642/682/645
f 648/688/651 649/689/652 643/683/646 642/682/645
f 647/687/650 650/690/653 651/691/654 642/682/645
f 642/682/645 651/691/654 652/692/655 648/688/651
f 653/693/656 654/694/657 655/695/658 656/696/659
f 647/687/650 646/686/649 657/697/660 650/690/653
f 658/698/661 659/699/662 660/700/663 661/701/664
f 660/702/663 662/703/665 663/704/666 661/705/664
f 660/700/663 659/699/662 664/706/667 662/703/665
f 665/707/668 666/708/669 667/709/670 668/710/671
f 669/711/672 670/712/673 666/708/669 665/707/668
f 665/707/668 668/710/671 671/713/674 669/711/672
f 664/706/667 659/699/662 672/714/675 673/715/676
f 673/715/676 672/714/675 674/716/677 675/717/678
f 673/715/676 675/717/678 676/718/679 664/706/667
f 677/719/680 678/720/681 679/721/682 680/722/683
f 681/723/684 682/724/685 683/725/686 684/726/687
f 685/727/688 681/723/684 684/726/687 686/728/689
f 684/726/687 683/725/686 687/729/690 686/728/689
f 688/730/691 689/731/692 690/732/693 691/733/694
f 691/733/694 692/734/695 693/735/696 688/730/691
f 688/730/691 693/735/696 677/719/680 694/736/697
f 695/737/698 696/738/699 697/739/700 698/740/701
f 697/739/700 699/741/702 700/742/703 698/740/701
f 698/740/701 700/742/703 701/743/704 702/744/705
f 698/740/701 703/745/706 704/746/707 695/737/698
f 702/744/705 705/747/708 703/745/706 698/740/701
f 706/748/709 707/749/710 708/750/711 709/751/712
f 710/752/713 707/749/710 706/748/709 711/753/714
f 706/754/709 709/755/712 712/756/715 711/757/714
f 713/758/716 704/746/707 714/759/717 715/760/718
f 715/760/718 716/761/719 717/762/720 713/758/716
f 718/763/721 719/764/722 716/761/719 715/760/718
f 720/765/723 716/761/719 719/764/722 721/766/724
f 720/765/723 722/767/725 717/762/720 716/761/719
f 720/765/723 721/766/724 723/768/726 722/767/725
f 724/769/727 725/770/728 726/771/729 727/772/730
f 724/769/727 727/772/730 728/773/731 709/751/712
f 729/774/732 730/775/733 731/776/734 732/777/735
f 732/777/735 733/778/736 734/779/737 729/774/732
f 732/777/735 731/776/734 735/780/738 736/781/739
f 729/782/732 737/783/740 738/784/741 739/785/742
f 739/786/742 740/787/743 730/775/733 729/774/732
f 741/788/744 742/789/745 743/790/746 744/791/747
f 741/788/744 745/792/748 746/793/749 742/789/745
f 747/794/750 748/795/751 749/796/752 741/788/744
f 744/791/747 750/797/753 747/794/750 741/788/744
f 751/798/754 752/799/755 753/800/756 754/801/757
f 755/802/758 756/803/759 752/799/755 751/798/754
f 754/801/757 757/804/760 755/802/758 751/798/754
f 758/805/761 759/806/762 760/807/763 761/808/764
f 762/809/765 763/810/766 764/811/767 758/812/761
f 761/813/764 765/814/768 762/815/765 758/816/761
f 766/817/769 767/818/770 768/819/771 769/820/772
f 748/795/751 747/794/750 767/818/770 766/817/769
f 766/817/769 770/821/773 771/822/774 748/795/751
f 772/823/775 773/824/776 774/825/777 775/826/778
f 759/806/762 776/827/779 777/828/780 760/807/763
f 760/807/763 777/828/780 778/829/781 779/830/782
f 780/831/783 781/832/784 782/833/785 783/834/786
f 783/834/786 782/833/785 784/835/787 785/836/788
f 785/837/788 786/838/789 780/839/783 783/840/786
f 787/841/790 788/842/791 789/843/792 790/844/793
f 791/845/794 792/846/795 787/841/790 790/844/793
f 790/844/793 793/847/796 794/848/797 791/845/794
f 790/844/793 789/843/792 795/849/798 796/850/799
f 797/851/800 798/852/801 799/853/802 800/854/803
f 798/852/801 797/851/800 801/855/804 803/856/805
f 803/857/806 802/858/807 804/859/808 805/860/809
f 803/857/806 805/860/809 806/861/810 807/862/811
f 802/858/807 801/855/804 808/863/812 804/859/808
f 809/864/813 808/863/812 801/855/804 797/851/800
f 810/865/814 811/866/815 812/867/816 813/868/817
f 814/869/818 811/870/815 810/871/814 815/872/819
f 810/873/814 813/874/817 816/875/820 815/876/819
f 817/877/821 818/878/822 819/879/823 820/880/824
f 821/881/825 818/878/822 817/877/821 822/882/826
f 817/877/821 820/880/824 823/883/827 822/882/826
f 822/884/826 824/885/828 825/886/829 821/887/825
f 815/888/819 826/889/830 827/890/831 822/884/826
f 827/890/831 828/891/832 824/885/828 822/884/826
f 822/882/826 823/883/827 814/869/818 815/872/819
f 829/892/833 830/893/834 831/894/835 832/895/836
f 829/892/833 832/895/836 833/896/837 834/897/838
f 834/897/838 835/898/839 830/893/834 829/892/833
f 836/899/840 837/900/841 838/901/842 839/902/843
f 839/902/843 840/903/844 841/904/845 836/899/840
f 836/899/840 841/904/845 842/905/846 837/900/841
f 843/906/847 844/907/848 831/908/835 830/909/834
f 830/909/834 835/910/839 845/911/849 843/906/847
f 843/906/847 845/911/849 846/912/850 844/907/848
f 841/913/845 840/914/844 847/915/851 848/916/852
f 848/916/852 849/917/853 842/918/846 841/913/845
f 848/916/852 847/915/851 850/919/854 849/917/853
f 851/920/855 852/921/856 853/922/857 854/923/858
f 854/923/858 855/924/859 856/925/860 851/920/855
f 853/922/857 857/926/861 858/927/862 854/923/858
f 854/923/858 858/927/862 859/928/863 855/924/859
f 860/929/864 861/930/865 862/931/866 863/932/867
f 860/929/864 864/933/868 865/934/869 861/930/865
f 863/932/867 866/935/870 864/933/868 860/929/864
f 867/936/871 868/937/872 869/938/873 870/939/874
f 867/936/871 871/940/875 872/941/876 868/937/872
f 870/942/874 873/943/877 871/944/875 867/945/871
f 874/946/878 875/947/879 876/948/880 877/949/881
f 874/946/878 878/950/882 879/951/883 875/947/879
f 877/949/881 880/952/884 878/950/882 874/946/878
f 881/953/885 882/954/886 883/955/887 884/956/888
f 881/957/885 885/958/889 873/943/877 882/959/886
f 884/960/888 886/961/890 885/958/889 881/957/885
f 886/961/890 887/962/891 888/963/892 885/958/889
f 886/961/890 884/960/888 889/964/893 890/965/894
f 890/965/894 891/966/895 887/962/891 886/961/890
f 891/967/895 892/968/896 893/969/897 887/970/891
f 891/966/895 890/965/894 894/971/898 895/972/899
f 895/973/899 896/974/900 892/968/896 891/967/895
f 896/974/900 897/975/901 898/976/902 892/968/896
f 896/974/900 895/973/899 880/952/884 877/949/881
f 877/949/881 876/948/880 897/975/901 896/974/900
f 898/976/902 899/977/903 900/978/904 901/979/905
f 901/979/905 893/969/897 892/968/896 898/976/902
f 897/975/901 902/980/906 899/977/903 898/976/902
f 902/980/906 903/981/907 904/982/908 899/977/903
f 902/980/906 897/975/901 876/948/880 905/983/909
f 902/980/906 905/983/909 906/984/910 903/981/907
f 907/985/911 908/986/912 903/981/907 906/984/910
f 905/983/909 909/987/913 910/988/914 906/984/910
f 906/984/910 910/988/914 911/989/915 907/985/911
f 912/990/916 913/991/917 907/985/911 911/989/915
f 910/988/914 914/992/918 915/993/919 911/989/915
f 915/993/919 916/994/920 912/990/916 911/989/915
f 916/994/920 917/995/921 918/996/922 912/990/916
f 916/994/920 915/993/919 919/997/923 920/998/924
f 920/998/924 921/999/925 917/995/921 916/994/920
f 921/999/925 922/1000/926 923/1001/927 917/995/921
f 920/998/924 924/1002/928 925/1003/929 921/999/925
f 925/1003/929 926/1004/930 922/1000/926 921/999/925
f 926/1004/930 927/1005/931 928/1006/932 922/1000/926
f 926/1004/930 925/1003/929 929/1007/933 930/1008/934
f 930/1008/934 931/1009/935 927/1005/931 926/1004/930
f 932/1010/936 933/1011/937 927/1005/931 931/1009/935
f 931/1009/935 930/1008/934 934/1012/938 935/1013/939
f 931/1009/935 935/1013/939 936/1014/940 932/1010/936
f 937/1015/941 938/1016/942 932/1017/936 936/1018/940
f 935/1013/939 939/1019/943 940/1020/944 936/1014/940
f 936/1018/940 940/1021/944 941/1022/945 937/1015/941
f 942/1023/946 943/1024/947 937/1015/941 941/1022/945
f 940/1021/944 944/1025/948 945/1026/949 941/1022/945
f 945/1026/949 946/1027/950 942/1023/946 941/1022/945
f 947/1028/951 948/1029/952 942/1023/946 946/1027/950
f 945/1026/949 949/1030/953 950/1031/954 946/1027/950
f 946/1027/950 950/1031/954 951/1032/955 947/1028/951
f 952/1033/956 953/1034/957 947/1028/951 951/1032/955
f 950/1035/954 954/1036/958 955/1037/959 951/1038/955
f 951/1038/955 955/1037/959 956/1039/960 952/1040/956
f 957/1041/961 958/1042/962 952/1040/956 956/1039/960
f 956/1039/960 955/1037/959 959/1043/963 960/1044/964
f 960/1044/964 961/1045/965 957/1041/961 956/1039/960
f 962/1046/966 963/1047/967 957/1041/961 961/1045/965
f 961/1045/965 960/1044/964 964/1048/968 965/1049/969
f 961/1045/965 965/1049/969 966/1050/970 962/1046/966
f 967/1051/971 968/1052/972 962/1046/966 966/1050/970
f 965/1049/969 969/1053/973 970/1054/974 966/1050/970
f 966/1050/970 970/1054/974 971/1055/975 967/1051/971
f 972/1056/976 973/1057/977 967/1051/971 971/1055/975
f 970/1054/974 974/1058/978 975/1059/979 971/1055/975
f 971/1055/975 975/1059/979 976/1060/980 972/1056/976
f 977/1061/981 978/1062/982 972/1056/976 976/1060/980
f 975/1063/979 979/1064/983 980/1065/984 976/1066/980
f 976/1066/980 980/1065/984 981/1067/985 977/1068/981
f 765/814/768 761/813/764 977/1068/981 981/1067/985
f 980/1065/984 982/1069/986 983/1070/987 981/1067/985
f 981/1067/985 983/1070/987 984/1071/988 765/814/768
f 985/1072/989 762/815/765 765/814/768 984/1071/988
f 983/1070/987 986/1073/990 987/1074/991 984/1071/988
f 984/1071/988 987/1074/991 988/1075/992 985/1072/989
f 988/1075/992 987/1074/991 740/787/743 739/786/742
f 739/785/742 738/784/741 989/1076/993 988/1077/992
f 988/1077/992 989/1076/993 990/1078/994 985/1079/989
f 989/1076/993 991/1080/995 992/1081/996 990/1078/994
f 990/1078/994 992/1081/996 993/1082/997 763/810/766
f 763/810/766 762/809/765 985/1079/989 990/1078/994
f 992/1081/996 994/1083/998 995/1084/999 993/1082/997
f 993/1082/997 995/1084/999 996/1085/1000 997/1086/1001
f 997/1086/1001 764/811/767 763/810/766 993/1082/997
f 997/1086/1001 996/1085/1000 998/1087/1002 999/1088/1003
f 997/1086/1001 999/1088/1003 1000/1089/1004 764/811/767
f 1001/1090/1005 758/812/761 764/811/767 1000/1089/1004
f 999/1091/1003 1002/1092/1006 1003/1093/1007 1000/1094/1004
f 1000/1094/1004 1003/1093/1007 1004/1095/1008 1001/1096/1005
f 1004/1097/1008 1005/1098/1009 1006/1099/1010 1001/1100/1005
f 1003/1093/1007 1007/1101/1011 1008/1102/1012 1004/1095/1008
f 1008/1103/1012 1009/1104/1013 1005/1098/1009 1004/1097/1008
f 1009/1104/1013 1010/1105/1014 1011/1106/1015 1005/1098/1009
f 1008/1103/1012 1012/1107/1016 1013/1108/1017 1009/1104/1013
f 1013/1108/1017 1014/1109/1018 1010/1105/1014 1009/1104/1013
f 1014/1109/1018 1015/1110/1019 1016/1111/1020 1010/1105/1014
f 1014/1109/1018 1013/1108/1017 1017/1112/1021 1018/1113/1022
f 1018/1113/1022 1019/1114/1023 1015/1110/1019 1014/1109/1018
f 1020/1115/1024 1021/1116/1025 1015/1110/1019 1019/1114/1023
f 1019/1114/1023 1018/1113/1022 1022/1117/1026 1023/1118/1027
f 1019/1114/1023 1023/1118/1027 1024/1119/1028 1020/1115/1024
f 1024/1119/1028 1025/1120/1029 1026/1121/1030 1020/1115/1024
f 1024/1119/1028 1023/1118/1027 1027/1122/1031 1028/1123/1032
f 1024/1119/1028 1028/1123/1032 1029/1124/1033 1025/1120/1029
f 1030/1125/1034 1031/1126/1035 1025/1120/1029 1029/1124/1033
f 1028/1123/1032 1032/1127/1036 1033/1128/1037 1029/1124/1033
f 1029/1124/1033 1033/1128/1037 1034/1129/1038 1030/1125/1034
f 1035/1130/1039 1036/1131/1040 1030/1125/1034 1034/1129/1038
f 1033/1128/1037 699/741/702 1037/1132/1041 1034/1129/1038
f 1034/1129/1038 1037/1132/1041 1038/1133/1042 1035/1130/1039
f 1039/1134/1043 1040/1135/1044 1035/1130/1039 1038/1133/1042
f 1037/1132/1041 1041/1136/1045 1042/1137/1046 1038/1133/1042
f 1038/1133/1042 1042/1137/1046 1043/1138/1047 1039/1134/1043
f 1044/1139/1048 1045/1140/1049 1039/1134/1043 1043/1138/1047
f 1042/1137/1046 1046/1141/1050 1047/1142/1051 1043/1138/1047
f 1043/1138/1047 1047/1142/1051 1048/1143/1052 1044/1139/1048
f 1049/1144/1053 1050/1145/1054 1044/1139/1048 1048/1143/1052
f 1047/1142/1051 1051/1146/1055 1052/1147/1056 1048/1143/1052
f 1048/1143/1052 1052/1147/1056 1053/1148/1057 1049/1144/1053
f 1054/1149/1058 1055/1150/1059 1049/1144/1053 1053/1148/1057
f 1052/1147/1056 1056/1151/1060 1057/1152/1061 1053/1148/1057
f 1057/1152/1061 1058/1153/1062 1054/1149/1058 1053/1148/1057
f 1058/1153/1062 1059/1154/1063 1060/1155/1064 1054/1149/1058
f 1058/1153/1062 1057/1152/1061 1061/1156/1065 1062/1157/1066
f 1058/1153/1062 1062/1157/1066 1063/1158/1067 1059/1154/1063
f 1064/1159/1068 1065/1160/1069 1059/1154/1063 1063/1158/1067
f 1062/1157/1066 1066/1161/1070 1067/1162/1071 1063/1158/1067
f 1063/1158/1067 1067/1162/1071 1068/1163/1072 1064/1159/1068
f 1069/1164/1073 1070/1165/1074 1064/1159/1068 1068/1163/1072
f 1067/1162/1071 1071/1166/1075 1072/1167/1076 1068/1163/1072
f 1068/1163/1072 1072/1167/1076 1073/1168/1077 1069/1164/1073
f 1071/1166/1075 1074/1169/1078 1075/1170/1079 1072/1167/1076
f 1072/1167/1076 1075/1170/1079 1076/1171/1080 1073/1168/1077
f 1074/1169/1078 1077/1172/1081 1078/1173/1082 1075/1170/1079
f 1078/1173/1082 437/471/440 1076/1171/1080 1075/1170/1079
f 1077/1172/1081 1079/1174/1083 1080/1175/1084 1078/1173/1082
f 1078/1173/1082 1080/1175/1084 1081/1176/1085 437/471/440
f 1082/1177/1086 351/381/351 437/471/440 1081/1176/1085
f 1080/1175/1084 1083/1178/1087 1084/1179/1088 1081/1176/1085
f 1081/1176/1085 1084/1179/1088 1085/1180/1089 1082/1177/1086
f 1085/1180/1089 1086/1181/1090 1087/1182/1091 1082/1177/1086
f 1084/1179/1088 1088/1183/1092 1089/1184/1093 1085/1180/1089
f 1089/1184/1093 1090/1185/1094 1086/1181/1090 1085/1180/1089
f 1090/1185/1094 1089/1184/1093 1091/1186/1095 1092/1187/1096
f 1092/1188/1096 1093/1189/1097 1094/1190/1098 1090/1191/1094
f 1090/1191/1094 1094/1190/1098 1095/1192/1099 1086/1193/1090
f 1094/1190/1098 1096/1194/1100 1097/1195/1101 1095/1192/1099
f 1095/1192/1099 1097/1195/1101 1098/1196/1102 1099/1197/1103
f 1099/1197/1103 1087/1198/1091 1086/1193/1090 1095/1192/1099
f 1098/1196/1102 1100/1199/1104 347/377/347 1099/1197/1103
f 347/377/347 346/376/346 1087/1198/1091 1099/1197/1103
f 1100/1199/1104 1098/1196/1102 1101/1200/1105 1102/1201/1106
f 1102/1201/1106 1103/1202/1107 1104/1203/1108 1100/1199/1104
f 1100/1199/1104 1104/1203/1108 348/378/348 347/377/347
f 1103/1202/1107 1105/1204/1109 1106/1205/1110 1104/1203/1108
f 1104/1203/1108 1106/1205/1110 1107/1206/1111 348/378/348
f 343/1207/343 342/375/342 348/378/348 1107/1206/1111
f 1106/1205/1110 1108/1208/1112 1109/1209/1113 1107/1206/1111
f 1107/1206/1111 1109/1209/1113 1110/1210/1114 343/1207/343
f 1111/1211/1115 344/373/344 343/372/343 1110/1212/1114
f 1110/1210/1114 1109/1209/1113 1112/1213/1116 333/1214/333
f 333/359/333 332/358/332 1111/1215/1115 1110/1216/1114
f 1109/1209/1113 1108/1208/1112 206/224/206 1112/1213/1116
f 1112/1213/1116 206/224/206 176/188/176 1113/1217/1117
f 1113/1217/1117 334/1218/334 333/1214/333 1112/1213/1116
f 1113/1217/1117 176/188/176 175/187/175 1114/1219/1118
f 1114/1219/1118 1115/1220/1119 334/1218/334 1113/1217/1117
f 336/362/336 335/361/335 334/360/334 1115/1221/1119
f 1115/1220/1119 1114/1219/1118 1116/1222/1120 1117/1223/1121
f 1117/1224/1121 364/395/364 336/362/336 1115/1221/1119
f 1117/1223/1121 1116/1222/1120 1118/1225/1122 1119/1226/1123
f 1119/1227/1123 365/396/365 364/395/364 1117/1224/1121
f 1118/1225/1122 1120/1228/1124 1121/1229/1125 1119/1226/1123
f 1119/1227/1123 1121/1230/1125 1122/1231/1126 365/396/365
f 1122/1231/1126 1123/1232/1127 360/391/360 365/396/365
f 1121/1230/1125 1124/1233/1128 1125/1234/1129 1122/1231/1126
f 1122/1231/1126 1125/1234/1129 1126/1235/1130 1123/1232/1127
f 1126/1235/1130 1127/1236/1131 1128/1237/1132 1123/1232/1127
f 1125/1234/1129 1129/1238/1133 1130/1239/1134 1126/1235/1130
f 1130/1239/1134 1131/1240/1135 1127/1236/1131 1126/1235/1130
f 1131/1240/1135 1132/1241/1136 1133/1242/1137 1127/1236/1131
f 1131/1240/1135 1130/1239/1134 1134/1243/1138 1135/1244/1139
f 1135/1244/1139 1136/1245/1140 1132/1241/1136 1131/1240/1135
f 1136/1245/1140 1137/1246/1141 1138/1247/1142 1132/1241/1136
f 1136/1245/1140 1135/1244/1139 1139/1248/1143 1140/1249/1144
f 1140/1249/1144 1141/1250/1145 1137/1246/1141 1136/1245/1140
f 1141/1250/1145 1142/1251/1146 1143/1252/1147 1137/1246/1141
f 1141/1250/1145 1140/1249/1144 1144/1253/1148 1145/1254/1149
f 1145/1254/1149 1146/1255/1150 1142/1251/1146 1141/1250/1145
f 1147/1256/1151 1148/1257/1152 1142/1251/1146 1146/1255/1150
f 1146/1255/1150 1145/1254/1149 1149/1258/1153 1150/1259/1154
f 1146/1255/1150 1150/1259/1154 1151/1260/1155 1147/1256/1151
f 288/309/288 289/310/289 1147/1256/1151 1151/1260/1155
f 1150/1261/1154 1152/1262/1156 1153/1263/1157 1151/1264/1155
f 1151/1264/1155 1153/1263/1157 1154/1265/1158 288/1266/288
f 1154/1265/1158 1155/1267/1159 287/1268/287 288/1266/288
f 1153/1263/1157 1156/1269/1160 1157/1270/1161 1154/1265/1158
f 1157/1270/1161 416/450/419 1155/1267/1159 1154/1265/1158
f 1156/1269/1160 399/433/402 398/432/401 1157/1270/1161
f 398/432/401 403/437/406 416/450/419 1157/1270/1161
f 1156/1269/1160 1153/1263/1157 1152/1262/1156 1158/1271/1162
f 1158/1271/1162 1159/1272/1163 399/433/402 1156/1269/1160
f 1160/1273/1164 1161/1274/1165 1162/1275/1166 1159/1272/1163
f 1159/1272/1163 1162/1275/1166 400/434/403 399/433/402
f 1159/1272/1163 1158/1271/1162 1163/1276/1167 1160/1273/1164
f 1158/1271/1162 1152/1262/1156 1164/1277/1168 1163/1276/1167
f 1163/1276/1167 1164/1277/1168 1165/1278/1169 1166/1279/1170
f 1166/1279/1170 1167/1280/1171 1160/1273/1164 1163/1276/1167
f 1168/1281/1172 1169/1282/1173 1170/1283/1174 1167/1280/1171
f 1170/1283/1174 1161/1274/1165 1160/1273/1164 1167/1280/1171
f 1167/1280/1171 1166/1279/1170 1171/1284/1175 1168/1281/1172
f 1171/1284/1175 1172/1285/1176 1173/1286/1177 1168/1281/1172
f 1166/1279/1170 1165/1278/1169 1174/1287/1178 1171/1284/1175
f 1174/1287/1178 1175/1288/1179 1172/1285/1176 1171/1284/1175
f 1175/1288/1179 1174/1287/1178 1176/1289/1180 1177/1290/1181
f 1177/1290/1181 1178/1291/1182 1179/1292/1183 1175/1288/1179
f 1175/1288/1179 1179/1292/1183 314/337/314 1172/1285/1176
f 1178/1291/1182 1180/1293/1184 1181/1294/1185 1179/1292/1183
f 1179/1292/1183 1181/1294/1185 309/338/309 314/337/314
f 1180/1295/1184 1182/1296/1186 1183/1297/1187 1181/1298/1185
f 1181/1298/1185 1183/1297/1187 310/1299/310 309/1300/309
f 1182/1296/1186 1184/1301/1188 1185/1302/1189 1183/1297/1187
f 1183/1297/1187 1185/1302/1189 1186/1303/1190 310/1299/310
f 1185/1302/1189 1187/1304/1191 1188/1305/1192 1186/1303/1190
f 1186/1306/1190 1188/1307/1192 1189/1308/1193 1190/1309/1194
f 1190/1309/1194 305/326/305 310/331/310 1186/1306/1190
f 1190/1309/1194 1189/1308/1193 1191/1310/1195 1192/1311/1196
f 1192/1311/1196 306/327/306 305/326/305 1190/1309/1194
f 1192/1311/1196 1191/1310/1195 1193/1312/1197 1194/1313/1198
f 1194/1313/1198 1093/1189/1097 306/327/306 1192/1311/1196
f 1194/1313/1198 1193/1312/1197 1195/1314/1199 1096/1194/1100
f 1096/1194/1100 1094/1190/1098 1093/1189/1097 1194/1313/1198
f 1195/1314/1199 1193/1312/1197 1196/1315/1200 1197/1316/1201
f 1197/1316/1201 1198/1317/1202 1199/1318/1203 1195/1314/1199
f 1195/1314/1199 1199/1318/1203 1097/1195/1101 1096/1194/1100
f 1198/1317/1202 1200/1319/1204 1101/1200/1105 1199/1318/1203
f 1199/1318/1203 1101/1200/1105 1098/1196/1102 1097/1195/1101
f 1200/1319/1204 1198/1317/1202 1201/1320/1205 1202/1321/1206
f 1202/1321/1206 1203/1322/1207 1204/1323/1208 1200/1319/1204
f 1200/1319/1204 1204/1323/1208 1102/1201/1106 1101/1200/1105
f 1203/1322/1207 1205/1324/1209 1206/1325/1210 1204/1323/1208
f 1204/1323/1208 1206/1325/1210 1103/1202/1107 1102/1201/1106
f 1205/1324/1209 1207/1326/1211 1208/1327/1212 1206/1325/1210
f 1206/1325/1210 1208/1327/1212 1105/1204/1109 1103/1202/1107
f 1207/1326/1211 1209/1328/1213 1210/1329/1214 1208/1327/1212
f 1208/1327/1212 1210/1329/1214 1211/1330/1215 1105/1204/1109
f 1108/1208/1112 1106/1205/1110 1105/1204/1109 1211/1330/1215
f 1210/1329/1214 181/193/181 180/192/180 1211/1330/1215
f 1211/1330/1215 180/192/180 206/224/206 1108/1208/1112
f 1209/1328/1213 1212/1331/1216 181/193/181 1210/1329/1214
f 1212/1331/1216 1209/1328/1213 1213/1332/1217 1214/1333/1218
f 1214/1333/1218 1215/1334/1219 1216/1335/1220 1212/1331/1216
f 1212/1331/1216 1216/1335/1220 178/190/178 181/193/181
f 1215/1334/1219 1217/1336/1221 1218/1337/1222 1216/1335/1220
f 1218/1337/1222 179/191/179 178/190/178 1216/1335/1220
f 1217/1336/1221 1219/1338/1223 1220/1339/1224 1218/1337/1222
f 1220/1339/1224 1221/1340/1225 179/191/179 1218/1337/1222
f 1221/1340/1225 1222/1341/1226 174/186/174 179/191/179
f 1221/1340/1225 1220/1339/1224 1223/1342/1227 1224/1343/1228
f 1224/1343/1228 1225/1344/1229 1222/1341/1226 1221/1340/1225
f 1225/1344/1229 1226/1345/1230 1227/1346/1231 1222/1341/1226
f 1225/1344/1229 1224/1343/1228 1228/1347/1232 1229/1348/1233
f 1229/1348/1233 1230/1349/1234 1226/1345/1230 1225/1344/1229
f 1120/1228/1124 1118/1225/1122 1226/1345/1230 1230/1349/1234
f 1230/1349/1234 1229/1348/1233 1231/1350/1235 1232/1351/1236
f 1230/1349/1234 1232/1351/1236 1233/1352/1237 1120/1228/1124
f 1124/1353/1128 1121/1229/1125 1120/1228/1124 1233/1352/1237
f 1232/1351/1236 1234/1354/1238 1235/1355/1239 1233/1352/1237
f 1233/1352/1237 1235/1355/1239 1236/1356/1240 1124/1353/1128
f 1129/1238/1133 1125/1234/1129 1124/1233/1128 1236/1357/1240
f 1235/1355/1239 1237/1358/1241 1238/1359/1242 1236/1356/1240
f 1236/1357/1240 1238/1360/1242 1239/1361/1243 1129/1238/1133
f 1239/1361/1243 1134/1243/1138 1130/1239/1134 1129/1238/1133
f 1238/1360/1242 1240/1362/1244 1241/1363/1245 1239/1361/1243
f 1241/1363/1245 1242/1364/1246 1134/1243/1138 1239/1361/1243
f 1242/1364/1246 1139/1248/1143 1135/1244/1139 1134/1243/1138
f 1242/1364/1246 1241/1363/1245 1243/1365/1247 1244/1366/1248
f 1244/1366/1248 1245/1367/1249 1139/1248/1143 1242/1364/1246
f 1245/1367/1249 1144/1253/1148 1140/1249/1144 1139/1248/1143
f 1245/1367/1249 1244/1366/1248 1177/1368/1181 1176/1369/1180
f 1176/1369/1180 1246/1370/1250 1144/1253/1148 1245/1367/1249
f 1246/1370/1250 1149/1258/1153 1145/1254/1149 1144/1253/1148
f 1246/1371/1250 1176/1289/1180 1174/1287/1178 1165/1278/1169
f 1165/1278/1169 1164/1277/1168 1149/1372/1153 1246/1371/1250
f 1244/1366/1248 1243/1365/1247 1178/1373/1182 1177/1368/1181
f 1241/1363/1245 1240/1362/1244 1247/1374/1251 1243/1365/1247
f 1243/1365/1247 1247/1374/1251 1180/1375/1184 1178/1373/1182
f 1247/1376/1251 1240/1377/1244 1248/1378/1252 1249/1379/1253
f 1249/1379/1253 1182/1296/1186 1180/1295/1184 1247/1376/1251
f 1249/1379/1253 1248/1378/1252 1250/1380/1254 1251/1381/1255
f 1251/1381/1255 1184/1301/1188 1182/1296/1186 1249/1379/1253
f 1251/1381/1255 1250/1380/1254 1252/1382/1256 1253/1383/1257
f 1253/1383/1257 1254/1384/1258 1184/1301/1188 1251/1381/1255
f 1253/1383/1257 1255/1385/1259 1256/1386/1260 1254/1384/1258
f 1256/1386/1260 1257/1387/1261 1187/1304/1191 1254/1384/1258
f 1187/1304/1191 1185/1302/1189 1184/1301/1188 1254/1384/1258
f 1256/1386/1260 1258/1388/1262 1259/1389/1263 1257/1387/1261
f 1259/1389/1263 1260/1390/1264 1261/1391/1265 1257/1387/1261
f 1257/1387/1261 1261/1391/1265 1188/1305/1192 1187/1304/1191
f 1260/1392/1264 1262/1393/1266 1263/1394/1267 1261/1395/1265
f 1261/1395/1265 1263/1394/1267 1189/1308/1193 1188/1307/1192
f 1262/1393/1266 1264/1396/1268 1265/1397/1269 1263/1394/1267
f 1263/1394/1267 1265/1397/1269 1191/1310/1195 1189/1308/1193
f 1264/1396/1268 1266/1398/1270 1196/1315/1200 1265/1397/1269
f 1265/1397/1269 1196/1315/1200 1193/1312/1197 1191/1310/1195
f 1266/1398/1270 1264/1396/1268 1267/1399/1271 1268/1400/1272
f 1268/1400/1272 1269/1401/1273 1270/1402/1274 1266/1398/1270
f 1266/1398/1270 1270/1402/1274 1197/1316/1201 1196/1315/1200
f 1269/1401/1273 1271/1403/1275 1201/1320/1205 1270/1402/1274
f 1270/1402/1274 1201/1320/1205 1198/1317/1202 1197/1316/1201
f 1271/1403/1275 1269/1401/1273 1272/1404/1276 1273/1405/1277
f 1273/1405/1277 1274/1406/1278 1275/1407/1279 1271/1403/1275
f 1271/1403/1275 1275/1407/1279 1202/1321/1206 1201/1320/1205
f 1274/1406/1278 1276/1408/1280 1277/1409/1281 1275/1407/1279
f 1275/1407/1279 1277/1409/1281 1203/1322/1207 1202/1321/1206
f 1276/1408/1280 1278/1410/1282 1279/1411/1283 1277/1409/1281
f 1277/1409/1281 1279/1411/1283 1205/1324/1209 1203/1322/1207
f 1278/1410/1282 1280/1412/1284 1281/1413/1285 1279/1411/1283
f 1279/1411/1283 1281/1413/1285 1207/1326/1211 1205/1324/1209
f 1280/1412/1284 1282/1414/1286 1213/1332/1217 1281/1413/1285
f 1281/1413/1285 1213/1332/1217 1209/1328/1213 1207/1326/1211
f 1280/1412/1284 1283/1415/1287 1284/1416/1288 1282/1414/1286
f 1282/1414/1286 1284/1416/1288 1285/1417/1289 1286/1418/1290
f 1282/1414/1286 1286/1418/1290 1214/1333/1218 1213/1332/1217
f 1286/1418/1290 1285/1417/1289 1287/1419/1291 1288/1420/1292
f 1286/1418/1290 1288/1420/1292 1215/1334/1219 1214/1333/1218
f 1288/1420/1292 1287/1419/1291 1289/1421/1293 1290/1422/1294
f 1288/1420/1292 1290/1422/1294 1217/1336/1221 1215/1334/1219
f 1290/1422/1294 1289/1421/1293 1291/1423/1295 1292/1424/1296
f 1290/1422/1294 1292/1424/1296 1219/1338/1223 1217/1336/1221
f 1292/1424/1296 1291/1423/1295 1293/1425/1297 1294/1426/1298
f 1292/1424/1296 1294/1426/1298 1295/1427/1299 1219/1338/1223
f 1223/1342/1227 1220/1339/1224 1219/1338/1223 1295/1427/1299
f 1295/1427/1299 1294/1426/1298 1296/1428/1300 1297/1429/1301
f 1297/1429/1301 1298/1430/1302 1223/1342/1227 1295/1427/1299
f 1298/1430/1302 1228/1347/1232 1224/1343/1228 1223/1342/1227
f 1298/1430/1302 1297/1429/1301 1299/1431/1303 1300/1432/1304
f 1300/1432/1304 1301/1433/1305 1228/1347/1232 1298/1430/1302
f 1301/1433/1305 1231/1350/1235 1229/1348/1233 1228/1347/1232
f 1301/1433/1305 1300/1432/1304 1302/1434/1306 1303/1435/1307
f 1303/1435/1307 1304/1436/1308 1231/1350/1235 1301/1433/1305
f 1234/1354/1238 1232/1351/1236 1231/1350/1235 1304/1436/1308
f 1304/1436/1308 1303/1435/1307 1305/1437/1309 1306/1438/1310
f 1304/1436/1308 1306/1438/1310 1307/1439/1311 1234/1354/1238
f 1237/1358/1241 1235/1355/1239 1234/1354/1238 1307/1439/1311
f 1306/1438/1310 1252/1382/1256 1250/1380/1254 1307/1439/1311
f 1307/1439/1311 1250/1380/1254 1248/1378/1252 1237/1358/1241
f 1306/1438/1310 1305/1437/1309 1308/1440/1312 1252/1382/1256
f 1305/1437/1309 1309/1441/1313 1310/1442/1314 1308/1440/1312
f 1308/1440/1312 1310/1442/1314 1311/1443/1315 1255/1385/1259
f 1255/1385/1259 1253/1383/1257 1252/1382/1256 1308/1440/1312
f 1310/1442/1314 1312/1444/1316 1313/1445/1317 1311/1443/1315
f 1311/1443/1315 1313/1445/1317 1314/1446/1318 1258/1388/1262
f 1258/1388/1262 1256/1386/1260 1255/1385/1259 1311/1443/1315
f 1313/1445/1317 1315/1447/1319 1316/1448/1320 1314/1446/1318
f 1314/1446/1318 1316/1448/1320 1317/1449/1321 1318/1450/1322
f 1318/1450/1322 1259/1389/1263 1258/1388/1262 1314/1446/1318
f 1318/1450/1322 1317/1449/1321 1319/1451/1323 1320/1452/1324
f 1320/1452/1324 1260/1390/1264 1259/1389/1263 1318/1450/1322
f 1320/1453/1324 1319/1454/1323 1321/1455/1325 1322/1456/1326
f 1322/1456/1326 1262/1393/1266 1260/1392/1264 1320/1453/1324
f 1322/1456/1326 1321/1455/1325 1323/1457/1327 1267/1399/1271
f 1267/1399/1271 1264/1396/1268 1262/1393/1266 1322/1456/1326
f 1321/1455/1325 1324/1458/1328 1325/1459/1329 1323/1457/1327
f 1325/1459/1329 1326/1460/1330 1327/1461/1331 1323/1457/1327
f 1323/1457/1327 1327/1461/1331 1268/1400/1272 1267/1399/1271
f 1326/1460/1330 1328/1462/1332 1272/1404/1276 1327/1461/1331
f 1327/1461/1331 1272/1404/1276 1269/1401/1273 1268/1400/1272
f 1326/1460/1330 1329/1463/1333 1330/1464/1334 1328/1462/1332
f 1328/1462/1332 1330/1464/1334 1331/1465/1335 1332/1466/1336
f 1332/1466/1336 1273/1405/1277 1272/1404/1276 1328/1462/1332
f 1332/1466/1336 1331/1465/1335 1333/1467/1337 1334/1468/1338
f 1334/1468/1338 1274/1406/1278 1273/1405/1277 1332/1466/1336
f 1334/1468/1338 1333/1467/1337 1335/1469/1339 1336/1470/1340
f 1334/1468/1338 1336/1470/1340 1276/1408/1280 1274/1406/1278
f 1336/1470/1340 1335/1469/1339 1337/1471/1341 1338/1472/1342
f 1336/1470/1340 1338/1472/1342 1278/1410/1282 1276/1408/1280
f 1338/1472/1342 1337/1471/1341 1339/1473/1343 1283/1415/1287
f 1338/1472/1342 1283/1415/1287 1280/1412/1284 1278/1410/1282
f 1337/1471/1341 1340/1474/1344 1341/1475/1345 1339/1473/1343
f 1339/1473/1343 1341/1475/1345 1342/1476/1346 1343/1477/1347
f 1343/1477/1347 1284/1416/1288 1283/1415/1287 1339/1473/1343
f 1343/1477/1347 1342/1476/1346 1344/1478/1348 1345/1479/1349
f 1345/1479/1349 1285/1417/1289 1284/1416/1288 1343/1477/1347
f 1345/1479/1349 1344/1478/1348 1346/1480/1350 1347/1481/1351
f 1347/1481/1351 1287/1419/1291 1285/1417/1289 1345/1479/1349
f 1347/1481/1351 1346/1480/1350 1348/1482/1352 1349/1483/1353
f 1349/1483/1353 1289/1421/1293 1287/1419/1291 1347/1481/1351
f 1348/1482/1352 1350/1484/1354 1351/1485/1355 1349/1483/1353
f 1351/1485/1355 1291/1423/1295 1289/1421/1293 1349/1483/1353
f 1350/1484/1354 1352/1486/1356 1353/1487/1357 1351/1485/1355
f 1353/1487/1357 1293/1425/1297 1291/1423/1295 1351/1485/1355
f 1352/1486/1356 1354/1488/1358 1355/1489/1359 1353/1487/1357
f 1355/1489/1359 1356/1490/1360 1293/1425/1297 1353/1487/1357
f 1356/1490/1360 1296/1428/1300 1294/1426/1298 1293/1425/1297
f 1355/1489/1359 1357/1491/1361 1358/1492/1362 1356/1490/1360
f 1356/1490/1360 1358/1492/1362 1359/1493/1363 1296/1428/1300
f 1359/1493/1363 1299/1431/1303 1297/1429/1301 1296/1428/1300
f 1358/1492/1362 1360/1494/1364 1361/1495/1365 1359/1493/1363
f 1361/1495/1365 1362/1496/1366 1299/1431/1303 1359/1493/1363
f 1362/1496/1366 1302/1434/1306 1300/1432/1304 1299/1431/1303
f 1362/1496/1366 1361/1495/1365 1363/1497/1367 1364/1498/1368
f 1364/1498/1368 1309/1441/1313 1302/1434/1306 1362/1496/1366
f 1364/1498/1368 1363/1497/1367 1365/1499/1369 1312/1444/1316
f 1312/1444/1316 1310/1442/1314 1309/1441/1313 1364/1498/1368
f 1363/1497/1367 1366/1500/1370 1367/1501/1371 1365/1499/1369
f 1367/1501/1371 1368/1502/1372 1315/1447/1319 1365/1499/1369
f 1315/1447/1319 1313/1445/1317 1312/1444/1316 1365/1499/1369
f 1368/1502/1372 1367/1501/1371 1369/1503/1373 1370/1504/1374
f 1370/1504/1374 1371/1505/1375 1372/1506/1376 1368/1502/1372
f 1372/1506/1376 1316/1448/1320 1315/1447/1319 1368/1502/1372
f 1371/1505/1375 1373/1507/1377 1374/1508/1378 1372/1506/1376
f 1374/1508/1378 1317/1449/1321 1316/1448/1320 1372/1506/1376
f 1373/1507/1377 1375/1509/1379 1376/1510/1380 1374/1508/1378
f 1376/1510/1380 1319/1451/1323 1317/1449/1321 1374/1508/1378
f 1375/1511/1379 1377/1512/1381 1324/1458/1328 1376/1513/1380
f 1376/1513/1380 1324/1458/1328 1321/1455/1325 1319/1454/1323
f 1377/1512/1381 1375/1511/1379 1378/1514/1382 1379/1515/1383
f 1379/1515/1383 1380/1516/1384 1381/1517/1385 1377/1512/1381
f 1377/1512/1381 1381/1517/1385 1325/1459/1329 1324/1458/1328
f 1380/1516/1384 1382/1518/1386 1329/1463/1333 1381/1517/1385
f 1381/1517/1385 1329/1463/1333 1326/1460/1330 1325/1459/1329
f 1380/1516/1384 1383/1519/1387 1384/1520/1388 1382/1518/1386
f 1382/1518/1386 1384/1520/1388 1385/1521/1389 1386/1522/1390
f 1386/1522/1390 1330/1464/1334 1329/1463/1333 1382/1518/1386
f 1386/1522/1390 1385/1521/1389 1387/1523/1391 1388/1524/1392
f 1388/1524/1392 1331/1465/1335 1330/1464/1334 1386/1522/1390
f 1388/1524/1392 1387/1523/1391 1389/1525/1393 1390/1526/1394
f 1390/1526/1394 1333/1467/1337 1331/1465/1335 1388/1524/1392
f 1390/1526/1394 1389/1525/1393 1391/1527/1395 1392/1528/1396
f 1392/1528/1396 1335/1469/1339 1333/1467/1337 1390/1526/1394
f 1392/1528/1396 1391/1527/1395 1393/1529/1397 1340/1474/1344
f 1340/1474/1344 1337/1471/1341 1335/1469/1339 1392/1528/1396
f 1391/1527/1395 1394/1530/1398 1395/1531/1399 1393/1529/1397
f 1393/1529/1397 1395/1531/1399 1396/1532/1400 1397/1533/1401
f 1397/1533/1401 1341/1475/1345 1340/1474/1344 1393/1529/1397
f 1397/1533/1401 1396/1532/1400 1398/1534/1402 1399/1535/1403
f 1399/1535/1403 1342/1476/1346 1341/1475/1345 1397/1533/1401
f 1398/1534/1402 1400/1536/1404 1401/1537/1405 1399/1535/1403
f 1401/1537/1405 1344/1478/1348 1342/1476/1346 1399/1535/1403
f 1400/1536/1404 1402/1538/1406 1403/1539/1407 1401/1537/1405
f 1401/1537/1405 1403/1539/1407 1346/1480/1350 1344/1478/1348
f 1402/1538/1406 1404/1540/1408 1405/1541/1409 1403/1539/1407
f 1403/1539/1407 1405/1541/1409 1348/1482/1352 1346/1480/1350
f 1404/1540/1408 1406/1542/1410 1407/1543/1411 1405/1541/1409
f 1405/1541/1409 1407/1543/1411 1350/1484/1354 1348/1482/1352
f 1406/1542/1410 1408/1544/1412 1409/1545/1413 1407/1543/1411
f 1407/1543/1411 1409/1545/1413 1352/1486/1356 1350/1484/1354
f 1408/1544/1412 1410/1546/1414 1411/1547/1415 1409/1545/1413
f 1409/1545/1413 1411/1547/1415 1354/1488/1358 1352/1486/1356
f 1410/1546/1414 1412/1548/1416 1413/1549/1417 1411/1547/1415
f 1411/1547/1415 1413/1549/1417 1414/1550/1418 1354/1488/1358
f 1357/1491/1361 1355/1489/1359 1354/1488/1358 1414/1550/1418
f 1413/1549/1417 1415/1551/1419 1416/1552/1420 1414/1550/1418
f 1416/1552/1420 1417/1553/1421 1357/1491/1361 1414/1550/1418
f 1360/1494/1364 1358/1492/1362 1357/1491/1361 1417/1553/1421
f 1417/1553/1421 1416/1552/1420 1418/1554/1422 1419/1555/1423
f 1417/1553/1421 1419/1555/1423 1366/1500/1370 1360/1494/1364
f 1418/1554/1422 1420/1556/1424 1369/1503/1373 1419/1555/1423
f 1419/1555/1423 1369/1503/1373 1367/1501/1371 1366/1500/1370
f 1420/1556/1424 1418/1554/1422 1421/1557/1425 1422/1558/1426
f 1422/1558/1426 1423/1559/1427 1424/1560/1428 1420/1556/1424
f 1420/1556/1424 1424/1560/1428 1370/1504/1374 1369/1503/1373
f 1423/1559/1427 1425/1561/1429 1426/1562/1430 1424/1560/1428
f 1424/1560/1428 1426/1562/1430 1371/1505/1375 1370/1504/1374
f 1425/1561/1429 1427/1563/1431 1428/1564/1432 1426/1562/1430
f 1426/1562/1430 1428/1564/1432 1373/1507/1377 1371/1505/1375
f 1427/1563/1431 1429/1565/1433 1378/1566/1382 1428/1564/1432
f 1428/1564/1432 1378/1566/1382 1375/1509/1379 1373/1507/1377
f 1429/1565/1433 1427/1563/1431 1430/1567/1434 1431/1568/1435
f 1431/1569/1435 1432/1570/1436 1433/1571/1437 1429/1572/1433
f 1429/1572/1433 1433/1571/1437 1379/1515/1383 1378/1514/1382
f 1432/1570/1436 1434/1573/1438 1383/1519/1387 1433/1571/1437
f 1433/1571/1437 1383/1519/1387 1380/1516/1384 1379/1515/1383
f 1434/1573/1438 1432/1570/1436 1435/1574/1439 1436/1575/1440
f 1436/1575/1440 1437/1576/1441 1438/1577/1442 1434/1573/1438
f 1438/1577/1442 1384/1520/1388 1383/1519/1387 1434/1573/1438
f 1437/1576/1441 1439/1578/1443 1440/1579/1444 1438/1577/1442
f 1440/1579/1444 1385/1521/1389 1384/1520/1388 1438/1577/1442
f 1439/1578/1443 1441/1580/1445 1442/1581/1446 1440/1579/1444
f 1442/1581/1446 1387/1523/1391 1385/1521/1389 1440/1579/1444
f 1441/1580/1445 1443/1582/1447 1444/1583/1448 1442/1581/1446
f 1444/1583/1448 1389/1525/1393 1387/1523/1391 1442/1581/1446
f 1443/1582/1447 1445/1584/1449 1394/1530/1398 1444/1583/1448
f 1394/1530/1398 1391/1527/1395 1389/1525/1393 1444/1583/1448
f 1445/1584/1449 1443/1582/1447 1446/1585/1450 1447/1586/1451
f 1447/1586/1451 1448/1587/1452 1449/1588/1453 1445/1584/1449
f 1449/1588/1453 1395/1531/1399 1394/1530/1398 1445/1584/1449
f 1448/1587/1452 1450/1589/1454 1451/1590/1455 1449/1588/1453
f 1451/1590/1455 1396/1532/1400 1395/1531/1399 1449/1588/1453
f 1450/1589/1454 1452/1591/1456 1453/1592/1457 1451/1590/1455
f 1453/1592/1457 1398/1534/1402 1396/1532/1400 1451/1590/1455
f 1452/1591/1456 1454/1593/1458 1455/1594/1459 1453/1592/1457
f 1455/1594/1459 1400/1536/1404 1398/1534/1402 1453/1592/1457
f 1455/1594/1459 1454/1593/1458 1456/1595/1460 1457/1596/1461
f 1457/1596/1461 1402/1538/1406 1400/1536/1404 1455/1594/1459
f 1457/1596/1461 1456/1595/1460 1458/1597/1462 1459/1598/1463
f 1459/1598/1463 1404/1540/1408 1402/1538/1406 1457/1596/1461
f 1459/1598/1463 1458/1597/1462 1460/1599/1464 1461/1600/1465
f 1461/1600/1465 1406/1542/1410 1404/1540/1408 1459/1598/1463
f 1461/1600/1465 1460/1599/1464 1462/1601/1466 1463/1602/1467
f 1463/1602/1467 1408/1544/1412 1406/1542/1410 1461/1600/1465
f 1463/1602/1467 1462/1601/1466 1464/1603/1468 1465/1604/1469
f 1465/1604/1469 1410/1546/1414 1408/1544/1412 1463/1602/1467
f 1465/1604/1469 1464/1603/1468 1466/1605/1470 1467/1606/1471
f 1467/1606/1471 1412/1548/1416 1410/1546/1414 1465/1604/1469
f 1466/1605/1470 1468/1607/1472 1469/1608/1473 1467/1606/1471
f 1469/1608/1473 1470/1609/1474 1412/1548/1416 1467/1606/1471
f 1470/1609/1474 1415/1551/1419 1413/1549/1417 1412/1548/1416
f 1470/1609/1474 1469/1608/1473 1471/1610/1475 1472/1611/1476
f 1472/1611/1476 1421/1557/1425 1415/1551/1419 1470/1609/1474
f 1471/1610/1475 1473/1612/1477 1474/1613/1478 1472/1611/1476
f 1472/1611/1476 1474/1613/1478 1422/1558/1426 1421/1557/1425
f 1473/1612/1477 1475/1614/1479 1476/1615/1480 1474/1613/1478
f 1474/1613/1478 1476/1615/1480 1423/1559/1427 1422/1558/1426
f 1475/1614/1479 1477/1616/1481 1478/1617/1482 1476/1615/1480
f 1476/1615/1480 1478/1617/1482 1425/1561/1429 1423/1559/1427
f 1477/1616/1481 1479/1618/1483 1430/1567/1434 1478/1617/1482
f 1478/1617/1482 1430/1567/1434 1427/1563/1431 1425/1561/1429
f 1477/1616/1481 1480/1619/1484 1481/1620/1485 1479/1618/1483
f 1481/1620/1485 1482/1621/1486 1483/1622/1487 1479/1618/1483
f 1479/1618/1483 1483/1622/1487 1431/1568/1435 1430/1567/1434
f 1482/1623/1486 1484/1624/1488 1435/1574/1439 1483/1625/1487
f 1483/1625/1487 1435/1574/1439 1432/1570/1436 1431/1569/1435
f 1484/1624/1488 1482/1623/1486 1485/1626/1489 1486/1627/1490
f 1486/1627/1490 1487/1628/1491 1488/1629/1492 1484/1624/1488
f 1484/1624/1488 1488/1629/1492 1436/1575/1440 1435/1574/1439
f 1487/1628/1491 1489/1630/1493 1490/1631/1494 1488/1629/1492
f 1488/1629/1492 1490/1631/1494 1437/1576/1441 1436/1575/1440
f 1489/1630/1493 1491/1632/1495 1492/1633/1496 1490/1631/1494
f 1490/1631/1494 1492/1633/1496 1439/1578/1443 1437/1576/1441
f 1492/1633/1496 1491/1632/1495 1493/1634/1497 1494/1635/1498
f 1492/1633/1496 1494/1635/1498 1441/1580/1445 1439/1578/1443
f 1494/1635/1498 1493/1634/1497 1495/1636/1499 1446/1585/1450
f 1446/1585/1450 1443/1582/1447 1441/1580/1445 1494/1635/1498
f 1493/1634/1497 62/69/62 61/68/61 1495/1636/1499
f 1495/1636/1499 61/68/61 63/70/63 1496/1637/1500
f 1496/1637/1500 1447/1586/1451 1446/1585/1450 1495/1636/1499
f 1496/1637/1500 63/70/63 1497/1638/1501 1498/1639/1502
f 1498/1639/1502 1448/1587/1452 1447/1586/1451 1496/1637/1500
f 1498/1639/1502 1497/1638/1501 1499/1640/1503 1500/1641/1504
f 1500/1641/1504 1450/1589/1454 1448/1587/1452 1498/1639/1502
f 1499/1640/1503 1501/1642/1505 1502/1643/1506 1500/1641/1504
f 1500/1641/1504 1502/1643/1506 1452/1591/1456 1450/1589/1454
f 1501/1642/1505 1503/1644/1507 1504/1645/1508 1502/1643/1506
f 1502/1643/1506 1504/1645/1508 1454/1593/1458 1452/1591/1456
f 1503/1644/1507 1505/1646/1509 1506/1647/1510 1504/1645/1508
f 1504/1645/1508 1506/1647/1510 1456/1595/1460 1454/1593/1458
f 1505/1646/1509 1507/1648/1511 1508/1649/1512 1506/1647/1510
f 1508/1649/1512 1458/1597/1462 1456/1595/1460 1506/1647/1510
f 1507/1648/1511 38/45/38 1509/1650/1513 1508/1649/1512
f 1508/1649/1512 1509/1650/1513 1460/1599/1464 1458/1597/1462
f 38/45/38 27/34/27 1510/1651/1514 1509/1650/1513
f 1509/1650/1513 1510/1651/1514 1462/1601/1466 1460/1599/1464
f 1510/1651/1514 27/34/27 26/33/26 1511/1652/1515
f 1511/1652/1515 1464/1603/1468 1462/1601/1466 1510/1651/1514
f 1511/1652/1515 26/33/26 25/32/25 1512/1653/1516
f 1512/1653/1516 1466/1605/1470 1464/1603/1468 1511/1652/1515
f 1512/1653/1516 25/32/25 1513/1654/1517 1514/1655/1518
f 1514/1655/1518 1468/1607/1472 1466/1605/1470 1512/1653/1516
f 1514/1655/1518 1513/1654/1517 1515/1656/1519 1516/1657/1520
f 1516/1657/1520 1517/1658/1521 1468/1607/1472 1514/1655/1518
f 1517/1658/1521 1471/1610/1475 1469/1608/1473 1468/1607/1472
f 1517/1658/1521 1516/1657/1520 1518/1659/1522 1519/1660/1523
f 1519/1660/1523 1473/1612/1477 1471/1610/1475 1517/1658/1521
f 1519/1660/1523 1518/1659/1522 1520/1661/1524 1521/1662/1525
f 1521/1662/1525 1475/1614/1479 1473/1612/1477 1519/1660/1523
f 1521/1662/1525 1520/1661/1524 1522/1663/1526 1480/1619/1484
f 1480/1619/1484 1477/1616/1481 1475/1614/1479 1521/1662/1525
f 1520/1661/1524 1523/1664/1527 1524/1665/1528 1522/1663/1526
f 1522/1663/1526 1524/1665/1528 1525/1666/1529 1526/1667/1530
f 1526/1667/1530 1481/1620/1485 1480/1619/1484 1522/1663/1526
f 1525/1666/1529 1527/1668/1531 1485/1669/1489 1526/1667/1530
f 1485/1669/1489 1482/1621/1486 1481/1620/1485 1526/1667/1530
f 1527/1668/1531 1525/1666/1529 1528/1670/1532 1529/1671/1533
f 1529/1672/1533 1530/1673/1534 1531/1674/1535 1527/1675/1531
f 1527/1675/1531 1531/1674/1535 1486/1627/1490 1485/1626/1489
f 1530/1673/1534 1532/1676/1536 1533/1677/1537 1531/1674/1535
f 1531/1674/1535 1533/1677/1537 1487/1628/1491 1486/1627/1490
f 1532/1676/1536 31/38/31 1534/1678/1538 1533/1677/1537
f 1533/1677/1537 1534/1678/1538 1489/1630/1493 1487/1628/1491
f 1534/1678/1538 31/38/31 30/37/30 1535/1679/1539
f 1534/1678/1538 1535/1679/1539 1491/1632/1495 1489/1630/1493
f 30/37/30 33/40/33 62/69/62 1535/1679/1539
f 1535/1679/1539 62/69/62 1493/1634/1497 1491/1632/1495
f 1530/1673/1534 1536/1680/1540 1537/1681/1541 1532/1676/1536
f 1537/1681/1541 32/39/32 31/38/31 1532/1676/1536
f 1536/1680/1540 1538/1682/1542 1539/1683/1543 1537/1681/1541
f 1539/1683/1543 1540/1684/1544 32/39/32 1537/1681/1541
f 1540/1684/1544 1539/1683/1543 1541/1685/1545 1542/1686/1546
f 1542/1686/1546 1543/1687/1547 1544/1688/1548 1540/1684/1544
f 1540/1684/1544 1544/1688/1548 35/42/35 32/39/32
f 1543/1687/1547 1545/1689/1549 1546/1690/1550 1544/1688/1548
f 1544/1688/1548 1546/1690/1550 1547/1691/1551 35/42/35
f 37/1692/37 34/41/34 35/42/35 1547/1691/1551
f 1546/1693/1550 1548/1694/1552 22/29/22 1547/1695/1551
f 22/29/22 21/28/21 37/44/37 1547/1695/1551
f 1548/1694/1552 1546/1693/1550 1545/1696/1549 1549/1697/1553
f 1548/1694/1552 1549/1697/1553 1550/1698/1554 1551/1699/1555
f 1551/1699/1555 23/30/23 22/29/22 1548/1694/1552
f 1551/1699/1555 1550/1698/1554 19/25/19 1552/1700/1556
f 1552/1700/1556 1553/1701/1557 23/30/23 1551/1699/1555
f 1553/1701/1557 1554/1702/1558 24/31/24 23/30/23
f 1553/1701/1557 1552/1700/1556 1555/1703/1559 1556/1704/1560
f 1556/1704/1560 1557/1705/1561 1554/1702/1558 1553/1701/1557
f 1557/1705/1561 1515/1656/1519 1513/1654/1517 1554/1702/1558
f 1557/1705/1561 1556/1704/1560 1558/1706/1562 1559/1707/1563
f 1559/1707/1563 1560/1708/1564 1515/1656/1519 1557/1705/1561
f 1560/1708/1564 1518/1659/1522 1516/1657/1520 1515/1656/1519
f 1560/1708/1564 1559/1707/1563 1561/1709/1565 1523/1664/1527
f 1523/1664/1527 1520/1661/1524 1518/1659/1522 1560/1708/1564
f 1559/1707/1563 1558/1706/1562 1562/1710/1566 1561/1709/1565
f 1561/1709/1565 1562/1710/1566 1563/1711/1567 1564/1712/1568
f 1564/1712/1568 1524/1665/1528 1523/1664/1527 1561/1709/1565
f 1564/1712/1568 1563/1711/1567 1565/1713/1569 1528/1670/1532
f 1528/1670/1532 1525/1666/1529 1524/1665/1528 1564/1712/1568
f 1563/1711/1567 1566/1714/1570 1567/1715/1571 1565/1713/1569
f 1565/1713/1569 1567/1715/1571 1568/1716/1572 1569/1717/1573
f 1569/1717/1573 1529/1671/1533 1528/1670/1532 1565/1713/1569
f 1569/1718/1573 1568/1719/1572 1538/1682/1542 1536/1680/1540
f 1536/1680/1540 1530/1673/1534 1529/1672/1533 1569/1718/1573
f 1567/1715/1571 1570/1720/1574 1571/1721/1575 1568/1716/1572
f 1571/1722/1575 1572/1723/1576 1538/1682/1542 1568/1719/1572
f 1572/1723/1576 1571/1722/1575 1573/1724/1577 14/19/14
f 14/19/14 10/13/10 1541/1685/1545 1572/1723/1576
f 1572/1723/1576 1541/1685/1545 1539/1683/1543 1538/1682/1542
f 1571/1721/1575 1570/1720/1574 1574/1725/1578 1573/1726/1577
f 1573/1726/1577 1574/1725/1578 1575/1727/1579 1576/1728/1580
f 1576/1729/1580 12/20/12 14/19/14 1573/1724/1577
f 1575/1730/1579 1577/1731/1581 1578/1732/1582 1576/1733/1580
f 1576/1734/1580 1578/1735/1582 13/17/13 12/16/12
f 1579/1736/1583 20/27/20 13/26/13 1578/1737/1582
f 1577/1738/1581 1580/1739/1584 1579/1740/1583 1578/1741/1582
f 1549/1697/1553 1545/1696/1549 1579/1740/1583 1580/1739/1584
f 1580/1739/1584 1577/1738/1581 7/1742/7 1581/1743/1585
f 1581/1743/1585 1550/1698/1554 1549/1697/1553 1580/1739/1584
f 1581/1743/1585 7/1742/7 6/6/6 18/24/18
f 18/24/18 19/25/19 1550/1698/1554 1581/1743/1585
f 1579/1736/1583 1545/1689/1549 1543/1687/1547 20/27/20
f 1577/1731/1581 1575/1730/1579 1/10/1 7/9/7
f 1575/1727/1579 1574/1725/1578 2/2/2 1/1/1
f 1574/1725/1578 1570/1720/1574 1582/1744/1586 2/2/2
f 1566/1714/1570 1583/1745/1587 1584/1746/1588 1582/1744/1586
f 1584/1746/1588 3/3/3 2/2/2 1582/1744/1586
f 1570/1720/1574 1567/1715/1571 1566/1714/1570 1582/1744/1586
f 1584/1746/1588 1583/1745/1587 1585/1747/1589 16/22/16
f 16/22/16 5/5/5 3/3/3 1584/1746/1588
f 1585/1747/1589 1558/1706/1562 1556/1704/1560 1555/1703/1559
f 1555/1703/1559 17/23/17 16/22/16 1585/1747/1589
f 1583/1745/1587 1562/1710/1566 1558/1706/1562 1585/1747/1589
f 1566/1714/1570 1563/1711/1567 1562/1710/1566 1583/1745/1587
f 1552/1700/1556 19/25/19 17/23/17 1555/1703/1559
f 1554/1702/1558 1513/1654/1517 25/32/25 24/31/24
f 1543/1687/1547 1542/1686/1546 9/12/9 20/27/20
f 1542/1686/1546 1541/1685/1545 10/13/10 9/12/9
f 1507/1648/1511 1505/1646/1509 1586/1748/1590 1587/1749/1591
f 1587/1749/1591 39/46/39 38/45/38 1507/1648/1511
f 1586/1748/1590 1588/1750/1592 1589/1751/1593 1587/1749/1591
f 1587/1749/1591 1589/1751/1593 40/47/40 39/46/39
f 1588/1750/1592 1590/1752/1594 1591/1753/1595 1589/1751/1593
f 1589/1751/1593 1591/1753/1595 53/60/53 40/47/40
f 1591/1753/1595 1590/1752/1594 67/74/67 66/73/66
f 66/73/66 54/61/54 53/60/53 1591/1753/1595
f 1590/1752/1594 1588/1750/1592 1592/1754/1596 72/80/72
f 72/80/72 70/78/70 67/74/67 1590/1752/1594
f 1593/1755/1597 1594/1756/1598 1595/1757/1599 1592/1754/1596
f 1592/1754/1596 1595/1757/1599 73/81/73 72/80/72
f 1588/1750/1592 1586/1748/1590 1593/1755/1597 1592/1754/1596
f 1594/1756/1598 1596/1758/1600 1597/1759/1601 1595/1757/1599
f 1595/1757/1599 1597/1759/1601 75/83/75 73/81/73
f 1596/1758/1600 1598/1760/1602 1599/1761/1603 1597/1759/1601
f 1599/1761/1603 1600/1762/1604 75/83/75 1597/1759/1601
f 1599/1761/1603 58/65/58 48/55/48 1600/1762/1604
f 48/55/48 44/51/44 1601/1763/1605 1600/1762/1604
f 1600/1762/1604 1601/1763/1605 74/82/74 75/83/75
f 44/51/44 43/50/43 69/76/69 1601/1763/1605
f 1601/1763/1605 69/76/69 68/75/68 74/82/74
f 1598/1760/1602 59/66/59 58/65/58 1599/1761/1603
f 1598/1760/1602 1497/1638/1501 63/70/63 59/66/59
f 1596/1758/1600 1499/1640/1503 1497/1638/1501 1598/1760/1602
f 1596/1758/1600 1594/1756/1598 1501/1642/1505 1499/1640/1503
f 1594/1756/1598 1593/1755/1597 1503/1644/1507 1501/1642/1505
f 1593/1755/1597 1586/1748/1590 1505/1646/1509 1503/1644/1507
f 1421/1557/1425 1418/1554/1422 1416/1552/1420 1415/1551/1419
f 1363/1497/1367 1361/1495/1365 1360/1494/1364 1366/1500/1370
f 1309/1441/1313 1305/1437/1309 1303/1435/1307 1302/1434/1306
f 1240/1377/1244 1238/1359/1242 1237/1358/1241 1248/1378/1252
f 1227/1346/1231 1116/1222/1120 1114/1219/1118 175/187/175
f 175/187/175 174/186/174 1222/1341/1226 1227/1346/1231
f 1226/1345/1230 1118/1225/1122 1116/1222/1120 1227/1346/1231
f 1173/1286/1177 313/336/313 1602/1764/1606 1603/1765/1607
f 1173/1286/1177 1603/1765/1607 1169/1282/1173 1168/1281/1172
f 1172/1285/1176 314/337/314 313/336/313 1173/1286/1177
f 1602/1764/1606 312/334/312 1604/1766/1608 1603/1765/1607
f 1603/1765/1607 1604/1766/1608 1605/1767/1609 1169/1282/1173
f 1604/1766/1608 1606/1768/1610 1607/1769/1611 1605/1767/1609
f 1605/1767/1609 1607/1769/1611 1608/1770/1612 1609/1771/1613
f 1609/1771/1613 1170/1283/1174 1169/1282/1173 1605/1767/1609
f 1609/1771/1613 1608/1770/1612 1610/1772/1614 1611/1773/1615
f 1609/1771/1613 1611/1773/1615 1161/1274/1165 1170/1283/1174
f 1610/1772/1614 1612/1774/1616 1613/1775/1617 1611/1773/1615
f 1611/1773/1615 1613/1775/1617 1162/1275/1166 1161/1274/1165
f 1612/1774/1616 1614/1776/1618 401/435/404 1613/1775/1617
f 401/435/404 400/434/403 1162/1275/1166 1613/1775/1617
f 1614/1776/1618 1615/1777/1619 402/436/405 401/435/404
f 1614/1776/1618 1612/1774/1616 1616/1778/1620 1617/1779/1621
f 1617/1779/1621 1618/1780/1622 1615/1777/1619 1614/1776/1618
f 1618/1780/1622 421/455/424 417/451/420 1615/1777/1619
f 1618/1780/1622 1617/1779/1621 1619/1781/1623 467/501/470
f 467/501/470 466/500/469 421/455/424 1618/1780/1622
f 1619/1781/1623 1617/1779/1621 1616/1778/1620 521/558/524
f 1619/1781/1623 521/558/524 520/557/523 1620/1782/1624
f 1620/1782/1624 464/498/467 467/501/470 1619/1781/1623
f 520/557/523 523/560/526 1621/1783/1625 1620/1782/1624
f 1620/1782/1624 1621/1783/1625 470/504/473 464/498/467
f 523/560/526 1622/1784/1626 1623/1785/1627 1621/1783/1625
f 1621/1783/1625 1623/1785/1627 1624/1786/1628 470/504/473
f 1625/1787/1629 471/505/474 470/504/473 1624/1786/1628
f 1623/1785/1627 1626/1788/1630 1627/1789/1631 1624/1786/1628
f 1624/1786/1628 1627/1789/1631 1628/1790/1632 1625/1787/1629
f 1629/1791/1633 431/465/434 1625/1787/1629 1628/1790/1632
f 1627/1789/1631 1630/1792/1634 1631/1793/1635 1628/1790/1632
f 1628/1790/1632 1631/1793/1635 1632/1794/1636 1629/1791/1633
f 1633/1795/1637 1634/1796/1638 1629/1791/1633 1632/1794/1636
f 1631/1793/1635 1635/1797/1639 1636/1798/1640 1632/1794/1636
f 1632/1794/1636 1636/1798/1640 1637/1799/1641 1633/1795/1637
f 1638/1800/1642 1639/1801/1643 1633/1795/1637 1637/1799/1641
f 1636/1798/1640 1640/1802/1644 1641/1803/1645 1637/1799/1641
f 1637/1799/1641 1641/1803/1645 1642/1804/1646 1638/1800/1642
f 1642/1805/1646 1643/1806/1647 1644/1807/1648 1638/1808/1642
f 1641/1809/1645 1645/1810/1649 1646/1811/1650 1642/1812/1646
f 1646/1813/1650 1647/1814/1651 1643/1815/1647 1642/1816/1646
f 1647/1814/1651 1648/1817/1652 1649/1818/1653 1643/1815/1647
f 1647/1814/1651 1646/1813/1650 1650/1819/1654 1651/1820/1655
f 1651/1820/1655 1652/1821/1656 1648/1817/1652 1647/1814/1651
f 1652/1821/1656 1653/1822/1657 1654/1823/1658 1648/1817/1652
f 1652/1821/1656 1651/1820/1655 1655/1824/1659 1656/1825/1660
f 1656/1825/1660 1657/1826/1661 1653/1822/1657 1652/1821/1656
f 1657/1827/1661 1658/1828/1662 1659/1829/1663 1653/1830/1657
f 1657/1826/1661 1656/1825/1660 506/543/509 1660/1831/1664
f 1660/1832/1664 1661/1833/1665 1658/1828/1662 1657/1827/1661
f 1661/1833/1665 1662/1834/1666 1663/1835/1667 1658/1828/1662
f 1661/1833/1665 1660/1832/1664 1664/1836/1668 1665/1837/1669
f 1665/1837/1669 1666/1838/1670 1662/1834/1666 1661/1833/1665
f 1666/1838/1670 1667/1839/1671 1668/1840/1672 1662/1834/1666
f 1666/1838/1670 1665/1837/1669 1669/1841/1673 1670/1842/1674
f 1670/1842/1674 1671/1843/1675 1667/1839/1671 1666/1838/1670
f 1671/1843/1675 1672/1844/1676 1673/1845/1677 1667/1839/1671
f 1671/1843/1675 1670/1842/1674 1674/1846/1678 1675/1847/1679
f 1675/1847/1679 1676/1848/1680 1672/1844/1676 1671/1843/1675
f 1677/1849/1681 1678/1850/1682 1672/1844/1676 1676/1848/1680
f 1675/1847/1679 1679/1851/1683 1680/1852/1684 1676/1848/1680
f 1676/1848/1680 1680/1852/1684 1681/1853/1685 1677/1849/1681
f 1682/1854/1686 1683/1855/1687 1677/1849/1681 1681/1853/1685
f 1680/1852/1684 1684/1856/1688 1685/1857/1689 1681/1853/1685
f 1681/1853/1685 1685/1857/1689 1686/1858/1690 1682/1854/1686
f 1687/1859/1691 1688/1860/1692 1682/1854/1686 1686/1858/1690
f 1685/1861/1689 1689/1862/1693 1690/1863/1694 1686/1864/1690
f 1686/1864/1690 1690/1863/1694 1691/1865/1695 1687/1866/1691
f 1692/1867/1696 1693/1868/1697 1687/1866/1691 1691/1865/1695
f 1690/1863/1694 1694/1869/1698 1695/1870/1699 1691/1865/1695
f 1691/1865/1695 1695/1870/1699 1696/1871/1700 1692/1867/1696
f 1697/1872/1701 1698/1873/1702 1692/1867/1696 1696/1871/1700
f 1695/1870/1699 1699/1874/1703 1700/1875/1704 1696/1871/1700
f 1696/1871/1700 1700/1875/1704 1701/1876/1705 1697/1872/1701
f 1701/1876/1705 1702/1877/1706 1703/1878/1707 1697/1872/1701
f 1701/1876/1705 1700/1875/1704 1704/1879/1708 1705/1880/1709
f 1705/1880/1709 1706/1881/1710 1702/1877/1706 1701/1876/1705
f 1706/1881/1710 1707/1882/1711 1708/1883/1712 1702/1877/1706
f 1706/1881/1710 1705/1880/1709 1709/1884/1713 1710/1885/1714
f 1710/1885/1714 1711/1886/1715 1707/1882/1711 1706/1881/1710
f 1711/1886/1715 1712/1887/1716 1713/1888/1717 1707/1882/1711
f 1710/1885/1714 1714/1889/1718 1715/1890/1719 1711/1886/1715
f 1715/1890/1719 1716/1891/1720 1712/1887/1716 1711/1886/1715
f 1716/1891/1720 1717/1892/1721 1718/1893/1722 1712/1887/1716
f 1716/1891/1720 1715/1890/1719 1719/1894/1723 1720/1895/1724
f 1720/1895/1724 1721/1896/1725 1717/1892/1721 1716/1891/1720
f 1721/1896/1725 1722/1897/1726 1723/1898/1727 1717/1892/1721
f 1721/1896/1725 1720/1895/1724 1724/1899/1728 1725/1900/1729
f 1725/1900/1729 1726/1901/1730 1722/1897/1726 1721/1896/1725
f 1726/1901/1730 1727/1902/1731 1728/1903/1732 1722/1897/1726
f 1726/1901/1730 1725/1900/1729 1729/1904/1733 1730/1905/1734
f 1730/1905/1734 1731/1906/1735 1727/1902/1731 1726/1901/1730
f 1731/1906/1735 1732/1907/1736 1733/1908/1737 1727/1902/1731
f 1731/1906/1735 1730/1905/1734 1734/1909/1738 1735/1910/1739
f 1735/1910/1739 1736/1911/1740 1732/1907/1736 1731/1906/1735
f 1736/1911/1740 1737/1912/1741 1738/1913/1742 1732/1907/1736
f 1736/1911/1740 1735/1910/1739 1739/1914/1743 1740/1915/1744
f 1740/1915/1744 1741/1916/1745 1737/1912/1741 1736/1911/1740
f 1741/1916/1745 1742/1917/1746 1743/1918/1747 1737/1912/1741
f 1741/1916/1745 1740/1915/1744 1744/1919/1748 1745/1920/1749
f 1745/1920/1749 1746/1921/1750 1742/1917/1746 1741/1916/1745
f 1746/1921/1750 1747/1922/1751 1748/1923/1752 1742/1917/1746
f 1746/1921/1750 1745/1920/1749 1749/1924/1753 1750/1925/1754
f 1750/1925/1754 1751/1926/1755 1747/1922/1751 1746/1921/1750
f 1752/1927/1756 1753/1928/1757 1747/1922/1751 1751/1926/1755
f 1750/1929/1754 1754/1930/1758 1755/1931/1759 1751/1932/1755
f 1751/1932/1755 1755/1931/1759 1756/1933/1760 1752/1934/1756
f 1757/1935/1761 1758/1936/1762 1752/1934/1756 1756/1933/1760
f 1755/1931/1759 1759/1937/1763 1760/1938/1764 1756/1933/1760
f 1760/1938/1764 1761/1939/1765 1757/1935/1761 1756/1933/1760
f 1761/1939/1765 633/673/636 1762/1940/1766 1757/1935/1761
f 1760/1938/1764 625/665/628 624/664/627 1761/1939/1765
f 1761/1939/1765 624/664/627 628/668/631 633/673/636
f 1762/1940/1766 1763/1941/1767 1764/1942/1768 1765/1943/1769
f 1765/1943/1769 1758/1936/1762 1757/1935/1761 1762/1940/1766
f 632/672/635 1763/1941/1767 1762/1940/1766 633/673/636
f 1764/1944/1768 1766/1945/1770 1767/1946/1771 1765/1947/1769
f 1767/1946/1771 1768/1948/1772 1758/1949/1762 1765/1947/1769
f 1767/1946/1771 1769/1950/1773 1770/1951/1774 1768/1948/1772
f 1768/1948/1772 1770/1951/1774 1771/1952/1775 1753/1928/1757
f 1753/1928/1757 1752/1927/1756 1758/1949/1762 1768/1948/1772
f 1770/1951/1774 620/660/623 1772/1953/1776 1771/1952/1775
f 1772/1953/1776 1773/1954/1777 1748/1923/1752 1771/1952/1775
f 1771/1952/1775 1748/1923/1752 1747/1922/1751 1753/1928/1757
f 1773/1954/1777 1772/1953/1776 1774/1955/1778 1775/1956/1779
f 1775/1956/1779 1776/1957/1780 1743/1918/1747 1773/1954/1777
f 1773/1954/1777 1743/1918/1747 1742/1917/1746 1748/1923/1752
f 1776/1957/1780 1775/1956/1779 1777/1958/1781 1778/1959/1782
f 1778/1959/1782 1779/1960/1783 1738/1913/1742 1776/1957/1780
f 1776/1957/1780 1738/1913/1742 1737/1912/1741 1743/1918/1747
f 1779/1960/1783 1778/1959/1782 1780/1961/1784 1781/1962/1785
f 1781/1962/1785 1782/1963/1786 1733/1908/1737 1779/1960/1783
f 1779/1960/1783 1733/1908/1737 1732/1907/1736 1738/1913/1742
f 1782/1963/1786 1781/1962/1785 1783/1964/1787 1784/1965/1788
f 1784/1965/1788 1785/1966/1789 1728/1903/1732 1782/1963/1786
f 1782/1963/1786 1728/1903/1732 1727/1902/1731 1733/1908/1737
f 1785/1966/1789 1784/1965/1788 1786/1967/1790 1787/1968/1791
f 1787/1968/1791 1788/1969/1792 1723/1898/1727 1785/1966/1789
f 1785/1966/1789 1723/1898/1727 1722/1897/1726 1728/1903/1732
f 1788/1969/1792 1787/1968/1791 1789/1970/1793 1790/1971/1794
f 1790/1971/1794 1791/1972/1795 1718/1893/1722 1788/1969/1792
f 1788/1969/1792 1718/1893/1722 1717/1892/1721 1723/1898/1727
f 1791/1972/1795 1790/1971/1794 1792/1973/1796 1793/1974/1797
f 1793/1974/1797 1794/1975/1798 1713/1888/1717 1791/1972/1795
f 1791/1972/1795 1713/1888/1717 1712/1887/1716 1718/1893/1722
f 1794/1975/1798 1793/1974/1797 1795/1976/1799 1796/1977/1800
f 1796/1977/1800 1797/1978/1801 1708/1883/1712 1794/1975/1798
f 1794/1975/1798 1708/1883/1712 1707/1882/1711 1713/1888/1717
f 1797/1978/1801 1796/1977/1800 1798/1979/1802 1799/1980/1803
f 1799/1980/1803 1800/1981/1804 1703/1878/1707 1797/1978/1801
f 1797/1978/1801 1703/1878/1707 1702/1877/1706 1708/1883/1712
f 1800/1981/1804 1799/1980/1803 1801/1982/1805 1802/1983/1806
f 1802/1983/1806 1803/1984/1807 1698/1873/1702 1800/1981/1804
f 1800/1981/1804 1698/1873/1702 1697/1872/1701 1703/1878/1707
f 1803/1985/1807 1802/1986/1806 1804/1987/1808 1805/1988/1809
f 1803/1985/1807 1805/1988/1809 1806/1989/1810 1693/1990/1697
f 1693/1868/1697 1692/1867/1696 1698/1873/1702 1803/1984/1807
f 1805/1988/1809 1807/1991/1811 1808/1992/1812 1806/1989/1810
f 1806/1989/1810 1808/1992/1812 1809/1993/1813 1688/1860/1692
f 1688/1860/1692 1687/1859/1691 1693/1990/1697 1806/1989/1810
f 1808/1992/1812 1810/1994/1814 1811/1995/1815 1809/1993/1813
f 1809/1993/1813 1811/1995/1815 1812/1996/1816 1683/1855/1687
f 1683/1855/1687 1682/1854/1686 1688/1860/1692 1809/1993/1813
f 1811/1995/1815 1813/1997/1817 1814/1998/1818 1812/1996/1816
f 1812/1996/1816 1814/1998/1818 1815/1999/1819 1678/1850/1682
f 1678/1850/1682 1677/1849/1681 1683/1855/1687 1812/1996/1816
f 1814/1998/1818 593/633/596 597/637/600 1815/1999/1819
f 1815/1999/1819 597/637/600 1816/2000/1820 1673/1845/1677
f 1673/1845/1677 1672/1844/1676 1678/1850/1682 1815/1999/1819
f 597/637/600 596/636/599 1817/2001/1821 1816/2000/1820
f 1817/2001/1821 1818/2002/1822 1668/1840/1672 1816/2000/1820
f 1816/2000/1820 1668/1840/1672 1667/1839/1671 1673/1845/1677
f 1818/2002/1822 1817/2001/1821 1819/2003/1823 1820/2004/1824
f 1820/2004/1824 1821/2005/1825 1663/1835/1667 1818/2002/1822
f 1818/2002/1822 1663/1835/1667 1662/1834/1666 1668/1840/1672
f 1821/2005/1825 1820/2004/1824 1822/2006/1826 1823/2007/1827
f 1823/2007/1827 1824/2008/1828 1659/1829/1663 1821/2005/1825
f 1821/2005/1825 1659/1829/1663 1658/1828/1662 1663/1835/1667
f 1824/2008/1828 1823/2007/1827 1825/2009/1829 1826/2010/1830
f 1826/2010/1830 1827/2011/1831 1654/2012/1658 1824/2008/1828
f 1824/2008/1828 1654/2012/1658 1653/1830/1657 1659/1829/1663
f 1827/2013/1831 1826/2014/1830 1828/2015/1832 1829/2016/1833
f 1829/2017/1833 1830/2018/1834 1649/2019/1653 1827/2020/1831
f 1827/2021/1831 1649/1818/1653 1648/1817/1652 1654/1823/1658
f 1830/2018/1834 1829/2017/1833 461/495/464 460/494/463
f 460/494/463 1831/2022/1835 1644/1807/1648 1830/2018/1834
f 1830/2018/1834 1644/1807/1648 1643/1806/1647 1649/2019/1653
f 1831/2022/1835 460/494/463 458/492/461 1832/2023/1836
f 1832/2023/1836 1833/2024/1837 1639/2025/1643 1831/2022/1835
f 1831/2022/1835 1639/2025/1643 1638/1808/1642 1644/1807/1648
f 1833/2024/1837 1832/2023/1836 426/460/429 1834/2026/1838
f 1833/2027/1837 1834/2028/1838 432/466/435 1634/1796/1638
f 1634/1796/1638 1633/1795/1637 1639/1801/1643 1833/2027/1837
f 1834/2026/1838 426/460/429 425/459/428 410/2029/413
f 1834/2028/1838 410/444/413 406/440/409 432/466/435
f 1832/2023/1836 458/492/461 427/461/430 426/460/429
f 1829/2016/1833 1828/2015/1832 1835/2030/1839 461/2031/464
f 1835/2030/1839 1836/2032/1840 1837/2033/1841 1838/2034/1842
f 1838/2034/1842 459/2035/462 461/2031/464 1835/2030/1839
f 1828/2015/1832 1839/2036/1843 1836/2032/1840 1835/2030/1839
f 1839/2036/1843 1840/2037/1844 1841/2038/1845 1836/2032/1840
f 1839/2036/1843 1828/2015/1832 1826/2014/1830 1825/2039/1829
f 1825/2039/1829 1842/2040/1846 1840/2037/1844 1839/2036/1843
f 1842/2040/1846 1843/2041/1847 1844/2042/1848 1840/2037/1844
f 1842/2043/1846 1825/2009/1829 1823/2007/1827 1822/2006/1826
f 1822/2006/1826 1845/2044/1849 1843/2045/1847 1842/2043/1846
f 1845/2044/1849 1846/2046/1850 1847/2047/1851 1843/2045/1847
f 1845/2044/1849 1822/2006/1826 1820/2004/1824 1819/2003/1823
f 1819/2003/1823 595/635/598 1846/2046/1850 1845/2044/1849
f 1847/2048/1851 1848/2049/1852 1849/2050/1853 1850/2051/1854
f 1850/2051/1854 1844/2042/1848 1843/2041/1847 1847/2048/1851
f 1846/2046/1850 1851/2052/1855 1848/2053/1852 1847/2047/1851
f 1851/2052/1855 1852/2054/1856 1853/2055/1857 1848/2053/1852
f 1851/2052/1855 1846/2046/1850 595/635/598 592/632/595
f 592/632/595 591/631/594 1852/2054/1856 1851/2052/1855
f 1854/2056/1858 1855/2057/1859 1856/2058/1860 1853/2059/1857
f 1856/2058/1860 1849/2050/1853 1848/2049/1852 1853/2059/1857
f 1852/2054/1856 1857/2060/1861 1854/2061/1858 1853/2055/1857
f 1857/2060/1861 1858/2062/1862 1859/2063/1863 1854/2061/1858
f 1857/2060/1861 1852/2054/1856 591/631/594 1860/2064/1864
f 1860/2064/1864 1861/2065/1865 1858/2062/1862 1857/2060/1861
f 1861/2065/1865 1862/2066/1866 1863/2067/1867 1858/2062/1862
f 1861/2065/1865 1860/2064/1864 1864/2068/1868 1865/2069/1869
f 1865/2069/1869 1866/2070/1870 1862/2066/1866 1861/2065/1865
f 1866/2070/1870 1867/2071/1871 1868/2072/1872 1862/2066/1866
f 1865/2069/1869 1869/2073/1873 1870/2074/1874 1866/2070/1870
f 1870/2074/1874 1871/2075/1875 1867/2071/1871 1866/2070/1870
f 1871/2075/1875 1872/2076/1876 1873/2077/1877 1867/2071/1871
f 1870/2074/1874 1874/2078/1878 1875/2079/1879 1871/2075/1875
f 1871/2075/1875 1875/2079/1879 1876/2080/1880 1872/2076/1876
f 1877/2081/1881 1878/2082/1882 1872/2076/1876 1876/2080/1880
f 1875/2079/1879 1879/2083/1883 1880/2084/1884 1876/2080/1880
f 1876/2080/1880 1880/2084/1884 1881/2085/1885 1877/2081/1881
f 1882/2086/1886 1883/2087/1887 1877/2081/1881 1881/2085/1885
f 1881/2085/1885 1880/2084/1884 1884/2088/1888 1885/2089/1889
f 1885/2089/1889 1886/2090/1890 1882/2086/1886 1881/2085/1885
f 1887/2091/1891 1888/2092/1892 1882/2086/1886 1886/2090/1890
f 1886/2090/1890 1885/2089/1889 1889/2093/1893 1890/2094/1894
f 1890/2094/1894 1891/2095/1895 1887/2091/1891 1886/2090/1890
f 1892/2096/1896 1893/2097/1897 1887/2091/1891 1891/2095/1895
f 1891/2095/1895 1890/2094/1894 1894/2098/1898 1895/2099/1899
f 1891/2095/1895 1895/2099/1899 1896/2100/1900 1892/2096/1896
f 1897/2101/1901 1898/2102/1902 1892/2096/1896 1896/2100/1900
f 1895/2103/1899 1899/2104/1903 1900/2105/1904 1896/2106/1900
f 1896/2106/1900 1900/2105/1904 1901/2107/1905 1897/2108/1901
f 1901/2107/1905 1902/2109/1906 1903/2110/1907 1897/2108/1901
f 1900/2105/1904 1904/2111/1908 1905/2112/1909 1901/2107/1905
f 1905/2112/1909 1906/2113/1910 1902/2109/1906 1901/2107/1905
f 1906/2113/1910 1907/2114/1911 1908/2115/1912 1902/2109/1906
f 1906/2113/1910 1905/2112/1909 1909/2116/1913 1910/2117/1914
f 1910/2117/1914 1911/2118/1915 1907/2114/1911 1906/2113/1910
f 1912/2119/1916 1913/2120/1917 1907/2114/1911 1911/2118/1915
f 1910/2117/1914 1914/2121/1918 1915/2122/1919 1911/2118/1915
f 1915/2122/1919 1916/2123/1920 1912/2119/1916 1911/2118/1915
f 1916/2123/1920 1917/2124/1921 1918/2125/1922 1912/2119/1916
f 1915/2122/1919 1919/2126/1923 614/654/617 1916/2123/1920
f 1916/2123/1920 614/654/617 613/653/616 1917/2124/1921
f 1915/2122/1919 1914/2121/1918 1920/2127/1924 1919/2126/1923
f 1920/2127/1924 1921/2128/1925 1922/2129/1926 1919/2126/1923
f 1919/2126/1923 1922/2129/1926 615/655/618 614/654/617
f 1922/2129/1926 1921/2128/1925 1780/1961/1784 1923/2130/1927
f 1923/2130/1927 612/652/615 615/655/618 1922/2129/1926
f 1923/2130/1927 1780/1961/1784 1778/1959/1782 1777/1958/1781
f 1777/1958/1781 1924/2131/1928 612/652/615 1923/2130/1927
f 1924/2131/1928 618/658/621 613/653/616 612/652/615
f 1924/2131/1928 1777/1958/1781 1775/1956/1779 1774/1955/1778
f 1774/1955/1778 619/659/622 618/658/621 1924/2131/1928
f 1920/2127/1924 1925/2132/1929 1783/1964/1787 1921/2128/1925
f 1921/2128/1925 1783/1964/1787 1781/1962/1785 1780/1961/1784
f 1925/2132/1929 1920/2127/1924 1914/2121/1918 1926/2133/1930
f 1926/2133/1930 1927/2134/1931 1786/1967/1790 1925/2132/1929
f 1925/2132/1929 1786/1967/1790 1784/1965/1788 1783/1964/1787
f 1927/2134/1931 1926/2133/1930 1909/2116/1913 1928/2135/1932
f 1927/2134/1931 1928/2135/1932 1929/2136/1933 1789/1970/1793
f 1789/1970/1793 1787/1968/1791 1786/1967/1790 1927/2134/1931
f 1928/2135/1932 1904/2111/1908 1930/2137/1934 1929/2136/1933
f 1930/2137/1934 1931/2138/1935 1792/1973/1796 1929/2136/1933
f 1929/2136/1933 1792/1973/1796 1790/1971/1794 1789/1970/1793
f 1930/2137/1934 1899/2104/1903 1932/2139/1936 1931/2138/1935
f 1932/2139/1936 1933/2140/1937 1795/1976/1799 1931/2138/1935
f 1931/2138/1935 1795/1976/1799 1793/1974/1797 1792/1973/1796
f 1933/2140/1937 1932/2139/1936 1894/2141/1898 1934/2142/1938
f 1934/2142/1938 1935/2143/1939 1798/1979/1802 1933/2140/1937
f 1933/2140/1937 1798/1979/1802 1796/1977/1800 1795/1976/1799
f 1935/2144/1939 1934/2145/1938 1889/2093/1893 1936/2146/1940
f 1936/2146/1940 1937/2147/1941 1801/2148/1805 1935/2144/1939
f 1935/2143/1939 1801/1982/1805 1799/1980/1803 1798/1979/1802
f 1937/2147/1941 1936/2146/1940 1884/2088/1888 1938/2149/1942
f 1938/2149/1942 1939/2150/1943 1804/1987/1808 1937/2147/1941
f 1937/2147/1941 1804/1987/1808 1802/1986/1806 1801/2148/1805
f 1939/2150/1943 1938/2149/1942 1879/2083/1883 1940/2151/1944
f 1940/2151/1944 1941/2152/1945 1807/1991/1811 1939/2150/1943
f 1939/2150/1943 1807/1991/1811 1805/1988/1809 1804/1987/1808
f 1940/2151/1944 1874/2078/1878 1942/2153/1946 1941/2152/1945
f 1941/2152/1945 1942/2153/1946 1943/2154/1947 1810/1994/1814
f 1810/1994/1814 1808/1992/1812 1807/1991/1811 1941/2152/1945
f 1942/2153/1946 1869/2073/1873 1944/2155/1948 1943/2154/1947
f 1943/2154/1947 1944/2155/1948 594/634/597 1813/1997/1817
f 1813/1997/1817 1811/1995/1815 1810/1994/1814 1943/2154/1947
f 1869/2073/1873 1865/2069/1869 1864/2068/1868 1944/2155/1948
f 1944/2155/1948 1864/2068/1868 590/630/593 594/634/597
f 1874/2078/1878 1870/2074/1874 1869/2073/1873 1942/2153/1946
f 1940/2151/1944 1879/2083/1883 1875/2079/1879 1874/2078/1878
f 1938/2149/1942 1884/2088/1888 1880/2084/1884 1879/2083/1883
f 1936/2146/1940 1889/2093/1893 1885/2089/1889 1884/2088/1888
f 1934/2145/1938 1894/2098/1898 1890/2094/1894 1889/2093/1893
f 1899/2104/1903 1895/2103/1899 1894/2141/1898 1932/2139/1936
f 1904/2111/1908 1900/2105/1904 1899/2104/1903 1930/2137/1934
f 1909/2116/1913 1905/2112/1909 1904/2111/1908 1928/2135/1932
f 1926/2133/1930 1914/2121/1918 1910/2117/1914 1909/2116/1913
f 622/662/625 1945/2156/1949 1946/2157/1950 1918/2125/1922
f 1946/2157/1950 1913/2120/1917 1912/2119/1916 1918/2125/1922
f 1918/2125/1922 1917/2124/1921 617/657/620 622/662/625
f 1946/2157/1950 1945/2156/1949 1766/1945/1770 1947/2158/1951
f 1947/2158/1951 1948/2159/1952 1913/2120/1917 1946/2157/1950
f 1948/2159/1952 1947/2158/1951 1949/2160/1953 1950/2161/1954
f 1950/2161/1954 1951/2162/1955 1908/2115/1912 1948/2159/1952
f 1908/2115/1912 1907/2114/1911 1913/2120/1917 1948/2159/1952
f 1951/2163/1955 1950/2164/1954 1952/2165/1956 1953/2166/1957
f 1953/2166/1957 1954/2167/1958 1903/2168/1907 1951/2163/1955
f 1951/2162/1955 1903/2110/1907 1902/2109/1906 1908/2115/1912
f 1953/2166/1957 1955/2169/1959 1956/2170/1960 1954/2167/1958
f 1954/2167/1958 1956/2170/1960 1957/2171/1961 1898/2102/1902
f 1898/2102/1902 1897/2101/1901 1903/2168/1907 1954/2167/1958
f 1956/2170/1960 1958/2172/1962 1959/2173/1963 1957/2171/1961
f 1957/2171/1961 1959/2173/1963 1960/2174/1964 1893/2097/1897
f 1893/2097/1897 1892/2096/1896 1898/2102/1902 1957/2171/1961
f 1959/2173/1963 1961/2175/1965 1962/2176/1966 1960/2174/1964
f 1960/2174/1964 1962/2176/1966 1963/2177/1967 1888/2092/1892
f 1888/2092/1892 1887/2091/1891 1893/2097/1897 1960/2174/1964
f 1962/2176/1966 1964/2178/1968 1965/2179/1969 1963/2177/1967
f 1963/2177/1967 1965/2179/1969 1966/2180/1970 1883/2087/1887
f 1883/2087/1887 1882/2086/1886 1888/2092/1892 1963/2177/1967
f 1965/2179/1969 1967/2181/1971 1968/2182/1972 1966/2180/1970
f 1968/2182/1972 1969/2183/1973 1878/2082/1882 1966/2180/1970
f 1878/2082/1882 1877/2081/1881 1883/2087/1887 1966/2180/1970
f 1968/2182/1972 1970/2184/1974 1971/2185/1975 1969/2183/1973
f 1971/2185/1975 1972/2186/1976 1873/2077/1877 1969/2183/1973
f 1969/2183/1973 1873/2077/1877 1872/2076/1876 1878/2082/1882
f 1971/2185/1975 1973/2187/1977 1974/2188/1978 1972/2186/1976
f 1974/2188/1978 1975/2189/1979 1868/2072/1872 1972/2186/1976
f 1972/2186/1976 1868/2072/1872 1867/2071/1871 1873/2077/1877
f 1974/2188/1978 1976/2190/1980 1977/2191/1981 1975/2189/1979
f 1977/2191/1981 1978/2192/1982 1863/2067/1867 1975/2189/1979
f 1975/2189/1979 1863/2067/1867 1862/2066/1866 1868/2072/1872
f 1977/2193/1981 1979/2194/1983 1980/2195/1984 1978/2196/1982
f 1980/2195/1984 1981/2197/1985 1859/2198/1863 1978/2196/1982
f 1978/2192/1982 1859/2063/1863 1858/2062/1862 1863/2067/1867
f 1981/2197/1985 1980/2195/1984 1982/2199/1986 1983/2200/1987
f 1983/2200/1987 1984/2201/1988 1855/2057/1859 1981/2197/1985
f 1855/2057/1859 1854/2056/1858 1859/2198/1863 1981/2197/1985
f 1984/2201/1988 1983/2200/1987 1985/2202/1989 1986/2203/1990
f 1984/2201/1988 1986/2203/1990 1987/2204/1991 1988/2205/1992
f 1984/2201/1988 1988/2205/1992 1856/2058/1860 1855/2057/1859
f 1988/2205/1992 1987/2204/1991 1989/2206/1993 1990/2207/1994
f 1988/2205/1992 1990/2207/1994 1849/2050/1853 1856/2058/1860
f 1989/2206/1993 1991/2208/1995 1992/2209/1996 1990/2207/1994
f 1990/2207/1994 1992/2209/1996 1850/2051/1854 1849/2050/1853
f 1991/2208/1995 1993/2210/1997 1994/2211/1998 1992/2209/1996
f 1992/2209/1996 1994/2211/1998 1844/2042/1848 1850/2051/1854
f 1993/2210/1997 1995/2212/1999 1841/2038/1845 1994/2211/1998
f 1994/2211/1998 1841/2038/1845 1840/2037/1844 1844/2042/1848
f 1995/2212/1999 1993/2210/1997 1996/2213/2000 1997/2214/2001
f 1997/2214/2001 1998/2215/2002 1837/2033/1841 1995/2212/1999
f 1995/2212/1999 1837/2033/1841 1836/2032/1840 1841/2038/1845
f 1998/2215/2002 1997/2214/2001 1999/2216/2003 2000/2217/2004
f 2000/2217/2004 2001/2218/2005 2002/2219/2006 1998/2215/2002
f 2002/2219/2006 1838/2034/1842 1837/2033/1841 1998/2215/2002
f 2002/2219/2006 2001/2218/2005 2003/2220/2007 462/2221/465
f 462/2221/465 459/2035/462 1838/2034/1842 2002/2219/2006
f 2003/2220/2007 2001/2218/2005 2004/2222/2008 2005/2223/2009
f 2005/2224/2009 2006/2225/2010 2007/2226/2011 2003/2227/2007
f 2003/2227/2007 2007/2226/2011 463/497/466 462/496/465
f 2006/2225/2010 2008/2228/2012 2009/2229/2013 2007/2226/2011
f 2007/2226/2011 2009/2229/2013 2010/2230/2014 463/497/466
f 2009/2229/2013 2011/2231/2015 2012/2232/2016 2010/2230/2014
f 2010/2230/2014 2012/2232/2016 424/458/427 423/457/426
f 423/457/426 428/462/431 463/497/466 2010/2230/2014
f 2011/2231/2015 2013/2233/2017 409/2234/412 2012/2232/2016
f 2012/2232/2016 409/2234/412 408/2235/411 424/458/427
f 2011/2231/2015 2014/2236/2018 2015/2237/2019 2013/2233/2017
f 2013/2238/2017 2015/2239/2019 2016/2240/2020 429/463/432
f 429/463/432 404/438/407 409/443/412 2013/2238/2017
f 2016/2240/2020 2015/2239/2019 359/390/359 355/386/355
f 2016/2240/2020 355/386/355 354/385/354 2017/2241/2021
f 2017/2241/2021 430/464/433 429/463/432 2016/2240/2020
f 2017/2241/2021 354/385/354 2018/2242/2022 469/503/472
f 469/503/472 468/502/471 430/464/433 2017/2241/2021
f 2018/2242/2022 2019/2243/2023 2020/2244/2024 2021/2245/2025
f 2021/2245/2025 465/499/468 469/503/472 2018/2242/2022
f 2018/2242/2022 354/385/354 353/384/353 2019/2243/2023
f 2021/2245/2025 2020/2244/2024 2022/2246/2026 2023/2247/2027
f 2023/2247/2027 466/500/469 465/499/468 2021/2245/2025
f 2022/2246/2026 419/453/422 418/452/421 2023/2247/2027
f 418/452/421 421/455/424 466/500/469 2023/2247/2027
f 2024/2248/2028 2025/2249/2029 419/2250/422 2022/2251/2026
f 2022/2251/2026 2020/2252/2024 2026/2253/2030 2024/2248/2028
f 296/317/296 295/316/295 2024/2248/2028 2026/2253/2030
f 2020/2252/2024 2019/2254/2023 2027/2255/2031 2026/2253/2030
f 2026/2253/2030 2027/2255/2031 2028/2256/2032 296/317/296
f 277/298/277 282/303/282 296/317/296 2028/2256/2032
f 2027/2255/2031 2029/2257/2033 2030/2258/2034 2028/2256/2032
f 2028/2256/2032 2030/2258/2034 278/299/278 277/298/277
f 2029/2257/2033 2031/2259/2035 2032/2260/2036 2030/2258/2034
f 2030/2258/2034 2032/2260/2036 2033/2261/2037 278/299/278
f 2033/2261/2037 2034/2262/2038 279/300/279 278/299/278
f 2032/2260/2036 2035/2263/2039 2036/2264/2040 2033/2261/2037
f 2036/2264/2040 2037/2265/2041 2034/2262/2038 2033/2261/2037
f 2037/2265/2041 2038/2266/2042 2039/2267/2043 2034/2262/2038
f 2037/2265/2041 2036/2264/2040 2040/2268/2044 2041/2269/2045
f 2041/2269/2045 2042/2270/2046 2038/2266/2042 2037/2265/2041
f 2043/2271/2047 2044/2272/2048 2038/2266/2042 2042/2270/2046
f 2042/2270/2046 2041/2269/2045 2045/2273/2049 2046/2274/2050
f 2046/2274/2050 2047/2275/2051 2043/2271/2047 2042/2270/2046
f 2048/2276/2052 2049/2277/2053 2043/2271/2047 2047/2275/2051
f 2047/2278/2051 2046/2279/2050 2050/2280/2054 2051/2281/2055
f 2047/2278/2051 2051/2281/2055 2052/2282/2056 2048/2283/2052
f 2053/2284/2057 2054/2285/2058 2048/2283/2052 2052/2282/2056
f 2052/2282/2056 2051/2281/2055 2055/2286/2059 2056/2287/2060
f 2052/2282/2056 2056/2287/2060 188/203/188 2053/2284/2057
f 2056/2287/2060 2055/2286/2059 2057/2288/2061 2058/2289/2062
f 2056/2287/2060 2058/2289/2062 183/195/183 188/203/188
f 2058/2289/2062 2057/2288/2061 2059/2290/2063 2060/2291/2064
f 2060/2291/2064 184/196/184 183/195/183 2058/2289/2062
f 2060/2291/2064 2059/2290/2063 2061/2292/2065 2062/2293/2066
f 2062/2293/2066 2063/2294/2067 184/196/184 2060/2291/2064
f 199/2295/199 185/197/185 184/196/184 2063/2294/2067
f 2063/2294/2067 2062/2293/2066 2064/2296/2068 2065/2297/2069
f 2065/2297/2069 200/2298/200 199/2295/199 2063/2294/2067
f 2065/2297/2069 2064/2296/2068 2066/2299/2070 2067/2300/2071
f 2067/2300/2071 2068/2301/2072 200/2298/200 2065/2297/2069
f 2068/2302/2072 190/205/190 197/212/197 200/215/200
f 2068/2301/2072 2067/2300/2071 203/218/203 202/217/202
f 2068/2302/2072 202/220/202 191/206/191 190/205/190
f 2067/2300/2071 2066/2299/2070 2069/2303/2073 203/218/203
f 2066/2299/2070 2070/2304/2074 2071/2305/2075 2069/2303/2073
f 2071/2305/2075 2072/2306/2076 2073/2307/2077 2069/2303/2073
f 2073/2307/2077 204/219/204 203/218/203 2069/2303/2073
f 2072/2306/2076 2044/2272/2048 2074/2308/2078 2073/2307/2077
f 2074/2308/2078 205/222/205 204/219/204 2073/2307/2077
f 2044/2272/2048 2043/2271/2047 2049/2277/2053 2074/2308/2078
f 2074/2308/2078 2049/2277/2053 2075/2309/2079 205/222/205
f 193/2310/193 195/223/195 205/222/205 2075/2309/2079
f 2049/2277/2053 2048/2276/2052 2054/2311/2058 2075/2309/2079
f 2075/2309/2079 2054/2311/2058 194/2312/194 193/2310/193
f 2071/2305/2075 2076/2313/2080 2039/2267/2043 2072/2306/2076
f 2072/2306/2076 2039/2267/2043 2038/2266/2042 2044/2272/2048
f 2076/2313/2080 2071/2305/2075 2070/2304/2074 2077/2314/2081
f 2077/2314/2081 280/301/280 279/300/279 2076/2313/2080
f 2076/2313/2080 279/300/279 2034/2262/2038 2039/2267/2043
f 2070/2304/2074 2078/2315/2082 2079/2316/2083 2077/2314/2081
f 2077/2314/2081 2079/2316/2083 2080/2317/2084 280/301/280
f 2078/2315/2082 2061/2292/2065 2081/2318/2085 2079/2316/2083
f 2079/2316/2083 2081/2318/2085 2082/2319/2086 2080/2317/2084
f 2081/2318/2085 2083/2320/2087 2084/2321/2088 2082/2319/2086
f 2082/2319/2086 2084/2321/2088 2085/2322/2089 2086/2323/2090
f 2086/2323/2090 2087/2324/2091 2080/2317/2084 2082/2319/2086
f 2085/2322/2089 2088/2325/2092 2089/2326/2093 2086/2323/2090
f 2086/2323/2090 2089/2326/2093 2090/2327/2094 2087/2324/2091
f 2089/2326/2093 2091/2328/2095 2092/2329/2096 2090/2327/2094
f 2092/2329/2096 2093/2330/2097 2094/2331/2098 2090/2327/2094
f 2090/2327/2094 2094/2331/2098 291/312/291 2087/2324/2091
f 2093/2330/2097 2025/2249/2029 294/315/294 2094/2331/2098
f 2094/2331/2098 294/315/294 292/313/292 291/312/291
f 2093/2330/2097 2092/2329/2096 2095/2332/2099 420/2333/423
f 420/2333/423 419/2250/422 2025/2249/2029 2093/2330/2097
f 2092/2329/2096 2091/2328/2095 2096/2334/2100 2095/2332/2099
f 2095/2335/2099 2096/2336/2100 2097/2337/2101 2098/2338/2102
f 2098/2338/2102 415/449/418 420/454/423 2095/2335/2099
f 2097/2337/2101 287/1268/287 1155/1267/1159 2098/2338/2102
f 2098/2338/2102 1155/1267/1159 416/450/419 415/449/418
f 2097/2339/2101 2096/2340/2100 2099/2341/2103 2100/2342/2104
f 2100/2342/2104 284/305/284 287/308/287 2097/2339/2101
f 2100/2342/2104 2099/2341/2103 250/268/250 249/267/249
f 2100/2342/2104 249/267/249 285/306/285 284/305/284
f 2099/2343/2103 2101/2344/2105 257/278/257 250/277/250
f 2096/2334/2100 2091/2328/2095 2101/2344/2105 2099/2343/2103
f 2101/2344/2105 2088/2325/2092 2102/2345/2106 257/278/257
f 2091/2328/2095 2089/2326/2093 2088/2325/2092 2101/2344/2105
f 2102/2345/2106 2103/2346/2107 2104/2347/2108 2105/2348/2109
f 2105/2348/2109 255/274/255 257/278/257 2102/2345/2106
f 2088/2325/2092 2085/2322/2089 2103/2346/2107 2102/2345/2106
f 2105/2348/2109 2104/2347/2108 2106/2349/2110 2107/2350/2111
f 2107/2350/2111 256/275/256 255/274/255 2105/2348/2109
f 2107/2350/2111 2106/2349/2110 2108/2351/2112 2109/2352/2113
f 2109/2352/2113 2110/2353/2114 256/275/256 2107/2350/2111
f 2110/2354/2114 2109/2355/2113 2111/2356/2115 2112/2357/2116
f 2112/2357/2116 2113/2358/2117 2114/2359/2118 2110/2354/2114
f 2110/2353/2114 2114/2360/2118 251/276/251 256/275/256
f 2114/2361/2118 2115/2362/2119 252/270/252 251/269/251
f 2113/2363/2117 2116/2364/2120 2115/2365/2119 2114/2366/2118
f 2116/2367/2120 262/283/262 265/286/265 2115/2368/2119
f 2113/2363/2117 358/389/358 357/388/357 2116/2364/2120
f 2116/2367/2120 357/2369/357 263/284/263 262/283/262
f 2115/2368/2119 265/286/265 2117/2370/2121 252/2371/252
f 2117/2370/2121 2118/2372/2122 2119/2373/2123 2120/2374/2124
f 2120/2374/2124 253/2375/253 252/2371/252 2117/2370/2121
f 265/286/265 260/281/260 2118/2372/2122 2117/2370/2121
f 2119/2373/2123 215/233/215 214/232/214 2120/2374/2124
f 2120/2374/2124 214/232/214 254/2376/254 253/2375/253
f 2121/2377/2125 216/234/216 215/233/215 2119/2373/2123
f 2118/2372/2122 2122/2378/2126 2121/2377/2125 2119/2373/2123
f 2118/2372/2122 260/281/260 259/280/259 2122/2378/2126
f 2122/2378/2126 259/280/259 2123/2379/2127 2124/2380/2128
f 2124/2380/2128 2125/2381/2129 2121/2377/2125 2122/2378/2126
f 2125/2381/2129 2124/2380/2128 2126/2382/2130 2127/2383/2131
f 2127/2383/2131 2128/2384/2132 2129/2385/2133 2125/2381/2129
f 2125/2381/2129 2129/2385/2133 216/234/216 2121/2377/2125
f 2128/2384/2132 2130/2386/2134 2131/2387/2135 2129/2385/2133
f 2129/2385/2133 2131/2387/2135 207/225/207 216/234/216
f 2131/2387/2135 2130/2386/2134 2132/2388/2136 2133/2389/2137
f 2131/2387/2135 2133/2389/2137 208/226/208 207/225/207
f 2133/2389/2137 2132/2388/2136 2134/2390/2138 2135/2391/2139
f 2135/2391/2139 2136/2392/2140 208/226/208 2133/2389/2137
f 2136/2392/2140 2137/2393/2141 209/227/209 208/226/208
f 2136/2392/2140 2135/2391/2139 2138/2394/2142 2139/2395/2143
f 2139/2395/2143 2140/2396/2144 2137/2393/2141 2136/2392/2140
f 2140/2396/2144 2141/2397/2145 2142/2398/2146 2137/2393/2141
f 2140/2396/2144 2139/2395/2143 2143/2399/2147 2144/2400/2148
f 2144/2400/2148 2145/2401/2149 2141/2397/2145 2140/2396/2144
f 2145/2401/2149 219/237/219 218/236/218 2141/2397/2145
f 2145/2401/2149 2144/2400/2148 2146/2402/2150 2147/2403/2151
f 2147/2403/2151 2148/2404/2152 219/237/219 2145/2401/2149
f 2148/2404/2152 2149/2405/2153 220/238/220 219/237/219
f 2148/2404/2152 2147/2403/2151 2150/2406/2154 2151/2407/2155
f 2151/2407/2155 2152/2408/2156 2149/2405/2153 2148/2404/2152
f 2153/2409/2157 2154/2410/2158 2149/2411/2153 2152/2412/2156
f 2152/2408/2156 2151/2407/2155 2155/2413/2159 2156/2414/2160
f 2152/2412/2156 2156/2415/2160 2157/2416/2161 2153/2409/2157
f 2158/2417/2162 2159/2418/2163 2153/2409/2157 2157/2416/2161
f 2156/2415/2160 2160/2419/2164 2161/2420/2165 2157/2416/2161
f 2157/2416/2161 2161/2420/2165 2162/2421/2166 2158/2417/2162
f 2163/2422/2167 2164/2423/2168 2158/2417/2162 2162/2421/2166
f 2161/2420/2165 2165/2424/2169 2166/2425/2170 2162/2421/2166
f 2162/2421/2166 2166/2425/2170 2167/2426/2171 2163/2422/2167
f 2168/2427/2172 2169/2428/2173 2163/2422/2167 2167/2426/2171
f 2166/2425/2170 2170/2429/2174 2171/2430/2175 2167/2426/2171
f 2171/2430/2175 2172/2431/2176 2168/2427/2172 2167/2426/2171
f 2172/2431/2176 2173/2432/2177 2174/2433/2178 2168/2427/2172
f 2172/2431/2176 2171/2430/2175 2175/2434/2179 2176/2435/2180
f 2176/2435/2180 2177/2436/2181 2173/2432/2177 2172/2431/2176
f 2177/2436/2181 2178/2437/2182 2179/2438/2183 2173/2432/2177
f 2177/2436/2181 2176/2435/2180 170/182/170 169/181/169
f 169/181/169 2180/2439/2184 2178/2437/2182 2177/2436/2181
f 2180/2439/2184 2181/2440/2185 2182/2441/2186 2178/2437/2182
f 2180/2439/2184 169/181/169 154/165/154 2183/2442/2187
f 2183/2442/2187 2184/2443/2188 2181/2440/2185 2180/2439/2184
f 2185/2444/2189 2186/2445/2190 2181/2440/2185 2184/2443/2188
f 2184/2443/2188 2183/2442/2187 2187/2446/2191 2188/2447/2192
f 2188/2447/2192 107/2448/107 2185/2444/2189 2184/2443/2188
f 2188/2449/2192 2187/2450/2191 2189/2451/2193 2190/2452/2194
f 2190/2452/2194 105/114/105 107/116/107 2188/2449/2192
f 2189/2451/2193 2191/2453/2195 2192/2454/2196 2190/2452/2194
f 2192/2454/2196 106/115/106 105/114/105 2190/2452/2194
f 2191/2453/2195 2193/2455/2197 2194/2456/2198 2192/2454/2196
f 2194/2456/2198 91/100/91 106/115/106 2192/2454/2196
f 2193/2455/2197 2195/2457/2199 2196/2458/2200 2194/2456/2198
f 2196/2458/2200 92/101/92 91/100/91 2194/2456/2198
f 2196/2458/2200 2195/2457/2199 2197/2459/2201 2198/2460/2202
f 2198/2460/2202 94/103/94 92/101/92 2196/2458/2200
f 2198/2460/2202 2197/2459/2201 2199/2461/2203 2200/2462/2204
f 2200/2462/2204 2201/2463/2205 94/103/94 2198/2460/2202
f 2201/2463/2205 2202/2464/2206 95/104/95 94/103/94
f 2201/2463/2205 2200/2462/2204 2203/2465/2207 121/130/121
f 121/130/121 120/129/120 2202/2464/2206 2201/2463/2205
f 2200/2462/2204 2199/2461/2203 2204/2466/2208 2203/2465/2207
f 2203/2465/2207 2204/2466/2208 2205/2467/2209 2206/2468/2210
f 2206/2468/2210 117/126/117 121/130/121 2203/2465/2207
f 2206/2468/2210 2205/2467/2209 2207/2469/2211 2208/2470/2212
f 2208/2470/2212 118/127/118 117/126/117 2206/2468/2210
f 2208/2470/2212 2207/2469/2211 2179/2438/2183 2209/2471/2213
f 2209/2471/2213 2210/2472/2214 118/127/118 2208/2470/2212
f 2210/2472/2214 2211/2473/2215 119/128/119 118/127/118
f 2209/2471/2213 2182/2441/2186 2212/2474/2216 2210/2472/2214
f 2210/2472/2214 2212/2474/2216 112/121/112 2211/2473/2215
f 2182/2441/2186 2181/2440/2185 2186/2445/2190 2212/2474/2216
f 2212/2474/2216 2186/2445/2190 113/122/113 112/121/112
f 2213/2475/2217 122/131/122 119/128/119 2211/2473/2215
f 2211/2473/2215 112/121/112 110/119/110 2213/2475/2217
f 2213/2475/2217 110/119/110 109/118/109 2214/2476/2218
f 2214/2476/2218 2215/2477/2219 122/131/122 2213/2475/2217
f 2214/2476/2218 98/107/98 96/105/96 2215/2477/2219
f 96/105/96 95/104/95 2202/2464/2206 2215/2477/2219
f 2215/2477/2219 2202/2464/2206 120/129/120 122/131/122
f 109/118/109 99/108/99 98/107/98 2214/2476/2218
f 2209/2471/2213 2179/2438/2183 2178/2437/2182 2182/2441/2186
f 2205/2467/2209 2216/2478/2220 2174/2433/2178 2207/2469/2211
f 2207/2469/2211 2174/2433/2178 2173/2432/2177 2179/2438/2183
f 2216/2478/2220 2205/2467/2209 2204/2466/2208 2217/2479/2221
f 2217/2479/2221 2218/2480/2222 2169/2428/2173 2216/2478/2220
f 2216/2478/2220 2169/2428/2173 2168/2427/2172 2174/2433/2178
f 2218/2480/2222 2217/2479/2221 2219/2481/2223 2220/2482/2224
f 2218/2480/2222 2220/2482/2224 2221/2483/2225 2164/2423/2168
f 2164/2423/2168 2163/2422/2167 2169/2428/2173 2218/2480/2222
f 2220/2482/2224 2222/2484/2226 2223/2485/2227 2221/2483/2225
f 2221/2483/2225 2223/2485/2227 2224/2486/2228 2159/2418/2163
f 2159/2418/2163 2158/2417/2162 2164/2423/2168 2221/2483/2225
f 2223/2485/2227 2225/2487/2229 2226/2488/2230 2224/2486/2228
f 2224/2486/2228 2226/2488/2230 2227/2489/2231 2154/2410/2158
f 2154/2410/2158 2153/2409/2157 2159/2418/2163 2224/2486/2228
f 2226/2488/2230 2228/2490/2232 2229/2491/2233 2227/2489/2231
f 2229/2491/2233 217/2492/217 220/2493/220 2227/2489/2231
f 2227/2489/2231 220/2493/220 2149/2411/2153 2154/2410/2158
f 2228/2490/2232 2230/2494/2234 2231/2495/2235 2229/2491/2233
f 2229/2491/2233 2231/2495/2235 221/2496/221 217/2492/217
f 2230/2494/2234 2232/2497/2236 2233/2498/2237 2231/2495/2235
f 2231/2495/2235 2233/2498/2237 2234/2499/2238 221/2496/221
f 2233/2498/2237 2235/2500/2239 2236/2501/2240 2234/2499/2238
f 2234/2502/2238 2236/2503/2240 2237/2504/2241 2238/2505/2242
f 2238/2505/2242 222/240/222 221/239/221 2234/2502/2238
f 2238/2505/2242 2237/2504/2241 2239/2506/2243 2240/2507/2244
f 2240/2507/2244 2241/2508/2245 222/240/222 2238/2505/2242
f 2241/2508/2245 2240/2507/2244 2242/2509/2246 2243/2510/2247
f 2243/2510/2247 2244/2511/2248 2245/2512/2249 2241/2508/2245
f 2241/2508/2245 2245/2512/2249 223/241/223 222/240/222
f 2244/2511/2248 2246/2513/2250 2247/2514/2251 2245/2512/2249
f 2245/2512/2249 2247/2514/2251 224/242/224 223/241/223
f 2246/2513/2250 211/229/211 2248/2515/2252 2247/2514/2251
f 2247/2514/2251 2248/2515/2252 2142/2398/2146 224/242/224
f 211/229/211 210/228/210 209/227/209 2248/2515/2252
f 2248/2515/2252 209/227/209 2137/2393/2141 2142/2398/2146
f 2246/2513/2250 2244/2511/2248 2249/2516/2253 2250/2517/2254
f 2250/2517/2254 212/230/212 211/229/211 2246/2513/2250
f 2250/2517/2254 2249/2516/2253 2251/2518/2255 2252/2519/2256
f 2250/2517/2254 2252/2519/2256 2253/2520/2257 212/230/212
f 2252/2521/2256 2254/2522/2258 2255/2523/2259 2253/2524/2257
f 2253/2524/2257 2255/2523/2259 2256/2525/2260 2257/2526/2261
f 2257/2527/2261 213/231/213 212/230/212 2253/2520/2257
f 2256/2525/2260 248/266/248 254/272/254 2257/2526/2261
f 254/2376/254 214/232/214 213/231/213 2257/2527/2261
f 2255/2523/2259 286/307/286 285/306/285 2256/2525/2260
f 2256/2525/2260 285/306/285 249/267/249 248/266/248
f 2255/2523/2259 2254/2522/2258 2258/2528/2262 286/307/286
f 2258/2528/2262 2254/2522/2258 2259/2529/2263 2260/2530/2264
f 2260/2530/2264 2261/2531/2265 2262/2532/2266 2258/2528/2262
f 2262/2532/2266 289/310/289 286/307/286 2258/2528/2262
f 2261/2531/2265 2263/2533/2267 1148/1257/1152 2262/2532/2266
f 1148/1257/1152 1147/1256/1151 289/310/289 2262/2532/2266
f 2263/2533/2267 2261/2531/2265 2264/2534/2268 2265/2535/2269
f 2265/2535/2269 2266/2536/2270 1143/1252/1147 2263/2533/2267
f 2263/2533/2267 1143/1252/1147 1142/1251/1146 1148/1257/1152
f 2266/2536/2270 2265/2535/2269 2267/2537/2271 2268/2538/2272
f 2268/2538/2272 2269/2539/2273 1138/1247/1142 2266/2536/2270
f 2266/2536/2270 1138/1247/1142 1137/1246/1141 1143/1252/1147
f 2269/2539/2273 2268/2538/2272 454/488/457 453/487/456
f 453/487/456 2270/2540/2274 1133/1242/1137 2269/2539/2273
f 2269/2539/2273 1133/1242/1137 1132/1241/1136 1138/1247/1142
f 2270/2540/2274 453/487/456 452/486/455 2271/2541/2275
f 2271/2541/2275 361/392/361 1128/1237/1132 2270/2540/2274
f 2270/2540/2274 1128/1237/1132 1127/1236/1131 1133/1242/1137
f 2271/2541/2275 452/486/455 456/490/459 2272/2542/2276
f 2272/2542/2276 362/393/362 361/392/361 2271/2541/2275
f 2272/2542/2276 456/490/459 2273/2543/2277 2274/2544/2278
f 2274/2544/2278 366/397/366 362/393/362 2272/2542/2276
f 2273/2543/2277 526/563/529 525/562/528 2274/2544/2278
f 2274/2544/2278 525/562/528 2275/2545/2279 366/397/366
f 525/562/528 524/561/527 2276/2546/2280 2275/2545/2279
f 2275/2545/2279 2276/2546/2280 2277/2547/2281 2278/2548/2282
f 2278/2548/2282 367/398/367 366/397/366 2275/2545/2279
f 2277/2547/2281 2279/2549/2283 2280/2550/2284 2278/2548/2282
f 2278/2548/2282 2280/2550/2284 368/399/368 367/398/367
f 2279/2549/2283 2281/2551/2285 2282/2552/2286 2280/2550/2284
f 2280/2550/2284 2282/2552/2286 2283/2553/2287 368/399/368
f 2282/2554/2286 2284/2555/2288 2285/2556/2289 2283/2557/2287
f 2285/2556/2289 339/366/339 338/365/338 2283/2557/2287
f 2283/2553/2287 338/364/338 337/363/337 368/399/368
f 2284/2555/2288 2286/2558/2290 2287/2559/2291 2285/2556/2289
f 2285/2556/2289 2287/2559/2291 2288/2560/2292 339/366/339
f 2287/2559/2291 2289/2561/2293 2290/2562/2294 2288/2560/2292
f 2288/2560/2292 2290/2562/2294 2291/2563/2295 2292/2564/2296
f 2292/2564/2296 340/367/340 339/366/339 2288/2560/2292
f 2292/2564/2296 2291/2563/2295 2293/2565/2297 2294/2566/2298
f 2294/2566/2298 341/369/341 340/367/340 2292/2564/2296
f 2293/2565/2297 2295/2567/2299 2296/2568/2300 2294/2566/2298
f 2296/2568/2300 2297/2569/2301 341/369/341 2294/2566/2298
f 2297/2569/2301 1111/2570/1115 332/370/332 341/369/341
f 2297/2571/2301 2296/2572/2300 2298/2573/2302 2299/2574/2303
f 2299/2574/2303 344/2575/344 1111/2576/1115 2297/2571/2301
f 2298/2573/2302 2300/2577/2304 2301/2578/2305 2299/2574/2303
f 2299/2574/2303 2301/2578/2305 345/2579/345 344/2575/344
f 2300/2577/2304 2302/2580/2306 2303/2581/2307 2301/2578/2305
f 2301/2578/2305 2303/2581/2307 349/2582/349 345/2579/345
f 2302/2580/2306 2304/2583/2308 2305/2584/2309 2303/2581/2307
f 2303/2581/2307 2305/2584/2309 433/2585/436 349/2582/349
f 2304/2583/2308 2306/2586/2310 2307/2587/2311 2305/2584/2309
f 2305/2584/2309 2307/2587/2311 2308/2588/2312 433/2585/436
f 2309/2589/2313 434/468/437 433/467/436 2308/2590/2312
f 2308/2588/2312 2307/2587/2311 498/534/501 497/533/500
f 2308/2590/2312 497/538/500 501/537/504 2309/2589/2313
f 2310/2591/2314 435/469/438 434/468/437 2309/2589/2313
f 2309/2589/2313 501/537/504 2311/2592/2315 2310/2591/2314
f 501/537/504 500/536/503 509/546/512 2311/2592/2315
f 2311/2592/2315 509/546/512 508/545/511 2312/2593/2316
f 2312/2593/2316 1070/1165/1074 2310/2591/2314 2311/2592/2315
f 2312/2593/2316 508/545/511 2313/2594/2317 1065/1160/1069
f 1065/1160/1069 1064/1159/1068 1070/1165/1074 2312/2593/2316
f 508/545/511 507/544/510 2314/2595/2318 2313/2594/2317
f 2313/2594/2317 2314/2595/2318 2315/2596/2319 1060/1155/1064
f 1060/1155/1064 1059/1154/1063 1065/1160/1069 2313/2594/2317
f 2314/2595/2318 2316/2597/2320 2317/2598/2321 2315/2596/2319
f 2315/2596/2319 2317/2598/2321 2318/2599/2322 1055/1150/1059
f 2315/2596/2319 1055/1150/1059 1054/1149/1058 1060/1155/1064
f 2317/2598/2321 2319/2600/2323 2320/2601/2324 2318/2599/2322
f 2318/2599/2322 2320/2601/2324 2321/2602/2325 1050/1145/1054
f 1050/1145/1054 1049/1144/1053 1055/1150/1059 2318/2599/2322
f 2320/2601/2324 2322/2603/2326 2323/2604/2327 2321/2602/2325
f 2321/2602/2325 2323/2604/2327 2324/2605/2328 1045/1140/1049
f 1045/1140/1049 1044/1139/1048 1050/1145/1054 2321/2602/2325
f 2323/2604/2327 534/574/537 2325/2606/2329 2324/2605/2328
f 2324/2605/2328 2325/2606/2329 2326/2607/2330 1040/1135/1044
f 1040/1135/1044 1039/1134/1043 1045/1140/1049 2324/2605/2328
f 2325/2606/2329 2327/2608/2331 2328/2609/2332 2326/2607/2330
f 2326/2607/2330 2328/2609/2332 2329/2610/2333 1036/1131/1040
f 1036/1131/1040 1035/1130/1039 1040/1135/1044 2326/2607/2330
f 2328/2609/2332 2330/2611/2334 2331/2612/2335 2329/2610/2333
f 2329/2610/2333 2331/2612/2335 2332/2613/2336 1031/1126/1035
f 1031/1126/1035 1030/1125/1034 1036/1131/1040 2329/2610/2333
f 2331/2612/2335 2333/2614/2337 2334/2615/2338 2332/2613/2336
f 2332/2613/2336 2334/2615/2338 2335/2616/2339 1026/1121/1030
f 1026/1121/1030 1025/1120/1029 1031/1126/1035 2332/2613/2336
f 2334/2615/2338 2336/2617/2340 710/2618/713 2335/2616/2339
f 2335/2616/2339 710/2618/713 711/757/714 1021/1116/1025
f 1021/1116/1025 1020/1115/1024 1026/1121/1030 2335/2616/2339
f 2337/2619/2341 2338/2620/2342 2339/2621/2343 2336/2622/2340
f 2336/2622/2340 2339/2621/2343 707/749/710 710/752/713
f 2336/2617/2340 2334/2615/2338 2333/2614/2337 2337/2623/2341
f 2338/2620/2342 2340/2624/2344 2341/2625/2345 2339/2621/2343
f 2339/2621/2343 2341/2625/2345 708/750/711 707/749/710
f 2340/2624/2344 2342/2626/2346 2343/2627/2347 2341/2625/2345
f 2341/2625/2345 2343/2627/2347 725/770/728 708/750/711
f 2342/2626/2346 2344/2628/2348 2345/2629/2349 2343/2627/2347
f 2345/2629/2349 726/771/729 725/770/728 2343/2627/2347
f 2344/2628/2348 2346/2630/2350 2347/2631/2351 2345/2629/2349
f 2347/2631/2351 2348/2632/2352 726/771/729 2345/2629/2349
f 2348/2632/2352 2347/2631/2351 2349/2633/2353 2350/2634/2354
f 2350/2634/2354 744/791/747 743/790/746 2348/2632/2352
f 2348/2632/2352 743/790/746 727/772/730 726/771/729
f 2349/2633/2353 2351/2635/2355 2352/2636/2356 2350/2634/2354
f 2352/2636/2356 750/797/753 744/791/747 2350/2634/2354
f 2351/2635/2355 2353/2637/2357 2354/2638/2358 2352/2636/2356
f 2354/2638/2358 2355/2639/2359 750/797/753 2352/2636/2356
f 2355/2639/2359 2354/2638/2358 2356/2640/2360 2357/2641/2361
f 2357/2641/2361 768/819/771 767/818/770 2355/2639/2359
f 2355/2639/2359 767/818/770 747/794/750 750/797/753
f 2356/2640/2360 2358/2642/2362 2359/2643/2363 2357/2641/2361
f 2359/2643/2363 2360/2644/2364 768/819/771 2357/2641/2361
f 2360/2644/2364 2359/2643/2363 2361/2645/2365 2362/2646/2366
f 2362/2646/2366 2363/2647/2367 2364/2648/2368 2360/2644/2364
f 2360/2644/2364 2364/2648/2368 769/820/772 768/819/771
f 2363/2647/2367 775/2649/778 774/2650/777 2364/2648/2368
f 2364/2648/2368 774/2650/777 2365/2651/2369 769/820/772
f 774/825/777 773/824/776 2366/2652/2370 2365/2653/2369
f 2365/2653/2369 2366/2652/2370 2367/2654/2371 2368/2655/2372
f 2368/2656/2372 766/817/769 769/820/772 2365/2651/2369
f 2367/2654/2371 2369/2657/2373 2370/2658/2374 2368/2655/2372
f 2368/2656/2372 2370/2659/2374 770/821/773 766/817/769
f 2370/2658/2374 2369/2657/2373 781/832/784 780/831/783
f 2370/2659/2374 780/839/783 786/838/789 770/821/773
f 2367/2654/2371 2371/2660/2375 2372/2661/2376 2369/2657/2373
f 2369/2657/2373 2372/2661/2376 2373/2662/2377 781/832/784
f 2373/2662/2377 2372/2661/2376 2374/2663/2378 2375/2664/2379
f 2375/2664/2379 2376/2665/2380 2377/2666/2381 2373/2662/2377
f 2377/2666/2381 782/833/785 781/832/784 2373/2662/2377
f 2376/2665/2380 2378/2667/2382 2379/2668/2383 2377/2666/2381
f 2379/2668/2383 784/835/787 782/833/785 2377/2666/2381
f 2379/2668/2383 2378/2667/2382 2380/2669/2384 2381/2670/2385
f 2381/2670/2385 2382/2671/2386 784/835/787 2379/2668/2383
f 2382/2671/2386 2381/2670/2385 2383/2672/2387 2384/2673/2388
f 2384/2673/2388 2385/2674/2389 2386/2675/2390 2382/2671/2386
f 2382/2671/2386 2386/2675/2390 785/836/788 784/835/787
f 2385/2676/2389 2387/2677/2391 2388/2678/2392 2386/2679/2390
f 2386/2679/2390 2388/2678/2392 786/838/789 785/837/788
f 2387/2677/2391 2389/2680/2393 771/822/774 2388/2678/2392
f 2388/2678/2392 771/822/774 770/821/773 786/838/789
f 2387/2677/2391 2390/2681/2394 2391/2682/2395 2389/2680/2393
f 2389/2680/2393 2391/2682/2395 2392/2683/2396 749/796/752
f 2389/2680/2393 749/796/752 748/795/751 771/822/774
f 2391/2682/2395 2393/2684/2397 2394/2685/2398 2392/2683/2396
f 2392/2683/2396 2394/2685/2398 2395/2686/2399 745/792/748
f 745/792/748 741/788/744 749/796/752 2392/2683/2396
f 2394/2685/2398 778/829/781 777/828/780 2395/2686/2399
f 2395/2686/2399 777/828/780 776/827/779 2396/2687/2400
f 2396/2687/2400 746/793/749 745/792/748 2395/2686/2399
f 2396/2687/2400 776/827/779 2397/2688/2401 2398/2689/2402
f 2398/2689/2402 2399/2690/2403 746/793/749 2396/2687/2400
f 2399/2690/2403 728/773/731 742/789/745 746/793/749
f 2399/2691/2403 2398/2692/2402 2400/2693/2404 712/756/715
f 712/756/715 709/755/712 728/2694/731 2399/2691/2403
f 2398/2692/2402 2397/2695/2401 1011/1106/1015 2400/2693/2404
f 2400/2693/2404 1011/1106/1015 1010/1105/1014 1016/1111/1020
f 1016/1111/1020 711/757/714 712/756/715 2400/2693/2404
f 776/827/779 759/806/762 1006/2696/1010 2397/2688/2401
f 2397/2695/2401 1006/1099/1010 1005/1098/1009 1011/1106/1015
f 2393/2684/2397 2401/2697/2405 778/829/781 2394/2685/2398
f 2401/2697/2405 2393/2684/2397 2402/2698/2406 2403/2699/2407
f 2403/2699/2407 2404/2700/2408 2405/2701/2409 2401/2697/2405
f 2401/2697/2405 2405/2701/2409 779/830/782 778/829/781
f 2404/2700/2408 2406/2702/2410 2407/2703/2411 2405/2701/2409
f 2405/2701/2409 2407/2703/2411 2408/2704/2412 779/830/782
f 2407/2703/2411 2409/2705/2413 973/1057/977 2408/2704/2412
f 2408/2704/2412 973/1057/977 972/1056/976 978/1062/982
f 978/1062/982 760/807/763 779/830/782 2408/2704/2412
f 2409/2705/2413 2407/2703/2411 2406/2702/2410 2410/2706/2414
f 2410/2706/2414 2411/2707/2415 968/1052/972 2409/2705/2413
f 2409/2705/2413 968/1052/972 967/1051/971 973/1057/977
f 2411/2707/2415 2410/2706/2414 2412/2708/2416 2413/2709/2417
f 2413/2709/2417 2414/2710/2418 963/1047/967 2411/2707/2415
f 2411/2707/2415 963/1047/967 962/1046/966 968/1052/972
f 2414/2711/2418 2413/2712/2417 2415/2713/2419 2416/2714/2420
f 2414/2711/2418 2416/2714/2420 2417/2715/2421 958/2716/962
f 958/1042/962 957/1041/961 963/1047/967 2414/2710/2418
f 2417/2715/2421 2416/2714/2420 2418/2717/2422 2419/2718/2423
f 2417/2715/2421 2419/2718/2423 2420/2719/2424 953/1034/957
f 953/1034/957 952/1033/956 958/2716/962 2417/2715/2421
f 2419/2718/2423 2421/2720/2425 2422/2721/2426 2420/2719/2424
f 2420/2719/2424 2422/2721/2426 2423/2722/2427 948/1029/952
f 948/1029/952 947/1028/951 953/1034/957 2420/2719/2424
f 2423/2722/2427 2422/2721/2426 2424/2723/2428 2425/2724/2429
f 2425/2724/2429 2426/2725/2430 943/1024/947 2423/2722/2427
f 2423/2722/2427 943/1024/947 942/1023/946 948/1029/952
f 2426/2725/2430 2425/2724/2429 2427/2726/2431 2428/2727/2432
f 2426/2725/2430 2428/2727/2432 2429/2728/2433 938/1016/942
f 938/1016/942 937/1015/941 943/1024/947 2426/2725/2430
f 2429/2728/2433 2428/2727/2432 2430/2729/2434 2431/2730/2435
f 2429/2728/2433 2431/2730/2435 2432/2731/2436 933/2732/937
f 933/2732/937 932/1017/936 938/1016/942 2429/2728/2433
f 2431/2730/2435 2433/2733/2437 2434/2734/2438 2432/2731/2436
f 2432/2735/2436 2434/2736/2438 2435/2737/2439 928/1006/932
f 928/1006/932 927/1005/931 933/1011/937 2432/2735/2436
f 2434/2736/2438 2436/2738/2440 2437/2739/2441 2435/2737/2439
f 2437/2739/2441 2438/2740/2442 923/1001/927 2435/2737/2439
f 2435/2737/2439 923/1001/927 922/1000/926 928/1006/932
f 2438/2740/2442 2437/2739/2441 2439/2741/2443 2440/2742/2444
f 2440/2742/2444 2441/2743/2445 918/996/922 2438/2740/2442
f 2438/2740/2442 918/996/922 917/995/921 923/1001/927
f 2441/2743/2445 2440/2742/2444 856/925/860 855/924/859
f 855/924/859 859/928/863 913/991/917 2441/2743/2445
f 913/991/917 912/990/916 918/996/922 2441/2743/2445
f 2440/2742/2444 2439/2741/2443 2442/2744/2446 856/925/860
f 2443/2745/2447 2444/2746/2448 2445/2747/2449 2442/2744/2446
f 2442/2744/2446 2445/2747/2449 851/920/855 856/925/860
f 2442/2744/2446 2439/2741/2443 2446/2748/2450 2443/2745/2447
f 2447/2749/2451 2448/2750/2452 2443/2751/2447 2446/2752/2450
f 2439/2741/2443 2437/2739/2441 2436/2738/2440 2446/2748/2450
f 2446/2752/2450 2436/2753/2440 2449/2754/2453 2447/2749/2451
f 2449/2754/2453 2450/2755/2454 2451/2756/2455 2447/2749/2451
f 2436/2753/2440 2434/2734/2438 2433/2733/2437 2449/2754/2453
f 2433/2733/2437 2452/2757/2456 2450/2755/2454 2449/2754/2453
f 2452/2757/2456 2453/2758/2457 2454/2759/2458 2450/2755/2454
f 2452/2757/2456 2433/2733/2437 2431/2730/2435 2430/2729/2434
f 2430/2729/2434 2455/2760/2459 2453/2758/2457 2452/2757/2456
f 2455/2760/2459 2456/2761/2460 2457/2762/2461 2453/2758/2457
f 2455/2760/2459 2430/2729/2434 2428/2727/2432 2427/2726/2431
f 2427/2726/2431 2458/2763/2462 2456/2761/2460 2455/2760/2459
f 2458/2763/2462 2459/2764/2463 2460/2765/2464 2456/2761/2460
f 2458/2763/2462 2427/2726/2431 2425/2724/2429 2424/2723/2428
f 2458/2763/2462 2424/2723/2428 2461/2766/2465 2459/2764/2463
f 2461/2766/2465 2462/2767/2466 2463/2768/2467 2459/2764/2463
f 2424/2723/2428 2422/2721/2426 2421/2720/2425 2461/2766/2465
f 2421/2720/2425 2464/2769/2468 2462/2767/2466 2461/2766/2465
f 2464/2769/2468 2465/2770/2469 2466/2771/2470 2462/2767/2466
f 2421/2720/2425 2419/2718/2423 2418/2717/2422 2464/2769/2468
f 2418/2717/2422 2467/2772/2471 2465/2770/2469 2464/2769/2468
f 2467/2772/2471 2468/2773/2472 2469/2774/2473 2465/2770/2469
f 2467/2772/2471 2418/2717/2422 2416/2714/2420 2415/2713/2419
f 2415/2713/2419 2470/2775/2474 2468/2773/2472 2467/2772/2471
f 2470/2775/2474 2471/2776/2475 2472/2777/2476 2468/2773/2472
f 2470/2775/2474 2415/2713/2419 2413/2712/2417 2412/2778/2416
f 2412/2778/2416 2473/2779/2477 2471/2776/2475 2470/2775/2474
f 2473/2779/2477 2474/2780/2478 2475/2781/2479 2471/2776/2475
f 2473/2782/2477 2412/2708/2416 2410/2706/2414 2406/2702/2410
f 2406/2702/2410 2404/2700/2408 2474/2783/2478 2473/2782/2477
f 2475/2781/2479 2476/2784/2480 2477/2785/2481 2478/2786/2482
f 2478/2786/2482 2472/2777/2476 2471/2776/2475 2475/2781/2479
f 2474/2780/2478 2479/2787/2483 2476/2784/2480 2475/2781/2479
f 2479/2787/2483 2480/2788/2484 2481/2789/2485 2476/2784/2480
f 2479/2790/2483 2474/2783/2478 2404/2700/2408 2403/2699/2407
f 2403/2699/2407 2402/2698/2406 2480/2791/2484 2479/2790/2483
f 2482/2792/2486 2483/2793/2487 2484/2794/2488 2481/2789/2485
f 2484/2794/2488 2477/2785/2481 2476/2784/2480 2481/2789/2485
f 2480/2788/2484 2485/2795/2489 2482/2792/2486 2481/2789/2485
f 2385/2674/2389 2384/2673/2388 2482/2792/2486 2485/2795/2489
f 2485/2796/2489 2480/2791/2484 2402/2698/2406 2390/2681/2394
f 2390/2681/2394 2387/2677/2391 2385/2676/2389 2485/2796/2489
f 2483/2793/2487 2486/2797/2490 2487/2798/2491 2484/2794/2488
f 2484/2794/2488 2487/2798/2491 2488/2799/2492 2477/2785/2481
f 2487/2798/2491 2489/2800/2493 2490/2801/2494 2488/2799/2492
f 2490/2801/2494 2491/2802/2495 2492/2803/2496 2488/2799/2492
f 2488/2799/2492 2492/2803/2496 2478/2786/2482 2477/2785/2481
f 2491/2802/2495 2493/2804/2497 2494/2805/2498 2492/2803/2496
f 2492/2803/2496 2494/2805/2498 2472/2777/2476 2478/2786/2482
f 2493/2804/2497 2495/2806/2499 2469/2774/2473 2494/2805/2498
f 2494/2805/2498 2469/2774/2473 2468/2773/2472 2472/2777/2476
f 2495/2806/2499 2493/2804/2497 2496/2807/2500 2497/2808/2501
f 2497/2808/2501 2498/2809/2502 2466/2771/2470 2495/2806/2499
f 2495/2806/2499 2466/2771/2470 2465/2770/2469 2469/2774/2473
f 2498/2809/2502 2497/2808/2501 2499/2810/2503 2500/2811/2504
f 2500/2811/2504 2501/2812/2505 2463/2768/2467 2498/2809/2502
f 2498/2809/2502 2463/2768/2467 2462/2767/2466 2466/2771/2470
f 2501/2812/2505 2500/2811/2504 2502/2813/2506 2503/2814/2507
f 2503/2814/2507 2504/2815/2508 2460/2765/2464 2501/2812/2505
f 2501/2812/2505 2460/2765/2464 2459/2764/2463 2463/2768/2467
f 2504/2815/2508 2503/2814/2507 2505/2816/2509 2506/2817/2510
f 2506/2817/2510 2507/2818/2511 2457/2762/2461 2504/2815/2508
f 2504/2815/2508 2457/2762/2461 2456/2761/2460 2460/2765/2464
f 2507/2818/2511 2506/2817/2510 2508/2819/2512 2509/2820/2513
f 2509/2820/2513 2510/2821/2514 2454/2759/2458 2507/2818/2511
f 2507/2818/2511 2454/2759/2458 2453/2758/2457 2457/2762/2461
f 2510/2821/2514 2509/2820/2513 2511/2822/2515 2512/2823/2516
f 2512/2823/2516 2513/2824/2517 2451/2756/2455 2510/2821/2514
f 2510/2821/2514 2451/2756/2455 2450/2755/2454 2454/2759/2458
f 2513/2824/2517 2512/2823/2516 792/846/795 791/845/794
f 791/845/794 794/848/797 2448/2750/2452 2513/2824/2517
f 2513/2824/2517 2448/2750/2452 2447/2749/2451 2451/2756/2455
f 2512/2823/2516 2511/2822/2515 2514/2825/2518 792/846/795
f 2514/2825/2518 2515/2826/2519 2516/2827/2520 2517/2828/2521
f 2517/2828/2521 787/841/790 792/846/795 2514/2825/2518
f 2511/2822/2515 2518/2829/2522 2515/2826/2519 2514/2825/2518
f 2518/2829/2522 2519/2830/2523 2520/2831/2524 2515/2826/2519
f 2518/2829/2522 2511/2822/2515 2509/2820/2513 2508/2819/2512
f 2508/2819/2512 2521/2832/2525 2519/2830/2523 2518/2829/2522
f 2521/2832/2525 2522/2833/2526 2523/2834/2527 2519/2830/2523
f 2521/2832/2525 2508/2819/2512 2506/2817/2510 2505/2816/2509
f 2505/2816/2509 2524/2835/2528 2522/2833/2526 2521/2832/2525
f 2524/2835/2528 2525/2836/2529 2526/2837/2530 2522/2833/2526
f 2524/2835/2528 2505/2816/2509 2503/2814/2507 2502/2813/2506
f 2502/2813/2506 2527/2838/2531 2525/2836/2529 2524/2835/2528
f 2527/2838/2531 2528/2839/2532 2529/2840/2533 2525/2836/2529
f 2527/2838/2531 2502/2813/2506 2500/2811/2504 2499/2810/2503
f 2499/2810/2503 2530/2841/2534 2528/2839/2532 2527/2838/2531
f 2530/2841/2534 2531/2842/2535 2532/2843/2536 2528/2839/2532
f 2530/2841/2534 2499/2810/2503 2497/2808/2501 2496/2807/2500
f 2496/2807/2500 2533/2844/2537 2531/2842/2535 2530/2841/2534
f 2533/2844/2537 2534/2845/2538 2535/2846/2539 2531/2842/2535
f 2533/2844/2537 2496/2807/2500 2493/2804/2497 2491/2802/2495
f 2533/2844/2537 2491/2802/2495 2490/2801/2494 2534/2845/2538
f 2535/2846/2539 2536/2847/2540 2537/2848/2541 2538/2849/2542
f 2538/2849/2542 2532/2843/2536 2531/2842/2535 2535/2846/2539
f 2535/2846/2539 2534/2845/2538 2539/2850/2543 2536/2847/2540
f 2540/2851/2544 2541/2852/2545 2536/2847/2540 2539/2850/2543
f 2534/2845/2538 2490/2801/2494 2489/2800/2493 2539/2850/2543
f 2539/2850/2543 2489/2800/2493 2542/2853/2546 2540/2851/2544
f 2543/2854/2547 2544/2855/2548 2540/2851/2544 2542/2853/2546
f 2489/2800/2493 2487/2798/2491 2486/2797/2490 2542/2853/2546
f 2542/2853/2546 2486/2797/2490 2545/2856/2549 2543/2854/2547
f 2380/2669/2384 2546/2857/2550 2543/2854/2547 2545/2856/2549
f 2486/2797/2490 2483/2793/2487 2383/2672/2387 2545/2856/2549
f 2545/2856/2549 2383/2672/2387 2381/2670/2385 2380/2669/2384
f 2547/2858/2551 2548/2859/2552 2549/2860/2553 2546/2857/2550
f 2546/2857/2550 2549/2860/2553 2544/2855/2548 2543/2854/2547
f 2546/2857/2550 2380/2669/2384 2378/2667/2382 2547/2858/2551
f 2548/2859/2552 2550/2861/2554 2551/2862/2555 2549/2860/2553
f 2549/2860/2553 2551/2862/2555 2552/2863/2556 2544/2855/2548
f 2551/2862/2555 2553/2864/2557 2554/2865/2558 2552/2863/2556
f 2552/2863/2556 2554/2865/2558 2555/2866/2559 2541/2852/2545
f 2541/2852/2545 2540/2851/2544 2544/2855/2548 2552/2863/2556
f 2554/2865/2558 2556/2867/2560 2557/2868/2561 2555/2866/2559
f 2557/2868/2561 2558/2869/2562 2537/2848/2541 2555/2866/2559
f 2555/2866/2559 2537/2848/2541 2536/2847/2540 2541/2852/2545
f 2557/2868/2561 2559/2870/2563 2560/2871/2564 2558/2869/2562
f 2560/2871/2564 2561/2872/2565 2562/2873/2566 2558/2869/2562
f 2558/2869/2562 2562/2873/2566 2538/2849/2542 2537/2848/2541
f 2561/2872/2565 2563/2874/2567 2564/2875/2568 2562/2873/2566
f 2562/2873/2566 2564/2875/2568 2532/2843/2536 2538/2849/2542
f 2563/2874/2567 2565/2876/2569 2529/2840/2533 2564/2875/2568
f 2564/2875/2568 2529/2840/2533 2528/2839/2532 2532/2843/2536
f 2565/2876/2569 2563/2874/2567 2566/2877/2570 2567/2878/2571
f 2567/2878/2571 2568/2879/2572 2526/2837/2530 2565/2876/2569
f 2565/2876/2569 2526/2837/2530 2525/2836/2529 2529/2840/2533
f 2568/2879/2572 2567/2878/2571 2569/2880/2573 2570/2881/2574
f 2570/2881/2574 2571/2882/2575 2523/2834/2527 2568/2879/2572
f 2568/2879/2572 2523/2834/2527 2522/2833/2526 2526/2837/2530
f 2571/2882/2575 2570/2881/2574 2572/2883/2576 2573/2884/2577
f 2573/2884/2577 2574/2885/2578 2520/2831/2524 2571/2882/2575
f 2571/2882/2575 2520/2831/2524 2519/2830/2523 2523/2834/2527
f 2573/2884/2577 2575/2886/2579 2576/2887/2580 2574/2885/2578
f 2576/2887/2580 2577/2888/2581 2516/2827/2520 2574/2885/2578
f 2574/2885/2578 2516/2827/2520 2515/2826/2519 2520/2831/2524
f 2577/2888/2581 2576/2887/2580 2578/2889/2582 2579/2890/2583
f 2579/2890/2583 2580/2891/2584 2581/2892/2585 2577/2888/2581
f 2577/2888/2581 2581/2892/2585 2517/2828/2521 2516/2827/2520
f 2581/2892/2585 2580/2891/2584 2582/2893/2586 788/842/791
f 788/842/791 787/841/790 2517/2828/2521 2581/2892/2585
f 2582/2893/2586 2580/2891/2584 2583/2894/2587 2584/2895/2588
f 2582/2893/2586 2584/2895/2588 2585/2896/2589 2586/2897/2590
f 2586/2897/2590 789/843/792 788/842/791 2582/2893/2586
f 2586/2897/2590 2585/2896/2589 800/2898/803 799/2899/802
f 799/2899/802 795/849/798 789/843/792 2586/2897/2590
f 2584/2895/2588 2587/2900/2591 2588/2901/2592 2585/2896/2589
f 2585/2896/2589 2588/2901/2592 2589/2902/2593 800/2898/803
f 2588/2901/2592 2590/2903/2594 2591/2904/2595 2589/2902/2593
f 2589/2905/2593 2591/2906/2595 2592/2907/2596 2593/2908/2597
f 2593/2908/2597 797/2909/800 800/2910/803 2589/2905/2593
f 2593/2908/2597 2592/2907/2596 2594/2911/2598 2595/2912/2599
f 2593/2908/2597 2595/2912/2599 809/2913/813 797/2909/800
f 2594/2911/2598 2596/2914/2600 2597/2915/2601 2595/2912/2599
f 2595/2912/2599 2597/2915/2601 2598/2916/2602 809/2913/813
f 2597/2915/2601 832/895/836 831/894/835 2598/2916/2602
f 2598/2917/2602 831/908/835 844/907/848 2599/2918/2603
f 2599/2918/2603 808/863/812 809/864/813 2598/2917/2602
f 844/907/848 846/912/850 2600/2919/2604 2599/2918/2603
f 2600/2919/2604 804/859/808 808/863/812 2599/2918/2603
f 846/912/850 838/901/842 2601/2920/2605 2600/2919/2604
f 2601/2920/2605 805/860/809 804/859/808 2600/2919/2604
f 838/901/842 837/900/841 2602/2921/2606 2601/2920/2605
f 2601/2920/2605 2602/2921/2606 2603/2922/2607 805/860/809
f 2603/2922/2607 816/875/820 806/861/810 805/860/809
f 2602/2921/2606 2604/2923/2608 826/2924/830 2603/2922/2607
f 826/2924/830 815/876/819 816/875/820 2603/2922/2607
f 2604/2923/2608 2602/2921/2606 837/900/841 842/905/846
f 842/918/846 849/917/853 2605/2925/2609 2604/2926/2608
f 2605/2925/2609 827/890/831 826/889/830 2604/2926/2608
f 2605/2925/2609 849/917/853 850/919/854 2606/2927/2610
f 2605/2925/2609 2606/2927/2610 828/891/832 827/890/831
f 850/919/854 833/896/837 2596/2914/2600 2606/2927/2610
f 2606/2927/2610 2596/2914/2600 2594/2911/2598 828/891/832
f 2596/2914/2600 833/896/837 832/895/836 2597/2915/2601
f 2592/2907/2596 824/885/828 828/891/832 2594/2911/2598
f 2591/2906/2595 825/886/829 824/885/828 2592/2907/2596
f 2591/2904/2595 2590/2903/2594 2607/2928/2611 825/2929/829
f 2607/2928/2611 2608/2930/2612 2609/2931/2613 2610/2932/2614
f 2610/2932/2614 821/2933/825 825/2929/829 2607/2928/2611
f 2590/2903/2594 2611/2934/2615 2608/2930/2612 2607/2928/2611
f 2611/2934/2615 2612/2935/2616 2613/2936/2617 2608/2930/2612
f 2611/2934/2615 2590/2903/2594 2588/2901/2592 2587/2900/2591
f 2587/2900/2591 2614/2937/2618 2612/2935/2616 2611/2934/2615
f 2614/2937/2618 2615/2938/2619 2616/2939/2620 2612/2935/2616
f 2614/2937/2618 2587/2900/2591 2584/2895/2588 2583/2894/2587
f 2583/2894/2587 2617/2940/2621 2615/2938/2619 2614/2937/2618
f 2617/2940/2621 2618/2941/2622 2619/2942/2623 2615/2938/2619
f 2617/2940/2621 2583/2894/2587 2580/2891/2584 2579/2890/2583
f 2579/2890/2583 2578/2889/2582 2618/2941/2622 2617/2940/2621
f 2619/2942/2623 2620/2943/2624 2621/2944/2625 2622/2945/2626
f 2622/2945/2626 2616/2939/2620 2615/2938/2619 2619/2942/2623
f 2618/2941/2622 2623/2946/2627 2620/2943/2624 2619/2942/2623
f 2624/2947/2628 2625/2948/2629 2620/2943/2624 2623/2946/2627
f 2618/2941/2622 2578/2889/2582 2626/2949/2630 2623/2946/2627
f 2623/2946/2627 2626/2949/2630 2627/2950/2631 2624/2947/2628
f 2628/2951/2632 2629/2952/2633 2624/2947/2628 2627/2950/2631
f 2626/2949/2630 2575/2886/2579 2630/2953/2634 2627/2950/2631
f 2630/2953/2634 2631/2954/2635 2628/2951/2632 2627/2950/2631
f 2631/2954/2635 731/776/734 730/775/733 2628/2951/2632
f 2631/2954/2635 2630/2953/2634 2572/2883/2576 2632/2955/2636
f 2632/2955/2636 735/780/738 731/776/734 2631/2954/2635
f 2632/2955/2636 2572/2883/2576 2570/2881/2574 2569/2880/2573
f 2569/2880/2573 2633/2956/2637 735/780/738 2632/2955/2636
f 2633/2956/2637 2634/2957/2638 736/781/739 735/780/738
f 2633/2956/2637 2569/2880/2573 2567/2878/2571 2566/2877/2570
f 2566/2877/2570 2635/2958/2639 2634/2957/2638 2633/2956/2637
f 2635/2958/2639 2636/2959/2640 2637/2960/2641 2634/2957/2638
f 2635/2958/2639 2566/2877/2570 2563/2874/2567 2561/2872/2565
f 2561/2872/2565 2560/2871/2564 2636/2959/2640 2635/2958/2639
f 705/747/708 702/744/705 2638/2961/2642 2637/2960/2641
f 2638/2961/2642 736/781/739 2634/2957/2638 2637/2960/2641
f 2637/2960/2641 2636/2959/2640 2639/2962/2643 705/747/708
f 2640/2963/2644 703/745/706 705/747/708 2639/2962/2643
f 2636/2959/2640 2560/2871/2564 2559/2870/2563 2639/2962/2643
f 2639/2962/2643 2559/2870/2563 2641/2964/2645 2640/2963/2644
f 2642/2965/2646 714/759/717 2640/2963/2644 2641/2964/2645
f 2559/2870/2563 2557/2868/2561 2556/2867/2560 2641/2964/2645
f 2641/2964/2645 2556/2867/2560 2643/2966/2647 2642/2965/2646
f 2644/2967/2648 2645/2968/2649 2642/2965/2646 2643/2966/2647
f 2556/2867/2560 2554/2865/2558 2553/2864/2557 2643/2966/2647
f 2643/2966/2647 2553/2864/2557 2646/2969/2650 2644/2967/2648
f 2646/2969/2650 756/803/759 2647/2970/2651 2644/2967/2648
f 2553/2864/2557 2551/2862/2555 2550/2861/2554 2646/2969/2650
f 2550/2861/2554 752/799/755 756/803/759 2646/2969/2650
f 2647/2970/2651 2648/2971/2652 2649/2972/2653 2650/2973/2654
f 2650/2973/2654 2645/2968/2649 2644/2967/2648 2647/2970/2651
f 756/803/759 755/802/758 2648/2971/2652 2647/2970/2651
f 2650/2973/2654 2649/2972/2653 2651/2974/2655 718/763/721
f 718/763/721 715/760/718 2645/2968/2649 2650/2973/2654
f 2651/2974/2655 2652/2975/2656 719/764/722 718/763/721
f 2651/2974/2655 2649/2972/2653 2653/2976/2657 2654/2977/2658
f 2654/2977/2658 2655/2978/2659 2652/2975/2656 2651/2974/2655
f 2655/2978/2659 2656/2979/2660 2657/2980/2661 2652/2975/2656
f 2655/2978/2659 2654/2977/2658 2658/2981/2662 2659/2982/2663
f 2655/2978/2659 2659/2982/2663 2660/2983/2664 2656/2979/2660
f 2661/2984/2665 2662/2985/2666 2656/2979/2660 2660/2983/2664
f 2659/2982/2663 2663/2986/2667 2664/2987/2668 2660/2983/2664
f 2660/2983/2664 2664/2987/2668 2665/2988/2669 2661/2984/2665
f 2666/2989/2670 2667/2990/2671 2661/2984/2665 2665/2988/2669
f 2664/2987/2668 2668/2991/2672 2669/2992/2673 2665/2988/2669
f 2665/2988/2669 2669/2992/2673 2670/2993/2674 2666/2989/2670
f 2671/2994/2675 2672/2995/2676 2666/2989/2670 2670/2993/2674
f 2669/2992/2673 2673/2996/2677 2674/2997/2678 2670/2993/2674
f 2670/2993/2674 2674/2997/2678 2675/2998/2679 2671/2994/2675
f 2676/2999/2680 2677/3000/2681 2671/2994/2675 2675/2998/2679
f 2674/2997/2678 2361/3001/2365 2678/3002/2682 2675/2998/2679
f 2675/2998/2679 2678/3002/2682 2679/3003/2683 2676/2999/2680
f 2680/3004/2684 2681/3005/2685 2676/2999/2680 2679/3003/2683
f 2678/3006/2682 2358/2642/2362 2682/3007/2686 2679/3008/2683
f 2679/3008/2683 2682/3007/2686 2683/3009/2687 2680/3010/2684
f 2684/3011/2688 2685/3012/2689 2680/3010/2684 2683/3009/2687
f 2682/3007/2686 2686/3013/2690 2687/3014/2691 2683/3009/2687
f 2683/3009/2687 2687/3014/2691 2688/3015/2692 2684/3011/2688
f 2689/3016/2693 2690/3017/2694 2684/3011/2688 2688/3015/2692
f 2687/3014/2691 2691/3018/2695 2692/3019/2696 2688/3015/2692
f 2688/3015/2692 2692/3019/2696 2693/3020/2697 2689/3016/2693
f 2694/3021/2698 2695/3022/2699 2689/3016/2693 2693/3020/2697
f 2692/3019/2696 2696/3023/2700 2697/3024/2701 2693/3020/2697
f 2693/3020/2697 2697/3024/2701 2698/3025/2702 2694/3021/2698
f 2699/3026/2703 2700/3027/2704 2694/3021/2698 2698/3025/2702
f 2697/3024/2701 2701/3028/2705 2702/3029/2706 2698/3025/2702
f 2702/3029/2706 2703/3030/2707 2699/3026/2703 2698/3025/2702
f 2704/3031/2708 2705/3032/2709 2699/3026/2703 2703/3030/2707
f 2702/3029/2706 568/608/571 567/607/570 2703/3030/2707
f 2703/3030/2707 567/607/570 2706/3033/2710 2704/3031/2708
f 2707/3034/2711 2708/3035/2712 2704/3031/2708 2706/3033/2710
f 567/607/570 565/605/568 2709/3036/2713 2706/3033/2710
f 2706/3033/2710 2709/3036/2713 2710/3037/2714 2707/3034/2711
f 2711/3038/2715 2712/3039/2716 2707/3034/2711 2710/3037/2714
f 2709/3036/2713 2713/3040/2717 2714/3041/2718 2710/3037/2714
f 2710/3037/2714 2714/3041/2718 2715/3042/2719 2711/3038/2715
f 2715/3042/2719 2716/3043/2720 2717/3044/2721 2711/3038/2715
f 2714/3041/2718 2718/3045/2722 2719/3046/2723 2715/3042/2719
f 2719/3046/2723 2720/3047/2724 2716/3043/2720 2715/3042/2719
f 2721/3048/2725 2722/3049/2726 2716/3043/2720 2720/3047/2724
f 2720/3047/2724 2719/3046/2723 449/483/452 2723/3050/2727
f 2723/3050/2727 2724/3051/2728 2721/3048/2725 2720/3047/2724
f 2725/3052/2729 2726/3053/2730 2721/3048/2725 2724/3051/2728
f 2724/3051/2728 2723/3050/2727 2727/3054/2731 2728/3055/2732
f 2728/3055/2732 2729/3056/2733 2725/3052/2729 2724/3051/2728
f 2730/3057/2734 2731/3058/2735 2725/3052/2729 2729/3056/2733
f 2729/3056/2733 2728/3055/2732 2732/3059/2736 2733/3060/2737
f 2733/3060/2737 2734/3061/2738 2730/3057/2734 2729/3056/2733
f 2735/3062/2739 2736/3063/2740 2730/3064/2734 2734/3065/2738
f 2733/3060/2737 2737/3066/2741 2738/3067/2742 2734/3061/2738
f 2734/3065/2738 2738/3068/2742 2739/3069/2743 2735/3062/2739
f 2242/2509/2246 2740/3070/2744 2735/3062/2739 2739/3069/2743
f 2738/3068/2742 2741/3071/2745 2742/3072/2746 2739/3069/2743
f 2739/3069/2743 2742/3072/2746 2243/2510/2247 2242/2509/2246
f 2741/3071/2745 2251/2518/2255 2249/2516/2253 2742/3072/2746
f 2742/3072/2746 2249/2516/2253 2244/2511/2248 2243/2510/2247
f 2738/3067/2742 2737/3066/2741 2743/3073/2747 2741/3074/2745
f 2741/3074/2745 2743/3073/2747 2259/2529/2263 2251/3075/2255
f 2737/3066/2741 2744/3076/2748 2745/3077/2749 2743/3073/2747
f 2743/3073/2747 2745/3077/2749 2260/2530/2264 2259/2529/2263
f 2744/3076/2748 2746/3078/2750 2264/2534/2268 2745/3077/2749
f 2745/3077/2749 2264/2534/2268 2261/2531/2265 2260/2530/2264
f 2746/3078/2750 2744/3076/2748 2732/3059/2736 2747/3079/2751
f 2747/3079/2751 2748/3080/2752 2267/2537/2271 2746/3078/2750
f 2746/3078/2750 2267/2537/2271 2265/2535/2269 2264/2534/2268
f 2748/3080/2752 2747/3079/2751 2727/3054/2731 448/482/451
f 448/482/451 451/485/454 454/488/457 2748/3080/2752
f 2748/3080/2752 454/488/457 2268/2538/2272 2267/2537/2271
f 2747/3079/2751 2732/3059/2736 2728/3055/2732 2727/3054/2731
f 2744/3076/2748 2737/3066/2741 2733/3060/2737 2732/3059/2736
f 2239/2506/2243 2749/3081/2753 2750/3082/2754 2740/3070/2744
f 2740/3070/2744 2750/3082/2754 2736/3063/2740 2735/3062/2739
f 2740/3070/2744 2242/2509/2246 2240/2507/2244 2239/2506/2243
f 2749/3083/2753 2751/3084/2755 2752/3085/2756 2750/3086/2754
f 2750/3086/2754 2752/3085/2756 2753/3087/2757 2736/3088/2740
f 2752/3085/2756 2754/3089/2758 2755/3090/2759 2753/3087/2757
f 2753/3087/2757 2755/3090/2759 2756/3091/2760 2731/3092/2735
f 2731/3092/2735 2730/3093/2734 2736/3088/2740 2753/3087/2757
f 2755/3090/2759 2757/3094/2761 2758/3095/2762 2756/3091/2760
f 2756/3096/2760 2758/3097/2762 2759/3098/2763 2726/3053/2730
f 2726/3053/2730 2725/3052/2729 2731/3058/2735 2756/3096/2760
f 2758/3097/2762 477/3099/480 2760/3100/2764 2759/3098/2763
f 2759/3098/2763 2760/3100/2764 2761/3101/2765 2722/3049/2726
f 2722/3049/2726 2721/3048/2725 2726/3053/2730 2759/3098/2763
f 2760/3100/2764 2762/3102/2766 2763/3103/2767 2761/3101/2765
f 2761/3101/2765 2763/3103/2767 2764/3104/2768 2717/3044/2721
f 2717/3044/2721 2716/3043/2720 2722/3049/2726 2761/3101/2765
f 2763/3103/2767 2765/3105/2769 2766/3106/2770 2764/3104/2768
f 2764/3104/2768 2766/3106/2770 2767/3107/2771 2712/3039/2716
f 2712/3039/2716 2711/3038/2715 2717/3044/2721 2764/3104/2768
f 2766/3106/2770 2768/3108/2772 2769/3109/2773 2767/3107/2771
f 2767/3107/2771 2769/3109/2773 2770/3110/2774 2708/3035/2712
f 2708/3035/2712 2707/3034/2711 2712/3039/2716 2767/3107/2771
f 2769/3109/2773 2771/3111/2775 2772/3112/2776 2770/3110/2774
f 2770/3110/2774 2772/3112/2776 2773/3113/2777 2705/3032/2709
f 2705/3032/2709 2704/3031/2708 2708/3035/2712 2770/3110/2774
f 2772/3112/2776 2774/3114/2778 2775/3115/2779 2773/3113/2777
f 2773/3113/2777 2775/3115/2779 2776/3116/2780 2700/3027/2704
f 2700/3027/2704 2699/3026/2703 2705/3032/2709 2773/3113/2777
f 2775/3115/2779 2777/3117/2781 2778/3118/2782 2776/3116/2780
f 2776/3116/2780 2778/3118/2782 2779/3119/2783 2695/3022/2699
f 2695/3022/2699 2694/3021/2698 2700/3027/2704 2776/3116/2780
f 2779/3119/2783 2778/3118/2782 2780/3120/2784 2781/3121/2785
f 2781/3121/2785 2782/3122/2786 2690/3017/2694 2779/3119/2783
f 2690/3017/2694 2689/3016/2693 2695/3022/2699 2779/3119/2783
f 2782/3123/2786 2781/3124/2785 2783/3125/2787 2784/3126/2788
f 2782/3123/2786 2784/3126/2788 2785/3127/2789 2685/3128/2689
f 2685/3012/2689 2684/3011/2688 2690/3017/2694 2782/3122/2786
f 2784/3126/2788 2786/3129/2790 2787/3130/2791 2785/3127/2789
f 2785/3127/2789 2787/3130/2791 2788/3131/2792 2681/3005/2685
f 2681/3005/2685 2680/3004/2684 2685/3128/2689 2785/3127/2789
f 2787/3130/2791 2789/3132/2793 2790/3133/2794 2788/3131/2792
f 2788/3131/2792 2790/3133/2794 2791/3134/2795 2677/3000/2681
f 2677/3000/2681 2676/2999/2680 2681/3005/2685 2788/3131/2792
f 2790/3133/2794 2792/3135/2796 2793/3136/2797 2791/3134/2795
f 2791/3134/2795 2793/3136/2797 2794/3137/2798 2672/2995/2676
f 2672/2995/2676 2671/2994/2675 2677/3000/2681 2791/3134/2795
f 2793/3136/2797 2795/3138/2799 2796/3139/2800 2794/3137/2798
f 2794/3137/2798 2796/3139/2800 2797/3140/2801 2667/2990/2671
f 2667/2990/2671 2666/2989/2670 2672/2995/2676 2794/3137/2798
f 2796/3139/2800 608/648/611 2798/3141/2802 2797/3140/2801
f 2797/3140/2801 2798/3141/2802 2799/3142/2803 2662/2985/2666
f 2662/2985/2666 2661/2984/2665 2667/2990/2671 2797/3140/2801
f 2799/3142/2803 2798/3141/2802 2800/3143/2804 723/768/726
f 723/768/726 721/766/724 2657/2980/2661 2799/3142/2803
f 2799/3142/2803 2657/2980/2661 2656/2979/2660 2662/2985/2666
f 2800/3143/2804 607/647/610 611/651/614 2801/3144/2805
f 2801/3144/2805 722/767/725 723/768/726 2800/3143/2804
f 2798/3141/2802 608/648/611 607/647/610 2800/3143/2804
f 2801/3144/2805 611/651/614 2802/3145/2806 2803/3146/2807
f 2803/3146/2807 717/762/720 722/767/725 2801/3144/2805
f 2803/3146/2807 2802/3145/2806 2804/3147/2808 2805/3148/2809
f 2805/3148/2809 713/758/716 717/762/720 2803/3146/2807
f 2805/3148/2809 2804/3147/2808 696/738/699 695/737/698
f 695/737/698 704/746/707 713/758/716 2805/3148/2809
f 2804/3147/2808 2806/3149/2810 2807/3150/2811 696/738/699
f 2802/3145/2806 2808/3151/2812 2806/3149/2810 2804/3147/2808
f 2808/3151/2812 2809/3152/2813 2810/3153/2814 2806/3149/2810
f 2808/3151/2812 2802/3145/2806 611/651/614 610/650/613
f 610/650/613 609/649/612 2809/3152/2813 2808/3151/2812
f 1051/1146/1055 1047/1142/1051 1046/1141/1050 2810/3153/2814
f 2810/3153/2814 1046/1141/1050 2807/3150/2811 2806/3149/2810
f 2810/3153/2814 2809/3152/2813 2811/3154/2815 1051/1146/1055
f 1056/1151/1060 1052/1147/1056 1051/1146/1055 2811/3154/2815
f 2811/3154/2815 2809/3152/2813 609/649/612 2812/3155/2816
f 2812/3155/2816 2813/3156/2817 1056/1151/1060 2811/3154/2815
f 2813/3156/2817 1061/1156/1065 1057/1152/1061 1056/1151/1060
f 2813/3156/2817 2812/3155/2816 557/597/560 556/596/559
f 556/596/559 2814/3157/2818 1061/1156/1065 2813/3156/2817
f 2814/3157/2818 1066/1161/1070 1062/1157/1066 1061/1156/1065
f 2814/3157/2818 556/596/559 555/595/558 2815/3158/2819
f 2814/3157/2818 2815/3158/2819 2816/3159/2820 1066/1161/1070
f 1071/1166/1075 1067/1162/1071 1066/1161/1070 2816/3159/2820
f 2815/3158/2819 2817/3160/2821 2818/3161/2822 2816/3159/2820
f 2816/3159/2820 2818/3161/2822 1074/1169/1078 1071/1166/1075
f 2817/3160/2821 536/576/539 535/575/538 2818/3161/2822
f 2818/3161/2822 535/575/538 1077/1172/1081 1074/1169/1078
f 2815/3158/2819 555/595/558 561/601/564 2817/3160/2821
f 561/601/564 2819/3162/2823 536/576/539 2817/3160/2821
f 2819/3162/2823 561/601/564 560/600/563 2820/3163/2824
f 2820/3163/2824 2821/3164/2825 2822/3165/2826 2819/3162/2823
f 2819/3162/2823 2822/3165/2826 517/554/520 536/576/539
f 2821/3164/2825 2823/3166/2827 2824/3167/2828 2822/3165/2826
f 2822/3165/2826 2824/3167/2828 537/577/540 517/554/520
f 2823/3166/2827 2789/3132/2793 2825/3168/2829 2824/3167/2828
f 2824/3167/2828 2825/3168/2829 2826/3169/2830 537/577/540
f 2827/3170/2831 538/578/541 537/577/540 2826/3169/2830
f 2825/3168/2829 2786/3129/2790 2828/3171/2832 2826/3169/2830
f 2826/3169/2830 2828/3171/2832 2829/3172/2833 2827/3170/2831
f 2830/3173/2834 2831/3174/2835 2827/3170/2831 2829/3172/2833
f 2829/3172/2833 2828/3171/2832 2783/3125/2787 2832/3175/2836
f 2832/3175/2836 2833/3176/2837 2830/3173/2834 2829/3172/2833
f 2834/3177/2838 2835/3178/2839 2830/3173/2834 2833/3176/2837
f 2832/3175/2836 2780/3179/2784 2836/3180/2840 2833/3176/2837
f 2833/3176/2837 2836/3180/2840 2837/3181/2841 2834/3177/2838
f 2838/3182/2842 2839/3183/2843 2834/3177/2838 2837/3181/2841
f 2836/3184/2840 2777/3117/2781 2840/3185/2844 2837/3186/2841
f 2837/3186/2841 2840/3185/2844 2841/3187/2845 2838/3188/2842
f 2842/3189/2846 2843/3190/2847 2838/3188/2842 2841/3187/2845
f 2840/3185/2844 2774/3114/2778 2844/3191/2848 2841/3187/2845
f 2841/3187/2845 2844/3191/2848 2845/3192/2849 2842/3189/2846
f 2846/3193/2850 2847/3194/2851 2842/3189/2846 2845/3192/2849
f 2844/3191/2848 2771/3111/2775 2848/3195/2852 2845/3192/2849
f 2845/3192/2849 2848/3195/2852 2849/3196/2853 2846/3193/2850
f 2850/3197/2854 2851/3198/2855 2846/3193/2850 2849/3196/2853
f 2848/3195/2852 2768/3108/2772 2852/3199/2856 2849/3196/2853
f 2852/3199/2856 2853/3200/2857 2850/3197/2854 2849/3196/2853
f 2853/3200/2857 503/3201/506 2854/3202/2858 2850/3197/2854
f 2853/3200/2857 2852/3199/2856 2765/3105/2769 2855/3203/2859
f 2855/3203/2859 479/3204/482 503/3201/506 2853/3200/2857
f 2765/3105/2769 2763/3103/2767 2762/3102/2766 2855/3203/2859
f 2855/3203/2859 2762/3102/2766 476/3205/479 479/3204/482
f 2854/3206/2858 1655/1824/1659 1651/1820/1655 1650/1819/1654
f 1650/3207/1654 2851/3198/2855 2850/3197/2854 2854/3202/2858
f 503/540/506 502/539/505 1655/1824/1659 2854/3206/2858
f 2768/3108/2772 2766/3106/2770 2765/3105/2769 2852/3199/2856
f 2851/3198/2855 1650/3207/1654 1646/1811/1650 1645/1810/1649
f 2851/3198/2855 1645/1810/1649 2847/3194/2851 2846/3193/2850
f 2771/3111/2775 2769/3109/2773 2768/3108/2772 2848/3195/2852
f 1645/1810/1649 1641/1809/1645 1640/3208/1644 2847/3194/2851
f 2847/3194/2851 1640/3208/1644 2843/3190/2847 2842/3189/2846
f 2774/3114/2778 2772/3112/2776 2771/3111/2775 2844/3191/2848
f 1640/1802/1644 1636/1798/1640 1635/1797/1639 2843/3209/2847
f 2843/3209/2847 1635/1797/1639 2839/3183/2843 2838/3182/2842
f 2777/3117/2781 2775/3115/2779 2774/3114/2778 2840/3185/2844
f 1635/1797/1639 1631/1793/1635 1630/1792/1634 2839/3183/2843
f 2839/3183/2843 1630/1792/1634 2835/3178/2839 2834/3177/2838
f 2780/3120/2784 2778/3118/2782 2777/3117/2781 2836/3184/2840
f 1630/1792/1634 1627/1789/1631 1626/1788/1630 2835/3178/2839
f 2835/3178/2839 1626/1788/1630 2831/3174/2835 2830/3173/2834
f 2832/3175/2836 2783/3125/2787 2781/3124/2785 2780/3179/2784
f 1626/1788/1630 1623/1785/1627 1622/1784/1626 2831/3174/2835
f 2831/3174/2835 1622/1784/1626 538/578/541 2827/3170/2831
f 2786/3129/2790 2784/3126/2788 2783/3125/2787 2828/3171/2832
f 2789/3132/2793 2787/3130/2791 2786/3129/2790 2825/3168/2829
f 2823/3166/2827 2821/3164/2825 2856/3210/2860 2792/3135/2796
f 2792/3135/2796 2790/3133/2794 2789/3132/2793 2823/3166/2827
f 2821/3164/2825 2820/3163/2824 606/646/609 2856/3210/2860
f 2856/3210/2860 606/646/609 605/645/608 2795/3138/2799
f 2795/3138/2799 2793/3136/2797 2792/3135/2796 2856/3210/2860
f 2820/3163/2824 560/600/563 559/599/562 606/646/609
f 2812/3155/2816 609/649/612 562/602/565 557/597/560
f 1046/1141/1050 1042/1137/1046 1041/1136/1045 2807/3150/2811
f 1041/1136/1045 697/739/700 696/738/699 2807/3150/2811
f 2795/3138/2799 605/645/608 608/648/611 2796/3139/2800
f 2762/3102/2766 2760/3100/2764 477/3099/480 476/3205/479
f 2757/3094/2761 473/507/476 477/511/480 2758/3095/2762
f 2857/3211/2861 474/508/477 473/507/476 2757/3094/2761
f 2757/3094/2761 2755/3090/2759 2754/3089/2758 2857/3211/2861
f 2858/3212/2862 2859/3213/2863 474/508/477 2857/3211/2861
f 2857/3211/2861 2754/3089/2758 2860/3214/2864 2858/3212/2862
f 2860/3214/2864 2861/3215/2865 2862/3216/2866 2858/3212/2862
f 2754/3089/2758 2752/3085/2756 2751/3084/2755 2860/3214/2864
f 2751/3084/2755 2863/3217/2867 2861/3215/2865 2860/3214/2864
f 2863/3217/2867 2864/3218/2868 2865/3219/2869 2861/3215/2865
f 2751/3084/2755 2749/3083/2753 2866/3220/2870 2863/3217/2867
f 2866/3220/2870 2867/3221/2871 2864/3218/2868 2863/3217/2867
f 2867/3222/2871 2868/3223/2872 2869/3224/2873 2864/3225/2868
f 2867/3226/2871 2866/3227/2870 2237/2504/2241 2236/2503/2240
f 2236/2501/2240 2235/2500/2239 2868/3228/2872 2867/3229/2871
f 2869/3224/2873 2870/3230/2874 2871/3231/2875 2872/3232/2876
f 2872/3232/2876 2865/3233/2869 2864/3225/2868 2869/3224/2873
f 2868/3223/2872 2873/3234/2877 2870/3230/2874 2869/3224/2873
f 2873/3234/2877 2874/3235/2878 2875/3236/2879 2870/3230/2874
f 2873/3237/2877 2868/3228/2872 2235/2500/2239 2876/3238/2880
f 2876/3238/2880 2877/3239/2881 2874/3240/2878 2873/3237/2877
f 2877/3239/2881 2878/3241/2882 2879/3242/2883 2874/3240/2878
f 2877/3239/2881 2876/3238/2880 2232/2497/2236 2880/3243/2884
f 2880/3243/2884 168/180/168 2878/3241/2882 2877/3239/2881
f 2880/3243/2884 2232/2497/2236 2230/2494/2234 2881/3244/2885
f 2881/3244/2885 166/178/166 168/180/168 2880/3243/2884
f 2230/2494/2234 2228/2490/2232 2882/3245/2886 2881/3244/2885
f 2882/3245/2886 163/175/163 166/178/166 2881/3244/2885
f 2228/2490/2232 2226/2488/2230 2225/2487/2229 2882/3245/2886
f 2882/3245/2886 2225/2487/2229 164/176/164 163/175/163
f 2879/3246/2883 2883/3247/2887 2884/3248/2888 2885/3249/2889
f 2885/3249/2889 2875/3236/2879 2874/3235/2878 2879/3246/2883
f 2878/3241/2882 2886/3250/2890 2883/3251/2887 2879/3242/2883
f 2887/3252/2891 2888/3253/2892 2883/3251/2887 2886/3250/2890
f 2886/3250/2890 2878/3241/2882 168/180/168 167/179/167
f 2886/3250/2890 167/179/167 2889/3254/2893 2887/3252/2891
f 2890/3255/2894 2891/3256/2895 2887/3252/2891 2889/3254/2893
f 167/179/167 162/174/162 2892/3257/2896 2889/3254/2893
f 2892/3257/2896 2893/3258/2897 2890/3255/2894 2889/3254/2893
f 2893/3258/2897 2894/3259/2898 2895/3260/2899 2890/3255/2894
f 2893/3258/2897 2892/3257/2896 2896/3261/2900 2897/3262/2901
f 2897/3262/2901 2898/3263/2902 2894/3259/2898 2893/3258/2897
f 2899/3264/2903 2900/3265/2904 2894/3259/2898 2898/3263/2902
f 2897/3262/2901 2901/3266/2905 2902/3267/2906 2898/3263/2902
f 2898/3263/2902 2902/3267/2906 2903/3268/2907 2899/3264/2903
f 125/134/125 124/133/124 2899/3264/2903 2903/3268/2907
f 2902/3267/2906 2904/3269/2908 2905/3270/2909 2903/3268/2907
f 2903/3268/2907 2905/3270/2909 2906/3271/2910 125/134/125
f 2907/3272/2911 126/135/126 125/134/125 2906/3271/2910
f 2905/3273/2909 2908/3274/2912 2909/3275/2913 2906/3276/2910
f 2906/3276/2910 2909/3275/2913 2910/3277/2914 2907/3278/2911
f 2911/3279/2915 2912/3280/2916 2907/3278/2911 2910/3277/2914
f 2909/3275/2913 2913/3281/2917 146/155/146 2910/3277/2914
f 2910/3277/2914 146/155/146 145/154/145 2911/3279/2915
f 2909/3275/2913 2908/3274/2912 2914/3282/2918 2913/3281/2917
f 2913/3281/2917 2914/3282/2918 2915/3283/2919 2916/3284/2920
f 2913/3281/2917 2916/3284/2920 147/156/147 146/155/146
f 2916/3284/2920 2915/3283/2919 2917/3285/2921 2918/3286/2922
f 2916/3284/2920 2918/3286/2922 143/152/143 147/156/147
f 2918/3286/2922 2917/3285/2921 2919/3287/2923 2920/3288/2924
f 2918/3286/2922 2920/3288/2924 141/150/141 143/152/143
f 2920/3288/2924 2919/3287/2923 2921/3289/2925 2922/3290/2926
f 2922/3290/2926 142/151/142 141/150/141 2920/3288/2924
f 2921/3289/2925 2923/3291/2927 2924/3292/2928 2922/3290/2926
f 2924/3292/2928 2925/3293/2929 142/151/142 2922/3290/2926
f 2925/3293/2929 2926/3294/2930 137/146/137 142/151/142
f 2925/3293/2929 2924/3292/2928 2927/3295/2931 134/3296/134
f 2925/3293/2929 134/3296/134 132/3297/132 2926/3294/2930
f 2927/3295/2931 2924/3292/2928 2923/3291/2927 2928/3298/2932
f 2927/3299/2931 2928/3300/2932 2929/3301/2933 2930/3302/2934
f 2930/3302/2934 135/144/135 134/143/134 2927/3299/2931
f 2929/3301/2933 2931/3303/2935 2932/3304/2936 2930/3302/2934
f 2932/3304/2936 136/145/136 135/144/135 2930/3302/2934
f 2931/3303/2935 2900/3265/2904 128/137/128 2932/3304/2936
f 128/137/128 127/136/127 136/145/136 2932/3304/2936
f 2931/3303/2935 2929/3301/2933 2933/3305/2937 2895/3260/2899
f 2895/3260/2899 2894/3259/2898 2900/3265/2904 2931/3303/2935
f 2929/3301/2933 2928/3300/2932 2934/3306/2938 2933/3305/2937
f 2933/3305/2937 2934/3306/2938 2935/3307/2939 2891/3256/2895
f 2891/3256/2895 2890/3255/2894 2895/3260/2899 2933/3305/2937
f 2934/3308/2938 2936/3309/2940 2937/3310/2941 2935/3311/2939
f 2935/3311/2939 2937/3310/2941 2938/3312/2942 2888/3313/2892
f 2888/3253/2892 2887/3252/2891 2891/3256/2895 2935/3307/2939
f 2937/3310/2941 2939/3314/2943 2940/3315/2944 2938/3312/2942
f 2938/3312/2942 2940/3315/2944 2941/3316/2945 2884/3248/2888
f 2938/3312/2942 2884/3248/2888 2883/3247/2887 2888/3313/2892
f 2940/3315/2944 2942/3317/2946 2943/3318/2947 2941/3316/2945
f 2943/3318/2947 2944/3319/2948 2945/3320/2949 2941/3316/2945
f 2941/3316/2945 2945/3320/2949 2885/3249/2889 2884/3248/2888
f 2944/3319/2948 2946/3321/2950 2947/3322/2951 2945/3320/2949
f 2945/3320/2949 2947/3322/2951 2875/3236/2879 2885/3249/2889
f 2946/3321/2950 2948/3323/2952 2871/3231/2875 2947/3322/2951
f 2947/3322/2951 2871/3231/2875 2870/3230/2874 2875/3236/2879
f 2948/3323/2952 2946/3321/2950 2949/3324/2953 2950/3325/2954
f 2950/3325/2954 2951/3326/2955 2952/3327/2956 2948/3323/2952
f 2948/3323/2952 2952/3327/2956 2872/3232/2876 2871/3231/2875
f 2951/3326/2955 2953/3328/2957 2954/3329/2958 2952/3327/2956
f 2952/3327/2956 2954/3329/2958 2865/3233/2869 2872/3232/2876
f 2953/3330/2957 2955/3331/2959 2862/3216/2866 2954/3332/2958
f 2954/3332/2958 2862/3216/2866 2861/3215/2865 2865/3219/2869
f 2955/3331/2959 2953/3330/2957 2956/3333/2960 2957/3334/2961
f 2957/3334/2961 2958/3335/2962 2859/3213/2863 2955/3331/2959
f 2955/3331/2959 2859/3213/2863 2858/3212/2862 2862/3216/2866
f 2958/3335/2962 2957/3334/2961 2959/3336/2963 2960/3337/2964
f 2958/3335/2962 2960/3337/2964 480/514/483 475/509/478
f 475/509/478 474/508/477 2859/3213/2863 2958/3335/2962
f 2960/3337/2964 2959/3336/2963 2961/3338/2965 2962/3339/2966
f 2960/3337/2964 2962/3339/2966 414/448/417 480/514/483
f 2962/3339/2966 2961/3338/2965 2963/3340/2967 2964/3341/2968
f 2964/3341/2968 411/445/414 414/448/417 2962/3339/2966
f 2964/3341/2968 2963/3340/2967 2965/3342/2969 2966/3343/2970
f 2966/3343/2970 412/446/415 411/445/414 2964/3341/2968
f 2966/3343/2970 2965/3342/2969 2967/3344/2971 2968/3345/2972
f 2968/3345/2972 2969/3346/2973 412/446/415 2966/3343/2970
f 2969/3346/2973 2968/3345/2972 2970/3347/2974 2971/3348/2975
f 2971/3348/2975 2972/3349/2976 2973/3350/2977 2969/3346/2973
f 2969/3346/2973 2973/3350/2977 413/447/416 412/446/415
f 2972/3349/2976 2974/3351/2978 2975/3352/2979 2973/3350/2977
f 2973/3350/2977 2975/3352/2979 2976/3353/2980 413/447/416
f 2975/3352/2979 2977/3354/2981 2978/3355/2982 2976/3353/2980
f 2976/3353/2980 2978/3355/2982 2979/3356/2983 394/428/397
f 394/428/397 393/427/396 413/447/416 2976/3353/2980
f 2979/3356/2983 2978/3355/2982 2980/3357/2984 2981/3358/2985
f 2981/3358/2985 2982/3359/2986 2983/3360/2987 2979/3356/2983
f 2979/3356/2983 2983/3360/2987 387/421/390 394/428/397
f 2982/3359/2986 2984/3361/2988 2985/3362/2989 2983/3360/2987
f 2983/3360/2987 2985/3362/2989 388/422/391 387/421/390
f 2984/3363/2988 2986/3364/2990 2987/3365/2991 2985/3366/2989
f 2985/3366/2989 2987/3365/2991 2988/3367/2992 388/3368/391
f 2989/3369/2993 389/3370/392 388/3368/391 2988/3367/2992
f 2987/3365/2991 2990/3371/2994 2991/3372/2995 2988/3367/2992
f 2988/3367/2992 2991/3372/2995 2992/3373/2996 2989/3369/2993
f 2993/3374/2997 2994/3375/2998 2989/3369/2993 2992/3373/2996
f 2992/3373/2996 2991/3372/2995 2995/3376/2999 2996/3377/3000
f 2992/3373/2996 2996/3377/3000 2997/3378/3001 2993/3374/2997
f 2998/3379/3002 2999/3380/3003 2993/3374/2997 2997/3378/3001
f 2996/3377/3000 3000/3381/3004 3001/3382/3005 2997/3378/3001
f 2997/3378/3001 3001/3382/3005 3002/3383/3006 2998/3379/3002
f 3003/3384/3007 3004/3385/3008 2998/3386/3002 3002/3387/3006
f 3001/3382/3005 3005/3388/3009 3006/3389/3010 3002/3383/3006
f 3002/3387/3006 3006/3390/3010 3007/3391/3011 3003/3384/3007
f 3008/3392/3012 3009/3393/3013 3003/3384/3007 3007/3391/3011
f 3006/3390/3010 3010/3394/3014 3011/3395/3015 3007/3391/3011
f 3007/3391/3011 3011/3395/3015 3012/3396/3016 3008/3392/3012
f 3013/3397/3017 3014/3398/3018 3008/3392/3012 3012/3396/3016
f 3011/3395/3015 3015/3399/3019 3016/3400/3020 3012/3396/3016
f 3012/3396/3016 3016/3400/3020 3017/3401/3021 3013/3397/3017
f 3017/3401/3021 3018/3402/3022 3019/3403/3023 3013/3397/3017
f 3016/3400/3020 3020/3404/3024 3021/3405/3025 3017/3401/3021
f 3021/3405/3025 3022/3406/3026 3018/3402/3022 3017/3401/3021
f 3022/3406/3026 3023/3407/3027 3024/3408/3028 3018/3402/3022
f 3022/3406/3026 3021/3405/3025 3025/3409/3029 3026/3410/3030
f 3026/3410/3030 541/581/544 3023/3407/3027 3022/3406/3026
f 3026/3410/3030 3025/3409/3029 3027/3411/3031 3028/3412/3032
f 3028/3412/3032 542/582/545 541/581/544 3026/3410/3030
f 3027/3411/3031 3029/3413/3033 3030/3414/3034 3028/3412/3032
f 3030/3414/3034 543/583/546 542/582/545 3028/3412/3032
f 3030/3414/3034 3029/3413/3033 3031/3415/3035 3032/3416/3036
f 3032/3416/3036 3033/3417/3037 543/583/546 3030/3414/3034
f 3033/3417/3037 3034/3418/3038 544/584/547 543/583/546
f 3033/3417/3037 3032/3416/3036 3035/3419/3039 3036/3420/3040
f 3036/3420/3040 3037/3421/3041 3034/3418/3038 3033/3417/3037
f 3037/3421/3041 3038/3422/3042 3039/3423/3043 3034/3418/3038
f 3037/3421/3041 3036/3420/3040 3040/3424/3044 3041/3425/3045
f 3041/3425/3045 3042/3426/3046 3038/3422/3042 3037/3421/3041
f 3042/3426/3046 547/587/550 546/586/549 3038/3422/3042
f 3042/3426/3046 3041/3425/3045 3043/3427/3047 3044/3428/3048
f 3044/3428/3048 3045/3429/3049 547/587/550 3042/3426/3046
f 3045/3429/3049 3046/3430/3050 548/588/551 547/587/550
f 3044/3428/3048 1987/2204/1991 1986/2203/1990 3045/3429/3049
f 1986/2203/1990 1985/2202/1989 3046/3430/3050 3045/3429/3049
f 3046/3430/3050 3047/3431/3051 550/590/553 548/588/551
f 1985/2202/1989 3048/3432/3052 3047/3431/3051 3046/3430/3050
f 3049/3433/3053 3050/3434/3054 3047/3431/3051 3048/3432/3052
f 1985/2202/1989 1983/2200/1987 1982/2199/1986 3048/3432/3052
f 3048/3432/3052 1982/2199/1986 3051/3435/3055 3049/3433/3053
f 3052/3436/3056 3053/3437/3057 3049/3433/3053 3051/3435/3055
f 1982/2199/1986 1980/2195/1984 1979/2194/1983 3051/3435/3055
f 3051/3435/3055 1979/2194/1983 3054/3438/3058 3052/3436/3056
f 3054/3438/3058 3055/3439/3059 3056/3440/3060 3052/3436/3056
f 1979/2194/1983 1977/2193/1981 1976/3441/1980 3054/3438/3058
f 1976/3441/1980 3057/3442/3061 3055/3439/3059 3054/3438/3058
f 3057/3442/3061 3058/3443/3062 3059/3444/3063 3055/3439/3059
f 1976/2190/1980 1974/2188/1978 1973/2187/1977 3057/3445/3061
f 1973/2187/1977 3060/3446/3064 3058/3447/3062 3057/3445/3061
f 3060/3446/3064 3061/3448/3065 3062/3449/3066 3058/3447/3062
f 1973/2187/1977 1971/2185/1975 1970/2184/1974 3060/3446/3064
f 3060/3446/3064 1970/2184/1974 3063/3450/3067 3061/3448/3065
f 3064/3451/3068 3065/3452/3069 3061/3448/3065 3063/3450/3067
f 1970/2184/1974 1968/2182/1972 1967/2181/1971 3063/3450/3067
f 3063/3450/3067 1967/2181/1971 3066/3453/3070 3064/3451/3068
f 3067/3454/3071 3068/3455/3072 3064/3451/3068 3066/3453/3070
f 1967/2181/1971 1965/2179/1969 1964/2178/1968 3066/3453/3070
f 3066/3453/3070 1964/2178/1968 3069/3456/3073 3067/3454/3071
f 3070/3457/3074 3071/3458/3075 3067/3454/3071 3069/3456/3073
f 1964/2178/1968 1962/2176/1966 1961/2175/1965 3069/3456/3073
f 1961/2175/1965 3072/3459/3076 3070/3457/3074 3069/3456/3073
f 3073/3460/3077 3074/3461/3078 3070/3457/3074 3072/3459/3076
f 1961/2175/1965 1959/2173/1963 1958/2172/1962 3072/3459/3076
f 1958/2172/1962 3075/3462/3079 3073/3460/3077 3072/3459/3076
f 3076/3463/3080 629/669/632 3073/3460/3077 3075/3462/3079
f 1958/2172/1962 1956/2170/1960 1955/2169/1959 3075/3462/3079
f 1955/2169/1959 3077/3464/3081 3076/3463/3080 3075/3462/3079
f 3077/3464/3081 634/674/637 631/671/634 3076/3463/3080
f 3077/3464/3081 1955/2169/1959 1953/2166/1957 1952/2165/1956
f 1952/2165/1956 3078/3465/3082 634/674/637 3077/3464/3081
f 3078/3465/3082 1763/1941/1767 632/672/635 634/674/637
f 3078/3465/3082 1952/2165/1956 1950/2164/1954 1949/3466/1953
f 1949/3466/1953 1764/1942/1768 1763/1941/1767 3078/3465/3082
f 631/671/634 627/667/630 629/669/632 3076/3463/3080
f 626/666/629 625/665/628 3079/3467/3083 3074/3461/3078
f 3074/3461/3078 3079/3467/3083 3071/3458/3075 3070/3457/3074
f 3074/3461/3078 3073/3460/3077 629/669/632 626/666/629
f 625/665/628 1760/1938/1764 1759/1937/1763 3079/3467/3083
f 3079/3467/3083 1759/1937/1763 3080/3468/3084 3071/3458/3075
f 1759/1937/1763 1755/1931/1759 1754/1930/1758 3080/3468/3084
f 1754/1930/1758 3081/3469/3085 3068/3455/3072 3080/3468/3084
f 3068/3455/3072 3067/3454/3071 3071/3458/3075 3080/3468/3084
f 3081/3469/3085 1754/1930/1758 1750/1929/1754 1749/3470/1753
f 1749/3470/1753 3082/3471/3086 3065/3452/3069 3081/3469/3085
f 3065/3452/3069 3064/3451/3068 3068/3455/3072 3081/3469/3085
f 3082/3472/3086 1749/1924/1753 1745/1920/1749 1744/1919/1748
f 1744/1919/1748 3083/3473/3087 3062/3474/3066 3082/3472/3086
f 3082/3471/3086 3062/3449/3066 3061/3448/3065 3065/3452/3069
f 3083/3473/3087 1744/1919/1748 1740/1915/1744 1739/1914/1743
f 1739/1914/1743 3084/3475/3088 3059/3444/3063 3083/3473/3087
f 3083/3473/3087 3059/3444/3063 3058/3443/3062 3062/3474/3066
f 3084/3475/3088 1739/1914/1743 1735/1910/1739 1734/1909/1738
f 1734/1909/1738 3085/3476/3089 3056/3440/3060 3084/3475/3088
f 3084/3475/3088 3056/3440/3060 3055/3439/3059 3059/3444/3063
f 3085/3476/3089 1734/1909/1738 1730/1905/1734 1729/1904/1733
f 1729/1904/1733 3086/3477/3090 3053/3437/3057 3085/3476/3089
f 3085/3476/3089 3053/3437/3057 3052/3436/3056 3056/3440/3060
f 3086/3477/3090 1729/1904/1733 1725/1900/1729 1724/1899/1728
f 1724/1899/1728 3087/3478/3091 3050/3434/3054 3086/3477/3090
f 3050/3434/3054 3049/3433/3053 3053/3437/3057 3086/3477/3090
f 3087/3478/3091 1724/1899/1728 1720/1895/1724 1719/1894/1723
f 1719/1894/1723 551/591/554 550/590/553 3087/3478/3091
f 3087/3478/3091 550/590/553 3047/3431/3051 3050/3434/3054
f 3043/3427/3047 1989/2206/1993 1987/2204/1991 3044/3428/3048
f 3041/3425/3045 3040/3424/3044 3088/3479/3092 3043/3427/3047
f 3088/3479/3092 1991/2208/1995 1989/2206/1993 3043/3427/3047
f 3040/3424/3044 3089/3480/3093 1996/2213/2000 3088/3479/3092
f 3088/3479/3092 1996/2213/2000 1993/2210/1997 1991/2208/1995
f 3089/3480/3093 3040/3424/3044 3036/3420/3040 3035/3419/3039
f 3035/3419/3039 3090/3481/3094 1999/2216/2003 3089/3480/3093
f 3089/3480/3093 1999/2216/2003 1997/2214/2001 1996/2213/2000
f 3090/3481/3094 3035/3419/3039 3032/3416/3036 3031/3415/3035
f 3031/3415/3035 3091/3482/3095 3092/3483/3096 3090/3481/3094
f 3092/3483/3096 2000/2217/2004 1999/2216/2003 3090/3481/3094
f 3091/3482/3095 3093/3484/3097 2004/2222/2008 3092/3483/3096
f 3092/3483/3096 2004/2222/2008 2001/2218/2005 2000/2217/2004
f 3091/3482/3095 3094/3485/3098 3095/3486/3099 3093/3484/3097
f 3093/3484/3097 3095/3486/3099 3096/3487/3100 3097/3488/3101
f 3093/3484/3097 3097/3488/3101 2005/2223/2009 2004/2222/2008
f 3097/3489/3101 3096/3490/3100 3098/3491/3102 3099/3492/3103
f 3097/3489/3101 3099/3492/3103 2006/2225/2010 2005/2224/2009
f 3099/3492/3103 3098/3491/3102 3100/3493/3104 3101/3494/3105
f 3099/3492/3103 3101/3494/3105 2008/2228/2012 2006/2225/2010
f 3101/3494/3105 3100/3493/3104 3102/3495/3106 3103/3496/3107
f 3103/3496/3107 2014/2236/2018 2008/2228/2012 3101/3494/3105
f 3103/3496/3107 3102/3495/3106 356/3497/356 359/3498/359
f 359/3498/359 2015/2237/2019 2014/2236/2018 3103/3496/3107
f 3100/3493/3104 264/285/264 263/284/263 3102/3495/3106
f 3102/3495/3106 263/284/263 357/2369/357 356/3497/356
f 3098/3491/3102 266/287/266 264/285/264 3100/3493/3104
f 3098/3491/3102 3096/3490/3100 319/343/319 266/287/266
f 3095/3486/3099 3104/3499/3108 319/3500/319 3096/3487/3100
f 3105/3501/3109 3106/3502/3110 3107/3503/3111 3104/3499/3108
f 3104/3499/3108 3107/3503/3111 317/3504/317 319/3500/319
f 3104/3499/3108 3095/3486/3099 3094/3485/3098 3105/3501/3109
f 3106/3502/3110 3020/3404/3024 3108/3505/3112 3107/3503/3111
f 3107/3503/3111 3108/3505/3112 318/3506/318 317/3504/317
f 3020/3404/3024 3016/3400/3020 3015/3399/3019 3108/3505/3112
f 3108/3505/3112 3015/3399/3019 3109/3507/3113 318/3506/318
f 3015/3399/3019 3011/3395/3015 3010/3394/3014 3109/3507/3113
f 3109/3508/3113 3010/3509/3014 3110/3510/3114 3111/3511/3115
f 3111/3511/3115 315/339/315 318/342/318 3109/3508/3113
f 3111/3511/3115 3110/3510/3114 3112/3512/3116 3113/3513/3117
f 3113/3513/3117 316/340/316 315/339/315 3111/3511/3115
f 3113/3513/3117 3112/3512/3116 3114/3514/3118 3115/3515/3119
f 3113/3513/3117 3115/3515/3119 3116/3516/3120 316/340/316
f 3116/3516/3120 3115/3515/3119 3117/3517/3121 3118/3518/3122
f 3118/3518/3122 3119/3519/3123 3120/3520/3124 3116/3516/3120
f 3120/3520/3124 268/289/268 316/340/316 3116/3516/3120
f 3119/3519/3123 3121/3521/3125 3122/3522/3126 3120/3520/3124
f 3120/3520/3124 3122/3522/3126 258/279/258 268/289/268
f 3121/3521/3125 3123/3523/3127 2123/2379/2127 3122/3522/3126
f 3122/3522/3126 2123/2379/2127 259/280/259 258/279/258
f 3123/3523/3127 3121/3521/3125 3124/3524/3128 3125/3525/3129
f 3125/3525/3129 3126/3526/3130 2126/2382/2130 3123/3523/3127
f 3123/3523/3127 2126/2382/2130 2124/2380/2128 2123/2379/2127
f 3125/3525/3129 3127/3527/3131 3128/3528/3132 3126/3526/3130
f 3128/3528/3132 3129/3529/3133 3130/3530/3134 3126/3526/3130
f 3126/3526/3130 3130/3530/3134 2127/2383/2131 2126/2382/2130
f 3129/3529/3133 3131/3531/3135 3132/3532/3136 3130/3530/3134
f 3130/3530/3134 3132/3532/3136 2128/2384/2132 2127/2383/2131
f 3131/3531/3135 3133/3533/3137 3134/3534/3138 3132/3532/3136
f 3132/3532/3136 3134/3534/3138 2130/2386/2134 2128/2384/2132
f 3133/3533/3137 3135/3535/3139 3136/3536/3140 3134/3534/3138
f 3134/3534/3138 3136/3536/3140 2132/2388/2136 2130/2386/2134
f 3136/3536/3140 3135/3535/3139 3137/3537/3141 3138/3538/3142
f 3138/3538/3142 2134/2390/2138 2132/2388/2136 3136/3536/3140
f 3138/3538/3142 3137/3537/3141 3139/3539/3143 3140/3540/3144
f 3140/3540/3144 3141/3541/3145 2134/2390/2138 3138/3538/3142
f 3141/3541/3145 2138/2394/2142 2135/2391/2139 2134/2390/2138
f 3141/3541/3145 3140/3540/3144 3142/3542/3146 3143/3543/3147
f 3143/3543/3147 3144/3544/3148 2138/2394/2142 3141/3541/3145
f 3144/3544/3148 2143/2399/2147 2139/2395/2143 2138/2394/2142
f 3144/3544/3148 3143/3543/3147 3145/3545/3149 3146/3546/3150
f 3146/3546/3150 3147/3547/3151 2143/2399/2147 3144/3544/3148
f 3147/3547/3151 2146/2402/2150 2144/2400/2148 2143/2399/2147
f 3147/3547/3151 3146/3546/3150 3148/3548/3152 3149/3549/3153
f 3149/3549/3153 3150/3550/3154 2146/2402/2150 3147/3547/3151
f 3150/3550/3154 2150/2406/2154 2147/2403/2151 2146/2402/2150
f 3150/3550/3154 3149/3549/3153 3151/3551/3155 3152/3552/3156
f 3152/3552/3156 3153/3553/3157 2150/2406/2154 3150/3550/3154
f 3153/3553/3157 2155/2413/2159 2151/2407/2155 2150/2406/2154
f 3153/3553/3157 3152/3552/3156 3154/3554/3158 3155/3555/3159
f 3155/3555/3159 3156/3556/3160 2155/2413/2159 3153/3553/3157
f 3156/3556/3160 2160/3557/2164 2156/2414/2160 2155/2413/2159
f 3156/3556/3160 3155/3555/3159 3157/3558/3161 3158/3559/3162
f 3158/3559/3162 3159/3560/3163 2160/3557/2164 3156/3556/3160
f 2165/2424/2169 2161/2420/2165 2160/2419/2164 3159/3561/3163
f 3159/3560/3163 3158/3559/3162 3160/3562/3164 3161/3563/3165
f 3159/3561/3163 3161/3564/3165 3162/3565/3166 2165/2424/2169
f 2170/2429/2174 2166/2425/2170 2165/2424/2169 3162/3565/3166
f 3161/3564/3165 3163/3566/3167 3164/3567/3168 3162/3565/3166
f 3162/3565/3166 3164/3567/3168 3165/3568/3169 2170/2429/2174
f 2175/2434/2179 2171/2430/2175 2170/2429/2174 3165/3568/3169
f 3164/3567/3168 3166/3569/3170 3167/3570/3171 3165/3568/3169
f 3167/3570/3171 171/183/171 2175/2434/2179 3165/3568/3169
f 3167/3570/3171 3166/3569/3170 3168/3571/3172 3169/3572/3173
f 3169/3572/3173 172/184/172 171/183/171 3167/3570/3171
f 3169/3572/3173 3168/3571/3172 3170/3573/3174 3171/3574/3175
f 3169/3572/3173 3171/3574/3175 173/185/173 172/184/172
f 3171/3574/3175 3170/3573/3174 3172/3575/3176 3173/3576/3177
f 3171/3574/3175 3173/3576/3177 3174/3577/3178 173/185/173
f 3175/3578/3179 156/167/156 173/185/173 3174/3577/3178
f 3174/3577/3178 3173/3576/3177 3176/3579/3180 3177/3580/3181
f 3174/3577/3178 3177/3580/3181 3178/3581/3182 3175/3578/3179
f 3179/3582/3183 3180/3583/3184 3175/3578/3179 3178/3581/3182
f 3177/3580/3181 2949/3324/2953 3181/3584/3185 3178/3581/3182
f 3178/3581/3182 3181/3584/3185 3182/3585/3186 3179/3582/3183
f 3183/3586/3187 3184/3587/3188 3179/3582/3183 3182/3585/3186
f 3181/3584/3185 2944/3319/2948 2943/3318/2947 3182/3585/3186
f 3182/3585/3186 2943/3318/2947 2942/3317/2946 3183/3586/3187
f 3185/3588/3189 3186/3589/3190 3187/3590/3191 3184/3587/3188
f 3184/3587/3188 3187/3590/3191 3180/3583/3184 3179/3582/3183
f 3184/3587/3188 3183/3586/3187 3188/3591/3192 3185/3588/3189
f 3189/3592/3193 3190/3593/3194 3185/3588/3189 3188/3591/3192
f 3183/3586/3187 2942/3317/2946 3191/3594/3195 3188/3591/3192
f 3188/3591/3192 3191/3594/3195 3192/3595/3196 3189/3592/3193
f 3192/3595/3196 2919/3287/2923 2917/3285/2921 3189/3592/3193
f 3191/3594/3195 2939/3314/2943 3193/3596/3197 3192/3595/3196
f 3193/3596/3197 2921/3289/2925 2919/3287/2923 3192/3595/3196
f 2939/3314/2943 2937/3310/2941 2936/3309/2940 3193/3596/3197
f 3193/3596/3197 2936/3309/2940 2923/3291/2927 2921/3289/2925
f 2942/3317/2946 2940/3315/2944 2939/3314/2943 3191/3594/3195
f 3190/3593/3194 2915/3283/2919 2914/3282/2918 3194/3597/3198
f 3190/3593/3194 3194/3597/3198 3186/3589/3190 3185/3588/3189
f 3189/3592/3193 2917/3285/2921 2915/3283/2919 3190/3593/3194
f 3194/3597/3198 2914/3282/2918 2908/3274/2912 3195/3598/3199
f 3195/3598/3199 3196/3599/3200 3186/3589/3190 3194/3597/3198
f 3195/3598/3199 2904/3600/2908 3197/3601/3201 3196/3599/3200
f 3196/3599/3200 3197/3601/3201 148/170/148 158/169/158
f 158/169/158 3187/3590/3191 3186/3589/3190 3196/3599/3200
f 2904/3269/2908 2902/3267/2906 2901/3266/2905 3197/3602/3201
f 3197/3602/3201 2901/3266/2905 149/158/149 148/157/148
f 3195/3598/3199 2908/3274/2912 2905/3273/2909 2904/3600/2908
f 3187/3590/3191 158/169/158 157/168/157 3180/3583/3184
f 2949/3324/2953 2946/3321/2950 2944/3319/2948 3181/3584/3185
f 3180/3583/3184 157/168/157 156/167/156 3175/3578/3179
f 3177/3580/3181 3176/3579/3180 2950/3325/2954 2949/3324/2953
f 3173/3576/3177 3172/3575/3176 3198/3603/3202 3176/3579/3180
f 3176/3579/3180 3198/3603/3202 2951/3326/2955 2950/3325/2954
f 3172/3575/3176 3199/3604/3203 2956/3605/2960 3198/3603/3202
f 3198/3603/3202 2956/3605/2960 2953/3328/2957 2951/3326/2955
f 3199/3604/3203 3172/3575/3176 3170/3573/3174 3200/3606/3204
f 3200/3607/3204 2961/3338/2965 2959/3336/2963 3199/3608/3203
f 3199/3608/3203 2959/3336/2963 2957/3334/2961 2956/3333/2960
f 3200/3606/3204 3170/3573/3174 3168/3571/3172 3201/3609/3205
f 3201/3610/3205 2963/3340/2967 2961/3338/2965 3200/3607/3204
f 3201/3609/3205 3168/3571/3172 3166/3569/3170 3202/3611/3206
f 3202/3612/3206 2965/3342/2969 2963/3340/2967 3201/3610/3205
f 3202/3611/3206 3166/3569/3170 3164/3567/3168 3163/3566/3167
f 3163/3613/3167 2967/3344/2971 2965/3342/2969 3202/3612/3206
f 3161/3563/3165 3160/3562/3164 2967/3344/2971 3163/3613/3167
f 3158/3559/3162 3157/3558/3161 2970/3347/2974 3160/3562/3164
f 3160/3562/3164 2970/3347/2974 2968/3345/2972 2967/3344/2971
f 3155/3555/3159 3154/3554/3158 3203/3614/3207 3157/3558/3161
f 3157/3558/3161 3203/3614/3207 2971/3348/2975 2970/3347/2974
f 3154/3554/3158 3204/3615/3208 3205/3616/3209 3203/3614/3207
f 3203/3614/3207 3205/3616/3209 2972/3349/2976 2971/3348/2975
f 3204/3615/3208 3206/3617/3210 3207/3618/3211 3205/3616/3209
f 3205/3616/3209 3207/3618/3211 2974/3351/2978 2972/3349/2976
f 3206/3617/3210 3208/3619/3212 3209/3620/3213 3207/3618/3211
f 3207/3618/3211 3209/3620/3213 3210/3621/3214 2974/3351/2978
f 3209/3620/3213 3211/3622/3215 3212/3623/3216 3210/3621/3214
f 3210/3621/3214 3212/3623/3216 3213/3624/3217 2977/3354/2981
f 2977/3354/2981 2975/3352/2979 2974/3351/2978 3210/3621/3214
f 3213/3624/3217 3212/3623/3216 3214/3625/3218 3215/3626/3219
f 3215/3626/3219 3216/3627/3220 2980/3357/2984 3213/3624/3217
f 3213/3624/3217 2980/3357/2984 2978/3355/2982 2977/3354/2981
f 3216/3627/3220 3215/3626/3219 3217/3628/3221 3218/3629/3222
f 3218/3629/3222 3219/3630/3223 3220/3631/3224 3216/3627/3220
f 3216/3627/3220 3220/3631/3224 2981/3358/2985 2980/3357/2984
f 3219/3630/3223 322/346/322 321/345/321 3220/3631/3224
f 3220/3631/3224 321/345/321 2982/3359/2986 2981/3358/2985
f 3219/3630/3223 3218/3629/3222 3221/3632/3225 3222/3633/3226
f 3222/3633/3226 3223/3634/3227 322/346/322 3219/3630/3223
f 3222/3633/3226 3224/3635/3228 3225/3636/3229 3223/3634/3227
f 3223/3634/3227 3225/3636/3229 3226/3637/3230 3227/3638/3231
f 3223/3634/3227 3227/3638/3231 323/347/323 322/346/322
f 3227/3638/3231 3226/3637/3230 3228/3639/3232 3229/3640/3233
f 3227/3638/3231 3229/3640/3233 327/352/327 323/347/323
f 3228/3639/3232 3230/3641/3234 3231/3642/3235 3229/3640/3233
f 3229/3640/3233 3231/3642/3235 3232/3643/3236 327/352/327
f 3232/3643/3236 3231/3642/3235 3233/3644/3237 3234/3645/3238
f 3234/3645/3238 3235/3646/3239 3236/3647/3240 3232/3643/3236
f 3232/3643/3236 3236/3647/3240 324/353/324 327/352/327
f 3235/3648/3239 3237/3649/3241 3238/3650/3242 3236/3651/3240
f 3236/3651/3240 3238/3650/3242 325/349/325 324/348/324
f 3238/3650/3242 3237/3649/3241 3239/3652/3243 3240/3653/3244
f 3238/3650/3242 3240/3653/3244 270/291/270 325/349/325
f 3240/3653/3244 3239/3652/3243 3241/3654/3245 3242/3655/3246
f 3242/3655/3246 271/292/271 270/291/270 3240/3653/3244
f 3242/3655/3246 3241/3654/3245 3243/3656/3247 3244/3657/3248
f 3244/3657/3248 276/297/276 271/292/271 3242/3655/3246
f 3244/3657/3248 3243/3656/3247 3245/3658/3249 3246/3659/3250
f 3246/3659/3250 3247/3660/3251 276/297/276 3244/3657/3248
f 227/245/227 273/294/273 276/297/276 3247/3660/3251
f 3247/3660/3251 3246/3659/3250 3248/3661/3252 3249/3662/3253
f 3247/3660/3251 3249/3662/3253 228/246/228 227/245/227
f 3249/3662/3253 3248/3661/3252 3250/3663/3254 3251/3664/3255
f 3251/3664/3255 231/249/231 228/246/228 3249/3662/3253
f 3251/3664/3255 3250/3663/3254 3252/3665/3256 3253/3666/3257
f 3253/3666/3257 3254/3667/3258 231/249/231 3251/3664/3255
f 3254/3667/3258 3255/3668/3259 229/247/229 231/249/231
f 3254/3667/3258 3253/3666/3257 3256/3669/3260 3257/3670/3261
f 3257/3670/3261 3258/3671/3262 3255/3668/3259 3254/3667/3258
f 3258/3671/3262 3259/3672/3263 3260/3673/3264 3255/3668/3259
f 3258/3671/3262 3257/3670/3261 3261/3674/3265 3262/3675/3266
f 3262/3675/3266 3263/3676/3267 3259/3672/3263 3258/3671/3262
f 3263/3676/3267 3264/3677/3268 3265/3678/3269 3259/3672/3263
f 3263/3676/3267 3262/3675/3266 3266/3679/3270 3267/3680/3271
f 3267/3680/3271 3268/3681/3272 3264/3677/3268 3263/3676/3267
f 3268/3681/3272 3269/3682/3273 3270/3683/3274 3264/3677/3268
f 3268/3681/3272 3267/3680/3271 3271/3684/3275 3272/3685/3276
f 3272/3685/3276 3273/3686/3277 3269/3682/3273 3268/3681/3272
f 3124/3524/3128 3274/3687/3278 3269/3682/3273 3273/3686/3277
f 3273/3686/3277 3272/3685/3276 3275/3688/3279 3127/3527/3131
f 3127/3527/3131 3125/3525/3129 3124/3524/3128 3273/3686/3277
f 3272/3685/3276 3271/3684/3275 3276/3689/3280 3275/3688/3279
f 3275/3688/3279 3276/3689/3280 3277/3690/3281 3278/3691/3282
f 3278/3691/3282 3128/3528/3132 3127/3527/3131 3275/3688/3279
f 3278/3691/3282 3277/3690/3281 3279/3692/3283 3280/3693/3284
f 3280/3693/3284 3129/3529/3133 3128/3528/3132 3278/3691/3282
f 3280/3693/3284 3279/3692/3283 3281/3694/3285 3282/3695/3286
f 3282/3695/3286 3131/3531/3135 3129/3529/3133 3280/3693/3284
f 3282/3695/3286 3281/3694/3285 3283/3696/3287 3284/3697/3288
f 3284/3697/3288 3133/3533/3137 3131/3531/3135 3282/3695/3286
f 3283/3696/3287 3285/3698/3289 3286/3699/3290 3284/3697/3288
f 3286/3699/3290 3135/3535/3139 3133/3533/3137 3284/3697/3288
f 3285/3698/3289 3287/3700/3291 3288/3701/3292 3286/3699/3290
f 3288/3701/3292 3137/3537/3141 3135/3535/3139 3286/3699/3290
f 3287/3700/3291 3289/3702/3293 3290/3703/3294 3288/3701/3292
f 3288/3701/3292 3290/3703/3294 3139/3539/3143 3137/3537/3141
f 3289/3702/3293 3291/3704/3295 3292/3705/3296 3290/3703/3294
f 3290/3703/3294 3292/3705/3296 3293/3706/3297 3139/3539/3143
f 3142/3542/3146 3140/3540/3144 3139/3539/3143 3293/3706/3297
f 3292/3705/3296 3294/3707/3298 3295/3708/3299 3293/3706/3297
f 3293/3706/3297 3295/3708/3299 3296/3709/3300 3142/3542/3146
f 3296/3709/3300 3145/3545/3149 3143/3543/3147 3142/3542/3146
f 3295/3708/3299 3297/3710/3301 3298/3711/3302 3296/3709/3300
f 3296/3709/3300 3298/3711/3302 3299/3712/3303 3145/3545/3149
f 3299/3712/3303 3148/3548/3152 3146/3546/3150 3145/3545/3149
f 3298/3711/3302 3300/3713/3304 3301/3714/3305 3299/3712/3303
f 3301/3714/3305 3302/3715/3306 3148/3548/3152 3299/3712/3303
f 3302/3715/3306 3151/3551/3155 3149/3549/3153 3148/3548/3152
f 3302/3715/3306 3301/3714/3305 3208/3619/3212 3206/3617/3210
f 3206/3617/3210 3204/3615/3208 3151/3551/3155 3302/3715/3306
f 3300/3713/3304 3303/3716/3307 3208/3619/3212 3301/3714/3305
f 3303/3716/3307 3300/3713/3304 3304/3717/3308 3305/3718/3309
f 3305/3718/3309 3306/3719/3310 3211/3622/3215 3303/3716/3307
f 3303/3716/3307 3211/3622/3215 3209/3620/3213 3208/3619/3212
f 3306/3719/3310 3305/3718/3309 236/254/236 245/263/245
f 245/263/245 3307/3720/3311 3214/3625/3218 3306/3719/3310
f 3306/3719/3310 3214/3625/3218 3212/3623/3216 3211/3622/3215
f 3307/3720/3311 245/263/245 244/262/244 3308/3721/3312
f 3308/3721/3312 3309/3722/3313 3217/3628/3221 3307/3720/3311
f 3307/3720/3311 3217/3628/3221 3215/3626/3219 3214/3625/3218
f 3309/3722/3313 3308/3721/3312 3310/3723/3314 3311/3724/3315
f 3311/3724/3315 3312/3725/3316 3221/3632/3225 3309/3722/3313
f 3309/3722/3313 3221/3632/3225 3218/3629/3222 3217/3628/3221
f 3311/3724/3315 3313/3726/3317 3314/3727/3318 3312/3725/3316
f 3312/3725/3316 3314/3727/3318 3315/3728/3319 3224/3635/3228
f 3224/3635/3228 3222/3633/3226 3221/3632/3225 3312/3725/3316
f 3314/3727/3318 3316/3729/3320 3317/3730/3321 3315/3728/3319
f 3315/3728/3319 3317/3730/3321 3318/3731/3322 3319/3732/3323
f 3319/3732/3323 3225/3636/3229 3224/3635/3228 3315/3728/3319
f 3319/3732/3323 3318/3731/3322 3320/3733/3324 3321/3734/3325
f 3321/3734/3325 3226/3637/3230 3225/3636/3229 3319/3732/3323
f 3321/3734/3325 3320/3733/3324 3322/3735/3326 3323/3736/3327
f 3323/3736/3327 3228/3639/3232 3226/3637/3230 3321/3734/3325
f 3323/3736/3327 3322/3735/3326 3324/3737/3328 3325/3738/3329
f 3325/3738/3329 3230/3641/3234 3228/3639/3232 3323/3736/3327
f 3325/3738/3329 3324/3737/3328 385/419/388 384/418/387
f 3325/3738/3329 384/418/387 3326/3739/3330 3230/3641/3234
f 384/418/387 383/417/386 3327/3740/3331 3326/3739/3330
f 3326/3739/3330 3327/3740/3331 3328/3741/3332 3233/3644/3237
f 3233/3644/3237 3231/3642/3235 3230/3641/3234 3326/3739/3330
f 3327/3740/3331 3329/3742/3333 3330/3743/3334 3328/3741/3332
f 3328/3741/3332 3330/3743/3334 3331/3744/3335 3332/3745/3336
f 3332/3745/3336 3234/3645/3238 3233/3644/3237 3328/3741/3332
f 3332/3745/3336 3331/3744/3335 3333/3746/3337 3334/3747/3338
f 3334/3747/3338 3235/3646/3239 3234/3645/3238 3332/3745/3336
f 3334/3748/3338 3333/3749/3337 3335/3750/3339 3336/3751/3340
f 3336/3751/3340 3237/3649/3241 3235/3648/3239 3334/3748/3338
f 3336/3751/3340 3335/3750/3339 3337/3752/3341 3338/3753/3342
f 3338/3753/3342 3239/3652/3243 3237/3649/3241 3336/3751/3340
f 3338/3753/3342 3337/3752/3341 3339/3754/3343 3340/3755/3344
f 3340/3755/3344 3241/3654/3245 3239/3652/3243 3338/3753/3342
f 3340/3755/3344 3339/3754/3343 3341/3756/3345 3342/3757/3346
f 3342/3757/3346 3243/3656/3247 3241/3654/3245 3340/3755/3344
f 3342/3757/3346 3341/3756/3345 3343/3758/3347 3344/3759/3348
f 3344/3759/3348 3245/3658/3249 3243/3656/3247 3342/3757/3346
f 3344/3759/3348 3343/3758/3347 3345/3760/3349 3346/3761/3350
f 3346/3761/3350 3347/3762/3351 3245/3658/3249 3344/3759/3348
f 3347/3762/3351 3248/3661/3252 3246/3659/3250 3245/3658/3249
f 3347/3762/3351 3346/3761/3350 3348/3763/3352 3349/3764/3353
f 3349/3764/3353 3250/3663/3254 3248/3661/3252 3347/3762/3351
f 3349/3764/3353 3348/3763/3352 3350/3765/3354 3351/3766/3355
f 3351/3766/3355 3252/3665/3256 3250/3663/3254 3349/3764/3353
f 3351/3766/3355 3350/3765/3354 3352/3767/3356 3353/3768/3357
f 3353/3768/3357 3354/3769/3358 3252/3665/3256 3351/3766/3355
f 3354/3769/3358 3256/3669/3260 3253/3666/3257 3252/3665/3256
f 3354/3769/3358 3353/3768/3357 3355/3770/3359 3356/3771/3360
f 3356/3771/3360 3357/3772/3361 3256/3669/3260 3354/3769/3358
f 3357/3772/3361 3261/3674/3265 3257/3670/3261 3256/3669/3260
f 3357/3772/3361 3356/3771/3360 3358/3773/3362 3359/3774/3363
f 3359/3774/3363 3360/3775/3364 3261/3674/3265 3357/3772/3361
f 3360/3775/3364 3266/3679/3270 3262/3675/3266 3261/3674/3265
f 3360/3775/3364 3359/3774/3363 3361/3776/3365 3362/3777/3366
f 3362/3777/3366 3363/3778/3367 3266/3679/3270 3360/3775/3364
f 3363/3778/3367 3271/3684/3275 3267/3680/3271 3266/3679/3270
f 3363/3778/3367 3362/3777/3366 3364/3779/3368 3365/3780/3369
f 3365/3780/3369 3276/3689/3280 3271/3684/3275 3363/3778/3367
f 3365/3780/3369 3364/3779/3368 3366/3781/3370 3367/3782/3371
f 3367/3782/3371 3277/3690/3281 3276/3689/3280 3365/3780/3369
f 3367/3782/3371 3366/3781/3370 3368/3783/3372 3369/3784/3373
f 3369/3784/3373 3279/3692/3283 3277/3690/3281 3367/3782/3371
f 3369/3784/3373 3368/3783/3372 3370/3785/3374 3371/3786/3375
f 3369/3784/3373 3371/3786/3375 3281/3694/3285 3279/3692/3283
f 3370/3785/3374 3372/3787/3376 3373/3788/3377 3371/3786/3375
f 3373/3788/3377 3283/3696/3287 3281/3694/3285 3371/3786/3375
f 3372/3787/3376 3374/3789/3378 3375/3790/3379 3373/3788/3377
f 3373/3788/3377 3375/3790/3379 3285/3698/3289 3283/3696/3287
f 3374/3789/3378 3376/3791/3380 3377/3792/3381 3375/3790/3379
f 3375/3790/3379 3377/3792/3381 3287/3700/3291 3285/3698/3289
f 3376/3791/3380 3378/3793/3382 3379/3794/3383 3377/3792/3381
f 3377/3792/3381 3379/3794/3383 3289/3702/3293 3287/3700/3291
f 3378/3793/3382 3380/3795/3384 3381/3796/3385 3379/3794/3383
f 3379/3794/3383 3381/3796/3385 3291/3704/3295 3289/3702/3293
f 3380/3795/3384 3382/3797/3386 3383/3798/3387 3381/3796/3385
f 3381/3796/3385 3383/3798/3387 3384/3799/3388 3291/3704/3295
f 3294/3707/3298 3292/3705/3296 3291/3704/3295 3384/3799/3388
f 3383/3798/3387 3385/3800/3389 3386/3801/3390 3384/3799/3388
f 3384/3799/3388 3386/3801/3390 3387/3802/3391 3294/3707/3298
f 3297/3710/3301 3295/3708/3299 3294/3707/3298 3387/3802/3391
f 3386/3801/3390 238/256/238 237/255/237 3387/3802/3391
f 3387/3802/3391 237/255/237 3304/3717/3308 3297/3710/3301
f 3385/3800/3389 240/258/240 238/256/238 3386/3801/3390
f 3385/3800/3389 3383/3798/3387 3382/3797/3386 3388/3803/3392
f 3388/3803/3392 3389/3804/3393 240/258/240 3385/3800/3389
f 3388/3803/3392 3390/3805/3394 3391/3806/3395 3389/3804/3393
f 3389/3804/3393 3391/3806/3395 3392/3807/3396 3393/3808/3397
f 3393/3808/3397 241/259/241 240/258/240 3389/3804/3393
f 3393/3808/3397 3392/3807/3396 3394/3809/3398 3395/3810/3399
f 3395/3810/3399 242/260/242 241/259/241 3393/3808/3397
f 3395/3810/3399 3394/3809/3398 3396/3811/3400 3397/3812/3401
f 3397/3812/3401 3398/3813/3402 242/260/242 3395/3810/3399
f 3398/3813/3402 3397/3812/3401 3399/3814/3403 3400/3815/3404
f 3400/3815/3404 3401/3816/3405 3402/3817/3406 3398/3813/3402
f 3398/3813/3402 3402/3817/3406 243/261/243 242/260/242
f 3401/3816/3405 3403/3818/3407 3404/3819/3408 3402/3817/3406
f 3402/3817/3406 3404/3819/3408 246/264/246 243/261/243
f 3403/3818/3407 3405/3820/3409 3406/3821/3410 3404/3819/3408
f 3404/3819/3408 3406/3821/3410 3310/3723/3314 246/264/246
f 3405/3820/3409 3407/3822/3411 3313/3726/3317 3406/3821/3410
f 3406/3821/3410 3313/3726/3317 3311/3724/3315 3310/3723/3314
f 3407/3822/3411 3405/3820/3409 3408/3823/3412 3409/3824/3413
f 3409/3824/3413 3410/3825/3414 3316/3729/3320 3407/3822/3411
f 3407/3822/3411 3316/3729/3320 3314/3727/3318 3313/3726/3317
f 3410/3825/3414 3409/3824/3413 3411/3826/3415 3412/3827/3416
f 3412/3827/3416 3413/3828/3417 3414/3829/3418 3410/3825/3414
f 3410/3825/3414 3414/3829/3418 3317/3730/3321 3316/3729/3320
f 3413/3828/3417 3415/3830/3419 3416/3831/3420 3414/3829/3418
f 3414/3829/3418 3416/3831/3420 3318/3731/3322 3317/3730/3321
f 3415/3830/3419 3417/3832/3421 3418/3833/3422 3416/3831/3420
f 3416/3831/3420 3418/3833/3422 3320/3733/3324 3318/3731/3322
f 3417/3832/3421 485/519/488 484/518/487 3418/3833/3422
f 3418/3833/3422 484/518/487 3322/3735/3326 3320/3733/3324
f 3417/3832/3421 3415/3830/3419 3419/3834/3423 3420/3835/3424
f 3420/3835/3424 3421/3836/3425 485/519/488 3417/3832/3421
f 3420/3835/3424 3422/3837/3426 3423/3838/3427 3421/3836/3425
f 3421/3836/3425 3423/3838/3427 3424/3839/3428 512/549/515
f 512/549/515 486/520/489 485/519/488 3421/3836/3425
f 3424/3839/3428 3423/3838/3427 3425/3840/3429 3426/3841/3430
f 3426/3841/3430 3427/3842/3431 514/551/517 3424/3839/3428
f 3424/3839/3428 514/551/517 513/550/516 512/549/515
f 3427/3842/3431 3426/3841/3430 3428/3843/3432 3429/3844/3433
f 3429/3844/3433 3430/3845/3434 3431/3846/3435 3427/3842/3431
f 3431/3846/3435 515/552/518 514/551/517 3427/3842/3431
f 3430/3845/3434 3432/3847/3436 3433/3848/3437 3431/3846/3435
f 3431/3846/3435 3433/3848/3437 3434/3849/3438 515/552/518
f 487/521/490 490/524/493 515/552/518 3434/3849/3438
f 3433/3848/3437 3435/3850/3439 3436/3851/3440 3434/3849/3438
f 3434/3849/3438 3436/3851/3440 488/522/491 487/521/490
f 3435/3850/3439 3437/3852/3441 3438/3853/3442 3436/3851/3440
f 3436/3851/3440 3438/3853/3442 3439/3854/3443 488/522/491
f 3439/3854/3443 3440/3855/3444 489/523/492 488/522/491
f 3438/3853/3442 3441/3856/3445 3442/3857/3446 3439/3854/3443
f 3442/3857/3446 3443/3858/3447 3440/3855/3444 3439/3854/3443
f 3443/3858/3447 383/417/386 386/420/389 3440/3855/3444
f 3443/3858/3447 3442/3857/3446 3444/3859/3448 3329/3742/3333
f 3329/3742/3333 3327/3740/3331 383/417/386 3443/3858/3447
f 3444/3859/3448 3442/3857/3446 3441/3856/3445 3445/3860/3449
f 3445/3860/3449 3446/3861/3450 3447/3862/3451 3444/3859/3448
f 3447/3862/3451 3330/3743/3334 3329/3742/3333 3444/3859/3448
f 3447/3862/3451 3446/3861/3450 3448/3863/3452 3449/3864/3453
f 3449/3864/3453 3331/3744/3335 3330/3743/3334 3447/3862/3451
f 3449/3864/3453 3448/3863/3452 3450/3865/3454 3451/3866/3455
f 3451/3866/3455 3333/3746/3337 3331/3744/3335 3449/3864/3453
f 3451/3867/3455 3450/3868/3454 3452/3869/3456 3453/3870/3457
f 3453/3870/3457 3335/3750/3339 3333/3749/3337 3451/3867/3455
f 3453/3870/3457 3452/3869/3456 3454/3871/3458 3455/3872/3459
f 3455/3872/3459 3337/3752/3341 3335/3750/3339 3453/3870/3457
f 3455/3872/3459 3454/3871/3458 3456/3873/3460 3457/3874/3461
f 3457/3874/3461 3339/3754/3343 3337/3752/3341 3455/3872/3459
f 3457/3874/3461 3456/3873/3460 3458/3875/3462 3459/3876/3463
f 3459/3876/3463 3341/3756/3345 3339/3754/3343 3457/3874/3461
f 3459/3876/3463 3458/3875/3462 3460/3877/3464 3461/3878/3465
f 3461/3878/3465 3343/3758/3347 3341/3756/3345 3459/3876/3463
f 3461/3878/3465 3460/3877/3464 3462/3879/3466 3463/3880/3467
f 3463/3880/3467 3345/3760/3349 3343/3758/3347 3461/3878/3465
f 3463/3880/3467 3462/3879/3466 3464/3881/3468 3465/3882/3469
f 3465/3882/3469 3466/3883/3470 3345/3760/3349 3463/3880/3467
f 3466/3883/3470 3348/3763/3352 3346/3761/3350 3345/3760/3349
f 3466/3883/3470 3465/3882/3469 3467/3884/3471 3468/3885/3472
f 3468/3885/3472 3350/3765/3354 3348/3763/3352 3466/3883/3470
f 3468/3885/3472 3467/3884/3471 3469/3886/3473 3470/3887/3474
f 3470/3887/3474 3352/3767/3356 3350/3765/3354 3468/3885/3472
f 3470/3887/3474 3469/3886/3473 3471/3888/3475 3472/3889/3476
f 3472/3889/3476 3473/3890/3477 3352/3767/3356 3470/3887/3474
f 3473/3890/3477 3355/3770/3359 3353/3768/3357 3352/3767/3356
f 3473/3890/3477 3472/3889/3476 3474/3891/3478 3475/3892/3479
f 3475/3892/3479 3476/3893/3480 3355/3770/3359 3473/3890/3477
f 3476/3893/3480 3358/3773/3362 3356/3771/3360 3355/3770/3359
f 3476/3893/3480 3475/3892/3479 3477/3894/3481 3478/3895/3482
f 3478/3895/3482 3479/3896/3483 3358/3773/3362 3476/3893/3480
f 3479/3896/3483 3361/3776/3365 3359/3774/3363 3358/3773/3362
f 3479/3896/3483 3478/3895/3482 3480/3897/3484 3481/3898/3485
f 3481/3898/3485 3482/3899/3486 3361/3776/3365 3479/3896/3483
f 3482/3899/3486 3364/3779/3368 3362/3777/3366 3361/3776/3365
f 3482/3899/3486 3481/3898/3485 3483/3900/3487 3484/3901/3488
f 3484/3901/3488 3366/3781/3370 3364/3779/3368 3482/3899/3486
f 3484/3901/3488 3483/3900/3487 3485/3902/3489 3486/3903/3490
f 3486/3903/3490 3368/3783/3372 3366/3781/3370 3484/3901/3488
f 3486/3903/3490 3485/3902/3489 3487/3904/3491 3488/3905/3492
f 3488/3905/3492 3370/3785/3374 3368/3783/3372 3486/3903/3490
f 3488/3905/3492 3487/3904/3491 3489/3906/3493 3490/3907/3494
f 3490/3907/3494 3372/3787/3376 3370/3785/3374 3488/3905/3492
f 3489/3906/3493 3491/3908/3495 3492/3909/3496 3490/3907/3494
f 3490/3907/3494 3492/3909/3496 3374/3789/3378 3372/3787/3376
f 3491/3908/3495 3493/3910/3497 3494/3911/3498 3492/3909/3496
f 3492/3909/3496 3494/3911/3498 3376/3791/3380 3374/3789/3378
f 3493/3910/3497 3495/3912/3499 3496/3913/3500 3494/3911/3498
f 3494/3911/3498 3496/3913/3500 3378/3793/3382 3376/3791/3380
f 3495/3912/3499 3497/3914/3501 3498/3915/3502 3496/3913/3500
f 3496/3913/3500 3498/3915/3502 3380/3795/3384 3378/3793/3382
f 3498/3915/3502 3497/3914/3501 3499/3916/3503 3500/3917/3504
f 3500/3917/3504 3382/3797/3386 3380/3795/3384 3498/3915/3502
f 3500/3917/3504 3499/3916/3503 232/250/232 3390/3805/3394
f 3390/3805/3394 3388/3803/3392 3382/3797/3386 3500/3917/3504
f 3499/3916/3503 3497/3914/3501 3501/3918/3505 3502/3919/3506
f 3499/3916/3503 3502/3919/3506 233/251/233 232/250/232
f 3502/3919/3506 3501/3918/3505 299/320/299 298/319/298
f 298/319/298 3503/3920/3507 233/251/233 3502/3919/3506
f 3503/3920/3507 298/319/298 297/318/297 3504/3921/3508
f 3504/3921/3508 3505/3922/3509 3506/3923/3510 3503/3920/3507
f 3503/3920/3507 3506/3923/3510 234/252/234 233/251/233
f 3505/3922/3509 3396/3811/3400 3394/3809/3398 3506/3923/3510
f 3506/3923/3510 3394/3809/3398 3392/3807/3396 234/252/234
f 3505/3922/3509 3504/3921/3508 3507/3924/3511 3508/3925/3512
f 3508/3925/3512 3509/3926/3513 3396/3811/3400 3505/3922/3509
f 3509/3926/3513 3508/3925/3512 3510/3927/3514 3511/3928/3515
f 3511/3928/3515 3512/3929/3516 3399/3814/3403 3509/3926/3513
f 3509/3926/3513 3399/3814/3403 3397/3812/3401 3396/3811/3400
f 3512/3929/3516 3511/3928/3515 3513/3930/3517 3514/3931/3518
f 3514/3931/3518 3515/3932/3519 3516/3933/3520 3512/3929/3516
f 3512/3929/3516 3516/3933/3520 3400/3815/3404 3399/3814/3403
f 3515/3932/3519 3517/3934/3521 3518/3935/3522 3516/3933/3520
f 3516/3933/3520 3518/3935/3522 3401/3816/3405 3400/3815/3404
f 3517/3934/3521 3519/3936/3523 3520/3937/3524 3518/3935/3522
f 3518/3935/3522 3520/3937/3524 3403/3818/3407 3401/3816/3405
f 3519/3936/3523 3521/3938/3525 3408/3823/3412 3520/3937/3524
f 3520/3937/3524 3408/3823/3412 3405/3820/3409 3403/3818/3407
f 3519/3936/3523 3522/3939/3526 3523/3940/3527 3521/3938/3525
f 3521/3938/3525 3523/3940/3527 3524/3941/3528 3411/3826/3415
f 3521/3938/3525 3411/3826/3415 3409/3824/3413 3408/3823/3412
f 3523/3940/3527 3525/3942/3529 3526/3943/3530 3524/3941/3528
f 3524/3941/3528 3526/3943/3530 3527/3944/3531 3528/3945/3532
f 3524/3941/3528 3528/3945/3532 3412/3827/3416 3411/3826/3415
f 3527/3944/3531 3529/3946/3533 3530/3947/3534 3528/3945/3532
f 3528/3945/3532 3530/3947/3534 3413/3828/3417 3412/3827/3416
f 3530/3947/3534 3529/3946/3533 3531/3948/3535 3419/3834/3423
f 3530/3947/3534 3419/3834/3423 3415/3830/3419 3413/3828/3417
f 3529/3946/3533 3532/3949/3536 3533/3950/3537 3531/3948/3535
f 3531/3948/3535 3533/3950/3537 3534/3951/3538 3422/3837/3426
f 3422/3837/3426 3420/3835/3424 3419/3834/3423 3531/3948/3535
f 3534/3951/3538 3533/3950/3537 3535/3952/3539 3536/3953/3540
f 3536/3953/3540 3537/3954/3541 3425/3840/3429 3534/3951/3538
f 3425/3840/3429 3423/3838/3427 3422/3837/3426 3534/3951/3538
f 3537/3954/3541 3536/3953/3540 3538/3955/3542 3539/3956/3543
f 3539/3956/3543 3540/3957/3544 3428/3843/3432 3537/3954/3541
f 3537/3954/3541 3428/3843/3432 3426/3841/3430 3425/3840/3429
f 3540/3957/3544 3539/3956/3543 3541/3958/3545 3542/3959/3546
f 3542/3959/3546 3543/3960/3547 3544/3961/3548 3540/3957/3544
f 3540/3957/3544 3544/3961/3548 3429/3844/3433 3428/3843/3432
f 3543/3960/3547 3545/3962/3549 3546/3963/3550 3544/3961/3548
f 3544/3961/3548 3546/3963/3550 3430/3845/3434 3429/3844/3433
f 3545/3962/3549 3547/3964/3551 3548/3965/3552 3546/3963/3550
f 3546/3963/3550 3548/3965/3552 3432/3847/3436 3430/3845/3434
f 3547/3964/3551 3549/3966/3553 3550/3967/3554 3548/3965/3552
f 3548/3965/3552 3550/3967/3554 3551/3968/3555 3432/3847/3436
f 3435/3850/3439 3433/3848/3437 3432/3847/3436 3551/3968/3555
f 3550/3967/3554 3552/3969/3556 3553/3970/3557 3551/3968/3555
f 3551/3968/3555 3553/3970/3557 3437/3852/3441 3435/3850/3439
f 3552/3969/3556 3554/3971/3558 3555/3972/3559 3553/3970/3557
f 3553/3970/3557 3555/3972/3559 3556/3973/3560 3437/3852/3441
f 3441/3856/3445 3438/3853/3442 3437/3852/3441 3556/3973/3560
f 3555/3972/3559 3557/3974/3561 3558/3975/3562 3556/3973/3560
f 3556/3973/3560 3558/3975/3562 3445/3860/3449 3441/3856/3445
f 3557/3974/3561 3559/3976/3563 3560/3977/3564 3558/3975/3562
f 3558/3975/3562 3560/3977/3564 3446/3861/3450 3445/3860/3449
f 3559/3976/3563 3561/3978/3565 3562/3979/3566 3560/3977/3564
f 3560/3977/3564 3562/3979/3566 3448/3863/3452 3446/3861/3450
f 3561/3978/3565 3563/3980/3567 3564/3981/3568 3562/3979/3566
f 3564/3981/3568 3450/3865/3454 3448/3863/3452 3562/3979/3566
f 3563/3982/3567 3565/3983/3569 3566/3984/3570 3564/3985/3568
f 3566/3984/3570 3452/3869/3456 3450/3868/3454 3564/3985/3568
f 3565/3983/3569 3567/3986/3571 3568/3987/3572 3566/3984/3570
f 3568/3987/3572 3454/3871/3458 3452/3869/3456 3566/3984/3570
f 3567/3986/3571 3569/3988/3573 3570/3989/3574 3568/3987/3572
f 3570/3989/3574 3456/3873/3460 3454/3871/3458 3568/3987/3572
f 3569/3988/3573 3571/3990/3575 3572/3991/3576 3570/3989/3574
f 3572/3991/3576 3458/3875/3462 3456/3873/3460 3570/3989/3574
f 3571/3990/3575 3573/3992/3577 3574/3993/3578 3572/3991/3576
f 3574/3993/3578 3460/3877/3464 3458/3875/3462 3572/3991/3576
f 3573/3992/3577 3575/3994/3579 3576/3995/3580 3574/3993/3578
f 3576/3995/3580 3462/3879/3466 3460/3877/3464 3574/3993/3578
f 3576/3995/3580 3575/3994/3579 3577/3996/3581 3578/3997/3582
f 3578/3997/3582 3464/3881/3468 3462/3879/3466 3576/3995/3580
f 3578/3997/3582 3577/3996/3581 3579/3998/3583 3580/3999/3584
f 3580/3999/3584 3581/4000/3585 3464/3881/3468 3578/3997/3582
f 3581/4000/3585 3467/3884/3471 3465/3882/3469 3464/3881/3468
f 3581/4000/3585 3580/3999/3584 3582/4001/3586 3583/4002/3587
f 3583/4002/3587 3469/3886/3473 3467/3884/3471 3581/4000/3585
f 3583/4002/3587 3582/4001/3586 3584/4003/3588 3585/4004/3589
f 3585/4004/3589 3471/3888/3475 3469/3886/3473 3583/4002/3587
f 3585/4004/3589 3584/4003/3588 3586/4005/3590 3587/4006/3591
f 3587/4006/3591 3588/4007/3592 3471/3888/3475 3585/4004/3589
f 3588/4007/3592 3474/3891/3478 3472/3889/3476 3471/3888/3475
f 3588/4007/3592 3587/4006/3591 3589/4008/3593 3590/4009/3594
f 3590/4009/3594 3591/4010/3595 3474/3891/3478 3588/4007/3592
f 3591/4010/3595 3477/3894/3481 3475/3892/3479 3474/3891/3478
f 3591/4010/3595 3590/4009/3594 3592/4011/3596 3593/4012/3597
f 3593/4012/3597 3594/4013/3598 3477/3894/3481 3591/4010/3595
f 3594/4013/3598 3480/3897/3484 3478/3895/3482 3477/3894/3481
f 3594/4013/3598 3593/4012/3597 3595/4014/3599 3596/4015/3600
f 3596/4015/3600 3597/4016/3601 3480/3897/3484 3594/4013/3598
f 3597/4016/3601 3483/3900/3487 3481/3898/3485 3480/3897/3484
f 3597/4016/3601 3596/4015/3600 3598/4017/3602 3599/4018/3603
f 3599/4018/3603 3485/3902/3489 3483/3900/3487 3597/4016/3601
f 3599/4018/3603 3598/4017/3602 3600/4019/3604 3601/4020/3605
f 3601/4020/3605 3487/3904/3491 3485/3902/3489 3599/4018/3603
f 3601/4020/3605 3600/4019/3604 3602/4021/3606 3603/4022/3607
f 3603/4022/3607 3489/3906/3493 3487/3904/3491 3601/4020/3605
f 3603/4022/3607 3602/4021/3606 3604/4023/3608 3605/4024/3609
f 3605/4024/3609 3491/3908/3495 3489/3906/3493 3603/4022/3607
f 3605/4024/3609 3604/4023/3608 3606/4025/3610 3607/4026/3611
f 3607/4026/3611 3493/3910/3497 3491/3908/3495 3605/4024/3609
f 3607/4026/3611 3606/4025/3610 301/322/301 3608/4027/3612
f 3608/4027/3612 3495/3912/3499 3493/3910/3497 3607/4026/3611
f 301/322/301 299/320/299 3501/3918/3505 3608/4027/3612
f 3608/4027/3612 3501/3918/3505 3497/3914/3501 3495/3912/3499
f 3604/4023/3608 3609/4028/3613 3610/4029/3614 3606/4025/3610
f 3606/4025/3610 3610/4029/3614 302/323/302 301/322/301
f 3609/4028/3613 3611/4030/3615 3612/4031/3616 3610/4029/3614
f 3610/4029/3614 3612/4031/3616 3613/4032/3617 302/323/302
f 3612/4031/3616 3614/4033/3618 3615/4034/3619 3613/4032/3617
f 3613/4032/3617 3615/4034/3619 3616/4035/3620 3617/4036/3621
f 3617/4036/3621 300/321/300 302/323/302 3613/4032/3617
f 3616/4035/3620 3618/4037/3622 3619/4038/3623 3617/4036/3621
f 3617/4036/3621 3619/4038/3623 303/324/303 300/321/300
f 3618/4037/3622 3620/4039/3624 3621/4040/3625 3619/4038/3623
f 3619/4038/3623 3621/4040/3625 3622/4041/3626 303/324/303
f 3623/4042/3627 304/325/304 303/324/303 3622/4041/3626
f 3621/4040/3625 3624/4043/3628 375/406/375 3622/4041/3626
f 3622/4041/3626 375/406/375 371/402/371 3623/4042/3627
f 3624/4043/3628 3621/4040/3625 3620/4039/3624 3625/4044/3629
f 3625/4044/3629 3626/4045/3630 3627/4046/3631 3624/4043/3628
f 3624/4043/3628 3627/4046/3631 373/404/373 375/406/375
f 3626/4045/3630 3628/4047/3632 3629/4048/3633 3627/4046/3631
f 3627/4046/3631 3629/4048/3633 374/405/374 373/404/373
f 3628/4047/3632 3630/4049/3634 3631/4050/3635 3629/4048/3633
f 3629/4048/3633 3631/4050/3635 3632/4051/3636 374/405/374
f 3633/4052/3637 369/400/369 374/405/374 3632/4051/3636
f 3631/4050/3635 3634/4053/3638 3635/4054/3639 3632/4051/3636
f 3632/4051/3636 3635/4054/3639 3636/4055/3640 3633/4052/3637
f 3513/3930/3517 3637/4056/3641 3633/4052/3637 3636/4055/3640
f 3636/4055/3640 3635/4054/3639 3638/4057/3642 3639/4058/3643
f 3636/4055/3640 3639/4058/3643 3514/3931/3518 3513/3930/3517
f 3639/4058/3643 3638/4057/3642 3640/4059/3644 3641/4060/3645
f 3641/4060/3645 3515/3932/3519 3514/3931/3518 3639/4058/3643
f 3641/4060/3645 3640/4059/3644 3642/4061/3646 3643/4062/3647
f 3643/4062/3647 3517/3934/3521 3515/3932/3519 3641/4060/3645
f 3643/4062/3647 3642/4061/3646 3644/4063/3648 3522/3939/3526
f 3522/3939/3526 3519/3936/3523 3517/3934/3521 3643/4062/3647
f 3642/4061/3646 3645/4064/3649 3646/4065/3650 3644/4063/3648
f 3644/4063/3648 3646/4065/3650 3647/4066/3651 3525/3942/3529
f 3525/3942/3529 3523/3940/3527 3522/3939/3526 3644/4063/3648
f 3646/4065/3650 3648/4067/3652 3649/4068/3653 3647/4066/3651
f 3647/4066/3651 3649/4068/3653 3650/4069/3654 3651/4070/3655
f 3651/4070/3655 3526/3943/3530 3525/3942/3529 3647/4066/3651
f 3651/4070/3655 3650/4069/3654 3652/4071/3656 3653/4072/3657
f 3653/4072/3657 3527/3944/3531 3526/3943/3530 3651/4070/3655
f 3652/4071/3656 3654/4073/3658 3532/3949/3536 3653/4072/3657
f 3653/4072/3657 3532/3949/3536 3529/3946/3533 3527/3944/3531
f 3652/4071/3656 3655/4074/3659 3656/4075/3660 3654/4073/3658
f 3656/4075/3660 3657/4076/3661 3535/3952/3539 3654/4073/3658
f 3654/4073/3658 3535/3952/3539 3533/3950/3537 3532/3949/3536
f 3657/4076/3661 3656/4075/3660 587/627/590 3658/4077/3662
f 3658/4077/3662 3659/4078/3663 3538/3955/3542 3657/4076/3661
f 3657/4076/3661 3538/3955/3542 3536/3953/3540 3535/3952/3539
f 3659/4078/3663 3658/4077/3662 3660/4079/3664 637/677/640
f 637/677/640 636/676/639 3541/3958/3545 3659/4078/3663
f 3659/4078/3663 3541/3958/3545 3539/3956/3543 3538/3955/3542
f 3658/4077/3662 587/627/590 586/626/589 3660/4079/3664
f 3660/4079/3664 586/626/589 588/628/591 3661/4080/3665
f 3661/4080/3665 638/678/641 637/677/640 3660/4079/3664
f 3661/4080/3665 3662/4081/3666 639/679/642 638/678/641
f 588/628/591 3663/4082/3667 3662/4081/3666 3661/4080/3665
f 3663/4082/3667 3664/4083/3668 3665/4084/3669 3662/4081/3666
f 3663/4082/3667 588/628/591 585/625/588 3666/4085/3670
f 3666/4085/3670 3667/4086/3671 3664/4083/3668 3663/4082/3667
f 3667/4086/3671 3668/4087/3672 3669/4088/3673 3664/4083/3668
f 3667/4086/3671 3666/4085/3670 3670/4089/3674 3671/4090/3675
f 3671/4090/3675 3672/4091/3676 3668/4087/3672 3667/4086/3671
f 3672/4091/3676 3673/4092/3677 3674/4093/3678 578/618/581
f 3672/4091/3676 578/618/581 580/620/583 3668/4087/3672
f 3671/4090/3675 3675/4094/3679 3673/4092/3677 3672/4091/3676
f 3675/4094/3679 3648/4067/3652 3676/4095/3680 3673/4092/3677
f 3675/4094/3679 3671/4090/3675 3670/4089/3674 3677/4096/3681
f 3677/4096/3681 3649/4068/3653 3648/4067/3652 3675/4094/3679
f 3677/4096/3681 3670/4089/3674 584/624/587 3678/4097/3682
f 3678/4097/3682 3650/4069/3654 3649/4068/3653 3677/4096/3681
f 3678/4097/3682 584/624/587 583/623/586 3655/4074/3659
f 3655/4074/3659 3652/4071/3656 3650/4069/3654 3678/4097/3682
f 3676/4095/3680 3645/4064/3649 3679/4098/3683 3680/4099/3684
f 3680/4099/3684 3674/4093/3678 3673/4092/3677 3676/4095/3680
f 3648/4067/3652 3646/4065/3650 3645/4064/3649 3676/4095/3680
f 3680/4099/3684 3679/4098/3683 3681/4100/3685 3682/4101/3686
f 3682/4101/3686 3683/4102/3687 3674/4093/3678 3680/4099/3684
f 3682/4101/3686 3684/4103/3688 3685/4104/3689 3683/4102/3687
f 3683/4102/3687 3685/4104/3689 3686/4105/3690 579/619/582
f 579/619/582 578/618/581 3674/4093/3678 3683/4102/3687
f 3685/4104/3689 3687/4106/3691 3688/4107/3692 3686/4105/3690
f 3686/4105/3690 3688/4107/3692 3689/4108/3693 3690/4109/3694
f 3690/4109/3694 575/615/578 579/619/582 3686/4105/3690
f 3690/4109/3694 3689/4108/3693 3691/4110/3695 3692/4111/3696
f 3692/4111/3696 576/616/579 575/615/578 3690/4109/3694
f 3692/4111/3696 3691/4110/3695 3693/4112/3697 3694/4113/3698
f 3694/4113/3698 3695/4114/3699 576/616/579 3692/4111/3696
f 3695/4114/3699 3694/4113/3698 3696/4115/3700 3697/4116/3701
f 3697/4116/3701 3698/4117/3702 3699/4118/3703 3695/4114/3699
f 3695/4114/3699 3699/4118/3703 577/617/580 576/616/579
f 3698/4117/3702 3700/4119/3704 3701/4120/3705 3699/4118/3703
f 3699/4118/3703 3701/4120/3705 3702/4121/3706 577/617/580
f 3702/4121/3706 3701/4120/3705 3703/4122/3707 3704/4123/3708
f 3704/4123/3708 3705/4124/3709 3706/4125/3710 3702/4121/3706
f 3702/4121/3706 3706/4125/3710 580/620/583 577/617/580
f 3705/4124/3709 3707/4126/3711 3669/4088/3673 3706/4125/3710
f 3706/4125/3710 3669/4088/3673 3668/4087/3672 580/620/583
f 3707/4126/3711 3705/4124/3709 682/724/685 3708/4127/3712
f 3708/4127/3712 3709/4128/3713 3665/4084/3669 3707/4126/3711
f 3707/4126/3711 3665/4084/3669 3664/4083/3668 3669/4088/3673
f 3708/4127/3712 3710/4129/3714 3711/4130/3715 3709/4128/3713
f 3709/4128/3713 3711/4130/3715 640/680/643 639/679/642
f 3709/4128/3713 639/679/642 3662/4081/3666 3665/4084/3669
f 3712/4131/3716 641/681/644 640/680/643 3711/4130/3715
f 3711/4130/3715 3710/4129/3714 3713/4132/3717 3712/4131/3716
f 3545/3962/3549 3543/3960/3547 3712/4131/3716 3713/4132/3717
f 3710/4129/3714 681/723/684 685/727/688 3713/4132/3717
f 3713/4132/3717 685/727/688 3547/3964/3551 3545/3962/3549
f 3543/3960/3547 3542/3959/3546 641/681/644 3712/4131/3716
f 3710/4129/3714 3708/4127/3712 682/724/685 681/723/684
f 3704/4123/3708 683/725/686 682/724/685 3705/4124/3709
f 3704/4123/3708 3703/4122/3707 3714/4133/3718 683/725/686
f 3714/4133/3718 3715/4134/3719 3716/4135/3720 3717/4136/3721
f 3717/4136/3721 687/729/690 683/725/686 3714/4133/3718
f 3703/4122/3707 3718/4137/3722 3715/4134/3719 3714/4133/3718
f 3718/4137/3722 3719/4138/3723 3720/4139/3724 3715/4134/3719
f 3703/4122/3707 3701/4120/3705 3700/4119/3704 3718/4137/3722
f 3700/4119/3704 3721/4140/3725 3719/4138/3723 3718/4137/3722
f 3721/4140/3725 3722/4141/3726 3723/4142/3727 3719/4138/3723
f 3700/4119/3704 3698/4117/3702 3724/4143/3728 3721/4140/3725
f 3721/4140/3725 3724/4143/3728 3725/4144/3729 3722/4141/3726
f 3726/4145/3730 3727/4146/3731 3722/4141/3726 3725/4144/3729
f 3724/4143/3728 3728/4147/3732 3729/4148/3733 3725/4144/3729
f 3725/4144/3729 3729/4148/3733 3730/4149/3734 3726/4145/3730
f 3729/4148/3733 3731/4150/3735 3732/4151/3736 3730/4149/3734
f 3733/4152/3737 3734/4153/3738 3723/4142/3727 3735/4154/3739
f 3735/4154/3739 3723/4142/3727 3722/4141/3726 3727/4146/3731
f 3733/4152/3737 3736/4155/3740 3737/4156/3741 3734/4153/3738
f 3734/4153/3738 3737/4156/3741 3738/4157/3742 3720/4139/3724
f 3734/4153/3738 3720/4139/3724 3719/4138/3723 3723/4142/3727
f 3716/4135/3720 3715/4134/3719 3720/4139/3724 3738/4157/3742
f 3737/4156/3741 3739/4158/3743 3740/4159/3744 3738/4157/3742
f 3738/4157/3742 3740/4159/3744 3741/4160/3745 3716/4135/3720
f 3742/4161/3746 3717/4136/3721 3716/4135/3720 3741/4160/3745
f 3740/4159/3744 3743/4162/3747 3744/4163/3748 3741/4160/3745
f 3741/4160/3745 3744/4163/3748 3745/4164/3749 3742/4161/3746
f 3746/4165/3750 3747/4166/3751 3742/4161/3746 3745/4164/3749
f 3744/4163/3748 3748/4167/3752 3749/4168/3753 3745/4164/3749
f 3745/4164/3749 3749/4168/3753 3750/4169/3754 3746/4165/3750
f 3751/4170/3755 3752/4171/3756 3746/4165/3750 3750/4169/3754
f 3749/4168/3753 3753/4172/3757 3754/4173/3758 3750/4169/3754
f 3750/4169/3754 3754/4173/3758 3755/4174/3759 3751/4170/3755
f 3756/4175/3760 3757/4176/3761 3751/4170/3755 3755/4174/3759
f 3754/4173/3758 3758/4177/3762 3759/4178/3763 3755/4174/3759
f 3755/4174/3759 3759/4178/3763 3760/4179/3764 3756/4175/3760
f 3761/4180/3765 3762/4181/3766 3756/4175/3760 3760/4179/3764
f 3759/4178/3763 3763/4182/3767 3764/4183/3768 3760/4179/3764
f 3760/4179/3764 3764/4183/3768 3765/4184/3769 3761/4180/3765
f 3563/3980/3567 3561/3978/3565 3761/4180/3765 3765/4184/3769
f 3764/4185/3768 3766/4186/3770 3767/4187/3771 3765/4188/3769
f 3765/4188/3769 3767/4187/3771 3565/3983/3569 3563/3982/3567
f 3766/4186/3770 3768/4189/3772 3769/4190/3773 3767/4187/3771
f 3767/4187/3771 3769/4190/3773 3567/3986/3571 3565/3983/3569
f 3768/4189/3772 3770/4191/3774 3771/4192/3775 3769/4190/3773
f 3769/4190/3773 3771/4192/3775 3569/3988/3573 3567/3986/3571
f 3770/4191/3774 3772/4193/3776 3773/4194/3777 3771/4192/3775
f 3771/4192/3775 3773/4194/3777 3571/3990/3575 3569/3988/3573
f 3772/4193/3776 3774/4195/3778 3775/4196/3779 3773/4194/3777
f 3773/4194/3777 3775/4196/3779 3573/3992/3577 3571/3990/3575
f 3774/4195/3778 599/639/602 3776/4197/3780 3775/4196/3779
f 3775/4196/3779 3776/4197/3780 3575/3994/3579 3573/3992/3577
f 599/639/602 598/638/601 3777/4198/3781 3776/4197/3780
f 3776/4197/3780 3777/4198/3781 3577/3996/3581 3575/3994/3579
f 598/638/601 604/644/607 3778/4199/3782 3777/4198/3781
f 3777/4198/3781 3778/4199/3782 3579/3998/3583 3577/3996/3581
f 604/644/607 3779/4200/3783 3780/4201/3784 3778/4199/3782
f 3780/4201/3784 3781/4202/3785 3579/3998/3583 3778/4199/3782
f 3781/4202/3785 3582/4001/3586 3580/3999/3584 3579/3998/3583
f 3781/4202/3785 3780/4201/3784 3782/4203/3786 3783/4204/3787
f 3783/4204/3787 3584/4003/3588 3582/4001/3586 3781/4202/3785
f 3783/4204/3787 3782/4203/3786 3784/4205/3788 3785/4206/3789
f 3785/4206/3789 3586/4005/3590 3584/4003/3588 3783/4204/3787
f 3785/4206/3789 3784/4205/3788 3786/4207/3790 3787/4208/3791
f 3787/4208/3791 3788/4209/3792 3586/4005/3590 3785/4206/3789
f 3788/4209/3792 3589/4008/3593 3587/4006/3591 3586/4005/3590
f 3788/4209/3792 3787/4208/3791 3789/4210/3793 3790/4211/3794
f 3790/4211/3794 3791/4212/3795 3589/4008/3593 3788/4209/3792
f 3791/4212/3795 3592/4011/3596 3590/4009/3594 3589/4008/3593
f 3791/4212/3795 3790/4211/3794 3792/4213/3796 3793/4214/3797
f 3793/4214/3797 3794/4215/3798 3592/4011/3596 3791/4212/3795
f 3794/4215/3798 3595/4014/3599 3593/4012/3597 3592/4011/3596
f 3794/4215/3798 3793/4214/3797 3795/4216/3799 3796/4217/3800
f 3796/4217/3800 3797/4218/3801 3595/4014/3599 3794/4215/3798
f 3797/4218/3801 3598/4017/3602 3596/4015/3600 3595/4014/3599
f 3797/4218/3801 3796/4217/3800 3798/4219/3802 3799/4220/3803
f 3799/4220/3803 3600/4019/3604 3598/4017/3602 3797/4218/3801
f 3799/4220/3803 3798/4219/3802 3800/4221/3804 3801/4222/3805
f 3801/4222/3805 3602/4021/3606 3600/4019/3604 3799/4220/3803
f 3801/4222/3805 3800/4221/3804 3611/4030/3615 3609/4028/3613
f 3609/4028/3613 3604/4023/3608 3602/4021/3606 3801/4222/3805
f 3798/4219/3802 3802/4223/3806 3803/4224/3807 3800/4221/3804
f 3800/4221/3804 3803/4224/3807 3804/4225/3808 3611/4030/3615
f 3803/4224/3807 3805/4226/3809 3806/4227/3810 3804/4225/3808
f 3804/4225/3808 3806/4227/3810 3807/4228/3811 3614/4033/3618
f 3614/4033/3618 3612/4031/3616 3611/4030/3615 3804/4225/3808
f 3806/4227/3810 3808/4229/3812 3809/4230/3813 3807/4228/3811
f 3807/4228/3811 3809/4230/3813 446/480/449 3810/4231/3814
f 3810/4231/3814 3615/4034/3619 3614/4033/3618 3807/4228/3811
f 3810/4231/3814 446/480/449 447/481/450 3811/4232/3815
f 3811/4232/3815 3616/4035/3620 3615/4034/3619 3810/4231/3814
f 447/481/450 438/472/441 445/479/448 3811/4232/3815
f 445/479/448 3618/4037/3622 3616/4035/3620 3811/4232/3815
f 3808/4229/3812 3812/4233/3816 3813/4234/3817 3809/4230/3813
f 3809/4230/3813 3813/4234/3817 439/473/442 446/480/449
f 3813/4234/3817 3812/4233/3816 3814/4235/3818 3815/4236/3819
f 3815/4236/3819 440/474/443 439/473/442 3813/4234/3817
f 3815/4236/3819 3814/4235/3818 3816/4237/3820 3817/4238/3821
f 3817/4238/3821 3818/4239/3822 440/474/443 3815/4236/3819
f 3818/4239/3822 3817/4238/3821 3819/4240/3823 3820/4241/3824
f 3818/4239/3822 3820/4241/3824 3821/4242/3825 3822/4243/3826
f 3822/4243/3826 441/475/444 440/474/443 3818/4239/3822
f 3822/4243/3826 3821/4242/3825 3823/4244/3827 3824/4245/3828
f 3824/4245/3828 442/476/445 441/475/444 3822/4243/3826
f 3823/4244/3827 3825/4246/3829 3826/4247/3830 3824/4245/3828
f 3824/4245/3828 3826/4247/3830 3827/4248/3831 442/476/445
f 3827/4248/3831 3828/4249/3832 443/477/446 442/476/445
f 3826/4247/3830 3829/4250/3833 3830/4251/3834 3827/4248/3831
f 3827/4248/3831 3830/4251/3834 3831/4252/3835 3828/4249/3832
f 3628/4047/3632 3626/4045/3630 3828/4249/3832 3831/4252/3835
f 3830/4251/3834 3688/4107/3692 3687/4106/3691 3831/4252/3835
f 3831/4252/3835 3687/4106/3691 3630/4049/3634 3628/4047/3632
f 3829/4250/3833 3689/4108/3693 3688/4107/3692 3830/4251/3834
f 3829/4250/3833 3826/4247/3830 3825/4246/3829 3832/4253/3836
f 3832/4253/3836 3691/4110/3695 3689/4108/3693 3829/4250/3833
f 3832/4253/3836 3825/4246/3829 3833/4254/3837 3834/4255/3838
f 3834/4255/3838 3693/4112/3697 3691/4110/3695 3832/4253/3836
f 3834/4255/3838 3833/4254/3837 3835/4256/3839 3836/4257/3840
f 3836/4257/3840 3837/4258/3841 3693/4112/3697 3834/4255/3838
f 3837/4258/3841 3836/4257/3840 3838/4259/3842 3839/4260/3843
f 3839/4260/3843 3840/4261/3844 3696/4115/3700 3837/4258/3841
f 3837/4258/3841 3696/4115/3700 3694/4113/3698 3693/4112/3697
f 3840/4261/3844 3839/4260/3843 3841/4262/3845 3731/4150/3735
f 3731/4150/3735 3729/4148/3733 3728/4147/3732 3840/4261/3844
f 3840/4261/3844 3728/4147/3732 3697/4116/3701 3696/4115/3700
f 3839/4260/3843 3838/4259/3842 3842/4263/3846 3841/4262/3845
f 3841/4262/3845 3842/4263/3846 3843/4264/3847 3844/4265/3848
f 3844/4265/3848 3732/4151/3736 3731/4150/3735 3841/4262/3845
f 3739/4158/3743 3737/4156/3741 3736/4155/3740 3845/4266/3849
f 3845/4266/3849 3846/4267/3850 3847/4268/3851 3739/4158/3743
f 3743/4162/3747 3740/4159/3744 3739/4158/3743 3847/4268/3851
f 3846/4267/3850 679/721/682 678/720/681 3847/4268/3851
f 3847/4268/3851 678/720/681 3848/4269/3852 3743/4162/3747
f 3748/4167/3752 3744/4163/3748 3743/4162/3747 3848/4269/3852
f 678/720/681 677/719/680 693/735/696 3848/4269/3852
f 3848/4269/3852 693/735/696 692/734/695 3748/4167/3752
f 3849/4270/3853 3850/4271/3854 3851/4272/3855 3852/4273/3856
f 3849/4270/3853 3853/4274/3857 3854/4275/3858 3850/4271/3854
f 3855/4276/3859 3856/4277/3860 3850/4271/3854 3854/4275/3858
f 3853/4274/3857 3857/4278/3861 3858/4279/3862 3854/4275/3858
f 3854/4275/3858 3858/4279/3862 3859/4280/3863 3855/4276/3859
f 3860/4281/3864 3861/4282/3865 3855/4276/3859 3859/4280/3863
f 3859/4280/3863 3858/4279/3862 3862/4283/3866 3863/4284/3867
f 3863/4284/3867 3864/4285/3868 3860/4281/3864 3859/4280/3863
f 3865/4286/3869 3866/4287/3870 3860/4281/3864 3864/4285/3868
f 3863/4284/3867 3867/4288/3871 3868/4289/3872 3864/4285/3868
f 3864/4285/3868 3868/4289/3872 3869/4290/3873 3865/4286/3869
f 3819/4240/3823 3870/4291/3874 3865/4286/3869 3869/4290/3873
f 3868/4289/3872 3871/4292/3875 3872/4293/3876 3869/4290/3873
f 3869/4290/3873 3872/4293/3876 3820/4241/3824 3819/4240/3823
f 3871/4292/3875 3873/4294/3877 3874/4295/3878 3872/4293/3876
f 3872/4293/3876 3874/4295/3878 3821/4242/3825 3820/4241/3824
f 3874/4295/3878 3873/4294/3877 3875/4296/3879 3876/4297/3880
f 3876/4297/3880 3823/4244/3827 3821/4242/3825 3874/4295/3878
f 3875/4296/3879 3835/4256/3839 3833/4254/3837 3876/4297/3880
f 3876/4297/3880 3833/4254/3837 3825/4246/3829 3823/4244/3827
f 3873/4294/3877 3877/4298/3881 3878/4299/3882 3875/4296/3879
f 3878/4299/3882 3879/4300/3883 3835/4256/3839 3875/4296/3879
f 3879/4300/3883 3878/4299/3882 3880/4301/3884 3881/4302/3885
f 3881/4302/3885 3842/4263/3846 3838/4259/3842 3879/4300/3883
f 3879/4300/3883 3838/4259/3842 3836/4257/3840 3835/4256/3839
f 3881/4302/3885 3880/4301/3884 3882/4303/3886 3883/4304/3887
f 3883/4304/3887 3843/4264/3847 3842/4263/3846 3881/4302/3885
f 3862/4283/3866 3858/4279/3862 3857/4278/3861 3884/4305/3888
f 3884/4305/3888 3885/4306/3889 3886/4307/3890 3862/4283/3866
f 3867/4288/3871 3863/4284/3867 3862/4283/3866 3886/4307/3890
f 3885/4306/3889 3887/4308/3891 3888/4309/3892 3886/4307/3890
f 3886/4307/3890 3888/4309/3892 3889/4310/3893 3867/4288/3871
f 3871/4292/3875 3868/4289/3872 3867/4288/3871 3889/4310/3893
f 3888/4309/3892 3890/4311/3894 3877/4298/3881 3889/4310/3893
f 3877/4298/3881 3873/4294/3877 3871/4292/3875 3889/4310/3893
f 3890/4311/3894 3888/4309/3892 3887/4308/3891 3891/4312/3895
f 3890/4311/3894 3891/4312/3895 3882/4303/3886 3880/4301/3884
f 3880/4301/3884 3878/4299/3882 3877/4298/3881 3890/4311/3894
f 3816/4237/3820 3892/4313/3896 3893/4314/3897 3870/4291/3874
f 3893/4314/3897 3866/4287/3870 3865/4286/3869 3870/4291/3874
f 3870/4291/3874 3819/4240/3823 3817/4238/3821 3816/4237/3820
f 3892/4313/3896 3894/4315/3898 3895/4316/3899 3893/4314/3897
f 3893/4314/3897 3895/4316/3899 3896/4317/3900 3866/4287/3870
f 3895/4316/3899 3897/4318/3901 3898/4319/3902 3896/4317/3900
f 3896/4317/3900 3898/4319/3902 3899/4320/3903 3861/4282/3865
f 3861/4282/3865 3860/4281/3864 3866/4287/3870 3896/4317/3900
f 3899/4320/3903 3898/4319/3902 3900/4321/3904 3901/4322/3905
f 3901/4322/3905 3902/4323/3906 3856/4277/3860 3899/4320/3903
f 3856/4277/3860 3855/4276/3859 3861/4282/3865 3899/4320/3903
f 3902/4323/3906 3901/4322/3905 3903/4324/3907 3904/4325/3908
f 3904/4325/3908 3905/4326/3909 3851/4272/3855 3902/4323/3906
f 3902/4323/3906 3851/4272/3855 3850/4271/3854 3856/4277/3860
f 3905/4326/3909 3904/4325/3908 3906/4327/3910 3907/4328/3911
f 3907/4328/3911 3908/4329/3912 3909/4330/3913 3905/4326/3909
f 3905/4326/3909 3909/4330/3913 3852/4273/3856 3851/4272/3855
f 3908/4329/3912 3907/4328/3911 652/692/655 3910/4331/3914
f 3910/4331/3914 652/692/655 651/691/654 689/4332/692
f 3907/4328/3911 3906/4327/3910 648/688/651 652/692/655
f 3906/4327/3910 3911/4333/3915 649/689/652 648/688/651
f 3904/4325/3908 3903/4324/3907 3911/4333/3915 3906/4327/3910
f 3911/4333/3915 3912/4334/3916 3913/4335/3917 649/689/652
f 3903/4324/3907 3914/4336/3918 3912/4334/3916 3911/4333/3915
f 3914/4336/3918 3915/4337/3919 3916/4338/3920 3912/4334/3916
f 3914/4336/3918 3903/4324/3907 3901/4322/3905 3900/4321/3904
f 3900/4321/3904 3917/4339/3921 3915/4337/3919 3914/4336/3918
f 3917/4339/3921 3918/4340/3922 3919/4341/3923 3915/4337/3919
f 3917/4339/3921 3900/4321/3904 3898/4319/3902 3897/4318/3901
f 3917/4339/3921 3897/4318/3901 3920/4342/3924 3918/4340/3922
f 3921/4343/3925 3922/4344/3926 3918/4340/3922 3920/4342/3924
f 3897/4318/3901 3895/4316/3899 3894/4315/3898 3920/4342/3924
f 3920/4342/3924 3894/4315/3898 3923/4345/3927 3921/4343/3925
f 3923/4345/3927 3924/4346/3928 3925/4347/3929 3921/4343/3925
f 3923/4345/3927 3894/4315/3898 3892/4313/3896 3926/4348/3930
f 3926/4348/3930 3927/4349/3931 3924/4346/3928 3923/4345/3927
f 3927/4349/3931 3928/4350/3932 3929/4351/3933 3924/4346/3928
f 3927/4349/3931 3926/4348/3930 3814/4235/3818 3812/4233/3816
f 3812/4233/3816 3808/4229/3812 3928/4350/3932 3927/4349/3931
f 3929/4351/3933 3930/4352/3934 3931/4353/3935 3932/4354/3936
f 3932/4354/3936 3925/4347/3929 3924/4346/3928 3929/4351/3933
f 3928/4350/3932 3805/4226/3809 3930/4352/3934 3929/4351/3933
f 3932/4354/3936 3931/4353/3935 3792/4213/3796 3933/4355/3937
f 3933/4355/3937 3934/4356/3938 3925/4347/3929 3932/4354/3936
f 3933/4355/3937 3789/4210/3793 3935/4357/3939 3934/4356/3938
f 3934/4356/3938 3935/4357/3939 3936/4358/3940 3922/4344/3926
f 3922/4344/3926 3921/4343/3925 3925/4347/3929 3934/4356/3938
f 3936/4358/3940 3935/4357/3939 3786/4207/3790 3937/4359/3941
f 3937/4359/3941 3938/4360/3942 3919/4341/3923 3936/4358/3940
f 3936/4358/3940 3919/4341/3923 3918/4340/3922 3922/4344/3926
f 3938/4360/3942 3937/4359/3941 3939/4361/3943 3940/4362/3944
f 3940/4362/3944 3941/4363/3945 3916/4338/3920 3938/4360/3942
f 3938/4360/3942 3916/4338/3920 3915/4337/3919 3919/4341/3923
f 3941/4363/3945 3940/4362/3944 3942/4364/3946 3943/4365/3947
f 3943/4365/3947 3944/4366/3948 3913/4335/3917 3941/4363/3945
f 3941/4363/3945 3913/4335/3917 3912/4334/3916 3916/4338/3920
f 3944/4366/3948 3943/4365/3947 3945/4367/3949 3946/4368/3950
f 3946/4368/3950 644/684/647 643/683/646 3944/4366/3948
f 3944/4366/3948 643/683/646 649/689/652 3913/4335/3917
f 3946/4368/3950 3945/4367/3949 602/642/605 3947/4369/3951
f 3947/4369/3951 3948/4370/3952 644/684/647 3946/4368/3950
f 3949/4371/3953 3950/4372/3954 3951/4373/3955 3948/4370/3952
f 3948/4370/3952 3951/4373/3955 645/685/648 644/684/647
f 3948/4370/3952 3947/4369/3951 3952/4374/3956 3949/4371/3953
f 3774/4195/3778 3772/4193/3776 3949/4371/3953 3952/4374/3956
f 3947/4369/3951 602/642/605 600/640/603 3952/4374/3956
f 3952/4374/3956 600/640/603 599/639/602 3774/4195/3778
f 3950/4372/3954 3953/4375/3957 3954/4376/3958 3951/4373/3955
f 3951/4373/3955 3954/4376/3958 646/686/649 645/685/648
f 3953/4375/3957 3955/4377/3959 3956/4378/3960 3954/4376/3958
f 3954/4376/3958 3956/4378/3960 657/697/660 646/686/649
f 3955/4377/3959 3763/4379/3767 3957/4380/3961 3956/4378/3960
f 3956/4378/3960 3957/4380/3961 3958/4381/3962 657/697/660
f 3957/4382/3961 3758/4177/3762 3959/4383/3963 3958/4384/3962
f 3958/4384/3962 3959/4383/3963 691/733/694 690/732/693
f 690/4385/693 650/690/653 657/697/660 3958/4381/3962
f 3758/4177/3762 3754/4173/3758 3753/4172/3757 3959/4383/3963
f 3959/4383/3963 3753/4172/3757 692/734/695 691/733/694
f 3763/4182/3767 3759/4178/3763 3758/4177/3762 3957/4382/3961
f 3766/4186/3770 3764/4185/3768 3763/4379/3767 3955/4377/3959
f 3955/4377/3959 3953/4375/3957 3768/4189/3772 3766/4186/3770
f 3953/4375/3957 3950/4372/3954 3770/4191/3774 3768/4189/3772
f 3950/4372/3954 3949/4371/3953 3772/4193/3776 3770/4191/3774
f 3960/4386/3964 603/643/606 602/642/605 3945/4367/3949
f 3943/4365/3947 3942/4364/3946 3960/4386/3964 3945/4367/3949
f 3779/4200/3783 604/644/607 603/643/606 3960/4386/3964
f 3960/4386/3964 3942/4364/3946 3961/4387/3965 3779/4200/3783
f 3782/4203/3786 3780/4201/3784 3779/4200/3783 3961/4387/3965
f 3961/4387/3965 3942/4364/3946 3940/4362/3944 3939/4361/3943
f 3939/4361/3943 3784/4205/3788 3782/4203/3786 3961/4387/3965
f 3937/4359/3941 3786/4207/3790 3784/4205/3788 3939/4361/3943
f 3789/4210/3793 3787/4208/3791 3786/4207/3790 3935/4357/3939
f 3933/4355/3937 3792/4213/3796 3790/4211/3794 3789/4210/3793
f 3931/4353/3935 3795/4216/3799 3793/4214/3797 3792/4213/3796
f 3930/4352/3934 3802/4223/3806 3795/4216/3799 3931/4353/3935
f 3805/4226/3809 3803/4224/3807 3802/4223/3806 3930/4352/3934
f 3808/4229/3812 3806/4227/3810 3805/4226/3809 3928/4350/3932
f 3926/4348/3930 3892/4313/3896 3816/4237/3820 3814/4235/3818
f 3828/4249/3832 3626/4045/3630 3625/4044/3629 443/477/446
f 3802/4223/3806 3798/4219/3802 3796/4217/3800 3795/4216/3799
f 3559/3976/3563 3557/3974/3561 3962/4388/3966 3762/4181/3766
f 3762/4181/3766 3962/4388/3966 3757/4176/3761 3756/4175/3760
f 3762/4181/3766 3761/4180/3765 3561/3978/3565 3559/3976/3563
f 3557/3974/3561 3555/3972/3559 3554/3971/3558 3962/4388/3966
f 3962/4388/3966 3554/3971/3558 3963/4389/3967 3757/4176/3761
f 3554/3971/3558 3552/3969/3556 3964/4390/3968 3963/4389/3967
f 3963/4389/3967 3964/4390/3968 3965/4391/3969 3752/4171/3756
f 3752/4171/3756 3751/4170/3755 3757/4176/3761 3963/4389/3967
f 3965/4391/3969 3964/4390/3968 3549/3966/3553 686/728/689
f 686/728/689 687/729/690 3747/4166/3751 3965/4391/3969
f 3747/4166/3751 3746/4165/3750 3752/4171/3756 3965/4391/3969
f 3552/3969/3556 3550/3967/3554 3549/3966/3553 3964/4390/3968
f 3753/4172/3757 3749/4168/3753 3748/4167/3752 692/734/695
f 3747/4166/3751 687/729/690 3717/4136/3721 3742/4161/3746
f 3728/4147/3732 3724/4143/3728 3698/4117/3702 3697/4116/3701
f 3687/4106/3691 3685/4104/3689 3684/4103/3688 3630/4049/3634
f 3634/4053/3638 3631/4050/3635 3630/4049/3634 3684/4103/3688
f 3684/4103/3688 3682/4101/3686 3681/4100/3685 3634/4053/3638
f 3681/4100/3685 3638/4057/3642 3635/4054/3639 3634/4053/3638
f 3679/4098/3683 3640/4059/3644 3638/4057/3642 3681/4100/3685
f 3645/4064/3649 3642/4061/3646 3640/4059/3644 3679/4098/3683
f 3666/4085/3670 585/625/588 584/624/587 3670/4089/3674
f 3656/4075/3660 3655/4074/3659 583/623/586 587/627/590
f 3510/3927/3514 3966/4392/3970 370/401/370 3637/4056/3641
f 3637/4056/3641 370/401/370 369/400/369 3633/4052/3637
f 3637/4056/3641 3513/3930/3517 3511/3928/3515 3510/3927/3514
f 3507/3924/3511 304/325/304 3623/4042/3627 3966/4392/3970
f 3966/4392/3970 3623/4042/3627 371/402/371 370/401/370
f 3966/4392/3970 3510/3927/3514 3508/3925/3512 3507/3924/3511
f 3620/4039/3624 444/478/447 443/477/446 3625/4044/3629
f 3618/4037/3622 445/479/448 444/478/447 3620/4039/3624
f 3549/3966/3553 3547/3964/3551 685/727/688 686/728/689
f 3542/3959/3546 3541/3958/3545 636/676/639 641/681/644
f 3504/3921/3508 297/318/297 304/325/304 3507/3924/3511
f 386/420/389 385/419/388 489/523/492 3440/3855/3444
f 3391/3806/3395 235/253/235 234/252/234 3392/3807/3396
f 3390/3805/3394 232/250/232 235/253/235 3391/3806/3395
f 3324/3737/3328 3322/3735/3326 484/518/487 483/517/486
f 3324/3737/3328 483/517/486 489/523/492 385/419/388
f 3308/3721/3312 244/262/244 246/264/246 3310/3723/3314
f 3305/3718/3309 3304/3717/3308 237/255/237 236/254/236
f 3300/3713/3304 3298/3711/3302 3297/3710/3301 3304/3717/3308
f 3119/3519/3123 3118/3518/3122 3967/4393/3971 3274/3687/3278
f 3967/4393/3971 3270/3683/3274 3269/3682/3273 3274/3687/3278
f 3274/3687/3278 3124/3524/3128 3121/3521/3125 3119/3519/3123
f 3118/3518/3122 3117/3517/3121 3968/4394/3972 3967/4393/3971
f 3968/4394/3972 3969/4395/3973 3270/3683/3274 3967/4393/3971
f 3969/4395/3973 3968/4394/3972 3970/4396/3974 3971/4397/3975
f 3971/4397/3975 3972/4398/3976 3265/3678/3269 3969/4395/3973
f 3969/4395/3973 3265/3678/3269 3264/3677/3268 3270/3683/3274
f 3972/4398/3976 3971/4397/3975 3973/4399/3977 3974/4400/3978
f 3974/4400/3978 230/248/230 3260/3673/3264 3972/4398/3976
f 3972/4398/3976 3260/3673/3264 3259/3672/3263 3265/3678/3269
f 3974/4400/3978 3973/4399/3977 275/296/275 274/295/274
f 274/295/274 226/244/226 230/248/230 3974/4400/3978
f 3973/4399/3977 3975/4401/3979 3976/4402/3980 275/296/275
f 3971/4397/3975 3970/4396/3974 3975/4401/3979 3973/4399/3977
f 3976/4402/3980 3977/4403/3981 3978/4404/3982 3979/4405/3983
f 3979/4405/3983 272/293/272 275/296/275 3976/4402/3980
f 3975/4401/3979 3980/4406/3984 3977/4403/3981 3976/4402/3980
f 3980/4406/3984 3981/4407/3985 3982/4408/3986 3977/4403/3981
f 3980/4406/3984 3975/4401/3979 3970/4396/3974 3983/4409/3987
f 3983/4409/3987 3114/3514/3118 3981/4407/3985 3980/4406/3984
f 3983/4409/3987 3970/4396/3974 3968/4394/3972 3117/3517/3121
f 3983/4409/3987 3117/3517/3121 3115/3515/3119 3114/3514/3118
f 3982/4408/3986 3000/3381/3004 2996/3377/3000 2995/3376/2999
f 2995/3376/2999 3978/4404/3982 3977/4403/3981 3982/4408/3986
f 3981/4407/3985 3984/4410/3988 3000/3381/3004 3982/4408/3986
f 3005/3388/3009 3001/3382/3005 3000/3381/3004 3984/4410/3988
f 3984/4410/3988 3981/4407/3985 3114/3514/3118 3112/3512/3116
f 3984/4410/3988 3112/3512/3116 3110/3510/3114 3005/3388/3009
f 3978/4404/3982 2990/3371/2994 3985/4411/3989 3979/4405/3983
f 3979/4405/3983 3985/4411/3989 269/290/269 272/293/272
f 2990/3371/2994 2987/3365/2991 2986/3364/2990 3985/4411/3989
f 3985/4411/3989 2986/3364/2990 326/350/326 269/290/269
f 3978/4404/3982 2995/3376/2999 2991/3372/2995 2990/3371/2994
f 230/248/230 229/247/229 3255/3668/3259 3260/3673/3264
f 3204/3615/3208 3154/3554/3158 3152/3552/3156 3151/3551/3155
f 3010/3509/3014 3006/3389/3010 3005/3388/3009 3110/3510/3114
f 3025/3409/3029 3021/3405/3025 3020/3404/3024 3106/3502/3110
f 3106/3502/3110 3105/3501/3109 3027/3411/3031 3025/3409/3029
f 3105/3501/3109 3094/3485/3098 3029/3413/3033 3027/3411/3031
f 3094/3485/3098 3091/3482/3095 3031/3415/3035 3029/3413/3033
f 3039/3423/3043 553/593/556 3986/4412/3990 545/585/548
f 545/585/548 544/584/547 3034/3418/3038 3039/3423/3043
f 3038/3422/3042 546/586/549 553/593/556 3039/3423/3043
f 3986/4412/3990 553/593/556 552/592/555 3987/4413/3991
f 3987/4413/3991 3988/4414/3992 3989/4415/3993 3986/4412/3990
f 3989/4415/3993 540/580/543 545/585/548 3986/4412/3990
f 3988/4414/3992 3024/3408/3028 3023/3407/3027 3989/4415/3993
f 3023/3407/3027 541/581/544 540/580/543 3989/4415/3993
f 3988/4414/3992 3987/4413/3991 3990/4416/3994 3991/4417/3995
f 3991/4417/3995 3992/4418/3996 3024/3408/3028 3988/4414/3992
f 3992/4418/3996 3991/4417/3995 3993/4419/3997 3994/4420/3998
f 3994/4420/3998 3995/4421/3999 3019/3403/3023 3992/4418/3996
f 3992/4418/3996 3019/3403/3023 3018/3402/3022 3024/3408/3028
f 3995/4421/3999 3994/4420/3998 3996/4422/4000 3997/4423/4001
f 3997/4423/4001 3998/4424/4002 3014/3398/3018 3995/4421/3999
f 3995/4421/3999 3014/3398/3018 3013/3397/3017 3019/3403/3023
f 3997/4423/4001 3999/4425/4003 4000/4426/4004 3998/4424/4002
f 3998/4424/4002 4000/4426/4004 4001/4427/4005 3009/3393/3013
f 3009/3393/3013 3008/3392/3012 3014/3398/3018 3998/4424/4002
f 4000/4426/4004 4002/4428/4006 4003/4429/4007 4001/4427/4005
f 4001/4427/4005 4003/4429/4007 4004/4430/4008 3004/3385/3008
f 3004/3385/3008 3003/3384/3007 3009/3393/3013 4001/4427/4005
f 4003/4429/4007 4005/4431/4009 4006/4432/4010 4004/4430/4008
f 4004/4430/4008 4006/4432/4010 4007/4433/4011 2999/4434/3003
f 2999/4434/3003 2998/3386/3002 3004/3385/3008 4004/4430/4008
f 4006/4432/4010 4008/4435/4012 4009/4436/4013 4007/4433/4011
f 4007/4437/4011 4009/4438/4013 391/4439/394 2994/3375/2998
f 2994/3375/2998 2993/3374/2997 2999/3380/3003 4007/4437/4011
f 4008/4440/4012 4010/4441/4014 4011/4442/4015 4009/4443/4013
f 4009/4444/4013 4011/4445/4015 392/426/395 391/425/394
f 4010/4441/4014 4012/4446/4016 4013/4447/4017 4011/4442/4015
f 4011/4445/4015 4013/4448/4017 4014/4449/4018 392/426/395
f 4014/4449/4018 4013/4448/4017 4015/4450/4019 504/541/507
f 504/541/507 482/516/485 395/429/398 4014/4449/4018
f 395/429/398 390/424/393 392/426/395 4014/4449/4018
f 4015/4451/4019 1669/1841/1673 1665/1837/1669 1664/1836/1668
f 1664/4452/1668 505/542/508 504/541/507 4015/4450/4019
f 4013/4447/4017 4012/4446/4016 1669/1841/1673 4015/4451/4019
f 4012/4446/4016 1674/1846/1678 1670/1842/1674 1669/1841/1673
f 4010/4441/4014 4016/4453/4020 1674/1846/1678 4012/4446/4016
f 4016/4453/4020 1679/1851/1683 1675/1847/1679 1674/1846/1678
f 4010/4441/4014 4008/4440/4012 4017/4454/4021 4016/4453/4020
f 4017/4454/4021 4018/4455/4022 1679/1851/1683 4016/4453/4020
f 1684/1856/1688 1680/1852/1684 1679/1851/1683 4018/4455/4022
f 4017/4456/4021 4005/4431/4009 4019/4457/4023 4018/4458/4022
f 4018/4458/4022 4019/4457/4023 4020/4459/4024 1684/4460/1688
f 1689/1862/1693 1685/1861/1689 1684/4460/1688 4020/4459/4024
f 4019/4457/4023 4002/4428/4006 4021/4461/4025 4020/4459/4024
f 4020/4459/4024 4021/4461/4025 4022/4462/4026 1689/1862/1693
f 1694/1869/1698 1690/1863/1694 1689/1862/1693 4022/4462/4026
f 4021/4461/4025 3999/4425/4003 4023/4463/4027 4022/4462/4026
f 4022/4462/4026 4023/4463/4027 4024/4464/4028 1694/1869/1698
f 1699/1874/1703 1695/1870/1699 1694/1869/1698 4024/4464/4028
f 4023/4463/4027 3996/4422/4000 4025/4465/4029 4024/4464/4028
f 4024/4464/4028 4025/4465/4029 4026/4466/4030 1699/1874/1703
f 1704/1879/1708 1700/1875/1704 1699/1874/1703 4026/4466/4030
f 4025/4465/4029 3993/4419/3997 4027/4467/4031 4026/4466/4030
f 4027/4467/4031 4028/4468/4032 1704/1879/1708 4026/4466/4030
f 4028/4468/4032 1709/1884/1713 1705/1880/1709 1704/1879/1708
f 4028/4468/4032 4027/4467/4031 3990/4416/3994 4029/4469/4033
f 4029/4469/4033 4030/4470/4034 1709/1884/1713 4028/4468/4032
f 4030/4470/4034 1714/1889/1718 1710/1885/1714 1709/1884/1713
f 4030/4470/4034 4029/4469/4033 552/592/555 549/589/552
f 4030/4470/4034 549/589/552 551/591/554 1714/1889/1718
f 4029/4469/4033 3990/4416/3994 3987/4413/3991 552/592/555
f 4027/4467/4031 3993/4419/3997 3991/4417/3995 3990/4416/3994
f 4025/4465/4029 3996/4422/4000 3994/4420/3998 3993/4419/3997
f 3999/4425/4003 3997/4423/4001 3996/4422/4000 4023/4463/4027
f 4002/4428/4006 4000/4426/4004 3999/4425/4003 4021/4461/4025
f 4005/4431/4009 4003/4429/4007 4002/4428/4006 4019/4457/4023
f 4008/4435/4012 4006/4432/4010 4005/4431/4009 4017/4456/4021
f 2994/3375/2998 391/4439/394 389/3370/392 2989/3369/2993
f 2986/3364/2990 2984/3363/2988 320/351/320 326/350/326
f 2984/3361/2988 2982/3359/2986 321/345/321 320/344/320
f 2936/3309/2940 2934/3308/2938 2928/3298/2932 2923/3291/2927
f 4031/4471/4035 138/147/138 137/146/137 2926/3294/2930
f 2926/3294/2930 132/3297/132 131/4472/131 4031/4471/4035
f 131/4472/131 2912/3280/2916 2911/3279/2915 4031/4471/4035
f 4031/4471/4035 2911/3279/2915 145/154/145 138/147/138
f 2912/4473/2916 131/140/131 130/139/130 129/138/129
f 2912/4473/2916 129/138/129 126/135/126 2907/3272/2911
f 2897/3262/2901 2896/3261/2900 149/158/149 2901/3266/2905
f 2900/3265/2904 2899/3264/2903 124/133/124 128/137/128
f 2892/3257/2896 162/174/162 161/173/161 2896/3261/2900
f 2896/3261/2900 161/173/161 150/159/150 149/158/149
f 2235/2500/2239 2233/2498/2237 2232/2497/2236 2876/3238/2880
f 2749/3081/2753 2239/2506/2243 2237/2504/2241 2866/3227/2870
f 2723/3050/2727 449/483/452 448/482/451 2727/3054/2731
f 2718/3045/2722 450/484/453 449/483/452 2719/3046/2723
f 2718/3045/2722 2714/3041/2718 2713/3040/2717 4032/4474/4036
f 4032/4474/4036 457/491/460 450/484/453 2718/3045/2722
f 4032/4474/4036 2713/3040/2717 564/604/567 4033/4475/4037
f 4033/4475/4037 4034/4476/4038 457/491/460 4032/4474/4036
f 4033/4475/4037 4035/4477/4039 4036/4478/4040 4034/4476/4038
f 4034/4476/4038 4036/4478/4040 528/565/531 4037/4479/4041
f 4037/4479/4041 455/489/458 457/491/460 4034/4476/4038
f 4037/4479/4041 528/565/531 526/563/529 2273/2543/2277
f 4037/4479/4041 2273/2543/2277 456/490/459 455/489/458
f 4035/4477/4039 4038/4480/4042 4039/4481/4043 4036/4478/4040
f 4036/4478/4040 4039/4481/4043 529/566/532 528/565/531
f 4038/4482/4042 4040/4483/4044 4041/4484/4045 4039/4485/4043
f 4039/4485/4043 4041/4484/4045 532/572/535 529/571/532
f 4040/4483/4044 4042/4486/4046 4043/4487/4047 4041/4484/4045
f 4041/4484/4045 4043/4487/4047 4044/4488/4048 532/572/535
f 4044/4488/4048 4043/4487/4047 4045/4489/4049 2330/2611/2334
f 2330/2611/2334 2328/2609/2332 2327/2608/2331 4044/4488/4048
f 2327/2608/2331 533/573/536 532/572/535 4044/4488/4048
f 4043/4487/4047 4042/4486/4046 4046/4490/4050 4045/4489/4049
f 4045/4489/4049 4046/4490/4050 2337/2623/2341 2333/2614/2337
f 2333/2614/2337 2331/2612/2335 2330/2611/2334 4045/4489/4049
f 4042/4491/4046 4047/4492/4051 4048/4493/4052 4046/4494/4050
f 4046/4494/4050 4048/4493/4052 2338/2620/2342 2337/2619/2341
f 4047/4492/4051 573/613/576 4049/4495/4053 4048/4493/4052
f 4048/4493/4052 4049/4495/4053 2340/2624/2344 2338/2620/2342
f 573/613/576 572/612/575 4050/4496/4054 4049/4495/4053
f 4049/4495/4053 4050/4496/4054 2342/2626/2346 2340/2624/2344
f 572/612/575 4051/4497/4055 4052/4498/4056 4050/4496/4054
f 4050/4496/4054 4052/4498/4056 2344/2628/2348 2342/2626/2346
f 4051/4497/4055 4053/4499/4057 4054/4500/4058 4052/4498/4056
f 4052/4498/4056 4054/4500/4058 2346/2630/2350 2344/2628/2348
f 4053/4499/4057 2701/3028/2705 4055/4501/4059 4054/4500/4058
f 4054/4500/4058 4055/4501/4059 4056/4502/4060 2346/2630/2350
f 4055/4501/4059 2696/3023/2700 4057/4503/4061 4056/4502/4060
f 4056/4502/4060 4057/4503/4061 2351/2635/2355 2349/2633/2353
f 2349/2633/2353 2347/2631/2351 2346/2630/2350 4056/4502/4060
f 2696/3023/2700 2692/3019/2696 2691/3018/2695 4057/4503/4061
f 4057/4503/4061 2691/3018/2695 2353/2637/2357 2351/2635/2355
f 2701/3028/2705 2697/3024/2701 2696/3023/2700 4055/4501/4059
f 568/608/571 2702/3029/2706 2701/3028/2705 4053/4499/4057
f 4051/4497/4055 566/606/569 568/608/571 4053/4499/4057
f 4051/4497/4055 572/612/575 569/609/572 566/606/569
f 4058/4504/4062 571/611/574 573/613/576 4047/4492/4051
f 4047/4492/4051 4042/4491/4046 4040/4505/4044 4058/4504/4062
f 4058/4504/4062 570/610/573 569/609/572 571/611/574
f 4040/4505/4044 4038/4480/4042 570/610/573 4058/4504/4062
f 4038/4480/4042 4035/4477/4039 563/603/566 570/610/573
f 4035/4477/4039 4033/4475/4037 564/604/567 563/603/566
f 2713/3040/2717 2709/3036/2713 565/605/568 564/604/567
f 2691/3018/2695 2687/3014/2691 2686/3013/2690 2353/2637/2357
f 2686/3013/2690 2682/3007/2686 2358/2642/2362 2356/2640/2360
f 2356/2640/2360 2354/2638/2358 2353/2637/2357 2686/3013/2690
f 2361/2645/2365 2359/2643/2363 2358/2642/2362 2678/3006/2682
f 2673/2996/2677 2362/4506/2366 2361/3001/2365 2674/2997/2678
f 2669/2992/2673 2668/2991/2672 4059/4507/4063 2673/2996/2677
f 2673/2996/2677 4059/4507/4063 2363/4508/2367 2362/4506/2366
f 2668/2991/2672 4060/4509/4064 772/823/775 4059/4507/4063
f 4059/4507/4063 772/823/775 775/826/778 2363/4508/2367
f 2668/2991/2672 2664/2987/2668 2663/2986/2667 4060/4509/4064
f 4060/4509/4064 2663/2986/2667 4061/4510/4065 4062/4511/4066
f 4060/4509/4064 4062/4511/4066 773/824/776 772/823/775
f 4062/4511/4066 4061/4510/4065 4063/4512/4067 4064/4513/4068
f 4064/4513/4068 2366/2652/2370 773/824/776 4062/4511/4066
f 4064/4513/4068 4063/4512/4067 4065/4514/4069 2371/2660/2375
f 2371/2660/2375 2367/2654/2371 2366/2652/2370 4064/4513/4068
f 4063/4512/4067 4066/4515/4070 4067/4516/4071 4065/4514/4069
f 4065/4514/4069 4067/4516/4071 4068/4517/4072 2374/2663/2378
f 2374/2663/2378 2372/2661/2376 2371/2660/2375 4065/4514/4069
f 4067/4516/4071 4069/4518/4073 757/804/760 4068/4517/4072
f 757/804/760 754/801/757 4070/4519/4074 4068/4517/4072
f 4068/4517/4072 4070/4519/4074 2375/2664/2379 2374/2663/2378
f 754/801/757 753/800/756 4071/4520/4075 4070/4519/4074
f 4070/4519/4074 4071/4520/4075 2376/2665/2380 2375/2664/2379
f 753/800/756 2548/2859/2552 2547/2858/2551 4071/4520/4075
f 4071/4520/4075 2547/2858/2551 2378/2667/2382 2376/2665/2380
f 2653/2976/2657 2649/2972/2653 2648/2971/2652 4069/4518/4073
f 2648/2971/2652 755/802/758 757/804/760 4069/4518/4073
f 4067/4516/4071 4066/4515/4070 2653/2976/2657 4069/4518/4073
f 4066/4515/4070 2658/2981/2662 2654/2977/2658 2653/2976/2657
f 4066/4515/4070 4063/4512/4067 4061/4510/4065 2658/2981/2662
f 2663/2986/2667 2659/2982/2663 2658/2981/2662 4061/4510/4065
f 721/766/724 719/764/722 2652/2975/2656 2657/2980/2661
f 715/760/718 714/759/717 2642/2965/2646 2645/2968/2649
f 714/759/717 704/746/707 703/745/706 2640/2963/2644
f 702/744/705 701/743/704 4072/4521/4076 2638/2961/2642
f 4072/4521/4076 732/777/735 736/781/739 2638/2961/2642
f 701/743/704 4073/4522/4077 4074/4523/4078 4072/4521/4076
f 4072/4521/4076 4074/4523/4078 733/778/736 732/777/735
f 4073/4522/4077 1027/1122/1031 4075/4524/4079 4074/4523/4078
f 4074/4523/4078 4075/4524/4079 4076/4525/4080 733/778/736
f 4076/4525/4080 4075/4524/4079 1022/1117/1026 4077/4526/4081
f 4076/4525/4080 4077/4526/4081 4078/4527/4082 4079/4528/4083
f 4079/4528/4083 734/779/737 733/778/736 4076/4525/4080
f 4078/4529/4082 4080/4530/4084 4081/4531/4085 4079/4532/4083
f 4081/4531/4085 4082/4533/4086 734/4534/737 4079/4532/4083
f 4082/4533/4086 4081/4531/4085 4083/4535/4087 4084/4536/4088
f 4084/4536/4088 4085/4537/4089 737/783/740 4082/4533/4086
f 737/783/740 729/782/732 734/4534/737 4082/4533/4086
f 4085/4537/4089 4084/4536/4088 4086/4538/4090 4087/4539/4091
f 4087/4539/4091 4088/4540/4092 4089/4541/4093 4085/4537/4089
f 4089/4541/4093 738/784/741 737/783/740 4085/4537/4089
f 4089/4541/4093 4088/4540/4092 4090/4542/4094 991/1080/995
f 991/1080/995 989/1076/993 738/784/741 4089/4541/4093
f 4088/4540/4092 4091/4543/4095 4092/4544/4096 4090/4542/4094
f 4090/4542/4094 4092/4544/4096 4093/4545/4097 994/1083/998
f 994/1083/998 992/1081/996 991/1080/995 4090/4542/4094
f 4092/4544/4096 4094/4546/4098 4095/4547/4099 4093/4545/4097
f 4093/4545/4097 4095/4547/4099 4096/4548/4100 4097/4549/4101
f 4097/4549/4101 995/1084/999 994/1083/998 4093/4545/4097
f 4097/4549/4101 4096/4548/4100 4098/4550/4102 4099/4551/4103
f 4099/4551/4103 996/1085/1000 995/1084/999 4097/4549/4101
f 4098/4550/4102 4100/4552/4104 4101/4553/4105 4099/4551/4103
f 4101/4553/4105 998/1087/1002 996/1085/1000 4099/4551/4103
f 4100/4554/4104 4102/4555/4106 4103/4556/4107 4101/4557/4105
f 4103/4556/4107 4104/4558/4108 998/4559/1002 4101/4557/4105
f 4104/4558/4108 1002/1092/1006 999/1091/1003 998/4559/1002
f 4103/4556/4107 4105/4560/4109 4106/4561/4110 4104/4558/4108
f 4106/4561/4110 4107/4562/4111 1002/1092/1006 4104/4558/4108
f 1007/1101/1011 1003/1093/1007 1002/1092/1006 4107/4562/4111
f 4106/4561/4110 4108/4563/4112 4109/4564/4113 4107/4562/4111
f 4107/4562/4111 4109/4564/4113 4110/4565/4114 1007/1101/1011
f 1012/4566/1016 1008/1102/1012 1007/1101/1011 4110/4565/4114
f 4109/4564/4113 4111/4567/4115 4112/4568/4116 4110/4565/4114
f 4110/4565/4114 4112/4568/4116 4113/4569/4117 1012/4566/1016
f 1017/1112/1021 1013/1108/1017 1012/1107/1016 4113/4570/4117
f 4113/4569/4117 4112/4568/4116 4080/4530/4084 4078/4529/4082
f 4113/4570/4117 4078/4527/4082 4077/4526/4081 1017/1112/1021
f 4112/4568/4116 4111/4567/4115 4114/4571/4118 4080/4530/4084
f 4114/4571/4118 4111/4567/4115 4115/4572/4119 4116/4573/4120
f 4116/4573/4120 4117/4574/4121 4083/4535/4087 4114/4571/4118
f 4114/4571/4118 4083/4535/4087 4081/4531/4085 4080/4530/4084
f 4117/4574/4121 4116/4573/4120 4118/4575/4122 4119/4576/4123
f 4119/4576/4123 4120/4577/4124 4086/4538/4090 4117/4574/4121
f 4117/4574/4121 4086/4538/4090 4084/4536/4088 4083/4535/4087
f 4119/4576/4123 4121/4578/4125 4122/4579/4126 4120/4577/4124
f 4120/4577/4124 4122/4579/4126 4123/4580/4127 4124/4581/4128
f 4120/4577/4124 4124/4581/4128 4087/4539/4091 4086/4538/4090
f 4123/4580/4127 4125/4582/4129 4091/4543/4095 4124/4581/4128
f 4091/4543/4095 4088/4540/4092 4087/4539/4091 4124/4581/4128
f 4123/4580/4127 4126/4583/4130 4127/4584/4131 4125/4582/4129
f 4127/4584/4131 4128/4585/4132 4094/4546/4098 4125/4582/4129
f 4094/4546/4098 4092/4544/4096 4091/4543/4095 4125/4582/4129
f 4127/4584/4131 4129/4586/4133 676/718/679 4128/4585/4132
f 4128/4585/4132 676/718/679 675/717/678 4130/4587/4134
f 4128/4585/4132 4130/4587/4134 4095/4547/4099 4094/4546/4098
f 675/717/678 674/716/677 4131/4588/4135 4130/4587/4134
f 4130/4587/4134 4131/4588/4135 4096/4548/4100 4095/4547/4099
f 674/716/677 4132/4589/4136 4133/4590/4137 4131/4588/4135
f 4131/4588/4135 4133/4590/4137 4098/4550/4102 4096/4548/4100
f 4132/4589/4136 671/4591/674 4134/4592/4138 4133/4590/4137
f 4133/4590/4137 4134/4592/4138 4100/4552/4104 4098/4550/4102
f 671/713/674 668/710/671 4135/4593/4139 4134/4594/4138
f 4134/4594/4138 4135/4593/4139 4102/4555/4106 4100/4554/4104
f 668/710/671 667/709/670 4136/4595/4140 4135/4593/4139
f 4135/4593/4139 4136/4595/4140 4137/4596/4141 4102/4555/4106
f 4105/4560/4109 4103/4556/4107 4102/4555/4106 4137/4596/4141
f 4136/4595/4140 4138/4597/4142 4139/4598/4143 4137/4596/4141
f 4137/4596/4141 4139/4598/4143 4140/4599/4144 4105/4560/4109
f 4108/4563/4112 4106/4561/4110 4105/4560/4109 4140/4599/4144
f 4139/4598/4143 4141/4600/4145 4142/4601/4146 4140/4599/4144
f 4140/4599/4144 4142/4601/4146 4115/4572/4119 4108/4563/4112
f 4141/4600/4145 4143/4602/4147 4118/4575/4122 4142/4601/4146
f 4142/4601/4146 4118/4575/4122 4116/4573/4120 4115/4572/4119
f 4141/4600/4145 4144/4603/4148 4145/4604/4149 4143/4602/4147
f 4143/4602/4147 4145/4604/4149 4146/4605/4150 4121/4578/4125
f 4121/4578/4125 4119/4576/4123 4118/4575/4122 4143/4602/4147
f 4146/4605/4150 4145/4604/4149 656/696/659 655/695/658
f 655/695/658 4147/4606/4151 4148/4607/4152 4146/4605/4150
f 4148/4607/4152 4122/4579/4126 4121/4578/4125 4146/4605/4150
f 4147/4606/4151 4149/4608/4153 4126/4583/4130 4148/4607/4152
f 4126/4583/4130 4123/4580/4127 4122/4579/4126 4148/4607/4152
f 4147/4606/4151 4150/4609/4154 663/704/666 4149/4608/4153
f 4149/4608/4153 663/704/666 662/703/665 4129/4586/4133
f 4129/4586/4133 4127/4584/4131 4126/4583/4130 4149/4608/4153
f 4147/4606/4151 655/695/658 654/694/657 4150/4609/4154
f 4150/4609/4154 654/694/657 4151/4610/4155 4152/4611/4156
f 4152/4611/4156 661/705/664 663/704/666 4150/4609/4154
f 4152/4611/4156 4151/4610/4155 666/708/669 670/712/673
f 658/698/661 661/701/664 4152/4612/4156 670/4613/673
f 654/694/657 653/693/656 4153/4614/4157 4151/4610/4155
f 4151/4610/4155 4153/4614/4157 667/709/670 666/708/669
f 4138/4597/4142 4136/4595/4140 667/709/670 4153/4614/4157
f 653/693/656 4144/4603/4148 4138/4597/4142 4153/4614/4157
f 4144/4603/4148 653/693/656 656/696/659 4145/4604/4149
f 4144/4603/4148 4141/4600/4145 4139/4598/4143 4138/4597/4142
f 4132/4589/4136 674/716/677 672/714/675 4154/4615/4158
f 4154/4615/4158 669/4616/672 671/4591/674 4132/4589/4136
f 658/698/661 4154/4615/4158 672/714/675 659/699/662
f 658/698/661 670/4613/673 669/4616/672 4154/4615/4158
f 4129/4586/4133 662/703/665 664/706/667 676/718/679
f 4111/4567/4115 4109/4564/4113 4108/4563/4112 4115/4572/4119
f 4077/4526/4081 1022/1117/1026 1018/1113/1022 1017/1112/1021
f 4075/4524/4079 1027/1122/1031 1023/1118/1027 1022/1117/1026
f 1032/1127/1036 1028/1123/1032 1027/1122/1031 4073/4522/4077
f 4073/4522/4077 701/743/704 700/742/703 1032/1127/1036
f 2630/2953/2634 2575/2886/2579 2573/2884/2577 2572/2883/2576
f 740/787/743 987/1074/991 986/1073/990 2629/2952/2633
f 2629/2952/2633 986/1073/990 2625/2948/2629 2624/2947/2628
f 2628/2951/2632 730/775/733 740/787/743 2629/2952/2633
f 2578/2889/2582 2576/2887/2580 2575/2886/2579 2626/2949/2630
f 986/1073/990 983/1070/987 982/1069/986 2625/2948/2629
f 2625/2948/2629 982/1069/986 2621/2944/2625 2620/2943/2624
f 2622/2945/2626 2621/2944/2625 979/1064/983 4155/4617/4159
f 4155/4617/4159 4156/4618/4160 2616/2939/2620 2622/2945/2626
f 4156/4618/4160 4155/4617/4159 974/4619/978 4157/4620/4161
f 4157/4620/4161 4158/4621/4162 2613/2936/2617 4156/4618/4160
f 4156/4618/4160 2613/2936/2617 2612/2935/2616 2616/2939/2620
f 4158/4622/4162 4157/4623/4161 969/1053/973 4159/4624/4163
f 4159/4624/4163 4160/4625/4164 2609/4626/2613 4158/4622/4162
f 4158/4621/4162 2609/2931/2613 2608/2930/2612 2613/2936/2617
f 4160/4625/4164 4159/4624/4163 964/1048/968 4161/4627/4165
f 4161/4627/4165 4162/4628/4166 4163/4629/4167 4160/4625/4164
f 4160/4625/4164 4163/4629/4167 2610/4630/2614 2609/4626/2613
f 4163/4629/4167 4162/4628/4166 819/879/823 818/878/822
f 818/878/822 821/881/825 2610/4630/2614 4163/4629/4167
f 4161/4627/4165 959/1043/963 4164/4631/4168 4162/4628/4166
f 4162/4628/4166 4164/4631/4168 4165/4632/4169 819/879/823
f 4164/4631/4168 954/1036/958 4166/4633/4170 4165/4632/4169
f 4166/4633/4170 4167/4634/4171 4168/4635/4172 4165/4632/4169
f 4168/4635/4172 820/880/824 819/879/823 4165/4632/4169
f 4167/4636/4171 4169/4637/4173 4170/4638/4174 4168/4639/4172
f 4168/4639/4172 4170/4638/4174 4171/4640/4175 820/4641/824
f 4170/4638/4174 4172/4642/4176 4173/4643/4177 4171/4640/4175
f 4173/4643/4177 4174/4644/4178 4175/4645/4179 4171/4640/4175
f 4171/4640/4175 4175/4645/4179 823/4646/827 820/4641/824
f 4174/4644/4178 4176/4647/4180 4177/4648/4181 4175/4645/4179
f 4175/4645/4179 4177/4648/4181 814/4649/818 823/4646/827
f 4176/4647/4180 4178/4650/4182 4179/4651/4183 4177/4648/4181
f 4179/4651/4183 811/4652/815 814/4649/818 4177/4648/4181
f 4178/4650/4182 4180/4653/4184 4181/4654/4185 4179/4651/4183
f 4181/4654/4185 812/4655/816 811/4652/815 4179/4651/4183
f 4180/4653/4184 852/921/856 4182/4656/4186 4181/4654/4185
f 4182/4656/4186 4183/4657/4187 812/4655/816 4181/4654/4185
f 4183/4658/4187 793/847/796 813/868/817 812/867/816
f 4183/4657/4187 4182/4656/4186 2445/2747/2449 2444/2746/2448
f 2444/4659/2448 794/848/797 793/847/796 4183/4658/4187
f 4182/4656/4186 852/921/856 851/920/855 2445/2747/2449
f 4180/4653/4184 4178/4650/4182 4184/4660/4188 4185/4661/4189
f 4185/4661/4189 853/922/857 852/921/856 4180/4653/4184
f 4184/4660/4188 4186/4662/4190 4187/4663/4191 4185/4661/4189
f 4185/4661/4189 4187/4663/4191 857/926/861 853/922/857
f 4186/4662/4190 4188/4664/4192 4189/4665/4193 4187/4663/4191
f 4187/4663/4191 4189/4665/4193 4190/4666/4194 857/926/861
f 4189/4665/4193 4191/4667/4195 4192/4668/4196 4190/4666/4194
f 4190/4666/4194 4192/4668/4196 904/982/908 4193/4669/4197
f 4193/4669/4197 858/927/862 857/926/861 4190/4666/4194
f 904/982/908 903/981/907 908/986/912 4193/4669/4197
f 908/986/912 859/928/863 858/927/862 4193/4669/4197
f 4192/4668/4196 4191/4667/4195 4194/4670/4198 900/978/904
f 900/978/904 899/977/903 904/982/908 4192/4668/4196
f 4191/4667/4195 4195/4671/4199 4196/4672/4200 4194/4670/4198
f 4196/4672/4200 4197/4673/4201 4198/4674/4202 4194/4670/4198
f 4194/4670/4198 4198/4674/4202 901/979/905 900/978/904
f 4197/4673/4201 872/941/876 4199/4675/4203 4198/4674/4202
f 4198/4674/4202 4199/4675/4203 893/969/897 901/979/905
f 872/941/876 871/940/875 888/4676/892 4199/4675/4203
f 4199/4675/4203 888/4676/892 887/970/891 893/969/897
f 4197/4673/4201 4196/4672/4200 4200/4677/4204 4201/4678/4205
f 4201/4678/4205 868/937/872 872/941/876 4197/4673/4201
f 4201/4678/4205 4200/4677/4204 4202/4679/4206 4203/4680/4207
f 4203/4680/4207 869/938/873 868/937/872 4201/4678/4205
f 4203/4680/4207 4202/4679/4206 4204/4681/4208 4205/4682/4209
f 4205/4682/4209 4206/4683/4210 869/938/873 4203/4680/4207
f 4206/4683/4210 4205/4682/4209 4207/4684/4211 4208/4685/4212
f 4208/4685/4212 4209/4686/4213 4210/4687/4214 4206/4683/4210
f 4206/4683/4210 4210/4687/4214 870/939/874 869/938/873
f 4209/4686/4213 883/955/887 882/954/886 4210/4687/4214
f 882/959/886 873/943/877 870/942/874 4210/4688/4214
f 4209/4686/4213 4208/4685/4212 4211/4689/4215 4212/4690/4216
f 4212/4690/4216 4213/4691/4217 883/955/887 4209/4686/4213
f 4213/4691/4217 4212/4690/4216 4214/4692/4218 4215/4693/4219
f 4215/4693/4219 4216/4694/4220 889/4695/893 4213/4691/4217
f 4213/4691/4217 889/4695/893 884/956/888 883/955/887
f 4216/4696/4220 894/971/898 890/965/894 889/964/893
f 4216/4697/4220 4215/4698/4219 4217/4699/4221 4218/4700/4222
f 4218/4701/4222 4219/4702/4223 894/971/898 4216/4696/4220
f 4219/4702/4223 880/4703/884 895/972/899 894/971/898
f 4219/4704/4223 4218/4700/4222 4220/4705/4224 4221/4706/4225
f 4221/4706/4225 878/950/882 880/952/884 4219/4704/4223
f 4222/4707/4226 879/951/883 878/950/882 4221/4706/4225
f 4220/4705/4224 4223/4708/4227 4222/4707/4226 4221/4706/4225
f 4224/4709/4228 4225/4710/4229 4222/4707/4226 4223/4708/4227
f 4220/4705/4224 4226/4711/4230 4227/4712/4231 4223/4708/4227
f 4227/4712/4231 4228/4713/4232 4224/4709/4228 4223/4708/4227
f 4229/4714/4233 4230/4715/4234 4224/4709/4228 4228/4713/4232
f 4228/4713/4232 4227/4712/4231 862/931/866 4231/4716/4235
f 4231/4716/4235 4232/4717/4236 4229/4714/4233 4228/4713/4232
f 4232/4717/4236 4233/4718/4237 4234/4719/4238 4229/4714/4233
f 4232/4717/4236 4231/4716/4235 4235/4720/4239 4236/4721/4240
f 4236/4721/4240 4237/4722/4241 4233/4718/4237 4232/4717/4236
f 4238/4723/4242 4239/4724/4243 4233/4718/4237 4237/4722/4241
f 4237/4722/4241 4236/4721/4240 4240/4725/4244 4241/4726/4245
f 4237/4722/4241 4241/4726/4245 4242/4727/4246 4238/4723/4242
f 4243/4728/4247 4244/4729/4248 4238/4723/4242 4242/4727/4246
f 4241/4726/4245 4245/4730/4249 4246/4731/4250 4242/4727/4246
f 4242/4727/4246 4246/4731/4250 4247/4732/4251 4243/4728/4247
f 4247/4732/4251 4248/4733/4252 4249/4734/4253 4243/4728/4247
f 4246/4735/4250 4250/4736/4254 4251/4737/4255 4247/4738/4251
f 4247/4738/4251 4251/4737/4255 4252/4739/4256 4248/4740/4252
f 4252/4739/4256 4169/4637/4173 4253/4741/4257 4248/4740/4252
f 4251/4737/4255 4254/4742/4258 4172/4642/4176 4252/4739/4256
f 4172/4642/4176 4170/4638/4174 4169/4637/4173 4252/4739/4256
f 4254/4742/4258 4251/4737/4255 4250/4736/4254 4255/4743/4259
f 4254/4742/4258 4255/4743/4259 4256/4744/4260 4257/4745/4261
f 4257/4745/4261 4173/4643/4177 4172/4642/4176 4254/4742/4258
f 4257/4745/4261 4256/4744/4260 4258/4746/4262 4259/4747/4263
f 4257/4745/4261 4259/4747/4263 4174/4644/4178 4173/4643/4177
f 4259/4747/4263 4258/4746/4262 4260/4748/4264 4261/4749/4265
f 4259/4747/4263 4261/4749/4265 4176/4647/4180 4174/4644/4178
f 4261/4749/4265 4260/4748/4264 4186/4662/4190 4184/4660/4188
f 4261/4749/4265 4184/4660/4188 4178/4650/4182 4176/4647/4180
f 4258/4746/4262 4262/4750/4266 4263/4751/4267 4260/4748/4264
f 4260/4748/4264 4263/4751/4267 4188/4664/4192 4186/4662/4190
f 4262/4750/4266 4264/4752/4268 4265/4753/4269 4263/4751/4267
f 4263/4751/4267 4265/4753/4269 4195/4671/4199 4188/4664/4192
f 4264/4752/4268 4202/4679/4206 4200/4677/4204 4265/4753/4269
f 4265/4753/4269 4200/4677/4204 4196/4672/4200 4195/4671/4199
f 4264/4752/4268 4262/4750/4266 4266/4754/4270 4267/4755/4271
f 4267/4755/4271 4204/4681/4208 4202/4679/4206 4264/4752/4268
f 4267/4755/4271 4266/4754/4270 4268/4756/4272 4269/4757/4273
f 4269/4757/4273 4270/4758/4274 4204/4681/4208 4267/4755/4271
f 4269/4757/4273 4271/4759/4275 4272/4760/4276 4270/4758/4274
f 4272/4760/4276 4273/4761/4277 4207/4684/4211 4270/4758/4274
f 4270/4758/4274 4207/4684/4211 4205/4682/4209 4204/4681/4208
f 4273/4761/4277 4272/4760/4276 4274/4762/4278 4275/4763/4279
f 4275/4763/4279 4276/4764/4280 4211/4689/4215 4273/4761/4277
f 4273/4761/4277 4211/4689/4215 4208/4685/4212 4207/4684/4211
f 4276/4765/4280 4275/4766/4279 865/934/869 864/933/868
f 864/933/868 866/935/870 4214/4767/4218 4276/4765/4280
f 4276/4764/4280 4214/4692/4218 4212/4690/4216 4211/4689/4215
f 4275/4766/4279 4274/4768/4278 4277/4769/4281 865/934/869
f 4277/4769/4281 4240/4725/4244 4236/4721/4240 4235/4720/4239
f 4235/4720/4239 861/930/865 865/934/869 4277/4769/4281
f 4274/4768/4278 4278/4770/4282 4240/4725/4244 4277/4769/4281
f 4278/4770/4282 4245/4730/4249 4241/4726/4245 4240/4725/4244
f 4274/4762/4278 4272/4760/4276 4271/4759/4275 4278/4771/4282
f 4271/4759/4275 4279/4772/4283 4245/4773/4249 4278/4771/4282
f 4250/4736/4254 4246/4735/4250 4245/4773/4249 4279/4772/4283
f 4279/4772/4283 4271/4759/4275 4269/4757/4273 4268/4756/4272
f 4268/4756/4272 4255/4743/4259 4250/4736/4254 4279/4772/4283
f 4266/4754/4270 4256/4744/4260 4255/4743/4259 4268/4756/4272
f 4262/4750/4266 4258/4746/4262 4256/4744/4260 4266/4754/4270
f 4253/4774/4257 4280/4775/4284 944/4776/948 4281/4777/4285
f 4281/4777/4285 4249/4734/4253 4248/4733/4252 4253/4774/4257
f 4169/4637/4173 4167/4636/4171 4280/4778/4284 4253/4741/4257
f 944/4776/948 940/1020/944 939/1019/943 4281/4777/4285
f 939/1019/943 4282/4779/4286 4249/4734/4253 4281/4777/4285
f 4282/4779/4286 939/1019/943 935/1013/939 934/1012/938
f 934/1012/938 4283/4780/4287 4244/4729/4248 4282/4779/4286
f 4282/4779/4286 4244/4729/4248 4243/4728/4247 4249/4734/4253
f 4283/4780/4287 934/1012/938 930/1008/934 929/1007/933
f 4283/4780/4287 929/1007/933 4284/4781/4288 4239/4724/4243
f 4239/4724/4243 4238/4723/4242 4244/4729/4248 4283/4780/4287
f 929/1007/933 925/1003/929 924/1002/928 4284/4781/4288
f 924/1002/928 4285/4782/4289 4234/4719/4238 4284/4781/4288
f 4234/4719/4238 4233/4718/4237 4239/4724/4243 4284/4781/4288
f 4285/4782/4289 924/1002/928 920/998/924 919/997/923
f 919/997/923 4286/4783/4290 4230/4715/4234 4285/4782/4289
f 4285/4782/4289 4230/4715/4234 4229/4714/4233 4234/4719/4238
f 919/997/923 915/993/919 914/992/918 4286/4783/4290
f 914/992/918 4287/4784/4291 4225/4710/4229 4286/4783/4290
f 4225/4710/4229 4224/4709/4228 4230/4715/4234 4286/4783/4290
f 4287/4784/4291 914/992/918 910/988/914 909/987/913
f 909/987/913 875/947/879 879/951/883 4287/4784/4291
f 879/951/883 4222/4707/4226 4225/4710/4229 4287/4784/4291
f 4280/4785/4284 949/1030/953 945/1026/949 944/1025/948
f 4167/4634/4171 4166/4633/4170 949/4786/953 4280/4787/4284
f 4231/4716/4235 862/931/866 861/930/865 4235/4720/4239
f 4226/4711/4230 863/932/867 862/931/866 4227/4712/4231
f 4226/4711/4230 4220/4705/4224 4218/4700/4222 4217/4699/4221
f 4217/4699/4221 866/935/870 863/932/867 4226/4711/4230
f 4215/4698/4219 4214/4767/4218 866/935/870 4217/4699/4221
f 4191/4667/4195 4189/4665/4193 4188/4664/4192 4195/4671/4199
f 4166/4633/4170 954/1036/958 950/1035/954 949/4786/953
f 959/1043/963 955/1037/959 954/1036/958 4164/4631/4168
f 4161/4627/4165 964/1048/968 960/1044/964 959/1043/963
f 4159/4624/4163 969/1053/973 965/1049/969 964/1048/968
f 4157/4623/4161 974/1058/978 970/1054/974 969/1053/973
f 979/1064/983 975/1063/979 974/4619/978 4155/4617/4159
f 982/1069/986 980/1065/984 979/1064/983 2621/2944/2625
f 2548/2859/2552 753/800/756 752/799/755 2550/2861/2554
f 2483/2793/2487 2482/2792/2486 2384/2673/2388 2383/2672/2387
f 794/848/797 2444/4659/2448 2443/2751/2447 2448/2750/2452
f 2393/2684/2397 2391/2682/2395 2390/2681/2394 2402/2698/2406
f 2327/2608/2331 2325/2606/2329 534/574/537 533/573/536
f 2322/2603/2326 530/567/533 534/574/537 2323/2604/2327
f 4288/4788/4292 531/568/534 530/567/533 2322/2603/2326
f 2322/2603/2326 2320/2601/2324 2319/2600/2323 4288/4788/4292
f 4288/4788/4292 2319/2600/2323 4289/4789/4293 4290/4790/4294
f 4290/4790/4294 4291/4791/4295 531/568/534 4288/4788/4292
f 4290/4790/4294 4292/4792/4296 4293/4793/4297 4291/4791/4295
f 4291/4791/4295 4293/4793/4297 2277/4794/2281 2276/4795/2280
f 4291/4791/4295 2276/4795/2280 524/569/527 531/568/534
f 4292/4792/4296 492/526/495 4294/4796/4298 4293/4793/4297
f 4293/4793/4297 4294/4796/4298 2279/4797/2283 2277/4794/2281
f 492/526/495 491/525/494 4295/4798/4299 4294/4796/4298
f 4294/4796/4298 4295/4798/4299 2281/4799/2285 2279/4797/2283
f 491/532/494 496/531/499 4296/4800/4300 4295/4801/4299
f 4295/4801/4299 4296/4800/4300 4297/4802/4301 2281/4803/2285
f 4296/4800/4300 4298/4804/4302 4299/4805/4303 4297/4802/4301
f 4297/4802/4301 4299/4805/4303 2286/2558/2290 2284/2555/2288
f 2284/2555/2288 2282/2554/2286 2281/4803/2285 4297/4802/4301
f 4298/4804/4302 4300/4806/4304 4301/4807/4305 4299/4805/4303
f 4299/4805/4303 4301/4807/4305 4302/4808/4306 2286/2558/2290
f 4302/4808/4306 4301/4807/4305 4303/4809/4307 4304/4810/4308
f 4304/4810/4308 4305/4811/4309 2289/2561/2293 4302/4808/4306
f 2289/2561/2293 2287/2559/2291 2286/2558/2290 4302/4808/4306
f 4305/4811/4309 4304/4810/4308 4306/4812/4310 4307/4813/4311
f 4307/4813/4311 4308/4814/4312 4309/4815/4313 4305/4811/4309
f 4305/4811/4309 4309/4815/4313 2290/2562/2294 2289/2561/2293
f 4308/4814/4312 4310/4816/4314 4311/4817/4315 4309/4815/4313
f 4309/4815/4313 4311/4817/4315 2291/2563/2295 2290/2562/2294
f 4310/4816/4314 4312/4818/4316 4313/4819/4317 4311/4817/4315
f 4311/4817/4315 4313/4819/4317 2293/2565/2297 2291/2563/2295
f 4312/4818/4316 4314/4820/4318 4315/4821/4319 4313/4819/4317
f 4313/4819/4317 4315/4821/4319 2295/2567/2299 2293/2565/2297
f 4314/4822/4318 4316/4823/4320 4317/4824/4321 4315/4825/4319
f 4315/4825/4319 4317/4824/4321 4318/4826/4322 2295/4827/2299
f 2298/2573/2302 2296/2572/2300 2295/4827/2299 4318/4826/4322
f 4317/4824/4321 4319/4828/4323 4320/4829/4324 4318/4826/4322
f 4318/4826/4322 4320/4829/4324 2300/2577/2304 2298/2573/2302
f 4319/4828/4323 4321/4830/4325 4322/4831/4326 4320/4829/4324
f 4320/4829/4324 4322/4831/4326 2302/2580/2306 2300/2577/2304
f 4322/4831/4326 4321/4830/4325 4323/4832/4327 4324/4833/4328
f 4322/4831/4326 4324/4833/4328 2304/2583/2308 2302/2580/2306
f 4324/4833/4328 4323/4832/4327 4325/4834/4329 4326/4835/4330
f 4324/4833/4328 4326/4835/4330 2306/2586/2310 2304/2583/2308
f 4326/4835/4330 4325/4834/4329 4327/4836/4331 4328/4837/4332
f 4328/4837/4332 4329/4838/4333 2306/2586/2310 4326/4835/4330
f 4329/4838/4333 498/534/501 2307/2587/2311 2306/2586/2310
f 4328/4837/4332 4330/4839/4334 4331/4840/4335 4329/4838/4333
f 4331/4840/4335 495/530/498 498/534/501 4329/4838/4333
f 4330/4839/4334 4332/4841/4336 4333/4842/4337 4331/4840/4335
f 4333/4842/4337 496/531/499 495/530/498 4331/4840/4335
f 4333/4842/4337 4332/4841/4336 4300/4806/4304 4298/4804/4302
f 4298/4804/4302 4296/4800/4300 496/531/499 4333/4842/4337
f 4330/4839/4334 4334/4843/4338 4335/4844/4339 4332/4841/4336
f 4335/4844/4339 4336/4845/4340 4300/4806/4304 4332/4841/4336
f 4335/4844/4339 4337/4846/4341 4338/4847/4342 4336/4845/4340
f 4338/4847/4342 4339/4848/4343 4303/4809/4307 4336/4845/4340
f 4336/4845/4340 4303/4809/4307 4301/4807/4305 4300/4806/4304
f 4339/4848/4343 4338/4847/4342 4340/4849/4344 4341/4850/4345
f 4341/4850/4345 4342/4851/4346 4306/4812/4310 4339/4848/4343
f 4339/4848/4343 4306/4812/4310 4304/4810/4308 4303/4809/4307
f 4342/4851/4346 4341/4850/4345 4343/4852/4347 4344/4853/4348
f 4344/4853/4348 4345/4854/4349 4346/4855/4350 4342/4851/4346
f 4342/4851/4346 4346/4855/4350 4307/4813/4311 4306/4812/4310
f 4345/4854/4349 4347/4856/4351 4348/4857/4352 4346/4855/4350
f 4346/4855/4350 4348/4857/4352 4308/4814/4312 4307/4813/4311
f 4347/4856/4351 4349/4858/4353 4350/4859/4354 4348/4857/4352
f 4348/4857/4352 4350/4859/4354 4310/4816/4314 4308/4814/4312
f 4349/4858/4353 4351/4860/4355 4352/4861/4356 4350/4859/4354
f 4350/4859/4354 4352/4861/4356 4312/4818/4316 4310/4816/4314
f 4351/4860/4355 4353/4862/4357 4354/4863/4358 4352/4861/4356
f 4352/4861/4356 4354/4863/4358 4314/4820/4318 4312/4818/4316
f 4353/4864/4357 4355/4865/4359 4356/4866/4360 4354/4867/4358
f 4354/4867/4358 4356/4866/4360 4316/4823/4320 4314/4822/4318
f 4355/4865/4359 4357/4868/4361 4358/4869/4362 4356/4866/4360
f 4358/4869/4362 4359/4870/4363 4316/4823/4320 4356/4866/4360
f 4319/4828/4323 4317/4824/4321 4316/4823/4320 4359/4870/4363
f 4359/4870/4363 4358/4869/4362 4360/4871/4364 4361/4872/4365
f 4361/4872/4365 4321/4830/4325 4319/4828/4323 4359/4870/4363
f 4361/4872/4365 4360/4871/4364 4362/4873/4366 4363/4874/4367
f 4363/4874/4367 4323/4832/4327 4321/4830/4325 4361/4872/4365
f 4363/4874/4367 4362/4873/4366 4364/4875/4368 4365/4876/4369
f 4365/4876/4369 4325/4834/4329 4323/4832/4327 4363/4874/4367
f 4365/4876/4369 4364/4875/4368 4366/4877/4370 4367/4878/4371
f 4367/4878/4371 4327/4836/4331 4325/4834/4329 4365/4876/4369
f 4367/4878/4371 4366/4877/4370 4368/4879/4372 4369/4880/4373
f 4369/4880/4373 4334/4843/4338 4327/4836/4331 4367/4878/4371
f 4368/4879/4372 4370/4881/4374 4337/4846/4341 4369/4880/4373
f 4337/4846/4341 4335/4844/4339 4334/4843/4338 4369/4880/4373
f 4370/4881/4374 4368/4879/4372 4371/4882/4375 4372/4883/4376
f 4372/4883/4376 4373/4884/4377 4340/4849/4344 4370/4881/4374
f 4370/4881/4374 4340/4849/4344 4338/4847/4342 4337/4846/4341
f 4373/4884/4377 4372/4883/4376 4374/4885/4378 4375/4886/4379
f 4375/4886/4379 4376/4887/4380 4343/4852/4347 4373/4884/4377
f 4373/4884/4377 4343/4852/4347 4341/4850/4345 4340/4849/4344
f 4376/4887/4380 4375/4886/4379 4377/4888/4381 4378/4889/4382
f 4378/4889/4382 4379/4890/4383 4380/4891/4384 4376/4887/4380
f 4376/4887/4380 4380/4891/4384 4344/4853/4348 4343/4852/4347
f 4380/4891/4384 4379/4890/4383 4381/4892/4385 4382/4893/4386
f 4382/4893/4386 4345/4854/4349 4344/4853/4348 4380/4891/4384
f 4382/4893/4386 4381/4892/4385 4383/4894/4387 4384/4895/4388
f 4384/4895/4388 4347/4856/4351 4345/4854/4349 4382/4893/4386
f 4384/4895/4388 4383/4894/4387 4385/4896/4389 4386/4897/4390
f 4386/4897/4390 4349/4858/4353 4347/4856/4351 4384/4895/4388
f 4385/4896/4389 4387/4898/4391 4388/4899/4392 4386/4897/4390
f 4388/4899/4392 4351/4860/4355 4349/4858/4353 4386/4897/4390
f 4387/4898/4391 4389/4900/4393 4390/4901/4394 4388/4899/4392
f 4388/4899/4392 4390/4901/4394 4353/4862/4357 4351/4860/4355
f 4389/4902/4393 4391/4903/4395 4392/4904/4396 4390/4905/4394
f 4390/4905/4394 4392/4904/4396 4355/4865/4359 4353/4864/4357
f 4391/4903/4395 4393/4906/4397 4394/4907/4398 4392/4904/4396
f 4392/4904/4396 4394/4907/4398 4357/4868/4361 4355/4865/4359
f 4393/4906/4397 4395/4908/4399 4396/4909/4400 4394/4907/4398
f 4394/4907/4398 4396/4909/4400 4397/4910/4401 4357/4868/4361
f 4397/4910/4401 4360/4871/4364 4358/4869/4362 4357/4868/4361
f 4396/4909/4400 4398/4911/4402 4399/4912/4403 4397/4910/4401
f 4399/4912/4403 4362/4873/4366 4360/4871/4364 4397/4910/4401
f 4398/4911/4402 4400/4913/4404 4401/4914/4405 4399/4912/4403
f 4399/4912/4403 4401/4914/4405 4364/4875/4368 4362/4873/4366
f 4400/4913/4404 4402/4915/4406 4403/4916/4407 4401/4914/4405
f 4401/4914/4405 4403/4916/4407 4366/4877/4370 4364/4875/4368
f 4402/4915/4406 4404/4917/4408 4371/4882/4375 4403/4916/4407
f 4403/4916/4407 4371/4882/4375 4368/4879/4372 4366/4877/4370
f 4404/4917/4408 4402/4915/4406 4405/4918/4409 4406/4919/4410
f 4406/4919/4410 4407/4920/4411 4374/4885/4378 4404/4917/4408
f 4404/4917/4408 4374/4885/4378 4372/4883/4376 4371/4882/4375
f 4407/4920/4411 4406/4919/4410 382/416/385 4408/4921/4412
f 4408/4921/4412 4409/4922/4413 4377/4888/4381 4407/4920/4411
f 4407/4920/4411 4377/4888/4381 4375/4886/4379 4374/4885/4378
f 4408/4921/4412 4410/4923/4414 4411/4924/4415 4409/4922/4413
f 4411/4924/4415 4412/4925/4416 4413/4926/4417 4409/4922/4413
f 4409/4922/4413 4413/4926/4417 4378/4889/4382 4377/4888/4381
f 4412/4925/4416 4414/4927/4418 4415/4928/4419 4413/4926/4417
f 4413/4926/4417 4415/4928/4419 4379/4890/4383 4378/4889/4382
f 4414/4927/4418 4416/4929/4420 4417/4930/4421 4415/4928/4419
f 4417/4930/4421 4381/4892/4385 4379/4890/4383 4415/4928/4419
f 4416/4929/4420 328/4931/4422 4418/4932/4423 4417/4930/4421
f 4418/4932/4423 4383/4894/4387 4381/4892/4385 4417/4930/4421
f 4418/4932/4423 328/4931/4422 331/4933/4424 4419/4934/4425
f 4419/4934/4425 4385/4896/4389 4383/4894/4387 4418/4932/4423
f 331/4933/4424 330/4935/4426 4420/4936/4427 4419/4934/4425
f 4419/4934/4425 4420/4936/4427 4387/4898/4391 4385/4896/4389
f 330/4935/4426 4421/4937/4428 4422/4938/4429 4420/4936/4427
f 4420/4936/4427 4422/4938/4429 4389/4900/4393 4387/4898/4391
f 4422/4939/4429 4421/4940/4428 4423/4941/4430 4424/4942/4431
f 4424/4942/4431 4391/4903/4395 4389/4902/4393 4422/4939/4429
f 4424/4942/4431 4423/4941/4430 4425/4943/4432 4426/4944/4433
f 4426/4944/4433 4393/4906/4397 4391/4903/4395 4424/4942/4431
f 4425/4943/4432 4427/4945/4434 4428/4946/4435 4426/4944/4433
f 4428/4946/4435 4395/4908/4399 4393/4906/4397 4426/4944/4433
f 4427/4945/4434 4429/4947/4436 4430/4948/4437 4428/4946/4435
f 4430/4948/4437 4431/4949/4438 4395/4908/4399 4428/4946/4435
f 4398/4911/4402 4396/4909/4400 4395/4908/4399 4431/4949/4438
f 4430/4948/4437 381/413/382 4432/4950/4439 4431/4949/4438
f 4431/4949/4438 4432/4950/4439 4400/4913/4404 4398/4911/4402
f 381/413/382 380/412/381 4405/4918/4409 4432/4950/4439
f 4432/4950/4439 4405/4918/4409 4402/4915/4406 4400/4913/4404
f 4429/4947/4436 376/414/383 381/413/382 4430/4948/4437
f 4429/4951/4440 4427/4952/4441 4433/4953/4442 4434/4954/4443
f 4429/4951/4440 4434/4954/4443 377/408/377 376/407/376
f 4434/4954/4443 4433/4953/4442 4435/4955/4444 4436/4956/4445
f 4434/4954/4443 4436/4956/4445 4437/4957/4446 377/408/377
f 4437/4957/4446 4410/4958/4447 378/409/378 377/408/377
f 4437/4957/4446 4436/4956/4445 4438/4959/4448 4439/4960/4449
f 4439/4960/4449 4411/4961/4450 4410/4958/4447 4437/4957/4446
f 4439/4960/4449 4438/4959/4448 4440/4962/4451 4441/4963/4452
f 4439/4960/4449 4441/4963/4452 4412/4964/4453 4411/4961/4450
f 4440/4962/4451 4442/4965/4454 4443/4966/4455 4441/4963/4452
f 4441/4963/4452 4443/4966/4455 4414/4967/4456 4412/4964/4453
f 4442/4965/4454 4444/4968/4457 4445/4969/4458 4443/4966/4455
f 4443/4966/4455 4445/4969/4458 4416/4970/4459 4414/4967/4456
f 4445/4969/4458 4444/4968/4457 4446/4971/4460 329/355/329
f 4445/4969/4458 329/355/329 328/354/328 4416/4970/4459
f 4421/4972/4461 330/356/330 329/355/329 4446/4971/4460
f 4444/4968/4457 4447/4973/4462 4448/4974/4463 4446/4971/4460
f 4448/4974/4463 4423/4975/4464 4421/4972/4461 4446/4971/4460
f 4447/4973/4462 4449/4976/4465 4450/4977/4466 4448/4974/4463
f 4448/4974/4463 4450/4977/4466 4425/4978/4467 4423/4975/4464
f 4449/4976/4465 4435/4955/4444 4433/4953/4442 4450/4977/4466
f 4450/4977/4466 4433/4953/4442 4427/4952/4441 4425/4978/4467
f 4449/4976/4465 4447/4973/4462 4451/4979/4468 4452/4980/4469
f 4452/4980/4469 4453/4981/4470 4435/4955/4444 4449/4976/4465
f 4447/4973/4462 4444/4968/4457 4442/4965/4454 4451/4979/4468
f 4440/4962/4451 4454/4982/4471 4451/4979/4468 4442/4965/4454
f 4438/4959/4448 4453/4981/4470 4454/4982/4471 4440/4962/4451
f 4436/4956/4445 4435/4955/4444 4453/4981/4470 4438/4959/4448
f 4408/4921/4412 382/416/385 378/415/384 4410/4923/4414
f 4406/4919/4410 4405/4918/4409 380/412/381 382/416/385
f 4334/4843/4338 4330/4839/4334 4328/4837/4332 4327/4836/4331
f 4290/4790/4294 4289/4789/4293 4455/4983/4472 4292/4792/4296
f 4455/4983/4472 493/527/496 492/526/495 4292/4792/4296
f 4289/4789/4293 2316/2597/2320 511/548/514 4455/4983/4472
f 511/548/514 499/535/502 493/527/496 4455/4983/4472
f 2319/2600/2323 2317/2598/2321 2316/2597/2320 4289/4789/4293
f 2316/2597/2320 2314/2595/2318 507/544/510 511/548/514
f 2310/2591/2314 1070/1165/1074 1069/1164/1073 435/469/438
f 2254/2522/2258 2252/2521/2256 2251/3075/2255 2259/2529/2263
f 2225/2487/2229 2223/2485/2227 2222/2484/2226 164/176/164
f 2222/2484/2226 4456/4984/4473 165/177/165 164/176/164
f 2220/2482/2224 2219/2481/2223 4456/4984/4473 2222/2484/2226
f 4456/4984/4473 2197/2459/2201 2195/2457/2199 165/177/165
f 2219/2481/2223 2199/2461/2203 2197/2459/2201 4456/4984/4473
f 2217/2479/2221 2204/2466/2208 2199/2461/2203 2219/2481/2223
f 2193/2455/2197 159/171/159 165/177/165 2195/2457/2199
f 2193/2455/2197 2191/2453/2195 160/172/160 159/171/159
f 2191/2453/2195 2189/2451/2193 152/161/152 160/172/160
f 2189/2451/2193 2187/2450/2191 153/162/153 152/161/152
f 2183/2442/2187 154/165/154 153/164/153 2187/2446/2191
f 2186/2445/2190 2185/2444/2189 114/123/114 113/122/113
f 2185/2444/2189 107/2448/107 104/4985/104 114/123/114
f 2176/2435/2180 2175/2434/2179 171/183/171 170/182/170
f 2141/2397/2145 218/236/218 224/242/224 2142/2398/2146
f 2112/2357/2116 4457/4986/4474 358/4987/358 2113/2358/2117
f 2035/2263/2039 2032/2260/2036 2031/2259/2035 4457/4986/4474
f 2031/2259/2035 352/4988/352 358/4987/358 4457/4986/4474
f 4457/4986/4474 2112/2357/2116 2111/2356/2115 2035/2263/2039
f 2040/2268/2044 2036/2264/2040 2035/2263/2039 2111/2356/2115
f 2111/2356/2115 2109/2355/2113 2108/4989/2112 2040/2268/2044
f 2108/4989/2112 2045/2273/2049 2041/2269/2045 2040/2268/2044
f 2108/2351/2112 2106/2349/2110 4458/4990/4475 2045/4991/2049
f 4458/4990/4475 2050/2280/2054 2046/2279/2050 2045/4991/2049
f 2106/2349/2110 2104/2347/2108 4459/4992/4476 4458/4990/4475
f 4458/4990/4475 4459/4992/4476 4460/4993/4477 2050/2280/2054
f 2055/2286/2059 2051/2281/2055 2050/2280/2054 4460/4993/4477
f 4459/4992/4476 4461/4994/4478 4462/4995/4479 4460/4993/4477
f 4460/4993/4477 4462/4995/4479 2057/2288/2061 2055/2286/2059
f 4461/4994/4478 2084/2321/2088 2083/2320/2087 4462/4995/4479
f 4462/4995/4479 2083/2320/2087 2059/2290/2063 2057/2288/2061
f 4461/4994/4478 4459/4992/4476 2104/2347/2108 2103/2346/2107
f 2103/2346/2107 2085/2322/2089 2084/2321/2088 4461/4994/4478
f 2083/2320/2087 2081/2318/2085 2061/2292/2065 2059/2290/2063
f 2078/2315/2082 2064/2296/2068 2062/2293/2066 2061/2292/2065
f 2070/2304/2074 2066/2299/2070 2064/2296/2068 2078/2315/2082
f 2053/2284/2057 4463/4996/4480 194/4997/194 2054/2285/2058
f 4463/4998/4480 198/213/198 189/204/189 194/209/194
f 2053/2284/2057 188/203/188 187/202/187 4463/4996/4480
f 187/200/187 186/199/186 198/213/198 4463/4998/4480
f 2031/2259/2035 2029/2257/2033 353/4999/353 352/4988/352
f 2029/2257/2033 2027/2255/2031 2019/2254/2023 353/4999/353
f 2025/2249/2029 2024/2248/2028 295/316/295 294/315/294
f 2011/2231/2015 2009/2229/2013 2008/2228/2012 2014/2236/2018
f 1947/2158/1951 1766/1945/1770 1764/1944/1768 1949/2160/1953
f 1769/1950/1773 1767/1946/1771 1766/1945/1770 1945/2156/1949
f 1945/2156/1949 622/662/625 621/661/624 1769/1950/1773
f 1917/2124/1921 613/653/616 618/658/621 617/657/620
f 1860/2064/1864 591/631/594 590/630/593 1864/2068/1868
f 1817/2001/1821 596/636/599 595/635/598 1819/2003/1823
f 1813/1997/1817 594/634/597 593/633/596 1814/1998/1818
f 1772/1953/1776 620/660/623 619/659/622 1774/1955/1778
f 1769/1950/1773 621/661/624 620/660/623 1770/1951/1774
f 1719/1894/1723 1715/1890/1719 1714/1889/1718 551/591/554
f 1660/1831/1664 506/543/509 505/542/508 1664/4452/1668
f 1656/1825/1660 1655/1824/1659 502/539/505 506/543/509
f 1634/1796/1638 432/466/435 431/465/434 1629/1791/1633
f 431/465/434 405/439/408 471/505/474 1625/1787/1629
f 1622/1784/1626 523/560/526 518/555/521 538/578/541
f 1612/1774/1616 1610/1772/1614 4464/5000/4481 1616/1778/1620
f 4464/5000/4481 522/559/525 521/558/524 1616/1778/1620
f 4464/5000/4481 4465/5001/4482 4466/5002/4483 522/559/525
f 4464/5000/4481 1610/1772/1614 1608/1770/1612 4465/5001/4482
f 4467/5003/4484 1083/1178/1087 4468/5004/4485 4466/5002/4483
f 4468/5004/4485 519/556/522 522/559/525 4466/5002/4483
f 4466/5002/4483 4465/5001/4482 4469/5005/4486 4467/5003/4484
f 4470/5006/4487 1088/1183/1092 4467/5003/4484 4469/5005/4486
f 4465/5001/4482 1608/1770/1612 1607/1769/1611 4469/5005/4486
f 4469/5005/4486 1607/1769/1611 1606/1768/1610 4470/5006/4487
f 4470/5006/4487 1091/1186/1095 1089/1184/1093 1088/1183/1092
f 1606/1768/1610 311/333/311 1091/1186/1095 4470/5006/4487
f 1083/1178/1087 1080/1175/1084 1079/1174/1083 4468/5004/4485
f 4468/5004/4485 1079/1174/1083 516/553/519 519/556/522
f 1088/1183/1092 1084/1179/1088 1083/1178/1087 4467/5003/4484
f 417/451/420 403/437/406 402/436/405 1615/1777/1619
f 1606/1768/1610 1604/1766/1608 312/334/312 311/333/311
f 1164/1277/1168 1152/1262/1156 1150/1261/1154 1149/1372/1153
f 361/392/361 360/391/360 1123/1232/1127 1128/1237/1132
f 1093/1189/1097 1092/1188/1096 307/328/307 306/327/306
f 1092/1187/1096 1091/1186/1095 311/333/311 307/332/307
f 346/382/346 351/381/351 1082/1177/1086 1087/1182/1091
f 1079/1174/1083 1077/1172/1081 535/575/538 516/553/519
f 1073/1168/1077 436/470/439 435/469/438 1069/1164/1073
f 1041/1136/1045 1037/1132/1041 699/741/702 697/739/700
f 1032/1127/1036 700/742/703 699/741/702 1033/1128/1037
f 711/757/714 1016/1111/1020 1015/1110/1019 1021/1116/1025
f 759/806/762 758/805/761 1001/5007/1005 1006/2696/1010
f 978/1062/982 977/1061/981 761/808/764 760/807/763
f 913/991/917 859/928/863 908/986/912 907/985/911
f 905/983/909 876/948/880 875/947/879 909/987/913
f 871/944/875 873/943/877 885/958/889 888/963/892
f 850/919/854 847/915/851 834/897/838 833/896/837
f 847/915/851 840/914/844 835/898/839 834/897/838
f 846/912/850 845/911/849 839/902/843 838/901/842
f 845/911/849 835/910/839 840/903/844 839/902/843
f 813/874/817 796/5008/799 806/861/810 816/875/820
f 793/847/796 790/844/793 796/850/799 813/868/817
f 807/862/811 806/861/810 796/5008/799 795/5009/798
f 807/862/811 795/5009/798 799/853/802 798/852/801
f 742/789/745 728/773/731 727/772/730 743/790/746
f 724/769/727 709/751/712 708/750/711 725/770/728
f 689/4332/692 651/691/654 650/690/653 690/4385/693
f 482/516/485 481/515/484 396/430/399 395/429/398
f 481/515/484 480/514/483 414/448/417 396/430/399
f 405/439/408 430/464/433 468/502/471 471/505/474
f 424/458/427 408/2235/411 410/2029/413 425/459/428
f 325/349/325 270/291/270 269/290/269 326/350/326
f 313/336/313 308/335/308 312/334/312 1602/1764/1606
f 273/294/273 227/245/227 226/244/226 274/295/274
f 198/213/198 197/212/197 190/205/190 189/204/189
f 160/172/160 152/161/152 150/159/150 161/173/161
f 136/145/136 127/136/127 129/138/129 130/139/130
f 103/5010/103 4471/5011/4488 4472/5012/4489 115/124/115
f 115/124/115 4472/5012/4489 4473/5013/4490 111/120/111
f 115/124/115 114/123/114 104/4985/104 103/5010/103
f 4472/5012/4489 87/96/87 89/98/89 4473/5013/4490
f 89/98/89 86/95/86 4474/5014/4491 4473/5013/4490
f 4473/5013/4490 4474/5014/4491 108/117/108 111/120/111
f 86/95/86 85/94/85 4475/5015/4492 4474/5014/4491
f 4475/5015/4492 101/110/101 108/117/108 4474/5014/4491
f 4475/5015/4492 85/94/85 84/93/84 4476/5016/4493
f 4476/5016/4493 102/111/102 101/110/101 4475/5015/4492
f 4476/5016/4493 84/93/84 88/5017/88 4471/5018/4488
f 4471/5018/4488 103/112/103 102/111/102 4476/5016/4493
f 4472/5012/4489 4471/5011/4488 88/97/88 87/96/87
f 108/117/108 101/110/101 99/108/99 109/118/109
f 91/100/91 90/99/90 97/106/97 106/115/106
f 98/107/98 97/106/97 90/99/90 96/105/96
f 77/85/77 76/84/76 86/95/86 89/98/89
f 88/5017/88 84/93/84 80/88/80 82/90/82
f 43/50/43 55/5019/55 65/77/65 69/76/69
f 65/72/65 55/62/55 54/61/54 66/73/66
f 60/67/60 34/41/34 37/1692/37 36/5020/36
f 36/5020/36 4477/5021/4494 4478/5022/4495 60/67/60
f 60/67/60 4478/5022/4495 57/64/57 56/63/56
f 4477/5021/4494 51/5023/51 47/54/47 4478/5022/4495
f 4478/5022/4495 47/54/47 46/53/46 57/64/57
f 36/43/36 28/35/28 41/48/41 4477/5024/4494
f 4477/5024/4494 41/48/41 52/59/52 51/58/51
f 57/64/57 46/53/46 48/55/48 58/65/58
f 55/5019/55 43/50/43 42/49/42 50/5025/50
f 53/60/53 52/59/52 41/48/41 40/47/40
f 50/5025/50 42/49/42 47/54/47 51/5023/51
f 4454/4982/4471 4453/4981/4470 4452/4980/4469 4451/4979/4468
f 1073/1168/1077 1076/1171/1080 437/471/440 436/470/439
f 290/311/290 281/302/281 280/301/280 2080/2317/2084
f 2087/2324/2091 291/312/291 290/311/290 2080/2317/2084
f 803/857/806 801/855/804 802/858/807
f 807/862/811 798/852/801 803/856/805
