# Blender 4.4.3
# www.blender.org
mtllib Drzewko boo 22.mtl
o Tree_2_retop
v 0.470157 5.174084 0.094918
v -1.486073 4.379358 -0.712823
v 0.387058 5.040943 -0.145321
v 0.276589 4.731411 -0.681700
v 0.150006 3.712416 -1.109745
v -0.392232 6.371643 -1.594635
v -1.409187 4.210998 -0.711895
v 1.960121 4.716222 -1.712290
v -0.137529 4.164390 -0.586327
v -0.506945 6.701200 -1.387268
v 0.455936 5.128047 0.180821
v -0.001276 4.742702 -0.691921
v -1.494472 4.280911 -0.817536
v 1.961457 4.540074 -1.939492
v -0.040955 7.451468 -1.256976
v -1.414485 8.142336 -1.501475
v -1.427899 8.158578 -1.514671
v 0.738356 6.077222 0.295759
v 0.771995 6.030726 0.249295
v -0.259613 4.197299 -0.771978
v -2.054679 5.161538 -0.841724
v -1.416871 8.135958 -1.531358
v -0.012254 7.457956 -1.214461
v -0.081400 7.452665 -1.235372
v 2.952934 4.707005 -2.270695
v 2.915759 4.702722 -2.276593
v 1.814142 5.727596 0.979858
v 1.823396 5.759143 0.982082
v 1.797486 5.755065 0.959402
v 1.818290 5.764009 0.971717
v 2.946746 4.704767 -2.238359
v 2.935301 4.674398 -2.260329
v -0.041833 7.409940 -1.154595
v -2.091221 5.162290 -0.851145
v -2.092687 5.174556 -0.844513
v -2.077014 5.134717 -0.828436
v 0.532377 2.771000 -0.954055
v 0.154727 1.183305 -1.359738
v 0.144807 0.982235 -1.324800
v 0.740528 6.055873 0.230002
v 0.788882 6.091934 0.293759
v -1.428458 8.156622 -1.523418
v 0.174048 3.177590 -1.254868
v -0.203579 4.160140 -0.934246
v -0.557772 6.606462 -1.153119
v 0.333758 4.885674 0.114713
v 0.370179 4.300837 -0.736194
v 2.046847 4.549937 -1.702265
v -0.486488 6.437482 -1.071909
v 0.499972 3.521067 -0.701906
v 1.876472 4.705970 -1.901638
v 0.006815 3.781127 -0.461071
v 0.579960 5.127977 0.107898
v 0.588968 5.122476 0.043807
v 0.479622 5.126577 -0.005389
v 0.400494 5.139319 -0.057365
v 0.410601 5.216054 0.037339
v 0.421763 5.314350 0.126743
v 0.445553 5.288801 0.178142
v 0.430476 5.259793 0.238706
v 0.571726 5.089253 0.163500
v -1.382085 4.290136 -0.648477
v -1.376208 4.331022 -0.625624
v -1.472536 4.419808 -0.666243
v -1.561325 4.527937 -0.696789
v -1.587731 4.510510 -0.732573
v -1.533437 4.399234 -0.795648
v -1.447233 4.276667 -0.725536
v -1.373128 4.228996 -0.664512
v 0.496984 5.064298 -0.060742
v 0.301625 5.081355 -0.177572
v 0.339477 5.166795 -0.087468
v 0.520096 4.998870 -0.081521
v 0.424713 4.961632 -0.152618
v 0.345035 4.893266 -0.250057
v 0.303150 4.945772 -0.264569
v 0.233488 4.981072 -0.278917
v 0.206532 4.783420 -0.671492
v 0.217631 4.784006 -0.508783
v 0.271041 4.746122 -0.489365
v 0.289631 4.856444 -0.820188
v 0.215020 4.873423 -0.785979
v 0.347504 4.681602 -0.797693
v 0.366735 4.810546 -0.888699
v 0.312662 4.671414 -0.446151
v 0.325159 4.615720 -0.590940
v 0.356400 4.554724 -0.708929
v 0.250863 3.737049 -1.086724
v 0.319633 3.611728 -1.129413
v 0.254795 3.564614 -1.153268
v 0.147098 3.874571 -1.122055
v 0.226492 3.867391 -1.104950
v 0.027290 3.775048 -1.095844
v 0.051081 3.898263 -1.106320
v 0.182158 3.454630 -1.175660
v 0.071085 3.556339 -1.127984
v -0.041833 3.639482 -1.110728
v -0.337481 6.536457 -1.515312
v -0.258884 6.488958 -1.536089
v -0.309256 6.330682 -1.582563
v -0.313908 6.132931 -1.618221
v -0.372863 6.128531 -1.651384
v -0.443275 6.097706 -1.673540
v -0.472661 6.308582 -1.627970
v -0.514727 6.461278 -1.575021
v -0.467446 6.510012 -1.537691
v -0.417278 6.601665 -1.462568
v -1.365576 4.139354 -0.712179
v -1.364825 4.175120 -0.680692
v 1.911867 4.598817 -1.664437
v 1.975468 4.582552 -1.685549
v 2.021317 4.671578 -1.737257
v 1.889712 4.711610 -1.667042
v 1.848616 4.609459 -1.645297
v 2.033808 4.701841 -1.816117
v 1.993684 4.751468 -1.827239
v 1.957142 4.861266 -1.728680
v 1.911879 4.850709 -1.677088
v 1.969818 4.872266 -1.804171
v -0.027266 4.140358 -0.530533
v 0.004757 4.278726 -0.464602
v -0.065584 4.313124 -0.501961
v -0.106839 4.355405 -0.546838
v -0.155504 4.237705 -0.639592
v -0.307883 4.166227 -0.675092
v -0.328815 4.152420 -0.597493
v -0.351789 4.110600 -0.514805
v -0.206166 4.046786 -0.530563
v -0.078033 4.002612 -0.524403
v -0.636639 6.779719 -1.400288
v -0.641794 6.801583 -1.329786
v -0.529768 6.754247 -1.292551
v -0.426828 6.781864 -1.250379
v -0.396987 6.755429 -1.315336
v -0.346559 6.706838 -1.384190
v -0.547590 6.633176 -1.479321
v -0.645881 6.744170 -1.466605
v 0.379549 5.242832 0.279579
v 0.373032 5.116112 0.217198
v 0.363295 5.010143 0.178857
v 0.451144 5.023367 0.189479
v 0.567248 5.025434 0.193139
v -0.055977 4.663932 -0.628967
v -0.032246 4.744878 -0.465594
v 0.027640 4.779134 -0.494695
v 0.088010 4.797899 -0.508513
v 0.070534 4.785466 -0.675426
v 0.060417 4.859675 -0.779511
v -0.003589 4.831869 -0.809625
v -0.062408 4.678314 -0.819876
v -0.083940 4.584734 -0.761688
v -0.058314 4.787381 -0.882179
v -1.406723 4.177076 -0.747662
v -1.427017 4.323700 -0.888127
v -1.260913 4.214986 -0.858749
v -1.281434 4.165456 -0.834114
v -1.535215 4.420534 -0.862222
v -1.267627 4.103168 -0.787896
v 2.135010 4.604572 -1.950236
v 2.144311 4.545708 -1.959691
v 1.992140 4.476991 -1.938861
v 1.871727 4.570722 -1.912913
v 1.955669 4.660341 -1.893312
v 2.041541 4.645137 -1.899279
v 1.839316 4.426746 -1.900739
v 1.792444 4.460011 -1.882487
v 1.877982 4.387776 -1.900076
v -0.039445 7.406925 -1.278952
v -0.061377 7.406940 -1.274520
v -0.053852 7.459379 -1.251093
v -0.031841 7.463255 -1.243960
v -0.016596 7.408140 -1.267342
v -0.046899 7.474421 -1.233987
v -1.416843 8.153055 -1.509586
v -1.426146 8.150750 -1.509253
v -1.393483 8.087893 -1.483216
v -1.381013 8.094340 -1.481638
v -1.369427 8.100479 -1.485660
v -1.413450 8.153243 -1.512561
v -1.428620 8.160021 -1.517547
v -1.428223 8.148802 -1.512082
v 0.759000 6.077386 0.302545
v 0.780040 6.104713 0.286800
v 0.744480 6.089832 0.279313
v 0.689423 6.032733 0.297080
v 0.702896 6.017776 0.308768
v 0.681009 6.042129 0.277851
v 0.770057 6.046452 0.240942
v 0.786619 6.070538 0.255840
v 0.783756 6.041203 0.267162
v 0.748108 5.988380 0.236579
v 0.739488 5.999093 0.220329
v 0.751235 5.983916 0.256308
v -0.146943 4.294490 -0.701724
v -0.129232 4.346925 -0.757352
v -0.159621 4.259651 -0.842335
v -0.361096 4.134012 -0.869599
v -2.065629 5.165297 -0.850827
v -2.080115 5.172614 -0.841681
v -2.067937 5.166150 -0.835227
v -2.010436 5.134717 -0.840107
v -2.011394 5.132730 -0.855695
v -2.014843 5.131454 -0.826193
v -1.387849 8.085242 -1.538442
v -1.400012 8.079634 -1.532030
v -1.428141 8.145624 -1.525899
v -1.417453 8.151819 -1.525859
v -1.376188 8.091927 -1.538550
v 0.008825 7.414520 -1.212681
v 0.004943 7.412534 -1.232743
v -0.019367 7.469458 -1.225665
v -0.034293 7.476797 -1.215819
v -0.022262 7.464335 -1.204693
v 0.003006 7.418481 -1.192986
v -0.074255 7.462143 -1.219739
v -0.058870 7.475397 -1.227572
v -0.066028 7.457349 -1.242010
v -0.098941 7.409711 -1.242884
v -0.101873 7.412430 -1.216783
v -0.080719 7.407624 -1.261646
v 2.941214 4.716507 -2.259735
v 2.947491 4.710972 -2.253953
v 2.956041 4.701442 -2.266947
v 2.956739 4.695898 -2.271100
v 2.950800 4.703301 -2.275850
v 2.935866 4.716504 -2.269463
v 2.930919 4.711415 -2.275212
v 2.945727 4.700624 -2.278047
v 2.930972 4.693465 -2.277310
v 2.865343 4.697802 -2.257984
v 2.870175 4.720909 -2.248393
v 2.872107 4.676025 -2.254807
v 1.813124 5.742498 0.986829
v 1.779253 5.689057 0.979395
v 1.793964 5.681759 0.969614
v 1.805403 5.681647 0.953140
v 1.822263 5.739589 0.974709
v 1.822837 5.760861 0.980250
v 1.806216 5.748601 0.986772
v 1.823569 5.741878 0.967946
v 1.810652 5.756062 0.958826
v 1.774667 5.720617 0.922866
v 1.761780 5.726183 0.932646
v 1.802592 5.760321 0.972777
v 1.751089 5.726360 0.948839
v 1.822182 5.764241 0.976408
v 1.817443 5.749542 0.957159
v 1.802117 5.756664 0.979046
v 2.919248 4.708314 -2.189289
v 2.924621 4.682912 -2.188900
v 2.955583 4.695612 -2.252458
v 2.906985 4.724594 -2.201202
v 2.950094 4.681963 -2.260229
v 2.910754 4.653746 -2.211064
v 2.896119 4.652694 -2.229453
v 2.936525 4.684792 -2.271609
v 2.950967 4.691970 -2.273664
v 2.882854 4.660250 -2.244495
v -0.039972 7.319928 -1.125304
v -0.004353 7.321556 -1.129661
v -0.023949 7.429893 -1.170640
v -0.061030 7.427509 -1.170038
v -0.071703 7.317565 -1.139483
v -0.043411 7.457649 -1.188231
v -2.080367 5.143904 -0.859200
v -2.086287 5.140273 -0.852121
v -2.093497 5.162268 -0.845106
v -2.093953 5.172249 -0.844522
v -2.089850 5.168152 -0.850284
v -2.074585 5.150639 -0.861591
v -2.093381 5.170065 -0.840746
v -2.088836 5.174079 -0.840964
v -2.086810 5.170393 -0.849610
v -2.084063 5.172482 -0.846940
v -2.077098 5.149645 -0.825846
v -2.089098 5.161777 -0.835581
v -2.086607 5.141429 -0.838125
v -2.051288 5.096176 -0.817991
v -2.043042 5.105626 -0.809859
v -2.057077 5.090628 -0.829162
v 0.498905 2.610307 -0.957152
v 0.521882 2.609030 -1.073781
v 0.559543 2.732029 -1.089158
v 0.419592 2.746683 -0.740745
v 0.418496 2.603247 -0.797135
v 0.521990 2.918769 -0.862851
v 0.431742 2.902349 -0.676635
v 0.648176 2.883907 -1.067052
v 0.635725 2.966197 -0.990834
v 0.639714 2.843548 -1.144458
v 0.176401 1.017829 -1.400605
v 0.124500 1.055223 -1.259811
v 0.235632 1.209202 -1.483947
v 0.248810 1.035434 -1.471837
v 0.020521 1.097569 -1.183241
v 0.030378 1.228121 -1.249640
v 0.021661 1.365372 -1.297070
v 0.132976 1.360373 -1.394490
v 0.211860 1.374989 -1.495959
v 0.132274 0.886332 -1.313608
v 0.105252 0.919428 -1.211117
v 0.159390 0.879343 -1.397196
v 0.758660 6.053895 0.234195
v 0.724837 6.013257 0.211243
v 0.708458 6.026775 0.210980
v 0.695948 6.037292 0.218887
v 0.743898 6.075970 0.242919
v 0.775745 6.078043 0.249033
v 0.766870 6.061116 0.302352
v 0.777291 6.049220 0.293933
v 0.799095 6.090914 0.283037
v 0.784784 6.104222 0.274293
v -1.428782 8.158363 -1.520343
v -1.414084 8.151637 -1.523601
v -1.429581 8.143938 -1.520989
v 0.113115 2.876007 -1.181334
v 0.051501 2.857710 -1.049345
v 0.044445 3.064542 -1.083919
v 0.259039 3.096572 -1.324242
v 0.178742 2.870142 -1.249910
v 0.006645 3.210477 -1.052953
v 0.098568 3.317334 -1.146121
v 0.405476 3.342793 -1.418070
v 0.441670 3.255829 -1.428645
v 0.262755 3.400713 -1.268790
v -0.104274 4.344727 -0.906514
v -0.093136 4.294371 -0.995142
v -0.107857 4.112095 -1.032896
v -0.171439 3.986708 -1.025948
v -0.290761 4.029551 -0.977636
v -0.059807 4.247894 -1.085131
v -0.424942 4.072530 -0.946489
v -0.710948 6.717502 -1.229261
v -0.773235 6.656646 -1.209665
v -0.659588 6.518999 -1.150211
v -0.597399 6.372099 -1.097908
v -0.367282 6.610744 -1.076845
v -0.411793 6.688622 -1.132088
v -0.431611 6.754910 -1.184311
v -0.544245 6.722961 -1.218422
v -0.671850 6.779980 -1.270583
v 0.217768 4.755894 -0.007416
v 0.264721 4.721826 -0.031707
v 0.368159 4.812932 0.068798
v 0.240475 4.902694 0.096413
v 0.148628 4.786205 -0.010800
v 0.481134 4.866769 0.127233
v 0.457206 4.935129 0.166601
v 0.289246 5.010089 0.165289
v 0.399737 4.266824 -0.878372
v 0.402313 4.426736 -0.933666
v 0.386839 4.481735 -0.819231
v 0.350121 4.435030 -0.632551
v 0.321770 4.218119 -0.617846
v 0.338535 4.011821 -0.639294
v 0.387315 4.046391 -0.731928
v 0.314434 4.349552 -0.552215
v 1.921459 4.445746 -1.676920
v 1.943246 4.405502 -1.700366
v 2.059086 4.482915 -1.719479
v 2.197611 4.535712 -1.748231
v 2.190802 4.594957 -1.745677
v 1.891866 4.473527 -1.656625
v 2.089601 4.650336 -1.757201
v -0.386328 6.408405 -1.053320
v -0.296605 6.572849 -1.046445
v -0.555567 6.224722 -1.095057
v -0.485964 6.248547 -1.066604
v -0.412258 6.257704 -1.057875
v 0.418610 3.449423 -1.400393
v 0.498868 3.280780 -0.652046
v 0.540931 3.232750 -0.790791
v 0.555233 3.397889 -0.824703
v 0.419517 3.542949 -0.576908
v 0.424837 3.317564 -0.543419
v 0.426855 3.802504 -0.709975
v 0.374772 3.790499 -0.615804
v 0.530702 3.513937 -0.894651
v 0.486641 3.635046 -0.820856
v 0.434640 3.837729 -0.803913
v 1.805422 4.590760 -1.892378
v 1.749744 4.605515 -1.865003
v 1.793465 4.712112 -1.894377
v 1.841889 4.867420 -1.892375
v 1.913203 4.865958 -1.864152
v -0.120859 3.666297 -0.426515
v -0.042616 3.502390 -0.396263
v 0.070248 3.560354 -0.404474
v 0.196150 3.573494 -0.431859
v 0.167819 3.784933 -0.489329
v -0.139124 3.881090 -0.474248
v -0.221234 3.774142 -0.435193
v 0.158994 3.970597 -0.522369
v 0.043282 3.974186 -0.513368
v 0.109801 0.128848 -1.344727
v 0.048854 0.133881 -1.214306
v -0.025869 0.117220 -1.104459
v 0.759778 0.086883 -1.183923
v 0.756209 0.081304 -1.035536
v -0.084633 0.084352 -0.995054
v 0.707070 0.091383 -1.319890
v 0.699320 0.243109 -1.308959
v 0.752725 0.240791 -1.173864
v -0.109889 0.067044 -0.872026
v 0.593603 0.098732 -1.411697
v 0.578769 0.249748 -1.397193
v 0.575069 0.397903 -1.397837
v 0.708940 0.392300 -1.313987
v 0.454300 0.106995 -1.462011
v 0.426439 0.257968 -1.440243
v 0.407247 0.407695 -1.433414
v 0.417594 0.555546 -1.452166
v 0.595437 0.548104 -1.418142
v 0.279594 0.263995 -1.442729
v 0.256288 0.420001 -1.428023
v 0.261478 0.572350 -1.434357
v 0.298063 0.723423 -1.456854
v 0.451882 0.711062 -1.487800
v 0.141887 0.430939 -1.410073
v 0.154250 0.587841 -1.416361
v 0.194638 0.738115 -1.429641
v 0.230838 0.878026 -1.448393
v 0.334151 0.874692 -1.492545
v 0.076370 0.603556 -1.380683
v 0.120342 0.751720 -1.388332
v 0.053130 0.605233 -1.305166
v 0.102283 0.753562 -1.306295
v 0.027058 0.611439 -1.198124
v 0.072702 0.764414 -1.201024
v -0.046565 0.636916 -1.087352
v -0.015286 0.799199 -1.105269
v 0.007514 0.955872 -1.127319
v -0.131021 0.819917 -1.056672
v -0.125308 0.969371 -1.103004
v -0.122695 1.105728 -1.157872
v -0.117571 1.241832 -1.227124
v -0.234548 0.965365 -1.055709
v -0.231547 1.116804 -1.112737
v -0.213717 1.272473 -1.165420
v -0.192047 1.424232 -1.193991
v -0.104934 1.389220 -1.265996
v -0.272572 1.144571 -1.004571
v -0.246363 1.301381 -1.052470
v -0.217165 1.447234 -1.080691
v -0.204921 1.595490 -1.098211
v -0.189756 1.579581 -1.208013
v -0.212375 1.316934 -0.927067
v -0.178859 1.455454 -0.961226
v -0.166918 1.599542 -0.983389
v -0.166887 1.752404 -1.000291
v -0.202720 1.755114 -1.113062
v -0.088928 1.444638 -0.855227
v -0.091849 1.593540 -0.871494
v -0.100581 1.745792 -0.887512
v -0.107128 1.898852 -0.892996
v -0.167957 1.911982 -0.999073
v -0.007806 1.588265 -0.756744
v -0.025456 1.745885 -0.779686
v -0.033379 1.897160 -0.800548
v -0.037429 2.044580 -0.793355
v -0.107723 2.055838 -0.874606
v 0.073759 1.754737 -0.720373
v 0.059141 1.902886 -0.749222
v 0.053003 2.043990 -0.749776
v 0.054286 2.183285 -0.707296
v -0.035464 2.192639 -0.746981
v 0.160471 1.911388 -0.743636
v 0.148429 2.050984 -0.748735
v 0.150435 2.187288 -0.704015
v 0.160635 2.325180 -0.624436
v 0.062695 2.328211 -0.627735
v 0.242213 2.064752 -0.769693
v 0.240454 2.199623 -0.721976
v 0.248122 2.333744 -0.640685
v 0.254916 2.491173 -0.540367
v 0.171702 2.485926 -0.527992
v 0.325185 2.223476 -0.762934
v 0.322463 2.361677 -0.684344
v 0.322800 2.511953 -0.585588
v 0.318986 2.697903 -0.493759
v 0.254937 2.681627 -0.441615
v 0.377753 2.407602 -0.761182
v 0.365332 2.557209 -0.669863
v 0.361734 2.720898 -0.585287
v 0.368345 2.908239 -0.534075
v 0.306551 2.908529 -0.444360
v 0.313877 3.128701 -0.433994
v 0.232216 3.130695 -0.365113
v 0.242491 2.901754 -0.381414
v 0.398924 3.111844 -0.521254
v 0.326508 3.343659 -0.454336
v 0.465571 3.079779 -0.644201
v 0.525999 3.064109 -0.804534
v 0.620294 3.081029 -0.938774
v 0.609095 3.211567 -0.924012
v 0.722639 3.219793 -1.025342
v 0.705913 3.334914 -1.026278
v 0.610952 3.346954 -0.937135
v 0.742724 3.114674 -1.043800
v 0.878806 3.150382 -1.115803
v 0.860397 3.247024 -1.089426
v 0.758553 3.026542 -1.083856
v 0.887527 3.070362 -1.162080
v 1.033196 3.100865 -1.221153
v 1.022947 3.182017 -1.172559
v 0.761306 2.958584 -1.146337
v 0.885821 3.006601 -1.222949
v 1.030212 3.038146 -1.286425
v 1.199601 3.081295 -1.332729
v 1.195001 3.142370 -1.266539
v 0.867403 2.963860 -1.294470
v 1.013391 2.998426 -1.361082
v 1.191116 3.046916 -1.411565
v 1.374679 3.141888 -1.456001
v 1.377993 3.173553 -1.382262
v 0.984311 2.983110 -1.438475
v 1.170440 3.037217 -1.489866
v 1.356739 3.133679 -1.530161
v 1.525185 3.266018 -1.570903
v 1.541754 3.277056 -1.499085
v 1.140165 3.052246 -1.561124
v 1.326201 3.146924 -1.598424
v 1.490697 3.276386 -1.636802
v 1.612550 3.444765 -1.666381
v 1.644741 3.440925 -1.609183
v 1.285137 3.184439 -1.648573
v 1.443638 3.306928 -1.685108
v 1.570582 3.462233 -1.711450
v 1.682017 3.629784 -1.745024
v 1.715315 3.621644 -1.702694
v 1.391122 3.353289 -1.706044
v 1.524115 3.491498 -1.739587
v 1.641258 3.647866 -1.769858
v 1.717171 3.830540 -1.787485
v 1.758859 3.817073 -1.767349
v 1.478808 3.531915 -1.751926
v 1.599624 3.675305 -1.772701
v 1.669857 3.843034 -1.788994
v 1.683776 4.013879 -1.791338
v 1.731711 4.006217 -1.787761
v 1.556931 3.710224 -1.750191
v 1.621842 3.857171 -1.766260
v 1.637205 4.018881 -1.776459
v 1.647840 4.186060 -1.795547
v 1.698418 4.173720 -1.802207
v 1.587185 3.874681 -1.719982
v 1.603195 4.024656 -1.742932
v 1.601027 4.189981 -1.773234
v 1.649038 4.351665 -1.816273
v 1.704784 4.334977 -1.833585
v 1.575831 4.037018 -1.693441
v 1.567777 4.194324 -1.735642
v 1.600909 4.361115 -1.787460
v 1.685274 4.497436 -1.828828
v 1.737631 4.481799 -1.858609
v 1.548867 4.207984 -1.681958
v 1.570644 4.375517 -1.742939
v 1.642901 4.511743 -1.788903
v 1.699538 4.617309 -1.821383
v 1.563241 4.391283 -1.691341
v 1.614479 4.526704 -1.737109
v 1.660800 4.631834 -1.764039
v 1.692484 4.742987 -1.782125
v 1.738636 4.730385 -1.848321
v 1.619939 4.534642 -1.678994
v 1.657573 4.638824 -1.697729
v 1.677760 4.747097 -1.701591
v 1.695914 4.885932 -1.689742
v 1.716300 4.889945 -1.784979
v 1.703834 4.632853 -1.647548
v 1.732352 4.735661 -1.642716
v 1.755493 4.865557 -1.624100
v 1.797153 5.014978 -1.593905
v 1.742777 5.049194 -1.659861
v 1.815043 4.721920 -1.643322
v 1.841921 4.851903 -1.638898
v 1.872343 4.986320 -1.618587
v 1.941104 5.113267 -1.594826
v 1.887406 5.157058 -1.578723
v 1.933072 4.973345 -1.663850
v 1.986549 5.087146 -1.638496
v 2.078560 5.186614 -1.619516
v 2.048496 5.218851 -1.585546
v 1.969284 4.975297 -1.718401
v 2.013181 5.082026 -1.693993
v 2.096157 5.177238 -1.669407
v 2.209133 5.266019 -1.653946
v 2.198561 5.276629 -1.613025
v 2.015979 5.095446 -1.750764
v 2.095909 5.190526 -1.720187
v 2.206491 5.276221 -1.696396
v 2.329938 5.366813 -1.683401
v 2.333092 5.360771 -1.648596
v 2.077247 5.222836 -1.758160
v 2.193343 5.303185 -1.727851
v 2.317418 5.385859 -1.710107
v 2.429969 5.486597 -1.699710
v 2.443197 5.472893 -1.677675
v 2.173348 5.335786 -1.728314
v 2.299090 5.410606 -1.707341
v 2.412776 5.504430 -1.697451
v 2.510598 5.613496 -1.691579
v 2.525972 5.601048 -1.692408
v 2.283363 5.429662 -1.681670
v 2.399763 5.518194 -1.675482
v 2.498766 5.623436 -1.674116
v 2.579747 5.728245 -1.673791
v 2.587855 5.719213 -1.686016
v 2.392910 5.525713 -1.648920
v 2.491773 5.629727 -1.653148
v 2.575931 5.733900 -1.657268
v 2.492965 5.629541 -1.630241
v 2.576719 5.731841 -1.640107
v 2.504723 5.620771 -1.614531
v 2.585291 5.726123 -1.627552
v 2.522074 5.606552 -1.616760
v 2.599709 5.715914 -1.629194
v 2.535907 5.594718 -1.630502
v 2.610864 5.707393 -1.640335
v 2.541954 5.589022 -1.652188
v 2.613982 5.700190 -1.655631
v 2.609100 5.694162 -1.674040
v 2.601570 5.706640 -1.685101
v 2.537698 5.591804 -1.675061
v 2.447245 5.468860 -1.648620
v 2.440211 5.476477 -1.620775
v 2.324847 5.370000 -1.615039
v 2.424607 5.493058 -1.602820
v 2.307804 5.392051 -1.592677
v 2.177803 5.305615 -1.585806
v 2.288266 5.419477 -1.586346
v 2.155177 5.342122 -1.579062
v 2.016054 5.263337 -1.576488
v 2.140478 5.369011 -1.611274
v 1.995511 5.298309 -1.618876
v 1.849061 5.196968 -1.632638
v 1.996491 5.306125 -1.676121
v 1.857394 5.202384 -1.709245
v 1.761849 5.054003 -1.754636
v 1.889135 5.193182 -1.776873
v 1.809538 5.048179 -1.834308
v 1.769167 4.881984 -1.863117
v 1.879249 5.028272 -1.858617
v 1.940862 5.164160 -1.809694
v 1.987774 5.125436 -1.794387
v 1.937870 5.003999 -1.829507
v 1.975513 4.986451 -1.780439
v 2.046275 5.265034 -1.764119
v 2.015327 5.294307 -1.730348
v 2.152815 5.361844 -1.699149
v 2.141144 5.372638 -1.656795
v 2.274405 5.439746 -1.648962
v 2.274322 5.438965 -1.612619
v 2.393234 5.525504 -1.621110
v 2.405712 5.512957 -1.599332
v 1.775678 4.620364 -1.633694
v 1.659690 4.532416 -1.634360
v 1.719669 4.522221 -1.612419
v 1.785208 4.506995 -1.617164
v 1.656444 4.408818 -1.571219
v 1.712032 4.394217 -1.571762
v 1.759347 4.374053 -1.590576
v 1.843082 4.491146 -1.634117
v 1.795327 4.356279 -1.613219
v 1.703672 4.242792 -1.516179
v 1.740868 4.219017 -1.541935
v 1.770356 4.198048 -1.575387
v 1.827464 4.334399 -1.638664
v 1.794302 4.178749 -1.612062
v 1.855160 4.303161 -1.663055
v 1.819144 4.157439 -1.649077
v 1.882901 4.270986 -1.690916
v 1.966623 4.360560 -1.726598
v 2.072539 4.429159 -1.749969
v 1.902487 4.241474 -1.724055
v 1.985475 4.319363 -1.759207
v 2.088715 4.380881 -1.787180
v 2.213628 4.439651 -1.818432
v 2.206782 4.483981 -1.779063
v 1.984955 4.297463 -1.805716
v 2.087194 4.357533 -1.839553
v 2.212704 4.415209 -1.871423
v 2.341933 4.475873 -1.902966
v 2.349765 4.492212 -1.855565
v 2.060638 4.383650 -1.885575
v 2.190098 4.445742 -1.914076
v 2.321485 4.504312 -1.939222
v 2.451544 4.552894 -1.979948
v 2.471103 4.532067 -1.945552
v 2.166164 4.493051 -1.944142
v 2.302268 4.543130 -1.968354
v 2.432222 4.583926 -2.008452
v 2.556517 4.614305 -2.068162
v 2.575870 4.585712 -2.043032
v 2.286461 4.589941 -1.983450
v 2.417506 4.626480 -2.020831
v 2.545133 4.654437 -2.074767
v 2.668316 4.675410 -2.141879
v 2.676510 4.639231 -2.137510
v 2.415489 4.667978 -2.003670
v 2.547340 4.692134 -2.057630
v 2.672498 4.709898 -2.126954
v 2.784576 4.719843 -2.198638
v 2.779646 4.689253 -2.210836
v 2.559151 4.717644 -2.025671
v 2.686594 4.732711 -2.099696
v 2.797952 4.739140 -2.176876
v 2.880723 4.732286 -2.233458
v 2.706603 4.738766 -2.068450
v 2.816281 4.743164 -2.151331
v 2.894531 4.732792 -2.215441
v 2.836000 4.732468 -2.127443
v 2.728564 4.725924 -2.039313
v 2.746313 4.698811 -2.019804
v 2.851597 4.708135 -2.111382
v 2.754717 4.662154 -2.015929
v 2.858282 4.674787 -2.108405
v 2.750357 4.627228 -2.029943
v 2.852934 4.644861 -2.120693
v 2.920437 4.664982 -2.196969
v 2.954087 4.687624 -2.255960
v 2.838853 4.626200 -2.142520
v 2.735745 4.604672 -2.055951
v 2.714953 4.600738 -2.087321
v 2.819416 4.624534 -2.168501
v 2.693974 4.612910 -2.116595
v 2.800856 4.635664 -2.191805
v 2.785924 4.658398 -2.207951
v 2.597030 4.570864 -2.009392
v 2.616220 4.576210 -1.972607
v 2.486189 4.536997 -1.905351
v 2.628194 4.601479 -1.942045
v 2.493806 4.566373 -1.869283
v 2.349832 4.528105 -1.819918
v 2.491774 4.608277 -1.850115
v 2.345558 4.573029 -1.796219
v 2.479119 4.653099 -1.855889
v 2.334342 4.621538 -1.800648
v 2.460571 4.686250 -1.882985
v 2.318210 4.658758 -1.831185
v 2.189513 4.645667 -1.790604
v 2.301543 4.674861 -1.877070
v 2.178381 4.665233 -1.846480
v 2.087827 4.678724 -1.829548
v 2.160818 4.652349 -1.904685
v 2.287504 4.668752 -1.926602
v 2.280466 4.638337 -1.969244
v 2.424417 4.694485 -1.966742
v 2.441069 4.700592 -1.922689
v 2.578461 4.725007 -1.987152
v 2.599932 4.710729 -1.953112
v 2.618743 4.680782 -1.929549
v 2.629355 4.639713 -1.925562
v 2.025709 4.427524 -1.917723
v 1.956533 4.313954 -1.849826
v 1.919399 4.346025 -1.880517
v 1.878159 4.230103 -1.805127
v 1.841059 4.251403 -1.831143
v 1.795884 4.281625 -1.842898
v 1.791072 4.141538 -1.787014
v 1.745749 4.159233 -1.798860
v 1.751332 4.311983 -1.843374
v 1.775387 3.997343 -1.769654
v 1.827231 4.127271 -1.762619
v 1.808084 3.990320 -1.739071
v 1.788839 3.809556 -1.727139
v 1.822791 3.990679 -1.697365
v 1.804947 3.812236 -1.679019
v 1.736938 3.624352 -1.648544
v 1.796474 3.825390 -1.629652
v 1.745127 3.638065 -1.590699
v 1.659713 3.454021 -1.543211
v 1.726036 3.666504 -1.538406
v 1.649912 3.482890 -1.483310
v 1.538376 3.307792 -1.430537
v 1.622217 3.520729 -1.433660
v 1.515564 3.354559 -1.372103
v 1.364362 3.225871 -1.318341
v 1.481172 3.409409 -1.324239
v 1.339949 3.293952 -1.266935
v 1.179934 3.221339 -1.216481
v 1.301808 3.375290 -1.239750
v 1.153172 3.312514 -1.188176
v 1.003545 3.275648 -1.138131
v 1.117308 3.406912 -1.187854
v 0.973042 3.378132 -1.141407
v 0.833921 3.352649 -1.094141
v 0.938892 3.468257 -1.176479
v 0.804006 3.449651 -1.126785
v 0.683018 3.439569 -1.062489
v 0.772042 3.533837 -1.171880
v 0.653628 3.521802 -1.109035
v 0.561130 3.535352 -1.037555
v 0.591182 3.456658 -0.984040
v 0.496573 3.589924 -0.967699
v 0.511790 3.573840 -1.098830
v 0.440340 3.621246 -1.033740
v 0.392026 3.722836 -0.994407
v 0.450107 3.695536 -0.919241
v 0.367041 3.863375 -0.995565
v 0.415573 3.857452 -0.907226
v 0.351681 4.030472 -1.030609
v 0.397050 4.043769 -0.940389
v 0.408122 4.051403 -0.836916
v 0.390437 4.230294 -0.995441
v 0.347985 4.198002 -1.085786
v 0.353957 4.358659 -1.142962
v 0.392355 4.385458 -1.051333
v 0.369785 4.521554 -1.199961
v 0.402838 4.541508 -1.110713
v 0.417148 4.570598 -1.003808
v 0.407788 4.718184 -1.164914
v 0.428145 4.738127 -1.071390
v 0.414639 4.768597 -0.977035
v 0.398427 4.617892 -0.898136
v 0.405820 4.933815 -1.123547
v 0.404697 4.953871 -1.039137
v 0.367726 4.975375 -0.957255
v 0.349512 5.147019 -1.079951
v 0.322369 5.156384 -1.004780
v 0.264324 5.154744 -0.944204
v 0.298911 4.991044 -0.898084
v 0.188258 5.145532 -0.903030
v 0.215026 4.999092 -0.857524
v 0.101625 5.129126 -0.882342
v 0.128810 4.994246 -0.840292
v 0.136302 4.875310 -0.772525
v 0.139269 4.796363 -0.668391
v 0.046931 4.973618 -0.848933
v 0.016609 5.102938 -0.890713
v -0.054366 5.070437 -0.924754
v -0.019094 4.943920 -0.881556
v -0.105645 5.037498 -0.978113
v -0.070373 4.908311 -0.939415
v -0.136438 5.008908 -1.042011
v -0.101019 4.875071 -1.012177
v -0.088120 4.744548 -0.968443
v -0.079862 4.622158 -0.921614
v -0.109416 4.850778 -1.087715
v -0.099184 4.709508 -1.056176
v -0.087077 4.577235 -1.016316
v -0.079114 4.454157 -0.966866
v -0.086017 4.509524 -0.870329
v -0.089622 4.691679 -1.141750
v -0.082205 4.546096 -1.112798
v -0.071239 4.414442 -1.059473
v -0.053857 4.532470 -1.199170
v -0.049253 4.381561 -1.148118
v -0.000058 4.526210 -1.261976
v -0.003051 4.359330 -1.220755
v -0.013442 4.205594 -1.163230
v -0.031361 4.069702 -1.104908
v 0.064401 4.348530 -1.258427
v 0.058988 4.178103 -1.209499
v 0.055014 4.030757 -1.150486
v -0.056926 3.942336 -1.068205
v 0.135429 4.171093 -1.217533
v 0.140352 4.012081 -1.162022
v 0.212360 4.172335 -1.193837
v 0.216365 4.012009 -1.141965
v 0.284956 4.179985 -1.151091
v 0.287535 4.019074 -1.096993
v 0.300293 3.865726 -1.060912
v 0.324330 3.734743 -1.052493
v 0.378588 3.630769 -1.089227
v 0.454378 3.590403 -1.157527
v 0.393652 3.574806 -1.209631
v 0.493063 3.583830 -1.305489
v 0.447724 3.534141 -1.361760
v 0.329776 3.514241 -1.249191
v 0.552988 3.597644 -1.237809
v 0.691338 3.620336 -1.309948
v 0.654233 3.606971 -1.386662
v 0.608948 3.573240 -1.170367
v 0.733818 3.593666 -1.235260
v 0.880186 3.605443 -1.282964
v 0.851816 3.625864 -1.360248
v 0.908588 3.546607 -1.221162
v 1.049338 3.558609 -1.265467
v 1.022405 3.608675 -1.324382
v 1.080790 3.489053 -1.221537
v 1.216389 3.527290 -1.261747
v 1.180359 3.588374 -1.302496
v 1.258502 3.455193 -1.238160
v 1.391140 3.533671 -1.281157
v 1.343874 3.591197 -1.296469
v 1.438973 3.471035 -1.290991
v 1.549592 3.603120 -1.349393
v 1.504676 3.646199 -1.329164
v 1.587663 3.561341 -1.388376
v 1.656611 3.725529 -1.447978
v 1.622350 3.754829 -1.403610
v 1.690699 3.696497 -1.494010
v 1.729721 3.863910 -1.538992
v 1.697040 3.885540 -1.493651
v 1.766122 3.843832 -1.582048
v 1.784080 4.011286 -1.611823
v 1.755519 4.027820 -1.573192
v 1.810874 3.998466 -1.652139
v 1.838452 4.138695 -1.684313
v 1.845441 4.125868 -1.724399
v 1.903036 4.224522 -1.764398
v 1.729827 4.046048 -1.528993
v 1.703318 4.065835 -1.486752
v 1.666483 3.908327 -1.448602
v 1.667090 4.087992 -1.452092
v 1.629442 3.929373 -1.412990
v 1.579826 3.782728 -1.372049
v 1.584393 3.946289 -1.399397
v 1.530699 3.807729 -1.366571
v 1.451850 3.686518 -1.330686
v 1.485038 3.828854 -1.385441
v 1.405061 3.722565 -1.359714
v 1.300766 3.641163 -1.332730
v 1.372947 3.746252 -1.409126
v 1.269057 3.675648 -1.385902
v 1.151577 3.632066 -1.359076
v 1.248215 3.691247 -1.453426
v 1.128965 3.650691 -1.430181
v 0.998804 3.629115 -1.397577
v 1.113582 3.642043 -1.505219
v 0.979349 3.617857 -1.472095
v 0.828769 3.612432 -1.434347
v 0.966760 3.576885 -1.538407
v 0.812447 3.569167 -1.499901
v 0.628399 3.564352 -1.448941
v 0.804174 3.501130 -1.545644
v 0.614029 3.494226 -1.492217
v 0.806993 3.416230 -1.569698
v 0.617915 3.407713 -1.509717
v 0.821278 3.315044 -1.574975
v 0.638913 3.308738 -1.510461
v 0.845030 3.213668 -1.574285
v 0.667036 3.200024 -1.506193
v 0.495857 3.156142 -1.432882
v 0.701008 3.101747 -1.498736
v 0.554164 3.059072 -1.420356
v 0.427928 2.961534 -1.341712
v 0.344522 3.032929 -1.343681
v 0.345843 2.820519 -1.286428
v 0.260150 2.849388 -1.287285
v 0.305800 2.668473 -1.285938
v 0.230233 2.679436 -1.282540
v 0.158669 2.683282 -1.235701
v 0.208835 2.525757 -1.317233
v 0.132874 2.528079 -1.269410
v 0.050321 2.531126 -1.204592
v 0.088524 2.685999 -1.159607
v -0.039616 2.536098 -1.135297
v 0.007171 2.692315 -1.061011
v -0.116836 2.523710 -1.067661
v -0.082130 2.691988 -0.965704
v -0.033855 2.852993 -0.919381
v -0.020796 3.017420 -0.922967
v -0.141270 2.662685 -0.885751
v -0.116152 2.835033 -0.813264
v -0.096734 2.981807 -0.781960
v -0.102552 3.117797 -0.764838
v -0.054314 3.148984 -0.914841
v -0.156396 2.789377 -0.718523
v -0.149780 2.948816 -0.671017
v -0.156609 3.091185 -0.647207
v -0.190296 3.220641 -0.643378
v -0.155769 3.239579 -0.760641
v -0.149154 2.915514 -0.574448
v -0.163888 3.075020 -0.545627
v -0.197435 3.220212 -0.540098
v -0.256958 3.350256 -0.549911
v -0.261983 3.336364 -0.650503
v -0.114703 3.074670 -0.458430
v -0.154634 3.242781 -0.453776
v -0.213448 3.387243 -0.470309
v -0.295485 3.510493 -0.483264
v -0.341744 3.464100 -0.563733
v -0.078387 3.277868 -0.399092
v -0.139072 3.439843 -0.418177
v -0.220193 3.575215 -0.435122
v -0.312233 3.685023 -0.441515
v -0.388035 3.617849 -0.488016
v -0.486483 3.725307 -0.484028
v -0.536497 3.681121 -0.566064
v -0.437803 3.570099 -0.572199
v -0.412758 3.788869 -0.441013
v -0.518902 3.901501 -0.434061
v -0.584714 3.846645 -0.479392
v -0.331043 3.867371 -0.436285
v -0.447485 3.968401 -0.428507
v -0.584401 4.088289 -0.431238
v -0.637460 4.026250 -0.439656
v -0.262541 3.958099 -0.469416
v -0.388880 4.043119 -0.451793
v -0.539457 4.148617 -0.450451
v -0.704984 4.256980 -0.472830
v -0.743399 4.197556 -0.452903
v -0.502728 4.207156 -0.496757
v -0.670446 4.310247 -0.511522
v -0.863556 4.373500 -0.545307
v -0.892397 4.321494 -0.507502
v -0.482607 4.239247 -0.576635
v -0.644398 4.343169 -0.581342
v -0.843883 4.405505 -0.603897
v -1.034539 4.391887 -0.636793
v -1.050996 4.372507 -0.595449
v -0.638557 4.341075 -0.659266
v -0.832619 4.402868 -0.668944
v -1.022916 4.391646 -0.685179
v -1.156168 4.416698 -0.709361
v -1.168038 4.413647 -0.667235
v -0.833583 4.378809 -0.733645
v -1.018523 4.378159 -0.735172
v -1.152075 4.407289 -0.755407
v -1.250380 4.465624 -0.779883
v -1.249846 4.475191 -0.733667
v -1.020691 4.355391 -0.785962
v -1.157168 4.385098 -0.799591
v -1.262681 4.445057 -0.824418
v -1.346659 4.526782 -0.845373
v -1.329335 4.545626 -0.802225
v -1.171044 4.352691 -0.837417
v -1.287371 4.414724 -0.862256
v -1.375790 4.499640 -0.883360
v -1.458701 4.602727 -0.880483
v -1.426605 4.629731 -0.854279
v -1.325944 4.380118 -0.884222
v -1.420639 4.466178 -0.897882
v -1.499112 4.572290 -0.887060
v -1.585894 4.680900 -0.869926
v -1.551379 4.711937 -0.867488
v -1.474908 4.438387 -0.889022
v -1.541531 4.543540 -0.873512
v -1.617477 4.653296 -0.857256
v -1.712436 4.755424 -0.852718
v -1.686778 4.779996 -0.864941
v -1.582313 4.524065 -0.842880
v -1.644433 4.630527 -0.831430
v -1.734212 4.735874 -0.830779
v -1.835023 4.839415 -0.839911
v -1.819293 4.853826 -0.862167
v -1.661951 4.616923 -0.793810
v -1.750233 4.722153 -0.800093
v -1.847486 4.829342 -0.813129
v -1.938848 4.937226 -0.827888
v -1.930928 4.942802 -0.851884
v -1.751137 4.722606 -0.763785
v -1.851148 4.829086 -0.781548
v -1.941819 4.937201 -0.802448
v -2.011000 5.025559 -0.818215
v -2.010195 5.024520 -0.838465
v -1.840093 4.843347 -0.754922
v -1.934071 4.947622 -0.779999
v -2.003891 5.033566 -0.801758
v -1.918827 4.964850 -0.769448
v -1.991775 5.045920 -0.792115
v -1.901422 4.983034 -0.772174
v -1.977118 5.060123 -0.791709
v -2.032291 5.116246 -0.809179
v -2.071983 5.155301 -0.825957
v -1.963031 5.073360 -0.800183
v -2.022608 5.124796 -0.815217
v -2.069458 5.161909 -0.829518
v -2.082656 5.170656 -0.837274
v -2.085504 5.166734 -0.834453
v -2.093308 5.162217 -0.841848
v -2.086815 5.139408 -0.844074
v -2.054676 5.089948 -0.858743
v -2.058292 5.087980 -0.843344
v -2.005143 5.027533 -0.859443
v -2.045841 5.097095 -0.869914
v -1.995481 5.035669 -0.877074
v -1.918886 4.952912 -0.872819
v -1.981680 5.048563 -0.886791
v -1.902575 4.968525 -0.885261
v -1.799309 4.874169 -0.874527
v -1.885361 4.986790 -0.886060
v -1.780550 4.896221 -0.875900
v -1.661810 4.807998 -0.865677
v -1.763242 4.917928 -0.863093
v -1.640987 4.835156 -0.854670
v -1.523481 4.739125 -0.852510
v -1.629169 4.853320 -0.826116
v -1.504799 4.758582 -0.818112
v -1.406698 4.648362 -0.814664
v -1.504277 4.762211 -0.775024
v -1.403643 4.653435 -0.767228
v -1.326161 4.554286 -0.754329
v -1.420542 4.643132 -0.724384
v -1.342519 4.545707 -0.709816
v -1.264927 4.468832 -0.690108
v -1.373010 4.520932 -0.680212
v -1.290921 4.445398 -0.659315
v -1.187413 4.393308 -0.632426
v -1.321189 4.411180 -0.637149
v -1.209385 4.358351 -0.608081
v -1.069591 4.332938 -0.564876
v -1.232291 4.312601 -0.593619
v -1.087708 4.280822 -0.551272
v -0.918463 4.260724 -0.489241
v -1.105017 4.223310 -0.555420
v -0.939157 4.191977 -0.500409
v -0.780387 4.132085 -0.462519
v -0.952371 4.126721 -0.539567
v -0.809186 4.066597 -0.513503
v -0.685679 3.970723 -0.489423
v -0.828195 4.015157 -0.583228
v -0.719159 3.923131 -0.569007
v -0.629290 3.804478 -0.561643
v -0.742672 3.885473 -0.659286
v -0.661078 3.769126 -0.659934
v -0.570091 3.647765 -0.667101
v -0.671192 3.757977 -0.765049
v -0.575027 3.640922 -0.776971
v -0.471931 3.523874 -0.785751
v -0.466680 3.536439 -0.672090
v -0.358268 3.424296 -0.779948
v -0.363721 3.433224 -0.662717
v -0.248463 3.338943 -0.767487
v -0.331335 3.451097 -0.899203
v -0.222695 3.362180 -0.898878
v -0.127649 3.264974 -0.901522
v -0.175684 3.428346 -1.008551
v -0.074143 3.329760 -1.023712
v -0.114655 3.524602 -1.084941
v -0.001746 3.429264 -1.101029
v -0.224169 3.606028 -1.066962
v -0.156628 3.716290 -1.089286
v -0.285850 3.516220 -0.997167
v -0.402389 3.605250 -0.985356
v -0.341194 3.682353 -1.049905
v -0.448783 3.548034 -0.894027
v -0.555546 3.662344 -0.878471
v -0.512914 3.710858 -0.961848
v -0.615216 3.821486 -0.934955
v -0.570216 3.877470 -0.989275
v -0.458267 3.774457 -1.021731
v -0.652625 3.778314 -0.859866
v -0.749597 3.882501 -0.835917
v -0.724575 3.923665 -0.903539
v -0.755070 3.868946 -0.750717
v -0.856578 3.953053 -0.732673
v -0.857076 3.960474 -0.806018
v -0.845707 3.974502 -0.656152
v -0.977927 4.022566 -0.647482
v -0.984478 3.999661 -0.713928
v -0.966470 4.068531 -0.589568
v -1.129619 4.107763 -0.599613
v -1.132470 4.057357 -0.643660
v -1.118240 4.164931 -0.572868
v -1.267623 4.215240 -0.605004
v -1.276443 4.167665 -0.624030
v -1.252976 4.263982 -0.592873
v -1.352371 4.370630 -0.623951
v -1.443696 4.449342 -0.652464
v -1.407786 4.487130 -0.662882
v -1.489154 4.589088 -0.684075
v -1.527864 4.558627 -0.682920
v -1.451695 4.619832 -0.697323
v -1.544758 4.726140 -0.710913
v -1.577602 4.693510 -0.702405
v -1.519222 4.750511 -0.736768
v -1.643263 4.842658 -0.756298
v -1.662380 4.819249 -0.732402
v -1.630594 4.855637 -0.789680
v -1.757105 4.929503 -0.809568
v -1.767006 4.920421 -0.783457
v -1.754884 4.929633 -0.838101
v -1.864183 5.013502 -0.849704
v -1.865390 5.014846 -0.825565
v -1.870015 5.004774 -0.872015
v -1.952616 5.078153 -0.875932
v -1.946306 5.085277 -0.856464
v -1.965926 5.063469 -0.886052
v -2.025014 5.117886 -0.875980
v -2.016463 5.126702 -0.868011
v -2.035893 5.107103 -0.876426
v -2.069780 5.155953 -0.860491
v -2.067189 5.160950 -0.856103
v -1.946252 5.086428 -0.834865
v -1.952168 5.082566 -0.815299
v -1.872716 5.009528 -0.802823
v -1.885180 4.998594 -0.784281
v -1.782451 4.905334 -0.762463
v -1.799287 4.888029 -0.749398
v -1.686143 4.793182 -0.721545
v -1.820452 4.865259 -0.744452
v -1.711987 4.765448 -0.722496
v -1.608885 4.664310 -0.704672
v -1.736059 4.738801 -0.734812
v -1.639449 4.637095 -0.721009
v -1.659655 4.619755 -0.751848
v -1.606988 4.512334 -0.791116
v -1.280174 4.115007 -0.656821
v -1.278346 4.080848 -0.715204
v -1.133562 4.034106 -0.704684
v -1.129181 4.045422 -0.769012
v -0.985701 4.009333 -0.779245
v -1.116741 4.091600 -0.815942
v -0.976436 4.049878 -0.830732
v -0.842808 3.999515 -0.866380
v -0.957364 4.107105 -0.864530
v -0.819109 4.057023 -0.905852
v -0.690624 3.979487 -0.950999
v -0.790266 4.122561 -0.928565
v -0.652633 4.040818 -0.978854
v -0.522284 3.937973 -1.018040
v -0.611251 4.097874 -0.972357
v -0.472998 4.002203 -1.001817
v -0.342963 3.931485 -1.022860
v -0.398364 3.844628 -1.042475
v -0.222087 3.880422 -1.045921
v -0.275934 3.776204 -1.071421
v -0.097734 3.828914 -1.072109
v -0.566572 4.147821 -0.919194
v -0.707341 4.238246 -0.881934
v -0.673458 4.278389 -0.814337
v -0.529055 4.184899 -0.837351
v -0.752034 4.187626 -0.923623
v -0.899383 4.240160 -0.878218
v -0.866800 4.297252 -0.841691
v -0.931689 4.173059 -0.884265
v -1.077533 4.209777 -0.863845
v -1.052482 4.269547 -0.857226
v -1.100549 4.148150 -0.846748
v -1.229061 4.262988 -0.870164
v -1.370335 4.347753 -0.892398
v -1.197667 4.309752 -0.863664
v -1.031626 4.320208 -0.827925
v -0.847040 4.341208 -0.791218
v -0.649644 4.314972 -0.740112
v -0.481912 4.236305 -0.666523
v -0.492325 4.212235 -0.747554
v 0.011762 3.314626 -0.365077
v -0.040866 3.087913 -0.398579
v 0.045842 3.104637 -0.360845
v 0.136722 3.120806 -0.348022
v 0.111965 3.344390 -0.360535
v 0.218595 3.355724 -0.386573
v 0.322052 3.561218 -0.493267
v 0.289299 3.783422 -0.537669
v 0.262527 3.985937 -0.563364
v 0.254034 4.158429 -0.541689
v 0.164977 4.130457 -0.505615
v 0.253178 4.290538 -0.484470
v 0.173972 4.259190 -0.445128
v 0.086150 4.258379 -0.442017
v 0.069345 4.127224 -0.505695
v 0.176838 4.367834 -0.356496
v 0.094429 4.368687 -0.348653
v 0.018866 4.393411 -0.368279
v 0.103012 4.483686 -0.232878
v 0.034326 4.514691 -0.251390
v -0.021943 4.553488 -0.282213
v -0.046547 4.427065 -0.400416
v -0.068963 4.591207 -0.313930
v -0.097741 4.465991 -0.440690
v -0.099632 4.630075 -0.351991
v -0.121223 4.510630 -0.490181
v -0.123828 4.404254 -0.603223
v -0.118850 4.559188 -0.541381
v -0.120639 4.453228 -0.658020
v -0.093113 4.609278 -0.584745
v -0.104950 4.510438 -0.709667
v -0.104489 4.417139 -0.813851
v -0.101673 4.669489 -0.395137
v -0.076415 4.705898 -0.433005
v -0.068119 4.807341 -0.257300
v -0.051087 4.837634 -0.297284
v -0.009749 4.863015 -0.334048
v 0.003054 4.975977 -0.185610
v 0.037368 4.997233 -0.230733
v 0.094465 5.004338 -0.262230
v 0.049020 4.879642 -0.361024
v 0.164325 4.998065 -0.276746
v 0.115454 4.886066 -0.378603
v 0.184653 4.879283 -0.385405
v 0.154037 4.800096 -0.514460
v 0.249094 4.854509 -0.378437
v 0.297538 4.810033 -0.357554
v 0.368660 4.828617 -0.219323
v 0.322780 4.748716 -0.320968
v 0.370270 4.770947 -0.177961
v 0.324283 4.690104 -0.275859
v 0.318773 4.601483 -0.393275
v 0.333408 4.520507 -0.523218
v 0.303644 4.643442 -0.226007
v 0.296766 4.543076 -0.336698
v 0.304720 4.447691 -0.455957
v 0.248262 4.501059 -0.284857
v 0.250640 4.396320 -0.395627
v 0.180019 4.478625 -0.245349
v 0.261710 4.614940 -0.177703
v 0.202956 4.607289 -0.138707
v 0.138424 4.623702 -0.117161
v 0.074891 4.653938 -0.125409
v 0.085946 4.820564 -0.032570
v 0.023002 4.692855 -0.154961
v 0.034625 4.860142 -0.061512
v -0.021672 4.731427 -0.184021
v -0.002133 4.902530 -0.095588
v -0.058585 4.770952 -0.217702
v -0.011449 4.945058 -0.138448
v 0.060517 5.015112 0.004092
v 0.052484 5.058309 -0.047169
v 0.068956 5.092145 -0.101317
v 0.106819 5.155300 0.023885
v 0.119181 5.189733 -0.028772
v 0.151576 5.213505 -0.074677
v 0.102066 5.112976 -0.148326
v 0.208438 5.215698 -0.100003
v 0.156467 5.118647 -0.181354
v 0.273571 5.196360 -0.103654
v 0.224824 5.108850 -0.191300
v 0.242116 5.299740 -0.011551
v 0.302631 5.276656 -0.010111
v 0.357962 5.247612 0.007142
v 0.327754 5.368461 0.072160
v 0.378036 5.341470 0.092651
v 0.366242 5.475106 0.129193
v 0.410872 5.451753 0.150239
v 0.450316 5.429503 0.182599
v 0.460243 5.575222 0.171241
v 0.493895 5.558599 0.201155
v 0.510219 5.549723 0.244140
v 0.468882 5.411102 0.233173
v 0.504889 5.551791 0.290994
v 0.456850 5.400405 0.290661
v 0.481089 5.563026 0.329100
v 0.420593 5.399402 0.334249
v 0.443244 5.579398 0.348584
v 0.372762 5.410282 0.354925
v 0.322560 5.248247 0.293612
v 0.304263 5.119807 0.221415
v 0.322848 5.432211 0.351459
v 0.269361 5.269320 0.285643
v 0.243027 5.138788 0.208366
v 0.215869 5.031329 0.146390
v 0.228445 5.298644 0.257208
v 0.194005 5.172649 0.180719
v 0.155578 5.069860 0.116915
v 0.098360 4.972752 0.044280
v 0.161082 4.933512 0.076700
v 0.162519 5.213418 0.140868
v 0.118302 5.114163 0.074740
v 0.148384 5.252407 0.095522
v 0.202849 5.330252 0.219412
v 0.190096 5.362311 0.176607
v 0.195978 5.388865 0.131006
v 0.156270 5.284129 0.048942
v 0.224617 5.401869 0.089277
v 0.187527 5.304909 0.007994
v 0.274856 5.391943 0.068825
v 0.276448 5.512419 0.142043
v 0.319639 5.497217 0.122772
v 0.346401 5.634929 0.154461
v 0.379265 5.617554 0.141323
v 0.420562 5.595772 0.151379
v 0.461659 5.747228 0.141507
v 0.494956 5.724149 0.152700
v 0.524713 5.705001 0.169585
v 0.589208 5.849823 0.158201
v 0.613971 5.830705 0.173126
v 0.631143 5.817139 0.199003
v 0.552719 5.691579 0.197638
v 0.637842 5.810435 0.231168
v 0.566846 5.685997 0.233334
v 0.632168 5.812327 0.263512
v 0.563175 5.690091 0.270805
v 0.615647 5.822065 0.290009
v 0.544197 5.702092 0.301769
v 0.592625 5.837060 0.306799
v 0.516054 5.718952 0.320558
v 0.566458 5.855041 0.308155
v 0.484017 5.737652 0.321423
v 0.401824 5.598460 0.348164
v 0.456908 5.752696 0.301120
v 0.367170 5.615888 0.324596
v 0.282965 5.456497 0.323514
v 0.346919 5.627562 0.286404
v 0.261539 5.477074 0.281471
v 0.338480 5.634482 0.242358
v 0.251469 5.495221 0.235678
v 0.337661 5.637957 0.197267
v 0.255839 5.508971 0.186760
v 0.431390 5.765891 0.230259
v 0.427392 5.769717 0.189862
v 0.432412 5.767947 0.150312
v 0.527088 5.889657 0.196060
v 0.535578 5.888144 0.163911
v 0.561214 5.870831 0.153661
v 0.628107 5.980634 0.190710
v 0.647640 5.966942 0.180968
v 0.670667 5.947093 0.182577
v 0.688616 5.928983 0.194849
v 0.701056 5.916681 0.216821
v 0.703827 5.910939 0.243795
v 0.747088 5.984681 0.277317
v 0.698036 5.911642 0.270289
v 0.736228 5.991072 0.296120
v 0.684713 5.919920 0.293073
v 0.720279 6.002719 0.308203
v 0.665539 5.933883 0.307359
v 0.644015 5.950968 0.308397
v 0.625912 5.967087 0.294330
v 0.545011 5.871042 0.290534
v 0.616545 5.977878 0.270343
v 0.533196 5.880798 0.261235
v 0.440654 5.760849 0.267837
v 0.527627 5.886732 0.229930
v 0.614757 5.983696 0.242799
v 0.617461 5.985377 0.214976
v 0.679428 6.046916 0.254992
v 0.684649 6.045206 0.234786
v 0.741281 6.090053 0.265364
v 0.741307 6.085376 0.251614
v 0.784932 6.094898 0.261629
v 0.797936 6.083545 0.268562
v 0.783100 6.043222 0.280802
v 0.315319 4.707797 -0.075994
v 0.351366 4.727556 -0.128524
v 0.440462 4.775496 -0.052188
v 0.408197 4.772171 0.013190
v 0.544365 4.817078 0.006684
v 0.516168 4.821144 0.071905
v 0.658624 4.866803 0.048532
v 0.632630 4.871707 0.106875
v 0.600030 4.906976 0.154944
v 0.758982 4.927404 0.143477
v 0.730927 4.952737 0.186362
v 0.707949 4.995577 0.213074
v 0.575214 4.960055 0.187697
v 0.695667 5.050238 0.208388
v 0.835794 5.046295 0.250498
v 0.822980 5.097424 0.237483
v 0.819807 5.143972 0.205662
v 0.693627 5.100574 0.174376
v 0.825494 5.178971 0.162201
v 0.696719 5.137556 0.128281
v 0.842391 5.187077 0.112335
v 0.708575 5.142039 0.072463
v 0.867287 5.164566 0.073825
v 0.730001 5.113326 0.029830
v 0.605328 5.081578 -0.008070
v 0.751619 5.064474 0.017125
v 0.626994 5.024823 -0.028443
v 0.770267 5.011987 0.024407
v 0.648425 4.961153 -0.024520
v 0.541293 4.926134 -0.076956
v 0.446479 4.888053 -0.138499
v 0.663224 4.902897 -0.001510
v 0.552931 4.858844 -0.048801
v 0.453137 4.822891 -0.104324
v 0.785344 4.961761 0.047646
v 0.782694 4.927530 0.090892
v 0.911783 5.026992 0.106247
v 0.909203 4.990171 0.145193
v 0.887039 4.982532 0.193308
v 1.028184 5.051452 0.217436
v 1.005718 5.037825 0.259107
v 0.975212 5.057746 0.292493
v 0.859716 5.004550 0.231627
v 0.950754 5.100204 0.302675
v 1.077523 5.106180 0.370846
v 1.053286 5.147035 0.377195
v 1.040185 5.194690 0.368908
v 0.939318 5.149206 0.289114
v 1.043454 5.240602 0.346070
v 0.937762 5.196195 0.262158
v 1.065614 5.270679 0.312154
v 0.951171 5.228352 0.222486
v 1.097900 5.281013 0.274293
v 0.975520 5.238642 0.178119
v 1.132343 5.269089 0.241138
v 1.004913 5.221819 0.141603
v 1.150212 5.231941 0.234951
v 1.023918 5.180400 0.138542
v 0.888935 5.119809 0.067561
v 1.028999 5.135066 0.160352
v 0.901071 5.073917 0.083714
v 1.033517 5.090122 0.183372
v 1.147886 5.187515 0.254708
v 1.146065 5.142275 0.277090
v 1.136322 5.103959 0.307573
v 1.246134 5.180895 0.387055
v 1.231736 5.146347 0.414858
v 1.204071 5.131137 0.446618
v 1.110719 5.088245 0.343417
v 1.170048 5.146971 0.469881
v 1.300812 5.169175 0.559120
v 1.265565 5.184929 0.584673
v 1.238158 5.220317 0.593481
v 1.144421 5.184548 0.476738
v 1.224662 5.263460 0.587014
v 1.132249 5.229535 0.470629
v 1.228000 5.305406 0.566823
v 1.137660 5.272179 0.451785
v 1.249238 5.334135 0.536998
v 1.162176 5.300583 0.422506
v 1.283113 5.340471 0.506652
v 1.198116 5.309700 0.391491
v 1.319488 5.324212 0.480828
v 1.236249 5.298245 0.364259
v 1.347929 5.292957 0.466242
v 1.259269 5.263834 0.352936
v 1.354454 5.250412 0.476455
v 1.253969 5.221433 0.366957
v 1.346901 5.213319 0.497791
v 1.456496 5.292303 0.573716
v 1.455239 5.252038 0.598436
v 1.437380 5.224936 0.631750
v 1.329990 5.182545 0.525894
v 1.407212 5.217938 0.667398
v 1.539618 5.300674 0.731130
v 1.512792 5.296600 0.764541
v 1.478656 5.311118 0.789276
v 1.371748 5.233716 0.694491
v 1.446689 5.341460 0.796502
v 1.341550 5.268060 0.703626
v 1.425448 5.377950 0.786058
v 1.323818 5.309722 0.695964
v 1.421182 5.411956 0.759742
v 1.323869 5.349394 0.672447
v 1.433682 5.435145 0.725171
v 1.340876 5.376693 0.639771
v 1.460043 5.439512 0.692712
v 1.371219 5.382430 0.607034
v 1.493818 5.423279 0.670672
v 1.406780 5.364109 0.582836
v 1.525965 5.393692 0.662082
v 1.437536 5.333380 0.569455
v 1.548609 5.358377 0.669269
v 1.605429 5.475698 0.746223
v 1.626921 5.448373 0.755644
v 1.635482 5.422119 0.779685
v 1.553782 5.322910 0.695649
v 1.625229 5.406570 0.811788
v 1.708754 5.523994 0.846299
v 1.700235 5.513880 0.873726
v 1.682368 5.513552 0.898292
v 1.604695 5.403017 0.841421
v 1.658983 5.522853 0.915329
v 1.574630 5.414588 0.862206
v 1.635316 5.540688 0.919368
v 1.545648 5.438365 0.865837
v 1.616913 5.562440 0.909668
v 1.524806 5.466845 0.854884
v 1.608353 5.583866 0.888031
v 1.517381 5.494184 0.829580
v 1.614566 5.596408 0.860737
v 1.526061 5.510986 0.797893
v 1.632105 5.597360 0.835874
v 1.547607 5.512991 0.769292
v 1.656757 5.585514 0.821497
v 1.576860 5.499629 0.750437
v 1.680419 5.566440 0.819604
v 1.723110 5.662229 0.876468
v 1.743550 5.646873 0.874106
v 1.759939 5.629718 0.881452
v 1.700358 5.544723 0.826126
v 1.768500 5.613450 0.896995
v 1.800989 5.697915 0.928324
v 1.808311 5.687631 0.938243
v 1.764298 5.603186 0.920614
v 1.747863 5.603830 0.942428
v 1.728333 5.612736 0.954512
v 1.766098 5.698170 0.980280
v 1.708627 5.627610 0.957184
v 1.755486 5.709913 0.973014
v 1.692707 5.645260 0.950490
v 1.750221 5.719347 0.961969
v 1.686231 5.660730 0.932546
v 1.690365 5.670343 0.909550
v 1.703739 5.670929 0.889369
v 1.802385 5.752584 0.984096
v 1.822978 5.762208 0.978504
v 1.822190 5.744326 0.961163
v 1.789995 5.709465 0.921989
v 0.065662 2.887822 -0.382416
v 0.157556 2.893937 -0.365667
v 0.078272 2.677826 -0.442376
v 0.172444 2.676821 -0.430684
v 0.075408 2.489814 -0.534905
v -0.018522 2.689301 -0.484570
v -0.023057 2.506537 -0.570708
v -0.029420 2.344235 -0.665079
v -0.099024 2.535361 -0.636258
v -0.101351 2.370452 -0.734106
v -0.105107 2.212910 -0.818260
v -0.147428 2.405247 -0.817834
v -0.156289 2.241271 -0.907570
v -0.163045 2.076433 -0.969578
v -0.176876 2.276032 -1.001961
v -0.193684 2.103342 -1.071403
v -0.203761 1.929039 -1.108833
v -0.190539 2.127926 -1.172318
v -0.201944 1.936390 -1.211196
v -0.201348 1.747195 -1.218992
v -0.160898 1.931888 -1.302965
v -0.144316 1.727023 -1.308405
v -0.111460 1.553654 -1.286669
v -0.044834 1.714012 -1.354764
v -0.002356 1.530358 -1.326639
v 0.044491 1.716666 -1.425011
v 0.097649 1.528881 -1.411412
v 0.129019 1.742815 -1.506244
v 0.177850 1.552700 -1.504823
v 0.235697 1.771297 -1.533151
v 0.283363 1.577266 -1.539450
v 0.320207 1.395248 -1.537144
v 0.399696 1.598533 -1.525890
v 0.442150 1.413457 -1.525897
v 0.470084 1.235969 -1.523414
v 0.344105 1.222367 -1.529618
v 0.486340 1.057220 -1.525869
v 0.351017 1.041131 -1.518745
v 0.483071 0.879122 -1.517961
v 0.644322 1.082518 -1.479387
v 0.647694 0.898939 -1.471812
v 0.624902 0.714508 -1.447090
v 0.792314 0.908744 -1.380962
v 0.768467 0.716175 -1.367744
v 0.734198 0.545496 -1.337513
v 0.844897 0.716204 -1.228792
v 0.803306 0.551429 -1.198107
v 0.770448 0.395235 -1.177037
v 0.803615 0.569217 -1.032143
v 0.769973 0.406010 -1.021599
v 0.750373 0.241811 -1.025474
v 0.772757 0.410866 -0.872208
v 0.743348 0.240901 -0.880556
v 0.743680 0.076653 -0.891968
v 0.724169 0.239160 -0.750776
v 0.719774 0.071259 -0.759522
v -0.109779 0.066791 -0.751754
v 0.666718 0.069226 -0.644152
v 0.272090 0.135277 -1.345955
v 0.225312 0.144365 -1.198405
v 0.163436 0.135486 -1.068035
v 0.110846 0.111828 -0.940378
v 0.311437 0.109878 -1.473234
v 0.078104 0.099319 -0.805525
v 0.181073 0.107410 -1.457810
v 0.156143 0.268926 -1.425029
v 0.056909 0.101098 -0.680167
v 0.066816 0.113392 -1.419648
v 0.048965 0.275140 -1.394513
v 0.049364 0.441700 -1.383035
v -0.023276 0.128605 -1.325672
v -0.024825 0.290163 -1.308777
v 0.003313 0.451575 -1.305628
v -0.060494 0.299100 -1.190962
v -0.019267 0.458444 -1.192020
v -0.139225 0.289043 -1.094046
v -0.089921 0.467022 -1.081190
v -0.225847 0.269765 -1.034977
v -0.185624 0.466671 -1.023226
v -0.150535 0.650387 -1.033488
v -0.244672 0.459350 -0.952769
v -0.226804 0.646323 -0.970871
v -0.226574 0.810708 -1.004081
v -0.237947 0.644034 -0.871776
v -0.243664 0.813148 -0.903470
v -0.270741 0.976716 -0.947775
v -0.199809 0.821636 -0.800688
v -0.228279 0.992697 -0.834757
v -0.233988 1.162890 -0.883395
v -0.123668 1.000073 -0.753058
v -0.125230 1.159459 -0.793319
v -0.106469 1.304299 -0.828282
v 0.014419 1.146047 -0.701238
v 0.019351 1.288027 -0.723663
v 0.012353 1.434077 -0.741464
v 0.172566 1.287097 -0.634895
v 0.140960 1.437748 -0.660542
v 0.104575 1.595524 -0.689162
v 0.285661 1.459886 -0.664150
v 0.228188 1.612899 -0.692818
v 0.185349 1.767361 -0.715766
v 0.352621 1.644552 -0.708083
v 0.298080 1.788203 -0.740152
v 0.262106 1.926382 -0.767792
v 0.411090 1.815921 -0.786700
v 0.361484 1.947235 -0.815058
v 0.333851 2.084703 -0.809242
v 0.450045 1.968642 -0.891758
v 0.414826 2.108255 -0.879275
v 0.395566 2.254354 -0.832427
v 0.481305 2.131308 -0.972861
v 0.459404 2.282290 -0.920958
v 0.432729 2.442227 -0.859810
v 0.502172 2.302195 -1.027903
v 0.496120 2.460253 -0.978756
v 0.507355 2.316707 -1.136230
v 0.509209 2.467489 -1.092174
v 0.482285 2.333720 -1.234838
v 0.482469 2.478208 -1.186802
v 0.494883 2.616077 -1.161137
v 0.533282 2.735948 -1.169541
v 0.427423 2.492477 -1.257385
v 0.441084 2.630939 -1.220939
v 0.483068 2.755911 -1.228167
v 0.559821 2.855254 -1.280674
v 0.609276 2.834050 -1.218920
v 0.376619 2.650260 -1.261350
v 0.420093 2.786660 -1.265890
v 0.498340 2.901592 -1.321028
v 0.605775 2.980576 -1.396551
v 0.658740 2.920245 -1.355212
v 0.783775 2.965289 -1.435248
v 0.831915 2.946816 -1.369134
v 0.710168 2.901480 -1.290255
v 0.738719 3.020041 -1.479328
v 0.909604 3.049201 -1.554944
v 0.946890 3.000915 -1.508274
v 0.875125 3.124498 -1.573049
v 1.062575 3.166193 -1.627731
v 1.101888 3.097074 -1.611397
v 1.025105 3.246169 -1.626560
v 1.191946 3.312821 -1.668423
v 1.237332 3.244007 -1.668492
v 0.992195 3.335694 -1.625537
v 1.152949 3.388576 -1.666381
v 1.300294 3.467595 -1.709680
v 1.341844 3.408517 -1.712796
v 0.971705 3.430032 -1.614744
v 1.124261 3.472291 -1.654834
v 1.268025 3.535120 -1.693668
v 1.407416 3.623395 -1.709881
v 1.439753 3.578782 -1.738155
v 1.110126 3.548632 -1.625021
v 1.250116 3.603934 -1.655921
v 1.380807 3.674470 -1.664341
v 1.491770 3.771127 -1.659925
v 1.523309 3.740652 -1.707805
v 1.241158 3.653901 -1.598881
v 1.361633 3.718022 -1.606511
v 1.464538 3.802767 -1.605437
v 1.533747 3.916845 -1.614438
v 1.558472 3.895438 -1.668018
v 1.350238 3.745413 -1.538575
v 1.445590 3.829114 -1.546677
v 1.513361 3.937341 -1.559862
v 1.538684 4.073344 -1.585103
v 1.554790 4.054962 -1.639393
v 1.441135 3.843472 -1.486396
v 1.502550 3.954322 -1.503889
v 1.530596 4.092590 -1.530370
v 1.542530 4.245924 -1.579771
v 1.540781 4.225529 -1.629683
v 1.509577 3.962337 -1.450248
v 1.540822 4.108185 -1.480292
v 1.564721 4.264977 -1.534636
v 1.605104 4.411320 -1.595834
v 1.572190 4.403757 -1.640166
v 1.575756 4.112415 -1.446259
v 1.608504 4.270725 -1.506901
v 1.622832 4.104852 -1.437115
v 1.659180 4.262930 -1.501613
v 1.539852 3.958458 -1.411724
v 1.453416 3.842911 -1.429655
v 1.354326 3.754028 -1.469910
v 1.239249 3.684453 -1.528323
v 1.106828 3.607380 -1.574047
v 0.964013 3.511966 -1.586795
v 0.745076 2.916943 -1.217629
v 0.359612 2.507198 -1.303624
v 0.285610 2.518989 -1.328033
v 0.352466 2.356631 -1.369961
v 0.268098 2.363017 -1.399331
v 0.177047 2.362799 -1.384549
v 0.268288 2.186125 -1.463017
v 0.167280 2.173679 -1.464326
v 0.071341 2.161141 -1.435619
v 0.092708 2.360468 -1.350911
v -0.023261 2.153468 -1.391776
v 0.001002 2.361526 -1.306687
v -0.097764 2.148108 -1.330948
v -0.080615 2.360020 -1.246487
v -0.153858 2.142909 -1.262912
v -0.134328 2.343987 -1.177945
v -0.170470 2.312907 -1.095797
v -0.155070 2.488972 -0.992004
v -0.166107 2.446776 -0.906511
v -0.161073 2.616941 -0.804154
v -0.146705 2.572230 -0.716892
v -0.148100 2.745207 -0.629883
v -0.096286 2.711921 -0.547981
v -0.099606 2.893979 -0.488653
v -0.024239 2.886127 -0.424480
v -0.089986 1.922741 -1.369546
v -0.006117 1.926460 -1.424837
v 0.084220 1.948029 -1.485068
v 0.192017 1.972055 -1.510253
v 0.297037 1.989625 -1.500068
v 0.347083 1.793541 -1.520611
v 0.398474 2.005930 -1.471602
v 0.459292 1.817916 -1.494273
v 0.526061 1.624141 -1.502965
v 0.561455 1.843959 -1.442450
v 0.638082 1.653803 -1.442682
v 0.700515 1.463421 -1.411847
v 0.580626 1.434503 -1.494156
v 0.754701 1.282885 -1.386694
v 0.619240 1.257092 -1.480687
v 0.788385 1.099955 -1.381628
v 0.850860 1.310958 -1.268051
v 0.883801 1.108116 -1.250170
v 0.874573 0.904886 -1.243603
v 0.913044 1.117906 -1.102975
v 0.892000 0.909296 -1.081390
v 0.845802 0.732329 -1.057716
v 0.868806 0.941649 -0.930055
v 0.841530 0.761990 -0.895665
v 0.806951 0.585887 -0.873478
v 0.822076 0.794778 -0.760791
v 0.794913 0.599264 -0.741622
v 0.755775 0.413528 -0.744009
v 0.745018 0.611833 -0.635474
v 0.707351 0.422019 -0.636777
v 0.675953 0.242319 -0.643005
v 0.621378 0.437673 -0.562506
v 0.594543 0.255467 -0.565834
v 0.581561 0.078862 -0.558638
v 0.483917 0.278459 -0.526014
v 0.472895 0.096932 -0.510566
v 0.452383 0.127619 -1.327046
v 0.349713 0.116094 -0.511792
v 0.423102 0.135502 -1.171273
v 0.378869 0.132223 -1.029440
v 0.335440 0.117518 -0.892913
v 0.294587 0.109259 -0.755642
v -0.090413 0.128361 -1.218188
v 0.249245 0.113098 -0.634071
v -0.169782 0.106517 -1.133085
v 0.622917 0.107013 -1.270331
v -0.229704 0.068111 -1.047283
v 0.607386 0.108726 -1.111942
v -0.247684 0.046018 -0.943205
v -0.264656 0.252934 -0.944952
v -0.231031 0.041156 -0.835698
v -0.248273 0.246327 -0.846643
v -0.243825 0.453360 -0.856565
v -0.187767 0.251182 -0.758074
v -0.191948 0.453147 -0.764491
v -0.191512 0.645888 -0.774323
v -0.094520 0.458474 -0.695085
v -0.092253 0.648685 -0.705682
v -0.104861 0.829154 -0.724420
v 0.030275 0.652823 -0.633781
v 0.024752 0.829617 -0.652359
v 0.015885 0.996626 -0.678633
v 0.196012 0.824676 -0.580400
v 0.190967 0.987690 -0.596171
v 0.189283 1.139298 -0.616927
v 0.383153 0.984650 -0.577517
v 0.371300 1.149218 -0.593577
v 0.338883 1.308081 -0.620668
v 0.523334 1.173600 -0.592289
v 0.483404 1.346941 -0.624172
v 0.421688 1.502950 -0.666351
v 0.611000 1.376721 -0.658021
v 0.551334 1.542308 -0.704088
v 0.477190 1.686350 -0.747128
v 0.649260 1.551487 -0.791516
v 0.576944 1.703876 -0.836528
v 0.504953 1.834434 -0.875296
v 0.647536 1.703051 -0.954831
v 0.575612 1.845808 -0.986905
v 0.519499 1.987355 -0.993366
v 0.620602 1.852640 -1.111570
v 0.557392 2.001924 -1.110167
v 0.516964 2.150026 -1.079963
v 0.572149 2.018238 -1.223606
v 0.525244 2.168851 -1.187159
v 0.551249 2.029393 -1.331833
v 0.502361 2.186014 -1.289687
v 0.493135 2.024981 -1.420331
v 0.444183 2.191488 -1.378289
v 0.425238 2.347593 -1.315471
v 0.362823 2.190458 -1.436047
v 0.621253 1.858004 -1.349457
v 0.641772 1.860278 -1.236324
v 0.724324 1.696734 -1.214955
v 0.702361 1.676692 -1.336259
v 0.812400 1.524836 -1.167241
v 0.782136 1.496124 -1.297756
v 0.882553 1.329623 -1.129792
v 0.781917 1.535767 -1.037898
v 0.843167 1.343274 -0.994036
v 0.870711 1.141351 -0.962356
v 0.779631 1.361256 -0.864673
v 0.814245 1.171735 -0.830183
v 0.827781 0.984448 -0.797313
v 0.750292 1.195299 -0.708885
v 0.772982 1.009847 -0.676532
v 0.769174 0.812812 -0.652329
v 0.672970 1.008541 -0.598258
v 0.671599 0.819557 -0.579458
v 0.650947 0.626524 -0.565151
v 0.537855 0.820109 -0.556695
v 0.523746 0.639314 -0.544507
v 0.502519 0.456910 -0.539473
v 0.374658 0.648138 -0.556343
v 0.362767 0.471823 -0.554039
v 0.352958 0.297277 -0.538693
v 0.198972 0.477081 -0.577875
v 0.203354 0.302365 -0.568729
v 0.215191 0.126057 -0.540532
v 0.042159 0.290406 -0.605685
v 0.066014 0.115940 -0.578338
v 0.579427 0.105954 -0.963726
v -0.064166 0.083972 -0.648019
v 0.545101 0.096995 -0.824127
v 0.495780 0.092517 -0.692880
v 0.426552 0.100090 -0.585493
v -0.159946 0.054952 -0.737357
v -0.090246 0.266667 -0.681742
v 0.032206 0.469261 -0.622371
v 0.196677 0.653382 -0.575738
v 0.381853 0.819287 -0.563070
v 0.539612 0.996520 -0.573723
v 0.652453 1.194940 -0.623677
v 0.709143 1.378213 -0.747338
v 0.721231 1.543390 -0.908617
v 0.698606 1.702254 -1.084810
v 0.221712 4.337279 -1.253348
v 0.296763 4.342525 -1.212066
v 0.238426 4.505525 -1.309014
v 0.315112 4.508044 -1.269981
v 0.246904 4.686877 -1.344969
v 0.319298 4.692860 -1.309637
v 0.372573 4.704431 -1.246068
v 0.299260 4.885344 -1.334681
v 0.351029 4.900437 -1.277538
v 0.385698 4.916483 -1.204501
v 0.300509 5.094781 -1.301463
v 0.333455 5.113798 -1.233265
v 0.350546 5.131502 -1.158237
v 0.255386 5.299559 -1.252348
v 0.270762 5.319985 -1.180080
v 0.270691 5.333304 -1.102414
v 0.171168 5.487498 -1.200260
v 0.169000 5.502641 -1.123523
v 0.151807 5.504693 -1.047165
v 0.247736 5.334084 -1.027808
v 0.114637 5.487606 -0.982689
v 0.201286 5.321784 -0.969052
v 0.055804 5.454348 -0.939116
v 0.133170 5.299636 -0.926544
v -0.016970 5.416332 -0.921207
v 0.052183 5.272532 -0.905612
v -0.096703 5.378046 -0.929524
v -0.034186 5.239145 -0.912963
v -0.172869 5.342123 -0.964085
v -0.110117 5.203202 -0.945275
v -0.234331 5.309752 -1.016157
v -0.168319 5.169181 -0.996867
v -0.277017 5.281349 -1.080490
v -0.203759 5.139233 -1.060668
v -0.292680 5.260048 -1.153041
v -0.218503 5.116158 -1.130983
v -0.147330 4.987469 -1.112258
v -0.206031 5.108860 -1.204387
v -0.135212 4.977909 -1.183263
v -0.096830 4.839614 -1.161196
v -0.098634 4.980594 -1.248354
v -0.060743 4.838692 -1.231667
v -0.054014 4.688880 -1.219755
v -0.000786 4.844308 -1.291791
v 0.005753 4.688187 -1.284362
v 0.074453 4.852550 -1.335441
v 0.082371 4.686541 -1.325456
v 0.075538 4.519026 -1.301932
v 0.164806 4.686626 -1.345100
v 0.156062 4.511853 -1.315579
v 0.141610 4.340146 -1.267198
v 0.153298 4.861401 -1.360631
v 0.231600 4.871870 -1.365101
v 0.112316 5.029940 -1.374142
v 0.187218 5.051450 -1.382159
v 0.252000 5.073704 -1.354913
v 0.119563 5.210796 -1.396513
v 0.181436 5.243826 -1.371026
v 0.225964 5.272923 -1.318109
v 0.100002 5.384955 -1.391125
v 0.137621 5.421103 -1.341023
v 0.161248 5.457516 -1.277582
v 0.044903 5.550316 -1.381781
v 0.060797 5.583180 -1.320656
v 0.061379 5.617787 -1.245365
v -0.040453 5.706606 -1.374079
v -0.044361 5.729534 -1.300175
v -0.059891 5.746712 -1.213170
v 0.048787 5.638174 -1.163847
v -0.080316 5.755188 -1.130258
v 0.030818 5.642240 -1.084432
v -0.107643 5.751038 -1.055854
v 0.002707 5.631789 -1.011424
v -0.148810 5.731089 -1.004162
v -0.044200 5.598799 -0.962729
v -0.202557 5.699462 -0.985667
v -0.106458 5.559167 -0.947485
v -0.258508 5.665917 -0.995868
v -0.171346 5.520833 -0.956610
v -0.310880 5.634853 -1.026981
v -0.236219 5.486721 -0.988885
v -0.357621 5.607001 -1.079129
v -0.293189 5.458601 -1.043935
v -0.391148 5.583433 -1.149641
v -0.331966 5.434425 -1.111709
v -0.402422 5.562112 -1.229896
v -0.346773 5.414681 -1.186797
v -0.387413 5.544304 -1.310696
v -0.332710 5.399826 -1.262139
v -0.278571 5.249243 -1.226589
v -0.287305 5.393089 -1.327668
v -0.229541 5.252163 -1.291479
v -0.162693 5.116015 -1.268559
v -0.160626 5.267410 -1.340619
v -0.095338 5.132319 -1.317903
v -0.037114 4.992230 -1.303879
v -0.023184 5.154331 -1.357062
v 0.037373 5.009830 -1.345359
v 0.048419 5.179782 -1.387712
v -0.090521 5.288612 -1.380419
v -0.021863 5.313631 -1.411018
v 0.044174 5.346732 -1.417025
v -0.093032 5.441029 -1.451208
v -0.032083 5.473835 -1.456486
v 0.015794 5.512938 -1.431157
v -0.114757 5.605031 -1.510619
v -0.072632 5.640890 -1.486826
v -0.048360 5.676668 -1.438165
v -0.165804 5.780824 -1.552871
v -0.134714 5.811439 -1.500848
v -0.123043 5.835599 -1.428159
v -0.212425 5.959893 -1.549609
v -0.181978 5.973914 -1.470033
v -0.180707 5.981145 -1.379476
v -0.129894 5.850428 -1.345675
v -0.198850 5.984214 -1.287618
v -0.147207 5.859525 -1.257661
v -0.222120 5.987305 -1.201360
v -0.167055 5.866500 -1.173130
v -0.246618 5.990450 -1.124677
v -0.190918 5.869556 -1.097687
v -0.290788 5.985657 -1.065201
v -0.232286 5.859218 -1.041086
v -0.351245 5.969248 -1.042789
v -0.287697 5.835236 -1.019648
v -0.411540 5.946422 -1.054007
v -0.343091 5.807195 -1.030088
v -0.467174 5.920499 -1.089192
v -0.395621 5.778745 -1.062861
v -0.516224 5.892333 -1.147841
v -0.439893 5.751981 -1.116857
v -0.551887 5.865589 -1.233032
v -0.471468 5.726028 -1.194011
v -0.570097 5.844574 -1.335917
v -0.481180 5.702166 -1.284686
v -0.559888 5.830040 -1.441403
v -0.465299 5.681663 -1.373819
v -0.533377 5.826919 -1.526719
v -0.426202 5.668960 -1.453635
v -0.346421 5.534170 -1.382983
v -0.377378 5.672347 -1.515200
v -0.290474 5.535850 -1.438385
v -0.224874 5.399456 -1.378931
v -0.229448 5.548048 -1.481457
v -0.158352 5.417128 -1.421842
v -0.171457 5.570876 -1.507714
v -0.324186 5.687441 -1.560153
v -0.266903 5.712347 -1.582117
v -0.208761 5.745963 -1.580131
v -0.372192 5.884464 -1.653218
v -0.312277 5.914696 -1.641955
v -0.259364 5.939812 -1.605273
v -0.249913 6.126643 -1.562449
v -0.235764 6.294541 -1.540755
v -0.190226 6.267992 -1.469390
v -0.204747 6.118757 -1.482600
v -0.178271 6.252626 -1.383500
v -0.194485 6.114509 -1.391017
v -0.193072 6.245607 -1.294579
v -0.212675 6.114196 -1.299101
v -0.221950 6.244009 -1.208003
v -0.239084 6.115308 -1.212099
v -0.262199 6.245231 -1.129500
v -0.269522 6.116502 -1.133768
v -0.327996 6.252543 -1.075283
v -0.324227 6.116604 -1.075038
v -0.394036 6.109085 -1.054382
v -0.459676 6.090962 -1.064070
v -0.518653 6.066278 -1.096464
v -0.616608 6.187601 -1.157272
v -0.573030 6.036132 -1.158726
v -0.659172 6.159385 -1.242550
v -0.613058 6.008784 -1.247322
v -0.678503 6.152227 -1.337928
v -0.637032 5.996962 -1.352532
v -0.670303 6.168407 -1.433597
v -0.633056 6.008729 -1.459571
v -0.637073 6.198986 -1.516848
v -0.603058 6.024962 -1.545706
v -0.595020 6.233613 -1.582469
v -0.565730 6.042798 -1.617268
v -0.492721 5.834010 -1.596026
v -0.513225 6.068272 -1.668213
v -0.436976 5.855196 -1.639545
v -0.545247 6.269782 -1.632846
v -0.634276 6.375900 -1.547822
v -0.582139 6.417408 -1.587855
v -0.693770 6.504326 -1.522853
v -0.639894 6.544122 -1.561290
v -0.582656 6.591488 -1.540247
v -0.717138 6.673172 -1.551453
v -0.667590 6.711460 -1.527383
v -0.819526 6.787823 -1.554690
v -0.768654 6.831638 -1.540818
v -0.750015 6.859285 -1.487974
v -0.871801 6.945507 -1.570849
v -0.850128 6.975967 -1.523553
v -0.844883 6.999243 -1.462581
v -0.744093 6.884739 -1.426347
v -0.861853 7.007863 -1.397646
v -0.754219 6.898059 -1.359881
v -0.902230 6.995895 -1.341550
v -0.790259 6.879279 -1.301933
v -0.955222 6.968088 -1.306172
v -0.840213 6.842364 -1.261204
v -1.013504 6.928378 -1.294947
v -0.897695 6.796274 -1.243224
v -1.066199 6.883300 -1.313856
v -0.953211 6.748675 -1.259392
v -0.837503 6.604890 -1.223432
v -0.736321 6.460326 -1.183976
v -0.991131 6.707248 -1.311747
v -0.881830 6.565475 -1.277561
v -0.785158 6.426536 -1.250608
v -0.713133 6.295175 -1.238356
v -0.670971 6.325074 -1.157446
v -0.892588 6.549303 -1.350335
v -0.801148 6.414682 -1.331592
v -0.731231 6.287767 -1.327629
v -0.784240 6.429461 -1.410548
v -0.719576 6.303257 -1.415049
v -0.743893 6.463837 -1.474184
v -0.682067 6.336293 -1.490612
v -0.870736 6.559187 -1.420684
v -0.826993 6.590329 -1.473506
v -0.773611 6.630301 -1.514197
v -0.925162 6.712244 -1.494903
v -0.871940 6.749215 -1.525702
v -1.029819 6.835432 -1.539150
v -0.976377 6.868422 -1.562387
v -0.922858 6.904279 -1.577060
v -1.074366 7.003416 -1.609131
v -1.020424 7.032467 -1.618100
v -0.969797 7.065745 -1.611940
v -1.098165 7.185676 -1.653989
v -1.049175 7.207129 -1.641841
v -1.022381 7.225943 -1.595911
v -0.943841 7.094931 -1.566618
v -1.013207 7.238480 -1.538080
v -0.938143 7.114348 -1.506941
v -1.028087 7.240015 -1.479154
v -0.956801 7.119331 -1.445800
v -1.065591 7.230550 -1.430899
v -0.996721 7.109078 -1.394845
v -1.118982 7.212067 -1.402835
v -1.050823 7.086079 -1.363465
v -1.178314 7.188418 -1.400523
v -1.110827 7.053150 -1.357305
v -1.227840 7.165653 -1.424943
v -1.162467 7.016548 -1.381546
v -1.257859 7.148229 -1.469957
v -1.193389 6.985391 -1.431251
v -1.098742 6.841876 -1.366384
v -1.195018 6.968173 -1.492863
v -1.100129 6.818221 -1.434149
v -0.996365 6.684418 -1.382595
v -1.074078 6.816647 -1.495782
v -0.970907 6.686768 -1.448298
v -1.170367 6.966896 -1.549508
v -1.126621 6.979588 -1.588955
v -1.236956 7.143989 -1.576232
v -1.196918 7.153325 -1.614591
v -1.150254 7.167089 -1.641119
v -1.234410 7.328646 -1.609153
v -1.192738 7.339933 -1.638604
v -1.145937 7.353745 -1.653816
v -1.222659 7.502613 -1.622060
v -1.177948 7.514125 -1.630342
v -1.136091 7.522512 -1.613988
v -1.100497 7.365817 -1.639215
v -1.109413 7.524709 -1.575859
v -1.074116 7.372281 -1.596013
v -1.100618 7.522099 -1.528111
v -1.064086 7.375597 -1.542834
v -1.111458 7.515928 -1.479439
v -1.076474 7.373158 -1.488224
v -1.140523 7.506989 -1.438950
v -1.110796 7.364061 -1.443178
v -1.185160 7.497647 -1.416516
v -1.161239 7.350845 -1.418020
v -1.235208 7.490703 -1.416118
v -1.215928 7.337478 -1.416358
v -1.279526 7.486317 -1.436198
v -1.263864 7.326357 -1.437413
v -1.307859 7.483546 -1.473926
v -1.293034 7.319138 -1.478321
v -1.312629 7.482501 -1.520026
v -1.296371 7.317009 -1.528099
v -1.260043 7.141024 -1.525252
v -1.272964 7.320797 -1.574407
v -1.292531 7.484894 -1.563169
v -1.260422 7.491991 -1.596071
v -1.312822 7.639265 -1.551361
v -1.287055 7.645947 -1.584882
v -1.251069 7.654635 -1.605340
v -1.309317 7.789441 -1.565783
v -1.278342 7.798019 -1.580653
v -1.245605 7.806998 -1.578441
v -1.208114 7.664891 -1.605983
v -1.216052 7.814991 -1.562354
v -1.171266 7.672070 -1.586436
v -1.195024 7.819943 -1.534668
v -1.147877 7.673717 -1.551993
v -1.187753 7.820189 -1.501355
v -1.140118 7.671598 -1.511361
v -1.194685 7.816613 -1.467165
v -1.147718 7.666843 -1.469298
v -1.214996 7.809891 -1.438380
v -1.171724 7.659647 -1.434616
v -1.245337 7.801232 -1.423698
v -1.209445 7.651093 -1.414354
v -1.278857 7.792808 -1.424848
v -1.251744 7.643855 -1.415815
v -1.307495 7.786263 -1.442085
v -1.290159 7.639482 -1.435806
v -1.326974 7.782384 -1.470828
v -1.315243 7.637178 -1.469890
v -1.334174 7.781347 -1.504629
v -1.323082 7.636124 -1.511743
v -1.328339 7.783530 -1.536947
v -1.353331 7.901317 -1.502593
v -1.348847 7.902300 -1.527807
v -1.334210 7.908051 -1.549001
v -1.375294 7.995714 -1.524463
v -1.364465 8.000131 -1.539865
v -1.348659 8.007208 -1.547561
v -1.311996 7.916277 -1.560382
v -1.331112 8.015774 -1.547254
v -1.287960 7.925400 -1.558668
v -1.314645 8.024315 -1.538435
v -1.265314 7.934075 -1.546320
v -1.304445 8.029884 -1.521852
v -1.248939 7.940737 -1.525601
v -1.299871 8.033403 -1.501594
v -1.243434 7.943460 -1.498974
v -1.305066 8.031747 -1.481420
v -1.249455 7.941169 -1.471040
v -1.318036 8.026173 -1.467052
v -1.265931 7.935070 -1.448363
v -1.335014 8.019070 -1.458829
v -1.289108 7.926720 -1.439064
v -1.352877 8.010356 -1.461754
v -1.314859 7.917023 -1.441098
v -1.367013 8.002907 -1.471573
v -1.335852 7.908787 -1.454520
v -1.376893 7.997427 -1.486283
v -1.349072 7.903366 -1.476828
v -1.379721 7.994982 -1.505695
v -1.406126 8.079014 -1.498542
v -1.408468 8.076278 -1.510862
v -1.406026 8.076485 -1.522069
v -1.429405 8.144075 -1.517385
v -1.429217 8.145479 -1.514259
v -1.428526 8.159539 -1.518365
v -1.428638 8.159160 -1.519077
v -1.410955 8.152050 -1.516177
v -1.411572 8.151617 -1.519187
v -1.357524 8.103368 -1.521722
v -1.364559 8.098803 -1.531848
v -1.356555 8.104959 -1.508439
v -1.360802 8.103938 -1.496578
v -1.401019 8.083028 -1.489445
v -0.226745 6.377535 -1.118858
v -0.297485 6.390347 -1.068089
v -0.160428 6.519151 -1.106610
v -0.221936 6.540564 -1.057664
v -0.081383 6.673592 -1.099616
v -0.133149 6.694561 -1.056481
v -0.194980 6.724501 -1.047529
v -0.055185 6.853219 -1.062423
v -0.110150 6.876266 -1.054503
v -0.160561 6.897338 -1.080595
v -0.251406 6.755493 -1.077852
v -0.204991 6.921230 -1.116293
v -0.295679 6.799562 -1.121587
v -0.238299 6.945682 -1.160237
v -0.325607 6.839871 -1.169375
v -0.239967 6.950246 -1.217325
v -0.327003 6.853809 -1.228963
v -0.213004 6.936732 -1.267284
v -0.297572 6.833030 -1.281545
v -0.180784 6.926768 -1.319996
v -0.257808 6.810277 -1.340045
v -0.140472 6.918116 -1.373692
v -0.206717 6.788484 -1.404182
v -0.277652 6.665227 -1.449459
v -0.142418 6.764594 -1.441502
v -0.201817 6.625356 -1.487721
v -0.077657 6.733829 -1.424662
v -0.135509 6.588519 -1.466654
v -0.190499 6.444822 -1.508299
v -0.095370 6.556969 -1.409287
v -0.149623 6.413451 -1.444448
v -0.085131 6.533578 -1.334789
v -0.139659 6.391740 -1.364285
v -0.099289 6.519001 -1.255476
v -0.153244 6.378990 -1.279726
v -0.121519 6.513114 -1.178112
v -0.180825 6.374146 -1.195113
v -0.036808 6.671509 -1.231290
v -0.051478 6.667045 -1.163067
v 0.018559 6.834728 -1.216231
v 0.010822 6.831953 -1.155991
v -0.012266 6.837206 -1.100673
v 0.045047 7.006023 -1.157903
v 0.027768 7.010076 -1.109857
v -0.008404 7.018686 -1.078394
v 0.030497 7.176706 -1.127157
v 0.000964 7.181238 -1.102612
v -0.039085 7.184297 -1.099158
v -0.057736 7.030396 -1.072742
v -0.076443 7.186304 -1.117626
v -0.103261 7.041194 -1.094999
v -0.109994 7.190091 -1.142560
v -0.143283 7.052773 -1.124256
v -0.136358 7.193925 -1.173683
v -0.175017 7.064308 -1.162228
v -0.140884 7.192742 -1.215913
v -0.178153 7.064743 -1.213380
v -0.123559 7.189501 -1.251549
v -0.155502 7.057853 -1.258615
v -0.101521 7.188365 -1.287009
v -0.128767 7.054338 -1.304299
v -0.074197 7.189930 -1.319561
v -0.094818 7.051856 -1.346689
v -0.033182 7.190536 -1.337110
v -0.046288 7.045093 -1.368649
v -0.083763 6.903463 -1.402804
v 0.002658 7.033135 -1.352100
v -0.026335 6.881331 -1.385253
v 0.033693 7.021690 -1.311564
v 0.010326 6.860349 -1.337949
v -0.037527 6.705502 -1.371463
v 0.020424 6.844055 -1.277323
v -0.027471 6.684254 -1.302895
v 0.046199 7.011963 -1.259731
v 0.047642 7.006645 -1.209087
v 0.041723 7.174580 -1.249028
v 0.044410 7.172431 -1.206266
v 0.043563 7.172927 -1.163935
v 0.029695 7.311596 -1.208564
v 0.028163 7.315546 -1.177061
v 0.018073 7.319512 -1.150044
v -0.007801 7.424159 -1.179078
v -0.030754 7.462273 -1.196941
v -0.043676 7.475061 -1.207781
v -0.057888 7.463708 -1.198156
v -0.078401 7.422046 -1.180736
v -0.052116 7.479447 -1.216347
v -0.068454 7.463811 -1.207537
v -0.091539 7.416253 -1.196989
v -0.114838 7.317637 -1.184767
v -0.095316 7.317194 -1.159239
v -0.123995 7.317882 -1.216958
v -0.113340 7.317298 -1.249444
v -0.093938 7.316543 -1.276943
v -0.070197 7.315673 -1.299023
v -0.037091 7.316663 -1.307268
v -0.006581 7.316287 -1.294366
v 0.004838 7.186556 -1.323484
v 0.013705 7.312819 -1.269323
v 0.030358 7.180467 -1.291843
v 0.024260 7.310732 -1.240555
v -0.002767 7.410160 -1.251098
v -0.023937 7.465588 -1.235679
v -0.040438 7.479076 -1.224196
v 2.620989 5.778307 -1.662420
v 2.626786 5.771850 -1.671159
v 2.618261 5.782350 -1.650607
v 2.618824 5.780878 -1.638338
v 2.624953 5.776790 -1.629362
v 2.635261 5.769492 -1.630536
v 2.643236 5.763399 -1.638501
v 2.645464 5.758249 -1.649436
v 2.641974 5.753941 -1.662597
v 2.636591 5.762861 -1.670505
v 2.649588 5.817253 -1.651464
v 2.653225 5.813202 -1.656947
v 2.647877 5.819789 -1.644054
v 2.648231 5.818866 -1.636358
v 2.652075 5.816301 -1.630727
v 2.658541 5.811723 -1.631464
v 2.663544 5.807901 -1.636460
v 2.664942 5.804670 -1.643320
v 2.662752 5.801968 -1.651576
v 2.659375 5.807564 -1.656536
v 2.657855 5.811796 -1.647340
v 2.655389 5.815129 -1.638281
vn 0.7273 0.6822 -0.0749
vn 0.0988 0.9680 0.2307
vn 0.1183 0.9096 -0.3984
vn 0.4236 0.7439 -0.5168
vn 0.5390 0.5892 -0.6019
vn 0.6805 0.5305 -0.5054
vn 0.8020 0.2575 -0.5390
vn 0.9943 0.0433 -0.0971
vn 0.8321 -0.2431 0.4985
vn 0.5237 0.1555 0.8376
vn 0.0290 0.6021 0.7979
vn -0.7532 -0.4044 0.5187
vn -0.5914 -0.3060 0.7460
vn -0.4447 -0.1487 0.8833
vn -0.5438 -0.2195 0.8100
vn -0.5480 -0.2287 0.8046
vn -0.7651 -0.4585 0.4521
vn -0.8746 -0.4839 -0.0292
vn -0.8017 -0.5462 -0.2430
vn -0.7798 -0.3606 0.5117
vn -0.6098 -0.3031 0.7323
vn 0.5158 0.4538 -0.7266
vn 0.3952 0.5370 -0.7453
vn 0.4087 0.5309 -0.7424
vn 0.4965 0.5641 -0.6597
vn 0.4613 0.2353 -0.8555
vn 0.6086 0.2085 -0.7656
vn 0.7380 0.2247 -0.6363
vn 0.5373 0.4577 -0.7084
vn 0.2878 0.5895 -0.7548
vn 0.7903 0.5545 0.2608
vn 0.3985 0.8633 0.3096
vn 0.4728 0.8372 -0.2748
vn 0.8156 0.5377 -0.2137
vn 0.6360 0.4268 0.6429
vn 0.3251 0.6018 0.7295
vn 0.9010 0.2530 0.3524
vn 0.8472 0.2271 0.4802
vn 0.9755 0.2029 -0.0850
vn 0.9614 0.2609 0.0876
vn 0.9624 0.1737 0.2088
vn 0.0064 0.1178 -0.9930
vn 0.3045 0.1774 -0.9358
vn 0.0597 0.6586 -0.7501
vn -0.2247 0.4574 -0.8604
vn 0.0214 -0.1713 -0.9850
vn 0.3618 -0.1256 -0.9237
vn -0.1337 0.0650 -0.9889
vn -0.2640 -0.1331 -0.9553
vn -0.4590 0.2466 -0.8535
vn -0.1953 0.0819 -0.9773
vn -0.1414 0.0397 -0.9892
vn 0.1744 0.3367 -0.9253
vn -0.0234 0.4676 -0.8836
vn 0.2368 0.2491 -0.9391
vn 0.3849 0.1813 -0.9050
vn 0.5273 0.1335 -0.8391
vn 0.3170 0.1464 -0.9371
vn 0.0624 0.0701 -0.9956
vn 0.0633 0.2747 -0.9594
vn 0.1319 0.3688 -0.9201
vn 0.1999 0.5105 -0.8363
vn 0.0319 0.6175 -0.7859
vn -0.6441 -0.7435 0.1799
vn -0.6320 -0.4563 0.6264
vn -0.7654 -0.3779 0.5210
vn -0.7325 -0.6784 -0.0573
vn 0.6762 0.2302 0.6998
vn 0.3896 0.0937 0.9162
vn 0.3721 0.1259 0.9196
vn 0.5017 0.5314 0.6826
vn 0.4330 0.0390 0.9006
vn 0.2840 0.0908 0.9545
vn 0.5039 0.8538 -0.1304
vn 0.8307 0.3926 -0.3948
vn 0.8961 -0.0381 0.4422
vn 0.5962 -0.0976 0.7969
vn 0.9467 0.0589 -0.3167
vn -0.3889 0.3580 0.8489
vn -0.2989 -0.0727 0.9515
vn -0.4456 -0.4252 0.7878
vn -0.6991 -0.2772 0.6591
vn -0.9214 -0.0934 0.3773
vn -0.7565 0.4986 0.4232
vn -0.0331 0.9639 0.2642
vn 0.2300 0.8294 0.5091
vn 0.3462 0.5820 0.7358
vn 0.1231 0.4535 0.8827
vn -0.0195 0.2611 0.9651
vn 0.2485 0.7638 -0.5957
vn 0.6141 0.7103 -0.3442
vn 0.5085 0.8496 0.1397
vn 0.0916 0.9957 -0.0157
vn -0.4162 0.9038 -0.0997
vn -0.2268 0.7717 -0.5942
vn -0.2401 0.6493 -0.7217
vn 0.4280 0.5909 -0.6839
vn 0.6245 0.5787 -0.5244
vn 0.3773 -0.4083 0.8312
vn 0.1872 -0.3442 0.9201
vn -0.0803 -0.3444 0.9354
vn 0.0110 -0.1230 0.9923
vn -0.0737 0.1079 0.9914
vn -0.7511 0.6380 0.1696
vn -0.8572 0.5077 -0.0857
vn -0.7232 0.6223 -0.2995
vn -0.5275 0.7943 -0.3012
vn -0.2247 0.9263 -0.3024
vn -0.3492 0.8973 0.2701
vn -0.3845 0.6055 0.6968
vn -0.7306 0.4062 0.5488
vn -0.9559 0.2482 0.1571
vn -0.9617 0.2718 -0.0358
vn -0.9194 0.1628 0.3582
vn -0.3314 -0.3315 -0.8833
vn -0.1145 -0.3769 -0.9191
vn -0.2879 -0.5882 -0.7558
vn -0.6556 -0.2953 -0.6950
vn -0.3569 -0.7785 -0.5163
vn -0.1668 0.1440 -0.9754
vn -0.1887 0.4113 -0.8918
vn -0.0923 -0.1066 -0.9900
vn -0.0845 -0.2068 -0.9747
vn -0.1973 0.0870 -0.9765
vn 0.1366 0.4093 -0.9021
vn -0.0358 0.7085 -0.7048
vn -0.2801 -0.1409 -0.9496
vn -0.3512 -0.0654 -0.9340
vn -0.1268 -0.3181 -0.9395
vn 0.1453 0.5191 -0.8422
vn 0.1132 0.3700 -0.9221
vn -0.3914 0.3469 -0.8523
vn -0.2468 0.6191 -0.7455
vn 0.3647 0.6427 -0.6738
vn 0.5721 0.3536 -0.7400
vn -0.0521 0.8422 -0.5366
vn -0.0952 0.3813 0.9196
vn 0.1683 0.7286 0.6640
vn -0.4200 0.6707 0.6113
vn -0.5261 0.3076 0.7928
vn -0.4605 0.0606 0.8856
vn -0.0401 0.3211 0.9462
vn 0.3565 0.5406 0.7620
vn 0.4643 0.8401 0.2805
vn -0.4202 0.8661 0.2708
vn -0.8850 0.0265 0.4648
vn -0.4271 0.5975 0.6787
vn -0.1077 0.4263 0.8982
vn 0.0772 0.8728 0.4819
vn -0.4529 0.8388 0.3020
vn -0.4884 0.5116 0.7069
vn -0.1567 0.1860 0.9700
vn -0.6320 0.6931 0.3467
vn 0.8372 -0.3172 -0.4456
vn 0.7049 -0.0802 -0.7047
vn 0.8004 -0.0437 -0.5979
vn 0.9064 -0.3762 -0.1920
vn 0.8190 -0.3822 -0.4280
vn 0.6532 -0.1521 -0.7418
vn 0.8582 -0.5120 -0.0383
vn -0.3893 0.9118 -0.1305
vn -0.8799 0.4701 0.0686
vn -0.9293 0.3524 -0.1103
vn -0.7730 0.5960 -0.2174
vn -0.5717 0.5579 -0.6016
vn -0.0841 0.8045 -0.5880
vn 0.4870 0.8695 0.0820
vn 0.3638 0.8751 -0.3192
vn 0.2443 0.9677 0.0629
vn 0.3368 0.8638 0.3746
vn 0.5475 0.8301 0.1054
vn 0.5075 0.7925 -0.3380
vn 0.4460 0.7390 0.5049
vn -0.2153 0.0696 -0.9741
vn -0.2205 0.0214 -0.9752
vn -0.6365 -0.2058 -0.7433
vn -0.6728 0.0452 -0.7385
vn -0.4933 0.5822 -0.6463
vn 0.1361 0.5705 -0.8100
vn 0.1714 0.2601 -0.9502
vn 0.8404 0.5339 0.0932
vn 0.9453 0.3261 -0.0033
vn 0.9042 0.3092 -0.2946
vn 0.6770 0.7206 -0.1493
vn 0.3651 0.9108 0.1925
vn 0.6044 0.6796 0.4159
vn 0.8658 0.3867 0.3177
vn -0.7558 0.5289 -0.3861
vn -0.7598 0.6499 0.0189
vn -0.4635 0.8453 -0.2658
vn -0.5360 0.5928 -0.6011
vn -0.8451 0.3171 -0.4304
vn -0.9355 0.3379 0.1031
vn -0.6255 0.3141 -0.7142
vn 0.6960 0.6639 -0.2738
vn 0.5934 0.7825 -0.1885
vn 0.8047 0.5725 0.1572
vn 0.9435 0.3243 -0.0678
vn 0.8875 -0.1776 -0.4252
vn 0.5605 0.3623 -0.7447
vn 0.3253 0.7113 -0.6231
vn -0.0400 0.1159 -0.9925
vn 0.0698 0.3239 -0.9435
vn 0.2247 0.0499 -0.9732
vn 0.0308 -0.1158 -0.9928
vn -0.3265 0.1186 -0.9377
vn -0.4108 0.1044 -0.9057
vn -0.3120 0.6560 -0.6873
vn -0.1903 0.7280 -0.6586
vn -0.1845 -0.4961 -0.8484
vn -0.2876 -0.4514 -0.8447
vn 0.6279 -0.3834 0.6773
vn 0.3613 -0.1090 0.9261
vn 0.1469 -0.3091 0.9396
vn 0.5533 -0.4748 0.6844
vn 0.8521 -0.4559 0.2572
vn 0.9092 -0.2476 0.3348
vn 0.6968 0.1000 0.7102
vn 0.6599 0.4019 0.6349
vn -0.1302 0.2616 0.9563
vn 0.9913 -0.0761 -0.1076
vn -0.2863 0.8542 -0.4340
vn 0.1561 0.7571 -0.6343
vn 0.0688 0.6277 -0.7754
vn -0.3315 0.8045 -0.4929
vn -0.3782 0.9242 0.0527
vn 0.1427 0.9533 -0.2662
vn -0.6150 0.7885 -0.0020
vn 0.4140 0.9087 0.0544
vn 0.6081 0.4046 -0.6830
vn -0.4253 0.7355 0.5274
vn 0.7946 0.4496 0.4081
vn 0.7329 0.4602 0.5012
vn 0.8398 -0.1043 0.5328
vn 0.8937 -0.2039 0.3996
vn 0.8534 0.4713 0.2226
vn 0.9561 0.2447 0.1615
vn 0.5348 0.8182 0.2109
vn 0.4983 0.8164 0.2920
vn 0.2265 -0.8919 -0.3914
vn 0.6116 -0.7904 0.0341
vn 0.4893 -0.8716 0.0306
vn 0.1714 -0.9249 -0.3394
vn 0.3345 -0.7405 -0.5829
vn 0.2518 -0.6253 -0.7387
vn 0.4814 -0.5017 -0.7187
vn 0.5496 -0.6954 -0.4630
vn -0.0892 -0.7633 -0.6399
vn -0.0658 -0.6850 -0.7256
vn -0.0899 0.3866 0.9179
vn -0.1366 0.2549 0.9573
vn 0.4137 0.2767 0.8673
vn 0.2983 0.5377 0.7886
vn -0.3520 0.4808 0.8031
vn -0.5142 0.2161 0.8300
vn -0.0134 0.6760 0.7368
vn -0.7134 0.0289 -0.7002
vn -0.5956 -0.1177 -0.7946
vn -0.8539 -0.3268 -0.4051
vn -0.9645 -0.1037 -0.2427
vn -0.8727 0.4672 -0.1418
vn -0.5504 0.3093 -0.7755
vn -0.3065 0.1766 -0.9353
vn -0.4372 0.8833 -0.1692
vn -0.7841 0.2844 0.5517
vn -0.1578 0.9194 0.3603
vn -0.1059 0.6601 -0.7437
vn 0.1571 0.9044 -0.3968
vn -0.6936 -0.2414 0.6787
vn -0.5101 0.0415 0.8591
vn -0.7213 0.0077 0.6926
vn -0.8482 -0.2828 0.4479
vn -0.6603 -0.2884 0.6935
vn -0.3871 -0.0105 0.9220
vn -0.8136 -0.4714 0.3402
vn 0.8742 -0.2885 0.3905
vn 0.9330 -0.1473 0.3284
vn 0.9850 -0.1686 -0.0375
vn 0.8972 -0.4416 0.0052
vn 0.9038 -0.1814 0.3875
vn 0.9043 -0.1389 0.4036
vn 0.8432 -0.2385 0.4818
vn 0.8930 -0.1999 0.4033
vn 0.7550 -0.5027 0.4210
vn 0.7389 -0.3015 0.6026
vn 0.7109 -0.7005 0.0630
vn -0.7748 -0.1667 -0.6098
vn -0.8350 0.0085 -0.5502
vn -0.9449 0.0480 -0.3238
vn -0.8231 -0.1450 -0.5490
vn -0.5988 -0.1074 -0.7936
vn -0.5664 -0.0550 -0.8223
vn -0.4390 -0.3438 -0.8301
vn -0.4641 -0.3342 -0.8203
vn -0.4805 -0.2397 -0.8436
vn -0.7151 -0.2114 -0.6663
vn -0.5674 -0.1491 -0.8099
vn -0.9431 0.1469 -0.2983
vn -0.8352 0.0156 -0.5497
vn -0.7962 0.1036 -0.5961
vn 0.1268 0.4505 -0.8837
vn 0.3922 0.2425 -0.8873
vn 0.3915 0.1299 -0.9110
vn 0.0970 0.4095 -0.9071
vn -0.2201 0.6495 -0.7278
vn -0.0253 0.6110 -0.7912
vn 0.3724 0.3807 -0.8464
vn 0.5094 0.2948 0.8084
vn 0.3294 -0.0443 0.9431
vn 0.6847 -0.3189 0.6553
vn 0.9115 0.2904 0.2912
vn 0.2869 0.9456 -0.1535
vn -0.5868 0.7517 -0.3010
vn 0.4013 0.7000 -0.5907
vn -0.9634 -0.1486 -0.2231
vn -0.6970 0.0580 -0.7147
vn -0.7844 0.0234 -0.6198
vn -0.8434 0.1021 -0.5275
vn -0.8490 -0.0549 -0.5256
vn -0.5195 -0.0741 -0.8513
vn -0.5900 -0.0276 -0.8069
vn -0.7673 -0.1798 -0.6156
vn -0.6236 0.0282 -0.7813
vn -0.5342 0.0975 -0.8397
vn -0.4216 -0.0860 -0.9027
vn -0.6363 0.3239 -0.7002
vn -0.9408 0.2865 -0.1813
vn -0.9148 0.2025 -0.3495
vn -0.6407 0.1384 -0.7552
vn -0.3198 0.2464 -0.9149
vn -0.1822 0.4802 -0.8580
vn -0.8608 -0.0072 -0.5089
vn 0.0676 0.6324 -0.7717
vn -0.2682 0.3752 0.8873
vn -0.0053 0.4134 0.9105
vn -0.1911 0.1774 0.9654
vn -0.3361 0.1746 0.9255
vn -0.4217 0.0201 0.9065
vn -0.2623 0.1505 0.9532
vn -0.3293 0.2605 0.9076
vn -0.4133 0.4054 0.8154
vn -0.4823 0.6628 0.5728
vn -0.1788 0.7193 0.6713
vn 0.2257 0.6834 0.6943
vn -0.1860 -0.5031 0.8440
vn -0.1885 -0.5820 0.7910
vn 0.0724 -0.7303 0.6793
vn -0.0526 -0.6981 0.7140
vn -0.3096 -0.4573 0.8337
vn -0.3940 -0.4646 0.7930
vn -0.0163 -0.6529 0.7573
vn -0.1102 -0.4079 0.9064
vn -0.2388 -0.4113 0.8797
vn 0.9660 0.0074 0.2584
vn 0.9983 0.0159 0.0555
vn 0.9980 -0.0354 0.0515
vn 0.9789 0.0484 0.1986
vn 0.9736 -0.0243 0.2270
vn 0.8685 -0.0749 0.4900
vn 0.7983 0.1005 0.5938
vn 0.9385 0.1131 0.3261
vn 0.9010 -0.2020 0.3839
vn 0.3159 0.0736 0.9459
vn 0.4239 -0.1503 0.8931
vn 0.4624 -0.2386 0.8540
vn 0.3421 -0.2769 0.8980
vn 0.3334 -0.2187 0.9170
vn 0.2486 0.3000 0.9210
vn 0.4107 -0.0548 0.9101
vn 0.2961 0.6907 0.6597
vn -0.0389 -0.0004 0.9992
vn -0.0839 0.0502 0.9952
vn -0.4917 -0.1174 0.8628
vn -0.2448 -0.0181 0.9694
vn 0.0153 -0.0062 0.9999
vn -0.5632 0.3513 -0.7480
vn 0.9184 0.1827 0.3510
vn 0.8969 -0.0173 0.4419
vn 0.9129 -0.0400 0.4063
vn 0.9341 0.1565 0.3210
vn 0.7623 0.1769 0.6225
vn 0.7727 0.0432 0.6333
vn 0.9163 0.2143 0.3383
vn 0.7571 0.2119 0.6179
vn 0.9064 0.3849 0.1741
vn 0.9552 0.2936 0.0387
vn 0.9819 0.1889 0.0151
vn 0.1450 0.1263 -0.9813
vn -0.2834 -0.0052 -0.9590
vn -0.5130 0.0279 -0.8580
vn -0.3260 0.0408 -0.9445
vn -0.0626 0.1427 -0.9878
vn 0.4898 0.1126 -0.8646
vn 0.0982 0.2474 0.9639
vn -0.0298 0.1350 0.9904
vn -0.1284 0.1253 0.9838
vn 0.0855 0.2311 0.9692
vn 0.3162 0.2457 0.9163
vn 0.2639 0.2343 0.9357
vn 0.1249 0.2800 0.9518
vn 0.0444 0.1086 0.9931
vn 0.2328 0.0579 0.9708
vn 0.0226 0.1254 0.9918
vn 0.0632 -0.9930 -0.1001
vn 0.1173 -0.9812 -0.1530
vn 0.0566 -0.9982 -0.0171
vn 0.0129 -0.9999 0.0025
vn -0.0482 -0.9953 -0.0841
vn -0.0839 -0.9964 -0.0102
vn 0.5761 -0.6706 -0.4673
vn 0.7880 0.0166 -0.6154
vn 0.9834 -0.0255 -0.1797
vn 0.7057 -0.6925 -0.1498
vn -0.1214 -0.9901 -0.0708
vn -0.1409 -0.9896 -0.0277
vn 0.3041 -0.6728 -0.6744
vn 0.4370 0.0717 -0.8966
vn 0.3749 -0.0840 -0.9233
vn 0.7508 -0.1429 -0.6449
vn 0.1058 -0.6645 -0.7397
vn 0.1489 0.1121 -0.9825
vn 0.0794 -0.0285 -0.9964
vn 0.0273 -0.1509 -0.9882
vn 0.3460 -0.2068 -0.9152
vn -0.0586 0.1246 -0.9905
vn -0.1036 0.0089 -0.9946
vn -0.1599 -0.0765 -0.9842
vn -0.2283 -0.1156 -0.9667
vn 0.0269 -0.1870 -0.9820
vn -0.2343 0.0350 -0.9715
vn -0.2988 0.0033 -0.9543
vn -0.3839 -0.0065 -0.9233
vn -0.4824 -0.0345 -0.8753
vn -0.2584 -0.1147 -0.9592
vn -0.7211 0.1678 -0.6722
vn -0.7702 0.1734 -0.6138
vn -0.9180 0.2693 -0.2911
vn -0.9308 0.2474 -0.2691
vn -0.8730 0.2353 -0.4271
vn -0.8521 0.1718 -0.4943
vn -0.6371 0.0922 -0.7652
vn -0.5609 -0.0108 -0.8278
vn -0.4722 -0.1830 -0.8623
vn -0.4181 -0.1632 -0.8936
vn -0.3199 -0.2902 -0.9019
vn -0.3157 -0.3585 -0.8785
vn -0.3817 -0.2914 -0.8772
vn -0.7435 -0.2408 -0.6239
vn -0.7519 -0.1905 -0.6312
vn -0.7993 -0.0753 -0.5962
vn -0.8492 -0.0170 -0.5278
vn -0.4602 -0.1678 -0.8718
vn -0.9981 0.0573 -0.0241
vn -0.9867 0.1590 -0.0342
vn -0.9910 0.1325 0.0211
vn -0.9952 0.0376 0.0905
vn -0.9080 -0.0692 -0.4133
vn -0.8306 0.2661 0.4892
vn -0.8614 0.1927 0.4700
vn -0.8945 0.0741 0.4409
vn -0.9115 0.0116 0.4111
vn -0.9918 -0.0037 0.1277
vn -0.7356 0.1319 0.6645
vn -0.8068 0.0384 0.5895
vn -0.8324 0.0103 0.5541
vn -0.8312 -0.0316 0.5550
vn -0.9180 -0.0254 0.3958
vn -0.6675 0.0268 0.7442
vn -0.6756 0.0478 0.7357
vn -0.6555 0.0038 0.7551
vn -0.6219 -0.1438 0.7698
vn -0.8228 -0.1175 0.5561
vn -0.2933 0.1315 0.9469
vn -0.2811 0.0692 0.9572
vn -0.2444 -0.1500 0.9580
vn -0.2230 -0.3781 0.8985
vn -0.5891 -0.3049 0.7483
vn 0.0717 0.1225 0.9899
vn 0.1045 -0.1378 0.9849
vn 0.1073 -0.4084 0.9065
vn 0.0789 -0.5097 0.8567
vn -0.2242 -0.4722 0.8525
vn 0.3353 -0.1216 0.9342
vn 0.3665 -0.3890 0.8452
vn 0.3855 -0.4892 0.7824
vn 0.3943 -0.4577 0.7969
vn 0.0452 -0.4851 0.8733
vn 0.6362 -0.2796 0.7191
vn 0.7161 -0.3437 0.6076
vn 0.7663 -0.3117 0.5619
vn 0.7783 -0.2020 0.5945
vn 0.4195 -0.3147 0.8514
vn 0.8679 -0.1670 0.4679
vn 0.9113 -0.1661 0.3769
vn 0.9079 -0.1507 0.3911
vn 0.8566 -0.1453 0.4951
vn 0.7433 -0.1002 0.6615
vn 0.6789 -0.0106 0.7341
vn 0.4194 0.0200 0.9076
vn 0.4363 -0.1316 0.8901
vn 0.7960 -0.0913 0.5984
vn 0.6152 0.1062 0.7812
vn 0.8872 -0.1585 0.4334
vn 0.8769 -0.1582 0.4539
vn 0.7551 -0.1323 0.6421
vn 0.7886 0.0019 0.6149
vn 0.5671 0.0147 0.8235
vn 0.5554 0.2384 0.7967
vn 0.8066 0.2018 0.5555
vn 0.5902 -0.1691 0.7893
vn 0.4530 -0.2692 0.8499
vn 0.3967 -0.0233 0.9176
vn 0.6225 -0.3927 0.6770
vn 0.4906 -0.4966 0.7160
vn 0.3836 -0.5621 0.7328
vn 0.3709 -0.3341 0.8665
vn 0.6208 -0.6351 0.4597
vn 0.4721 -0.7255 0.5007
vn 0.3687 -0.7769 0.5104
vn 0.4263 -0.7628 0.4861
vn 0.4140 -0.5560 0.7208
vn 0.3835 -0.8988 0.2125
vn 0.3161 -0.9224 0.2219
vn 0.4013 -0.8981 0.1801
vn 0.5678 -0.8110 0.1409
vn 0.5790 -0.6737 0.4592
vn 0.2051 -0.9707 -0.1250
vn 0.3310 -0.9312 -0.1528
vn 0.5001 -0.8435 -0.1959
vn 0.6776 -0.6948 -0.2410
vn 0.7518 -0.6483 0.1201
vn 0.1915 -0.8298 -0.5242
vn 0.3618 -0.7569 -0.5442
vn 0.5185 -0.6353 -0.5723
vn 0.6465 -0.5261 -0.5525
vn 0.8088 -0.5339 -0.2464
vn 0.1299 -0.5134 -0.8482
vn 0.2685 -0.4718 -0.8398
vn 0.4031 -0.4442 -0.8001
vn 0.5134 -0.3869 -0.7660
vn 0.7494 -0.4410 -0.4938
vn 0.0101 -0.2786 -0.9603
vn 0.1262 -0.2975 -0.9464
vn 0.1979 -0.2462 -0.9488
vn 0.2317 -0.1055 -0.9670
vn 0.5833 -0.1979 -0.7878
vn -0.1273 -0.0839 -0.9883
vn -0.1518 -0.0283 -0.9880
vn -0.1640 -0.0120 -0.9864
vn -0.1263 -0.0415 -0.9911
vn 0.1980 -0.0635 -0.9781
vn -0.4590 0.2096 -0.8634
vn -0.5587 0.0860 -0.8249
vn -0.4968 -0.0445 -0.8667
vn -0.3625 -0.1177 -0.9245
vn -0.1359 -0.1518 -0.9790
vn -0.7712 0.1541 -0.6176
vn -0.7697 -0.0564 -0.6359
vn -0.6270 -0.1076 -0.7715
vn -0.4754 -0.0425 -0.8787
vn -0.3366 -0.1234 -0.9335
vn -0.8951 -0.0496 -0.4431
vn -0.8514 -0.0882 -0.5171
vn -0.7126 0.0483 -0.6999
vn -0.5834 0.0908 -0.8071
vn -0.4215 -0.0206 -0.9066
vn -0.9597 -0.0337 -0.2790
vn -0.8966 0.1332 -0.4224
vn -0.7690 0.2094 -0.6040
vn -0.7256 0.1340 -0.6749
vn -0.9679 0.2236 -0.1151
vn -0.9174 0.3194 -0.2373
vn -0.9054 0.2448 -0.3470
vn -0.9066 0.1554 -0.3924
vn -0.6925 0.0955 -0.7151
vn -0.8573 0.4091 0.3125
vn -0.9003 0.3055 0.3101
vn -0.9483 0.1569 0.2757
vn -0.9527 0.1623 0.2568
vn -0.8954 0.2213 -0.3865
vn -0.4438 0.2260 0.8671
vn -0.3919 0.0380 0.9192
vn -0.3602 -0.0528 0.9314
vn -0.3338 0.0052 0.9426
vn -0.8825 0.3645 0.2972
vn 0.1678 -0.0124 0.9858
vn 0.2925 -0.1454 0.9452
vn 0.3324 -0.2696 0.9038
vn 0.2871 -0.3264 0.9006
vn -0.2671 0.1630 0.9498
vn 0.6559 -0.3137 0.6866
vn 0.5907 -0.5152 0.6210
vn 0.4999 -0.6250 0.5996
vn 0.2353 -0.3275 0.9151
vn 0.9119 -0.2795 0.3006
vn 0.8171 -0.5465 0.1835
vn 0.6764 -0.7294 0.1021
vn 0.6067 -0.7913 0.0752
vn 0.4735 -0.6522 0.5919
vn 0.8370 -0.3868 -0.3871
vn 0.6806 -0.5847 -0.4415
vn 0.5810 -0.6773 -0.4514
vn 0.5951 -0.6756 -0.4353
vn 0.6445 -0.7606 0.0785
vn 0.4579 -0.1799 -0.8706
vn 0.3635 -0.2496 -0.8976
vn 0.3191 -0.2657 -0.9097
vn 0.3248 -0.2412 -0.9145
vn 0.6704 -0.6038 -0.4312
vn -0.0297 0.4028 -0.9148
vn -0.1550 0.3859 -0.9094
vn -0.2605 0.3456 -0.9015
vn -0.2936 0.2907 -0.9107
vn 0.3383 -0.2093 -0.9175
vn -0.4176 0.7313 -0.5393
vn -0.5576 0.6373 -0.5319
vn -0.6391 0.5513 -0.5363
vn -0.6163 0.5588 -0.5549
vn -0.2206 0.3143 -0.9233
vn -0.6487 0.7391 -0.1815
vn -0.7423 0.6474 -0.1727
vn -0.7513 0.6407 -0.1581
vn -0.6764 0.6328 0.3768
vn -0.7053 0.5997 0.3779
vn -0.2111 0.2981 0.9309
vn -0.2652 0.2813 0.9222
vn 0.3538 -0.1677 0.9202
vn 0.3414 -0.1698 0.9245
vn 0.6723 -0.4456 0.5911
vn 0.6911 -0.4135 0.5928
vn 0.8092 -0.5794 0.0972
vn 0.8512 -0.5084 0.1306
vn 0.3969 -0.1159 -0.9105
vn 0.7738 -0.4489 -0.4468
vn 0.7273 -0.5273 -0.4393
vn 0.7367 -0.6714 0.0807
vn 0.6114 -0.5334 0.5845
vn 0.5271 -0.6170 0.5844
vn 0.3350 -0.2317 0.9133
vn 0.2886 -0.2964 0.9104
vn 0.2385 -0.3207 0.9167
vn -0.1218 0.2924 0.9485
vn -0.1307 0.2909 0.9478
vn -0.1842 0.2669 0.9460
vn -0.4168 0.8129 0.4068
vn -0.4891 0.7729 0.4042
vn -0.6920 0.6240 0.3631
vn -0.4872 0.8633 -0.1316
vn -0.6775 0.7049 -0.2100
vn -0.8359 0.4468 -0.3189
vn -0.4555 0.6366 -0.6223
vn -0.5440 0.4126 -0.7306
vn -0.6139 0.1955 -0.7648
vn 0.0692 0.2512 -0.9655
vn 0.0535 0.3493 -0.9355
vn 0.5619 -0.0668 -0.8245
vn 0.6053 0.0454 -0.7947
vn 0.9349 -0.1392 -0.3263
vn 0.0291 0.4001 -0.9160
vn -0.3314 0.7658 -0.5511
vn -0.3055 0.7866 -0.5366
vn -0.4218 0.8972 -0.1305
vn -0.5088 0.8446 -0.1665
vn -0.4771 0.7918 0.3813
vn -0.5954 0.7160 0.3645
vn -0.1622 0.3010 0.9397
vn 0.0328 0.1295 0.9910
vn -0.4990 0.4021 0.7677
vn -0.0652 0.2976 0.9525
vn 0.2360 0.1557 0.9592
vn -0.1602 0.4280 0.8895
vn 0.2405 0.2932 0.9253
vn 0.4712 0.1425 0.8705
vn 0.3738 0.0369 0.9268
vn 0.5793 0.0172 0.8149
vn 0.5302 0.2173 0.8195
vn 0.7015 0.0881 0.7072
vn 0.7758 -0.0130 0.6308
vn 0.6294 -0.0782 0.7731
vn 0.7800 -0.0674 0.6221
vn 0.6490 -0.1309 0.7494
vn 0.7871 -0.1097 0.6070
vn 0.6734 -0.2138 0.7077
vn 0.5115 -0.3222 0.7966
vn 0.3993 -0.4259 0.8119
vn 0.7711 -0.4152 0.4827
vn 0.6140 -0.5592 0.5571
vn 0.4873 -0.6521 0.5808
vn 0.4404 -0.7136 0.5449
vn 0.3807 -0.4903 0.7840
vn 0.5636 -0.8161 -0.1282
vn 0.4358 -0.8887 -0.1422
vn 0.3787 -0.9090 -0.1738
vn 0.3236 -0.9187 -0.2264
vn 0.4251 -0.7870 0.4470
vn 0.1779 -0.6645 -0.7258
vn 0.1391 -0.6494 -0.7476
vn 0.0926 -0.6820 -0.7254
vn -0.0081 -0.7678 -0.6407
vn 0.2226 -0.9431 -0.2472
vn 0.0215 -0.4314 -0.9019
vn -0.0448 -0.4681 -0.8826
vn -0.1725 -0.5174 -0.8382
vn -0.3021 -0.5128 -0.8036
vn -0.1006 -0.8249 -0.5562
vn -0.1927 -0.0473 -0.9801
vn -0.3294 0.0050 -0.9442
vn -0.4456 0.0600 -0.8932
vn -0.5132 0.0946 -0.8530
vn -0.3874 -0.4804 -0.7869
vn -0.3638 0.5986 -0.7137
vn -0.4228 0.6139 -0.6666
vn -0.4537 0.6176 -0.6424
vn -0.4275 0.6263 -0.6519
vn -0.5082 0.1020 -0.8552
vn -0.2792 0.9167 -0.2859
vn -0.2638 0.9201 -0.2897
vn -0.1962 0.9322 -0.3043
vn -0.0548 0.9383 -0.3414
vn 0.0023 0.9935 0.1134
vn 0.0968 0.9927 0.0726
vn 0.2504 0.9677 0.0275
vn 0.3352 0.9422 0.0011
vn 0.0283 0.9270 -0.3740
vn 0.3767 0.8370 0.3970
vn 0.2759 0.8377 0.4713
vn 0.5101 0.4699 0.7204
vn 0.6163 0.4645 0.6360
vn 0.6313 -0.0703 0.7724
vn 0.7221 -0.0896 0.6859
vn 0.5720 -0.5826 0.5775
vn 0.6289 -0.6005 0.4938
vn 0.7377 -0.5771 0.3505
vn 0.8027 -0.5394 0.2544
vn 0.3842 -0.9136 0.1333
vn 0.3628 -0.9084 0.2076
vn 0.0891 -0.9762 -0.1977
vn 0.0923 -0.9655 -0.2437
vn -0.1597 -0.8360 -0.5249
vn -0.1626 -0.8173 -0.5528
vn -0.3918 -0.4573 -0.7983
vn 0.1384 -0.9665 -0.2162
vn 0.3852 -0.8901 0.2435
vn 0.4067 -0.8565 0.3179
vn 0.5306 -0.5644 0.6324
vn 0.4588 -0.5520 0.6963
vn 0.4002 -0.5305 0.7473
vn 0.4288 -0.0838 0.8995
vn 0.3615 -0.1423 0.9215
vn 0.2866 0.4536 0.8439
vn 0.2433 0.4119 0.8782
vn 0.0845 0.8273 0.5553
vn 0.0674 0.8253 0.5606
vn 0.1411 0.7978 0.5862
vn -0.0952 0.9868 0.1310
vn 0.0120 0.9983 0.0575
vn 0.1877 0.9807 -0.0553
vn -0.1419 0.8678 -0.4763
vn -0.2227 0.9167 -0.3318
vn -0.2774 0.5504 -0.7874
vn -0.2706 0.9194 -0.2854
vn -0.1122 0.9812 0.1570
vn -0.0611 0.9879 0.1427
vn 0.1793 0.8351 0.5200
vn 0.4013 0.4721 0.7849
vn 0.5413 -0.0627 0.8385
vn 0.9252 -0.3606 -0.1181
vn 0.0468 -0.4553 -0.8891
vn 0.2657 -0.6753 -0.6880
vn 0.0585 -0.4968 -0.8659
vn 0.4254 -0.6125 -0.6663
vn 0.1192 -0.4732 -0.8728
vn -0.0893 -0.3458 -0.9340
vn 0.3050 -0.3006 -0.9037
vn 0.0612 -0.2156 -0.9746
vn -0.2415 -0.2190 -0.9454
vn 0.5108 -0.1150 -0.8519
vn 0.6641 -0.3785 -0.6447
vn 0.8198 -0.1586 -0.5503
vn 0.8384 -0.2509 -0.4840
vn 0.9898 -0.1336 -0.0501
vn 0.9704 -0.2246 -0.0889
vn 0.8931 -0.4139 -0.1763
vn 0.9355 -0.1194 0.3325
vn 0.9303 -0.2962 0.2162
vn 0.8805 -0.4552 0.1320
vn 0.8377 -0.1334 0.5296
vn 0.8302 -0.2963 0.4721
vn 0.7366 -0.5039 0.4511
vn 0.7528 -0.1710 0.6357
vn 0.6690 -0.3376 0.6622
vn 0.5386 -0.4832 0.6902
vn 0.5802 -0.1948 0.7909
vn 0.4651 -0.2721 0.8424
vn 0.3793 -0.3236 0.8669
vn 0.3506 -0.0243 0.9362
vn 0.3261 -0.0458 0.9442
vn 0.3306 -0.0555 0.9422
vn 0.2411 0.2677 0.9329
vn 0.2631 0.2701 0.9262
vn 0.3489 0.2572 0.9012
vn 0.2197 0.4856 0.8461
vn 0.3100 0.4722 0.8252
vn 0.5020 0.4789 0.7202
vn 0.2357 0.6712 0.7028
vn 0.3763 0.7131 0.5916
vn 0.6097 0.7281 0.3134
vn 0.7512 0.4668 0.4667
vn 0.8081 0.5865 -0.0548
vn 0.3692 0.9244 0.0957
vn 0.6125 0.7241 -0.3169
vn 0.7469 0.3405 -0.5712
vn 0.8950 0.3463 -0.2810
vn 0.7943 0.0473 -0.6057
vn 0.9395 0.1308 -0.3167
vn 0.8194 -0.1020 -0.5641
vn 0.9605 -0.0001 -0.2782
vn 0.9959 0.0837 0.0347
vn 0.9693 -0.0701 -0.2355
vn 0.8365 -0.1825 -0.5166
vn 0.8541 -0.2247 -0.4691
vn 0.9703 -0.1255 -0.2068
vn 0.8643 -0.1891 -0.4661
vn 0.9653 -0.1328 -0.2250
vn 0.9979 -0.0597 0.0246
vn 0.9560 -0.0352 -0.2911
vn 0.9989 0.0081 -0.0465
vn 0.9642 0.0934 0.2480
vn 0.9666 0.0672 0.2472
vn 0.9791 0.1572 -0.1288
vn 0.9620 0.2121 0.1718
vn 0.8182 0.2806 0.5019
vn 0.9317 0.3454 0.1122
vn 0.8053 0.3622 0.4693
vn 0.5664 0.3350 0.7530
vn 0.5783 0.3496 0.7371
vn 0.3134 0.2941 0.9029
vn 0.3097 0.3993 0.8629
vn 0.0191 0.2335 0.9722
vn -0.0057 0.3977 0.9175
vn -0.0242 0.6581 0.7525
vn 0.0157 0.9539 0.2997
vn -0.3551 0.3344 0.8730
vn -0.3002 0.1330 0.9446
vn -0.5756 -0.0037 0.8177
vn -0.6650 0.1975 0.7203
vn -0.7711 -0.1494 0.6190
vn -0.8613 0.0351 0.5069
vn -0.8855 -0.2713 0.3771
vn -0.9561 -0.0866 0.2801
vn -0.9804 0.0085 0.1967
vn -0.9958 0.0424 0.0806
vn -0.9873 -0.1578 0.0188
vn -0.9978 -0.0636 0.0159
vn -0.9985 -0.0547 0.0045
vn -0.9956 0.0417 -0.0834
vn -0.9926 0.1048 -0.0609
vn -0.9656 -0.0846 -0.2457
vn -0.9789 -0.1013 -0.1776
vn -0.9820 -0.0359 -0.1853
vn -0.8744 -0.1196 -0.4703
vn -0.9086 -0.1198 -0.4002
vn -0.6389 -0.1375 -0.7569
vn -0.6911 -0.1902 -0.6973
vn -0.7041 -0.1823 -0.6863
vn -0.5924 -0.1328 -0.7946
vn -0.3391 -0.2413 -0.9093
vn -0.3596 -0.2911 -0.8865
vn -0.3540 -0.2869 -0.8902
vn -0.3594 0.0075 -0.9332
vn 0.0419 -0.3148 -0.9482
vn 0.0250 -0.3030 -0.9527
vn 0.3751 -0.3039 -0.8758
vn 0.3839 -0.2461 -0.8900
vn 0.6288 -0.2666 -0.7305
vn 0.6263 -0.1821 -0.7580
vn 0.6024 -0.0427 -0.7971
vn 0.5553 0.2858 -0.7810
vn 0.3849 0.7470 -0.5421
vn 0.1020 0.9866 -0.1274
vn -0.2406 0.8853 -0.3979
vn -0.3051 0.9145 -0.2655
vn -0.4954 0.6632 -0.5610
vn -0.5181 0.6125 -0.5971
vn -0.0571 0.9946 0.0870
vn -0.0563 0.9943 0.0906
vn -0.1999 0.9308 -0.3059
vn 0.1696 0.9112 0.3755
vn 0.0986 0.8852 0.4546
vn 0.0968 0.8854 0.4547
vn -0.0162 0.9982 0.0574
vn 0.1829 0.6633 0.7257
vn 0.1130 0.6759 0.7283
vn 0.0316 0.8872 0.4603
vn 0.1632 0.4965 0.8525
vn 0.0796 0.4711 0.8785
vn -0.0209 0.6724 0.7399
vn 0.2107 0.2394 0.9478
vn 0.2202 0.1878 0.9572
vn 0.0063 0.4108 0.9117
vn 0.4305 -0.0250 0.9022
vn 0.5643 -0.0283 0.8251
vn 0.3101 0.1317 0.9416
vn 0.6952 -0.1132 0.7099
vn 0.7718 -0.0569 0.6333
vn 0.6833 -0.0222 0.7298
vn 0.7795 -0.0603 0.6235
vn 0.7965 -0.0133 0.6045
vn 0.8134 -0.0373 0.5805
vn 0.8202 -0.0260 0.5714
vn 0.8179 -0.0199 0.5750
vn 0.8159 -0.0329 0.5772
vn 0.9151 -0.0580 0.3989
vn 0.8801 -0.2071 0.4272
vn 0.9343 -0.3484 -0.0754
vn 0.7550 -0.6468 -0.1080
vn 0.8238 -0.0385 0.5655
vn 0.7526 0.0192 0.6582
vn 0.7481 -0.0171 0.6634
vn 0.5376 0.1391 0.8317
vn 0.5070 0.0798 0.8582
vn 0.4191 0.0946 0.9030
vn 0.0691 0.2161 0.9739
vn 0.0108 0.2623 0.9649
vn -0.0149 0.3372 0.9413
vn -0.4194 0.4340 0.7973
vn -0.3201 0.5484 0.7725
vn -0.1762 0.6310 0.7555
vn -0.5323 0.7125 0.4572
vn -0.3164 0.8189 0.4789
vn -0.1250 0.8709 0.4753
vn -0.3972 0.9085 0.1299
vn -0.2221 0.9680 0.1165
vn -0.0765 0.9940 0.0778
vn -0.2964 0.9223 -0.2482
vn -0.1790 0.9360 -0.3032
vn -0.1199 0.9345 -0.3351
vn -0.2573 0.7283 -0.6351
vn -0.2048 0.7179 -0.6653
vn -0.3101 0.7033 -0.6397
vn -0.2613 0.4078 -0.8749
vn -0.3655 0.3785 -0.8504
vn -0.2898 0.1212 -0.9494
vn -0.3614 0.0865 -0.9284
vn -0.3020 -0.0466 -0.9522
vn -0.3457 -0.0804 -0.9349
vn -0.3077 -0.1150 -0.9445
vn -0.3511 -0.1670 -0.9213
vn -0.3457 -0.2191 -0.9124
vn -0.3514 -0.2989 -0.8872
vn -0.3084 -0.3613 -0.8800
vn -0.1696 -0.3574 -0.9184
vn -0.3095 -0.2196 -0.9252
vn 0.0169 -0.1971 -0.9802
vn -0.2756 -0.0997 -0.9561
vn 0.1341 0.0921 -0.9867
vn -0.2864 0.1347 -0.9486
vn -0.6050 0.1566 -0.7807
vn -0.2822 0.3536 -0.8918
vn -0.5053 0.3897 -0.7700
vn -0.5558 0.4531 -0.6970
vn -0.7225 0.2360 -0.6499
vn -0.6158 0.4784 -0.6261
vn -0.7223 0.3502 -0.5964
vn -0.7844 0.4003 -0.4739
vn -0.7682 0.3759 -0.5182
vn -0.8300 0.1938 -0.5230
vn -0.8888 -0.0459 -0.4560
vn -0.9155 0.2558 -0.3105
vn -0.8904 0.2105 -0.4035
vn -0.9011 0.0579 -0.4298
vn -0.8997 -0.2022 -0.3869
vn -0.8629 -0.2713 -0.4264
vn -0.9923 0.0759 -0.0982
vn -0.9807 0.0311 -0.1928
vn -0.9606 -0.1441 -0.2378
vn -0.8976 -0.4064 -0.1709
vn -0.8116 -0.5036 -0.2963
vn -0.9611 -0.1014 0.2571
vn -0.9580 -0.1747 0.2275
vn -0.9140 -0.3144 0.2566
vn -0.8060 -0.4650 0.3661
vn -0.7791 -0.6269 0.0054
vn -0.7375 -0.1704 0.6535
vn -0.6987 -0.1900 0.6898
vn -0.6278 -0.2525 0.7362
vn -0.5312 -0.3406 0.7758
vn -0.6906 -0.5480 0.4720
vn -0.4407 -0.0631 0.8954
vn -0.3686 -0.0474 0.9284
vn -0.2674 -0.0908 0.9593
vn -0.1888 -0.1435 0.9715
vn -0.4622 -0.4034 0.7897
vn -0.4563 -0.4224 0.7832
vn -0.6428 -0.5578 0.5250
vn -0.6352 -0.5750 0.5157
vn -0.1613 -0.1806 0.9703
vn -0.2003 -0.1864 0.9618
vn -0.5071 -0.4077 0.7593
vn 0.0908 0.0704 0.9934
vn 0.0765 0.0600 0.9953
vn -0.0031 0.1068 0.9943
vn -0.2699 -0.1873 0.9445
vn 0.2329 0.3056 0.9232
vn 0.2750 0.3208 0.9064
vn 0.2031 0.3654 0.9084
vn 0.0694 0.4321 0.8991
vn -0.0972 0.1510 0.9837
vn 0.3938 0.6300 0.6694
vn 0.2410 0.6965 0.6759
vn -0.0131 0.7724 0.6350
vn -0.1240 0.4963 0.8593
vn 0.4975 0.8223 0.2763
vn 0.3923 0.8844 0.2527
vn 0.0862 0.9693 0.2302
vn -0.0055 0.9698 0.2438
vn -0.1089 0.7803 0.6158
vn 0.4276 0.8899 -0.1588
vn 0.1426 0.9754 -0.1683
vn 0.0738 0.9897 -0.1228
vn 0.3519 0.9360 -0.0112
vn 0.2200 0.8999 0.3765
vn 0.1476 0.8970 -0.4167
vn 0.1186 0.9239 -0.3638
vn 0.3912 0.8637 -0.3176
vn 0.6310 0.7067 -0.3200
vn 0.6057 0.7926 0.0700
vn 0.1318 0.8127 -0.5676
vn 0.3673 0.7296 -0.5769
vn 0.5657 0.5652 -0.6004
vn 0.6161 0.4558 -0.6424
vn 0.7381 0.5827 -0.3401
vn 0.2942 0.5075 -0.8099
vn 0.4198 0.3467 -0.8388
vn 0.3765 0.2668 -0.8872
vn 0.2423 0.2572 -0.9355
vn 0.5417 0.4387 -0.7170
vn 0.2051 0.0912 -0.9745
vn 0.0556 0.0524 -0.9971
vn -0.0917 0.0547 -0.9943
vn -0.1297 -0.0172 -0.9914
vn 0.1420 0.1993 -0.9696
vn -0.2255 -0.0698 -0.9717
vn -0.3748 -0.1049 -0.9211
vn -0.3819 -0.2193 -0.8978
vn -0.3333 -0.3530 -0.8743
vn -0.1015 -0.1334 -0.9858
vn -0.6939 -0.3171 -0.6465
vn -0.6144 -0.4032 -0.6782
vn -0.5333 -0.5201 -0.6671
vn -0.5461 -0.5816 -0.6029
vn -0.3538 -0.4469 -0.8216
vn -0.8036 -0.5563 -0.2113
vn -0.7071 -0.6494 -0.2798
vn -0.6956 -0.6577 -0.2890
vn -0.7293 -0.6431 -0.2335
vn -0.6150 -0.6023 -0.5089
vn -0.7217 -0.6126 0.3223
vn -0.7443 -0.6176 0.2544
vn -0.7748 -0.5896 0.2280
vn -0.7904 -0.5474 0.2748
vn -0.7722 -0.6187 -0.1445
vn -0.5374 -0.3407 0.7715
vn -0.5955 -0.3345 0.7304
vn -0.6297 -0.3220 0.7070
vn -0.2552 0.0166 0.9668
vn -0.3257 -0.0136 0.9454
vn 0.0736 0.3139 0.9466
vn 0.0216 0.2939 0.9556
vn -0.0363 0.3125 0.9492
vn -0.1408 0.3701 0.9182
vn 0.3029 0.5316 0.7909
vn 0.2511 0.5684 0.7835
vn 0.1333 0.6420 0.7550
vn -0.0110 0.7734 0.6338
vn -0.3616 0.3933 0.8453
vn -0.9500 -0.1224 0.2872
vn -0.9176 -0.3943 0.0507
vn -0.7389 -0.4807 -0.4722
vn -0.8343 -0.5479 -0.0618
vn -0.6757 -0.5720 -0.4650
vn -0.5304 -0.2768 -0.8013
vn -0.4905 -0.4047 -0.7718
vn -0.4266 -0.4698 -0.7729
vn -0.2025 -0.1174 -0.9722
vn -0.1411 -0.2049 -0.9686
vn -0.0998 -0.2117 -0.9722
vn 0.1824 0.1452 -0.9724
vn 0.1666 0.1049 -0.9804
vn 0.1297 0.1254 -0.9836
vn 0.4325 0.5008 -0.7498
vn 0.3851 0.4763 -0.7904
vn 0.4327 0.4551 -0.7783
vn 0.5515 0.7725 -0.3147
vn 0.6444 0.6830 -0.3438
vn 0.7311 0.5849 -0.3512
vn 0.6462 0.7394 0.1892
vn 0.7472 0.6480 0.1476
vn 0.7380 0.6659 0.1089
vn 0.5509 0.5519 0.6260
vn 0.5312 0.5989 0.5992
vn 0.4231 0.7393 0.5239
vn 0.2469 0.4288 0.8690
vn 0.1793 0.5617 0.8077
vn 0.0404 0.7048 0.7082
vn 0.0111 0.3965 0.9180
vn -0.0928 0.4628 0.8816
vn -0.2034 0.5003 0.8416
vn -0.1878 0.2044 0.9607
vn -0.2711 0.1847 0.9447
vn -0.2299 0.1734 0.9576
vn -0.2950 -0.1278 0.9469
vn -0.3131 -0.2086 0.9265
vn -0.2979 -0.2185 0.9293
vn -0.3124 -0.4873 0.8154
vn -0.4293 -0.5188 0.7393
vn -0.5222 -0.4422 0.7292
vn -0.4529 -0.6712 0.5868
vn -0.6412 -0.5638 0.5205
vn -0.6832 -0.5169 0.5157
vn -0.6929 -0.6384 0.3351
vn -0.7633 -0.5789 0.2868
vn -0.7337 -0.6273 0.2613
vn -0.7878 -0.6134 -0.0556
vn -0.7628 -0.6399 -0.0926
vn -0.7034 -0.7017 -0.1131
vn -0.7033 -0.6707 0.2357
vn -0.6432 -0.7530 -0.1389
vn -0.7008 -0.6940 0.1650
vn -0.6833 -0.7033 -0.1960
vn -0.5685 -0.6804 -0.4626
vn -0.6138 -0.6566 -0.4384
vn -0.7419 -0.5194 -0.4241
vn -0.4984 -0.4777 -0.7235
vn -0.6080 -0.3778 -0.6983
vn -0.3228 -0.2241 -0.9196
vn -0.4132 -0.1494 -0.8983
vn -0.3051 -0.2345 -0.9230
vn -0.1435 0.0674 -0.9874
vn -0.4598 -0.4970 -0.7359
vn -0.5019 -0.4600 -0.7324
vn -0.3343 -0.2225 -0.9158
vn -0.6286 -0.6233 -0.4652
vn -0.7004 -0.5542 -0.4497
vn -0.5749 -0.4053 -0.7108
vn -0.5969 -0.4013 -0.6948
vn -0.4468 -0.2230 -0.8664
vn -0.4023 -0.2047 -0.8923
vn -0.7197 -0.5467 -0.4279
vn -0.6731 -0.6302 -0.3869
vn -0.5678 -0.4468 -0.6914
vn -0.7198 -0.6939 0.0202
vn -0.4938 -0.8650 0.0888
vn -0.5163 -0.7764 -0.3614
vn -0.4565 -0.7872 0.4147
vn -0.2420 -0.8360 0.4925
vn -0.2821 -0.9535 0.1062
vn -0.2611 -0.6603 0.7041
vn -0.2601 -0.5314 0.8062
vn -0.2618 -0.7810 0.5670
vn -0.2789 -0.3466 0.8956
vn -0.3810 -0.2599 0.8873
vn -0.4151 -0.3843 0.8246
vn -0.2988 -0.0816 0.9508
vn -0.1672 0.1867 0.9681
vn -0.2029 0.1241 0.9713
vn 0.0451 0.3042 0.9515
vn 0.0242 0.2109 0.9772
vn -0.2263 0.0506 0.9727
vn 0.2596 0.3592 0.8964
vn 0.2160 0.3848 0.8973
vn -0.0143 0.1691 0.9855
vn 0.4709 0.6153 0.6321
vn 0.3666 0.6967 0.6166
vn 0.1757 0.4718 0.8640
vn 0.5187 0.8266 0.2185
vn 0.5275 0.8190 0.2258
vn 0.4017 0.7076 0.5813
vn 0.5667 0.7806 -0.2637
vn 0.6324 0.7388 -0.2329
vn 0.6151 0.7652 0.1901
vn 0.4892 0.5216 -0.6990
vn 0.4435 0.5656 -0.6953
vn 0.6077 0.7495 -0.2626
vn 0.1352 0.2288 -0.9641
vn 0.0625 0.3430 -0.9372
vn 0.3392 0.6288 -0.6997
vn -0.2610 0.0072 -0.9653
vn -0.0111 0.4731 -0.8810
vn 0.2235 0.7092 -0.6686
vn 0.6153 0.7751 0.1438
vn 0.5051 0.6958 0.5106
vn 0.5032 0.6789 0.5347
vn 0.3210 0.5249 0.7883
vn 0.2421 0.5304 0.8124
vn 0.0488 0.3088 0.9499
vn -0.0125 0.2266 0.9739
vn -0.2144 0.0173 0.9766
vn -0.2137 -0.0240 0.9766
vn -0.2263 -0.0155 0.9739
vn -0.4903 -0.3383 0.8032
vn -0.5103 -0.2707 0.8162
vn -0.7614 -0.5117 0.3981
vn -0.8644 -0.4971 -0.0759
vn -0.4350 -0.6386 0.6348
vn -0.4522 -0.8882 0.0816
vn -0.2822 -0.9544 0.0974
vn -0.2615 -0.8489 -0.4593
vn -0.3287 -0.8587 -0.3931
vn -0.1970 -0.5650 -0.8012
vn -0.3224 -0.5694 -0.7562
vn -0.4741 -0.5174 -0.7124
vn -0.2857 -0.2997 -0.9103
vn -0.4086 -0.2598 -0.8750
vn -0.4585 -0.2413 -0.8553
vn -0.2968 0.0408 -0.9541
vn -0.2722 0.0523 -0.9608
vn -0.2050 0.0603 -0.9769
vn 0.0161 0.4227 -0.9061
vn 0.0322 0.3881 -0.9211
vn -0.0474 0.3418 -0.9386
vn -0.1740 0.0870 -0.9809
vn -0.1196 0.2627 -0.9574
vn -0.1518 0.0891 -0.9844
vn -0.1523 0.1558 -0.9760
vn 0.2253 0.6800 -0.6977
vn 0.1771 0.6933 -0.6985
vn 0.3123 0.7789 -0.5439
vn 0.2784 0.7975 -0.5353
vn -0.0671 0.4316 -0.8996
vn -0.0871 0.3865 -0.9182
vn 0.0529 0.6769 -0.7342
vn -0.2169 -0.0008 -0.9762
vn -0.0645 -0.0603 -0.9961
vn 0.0293 0.3051 -0.9519
vn -0.1379 -0.3346 -0.9322
vn 0.0535 -0.1028 -0.9933
vn 0.0025 -0.1077 -0.9942
vn 0.1822 0.2011 -0.9625
vn 0.1034 0.6203 -0.7775
vn 0.1236 0.8105 -0.5726
vn 0.3848 0.8265 -0.4110
vn 0.4399 0.8974 -0.0349
vn 0.3117 0.8974 -0.3123
vn -0.1997 0.0480 0.9787
vn -0.4883 -0.1225 0.8640
vn -0.2489 -0.0665 0.9662
vn 0.0369 -0.0097 0.9993
vn 0.0657 0.1336 0.9889
vn 0.3734 0.1530 0.9149
vn 0.5638 0.2085 0.7991
vn 0.5263 0.2178 0.8219
vn 0.5508 0.0613 0.8324
vn 0.6313 -0.1827 0.7537
vn 0.2437 -0.2518 0.9366
vn 0.6942 -0.3749 0.6144
vn 0.2940 -0.5122 0.8070
vn -0.1516 -0.5172 0.8423
vn -0.1025 -0.2132 0.9716
vn 0.3116 -0.6439 0.6988
vn -0.1715 -0.6540 0.7368
vn -0.4973 -0.5462 0.6741
vn -0.1812 -0.6456 0.7418
vn -0.5271 -0.5125 0.6778
vn -0.6734 -0.4069 0.6173
vn -0.6788 -0.4367 0.5904
vn -0.7967 -0.2986 0.5255
vn -0.8617 -0.2876 0.4179
vn -0.9510 -0.0778 0.2993
vn -0.9855 -0.0621 0.1580
vn -0.9946 0.0508 0.0906
vn -0.9793 0.1901 -0.0690
vn -0.9830 0.1619 -0.0867
vn -0.9111 0.3825 -0.1536
vn -0.9648 0.2304 -0.1268
vn -0.9680 0.2091 -0.1385
vn -0.9743 0.2250 -0.0123
vn -0.8559 0.4640 -0.2284
vn -0.9667 0.2427 0.0815
vn -0.8448 0.4782 -0.2402
vn -0.6317 0.6210 -0.4640
vn -0.8387 0.5207 -0.1594
vn -0.6125 0.6357 -0.4698
vn -0.2919 0.6636 -0.6888
vn -0.3736 0.7141 -0.5920
vn 0.0113 0.6428 -0.7660
vn -0.1107 0.7628 -0.6371
vn 0.1837 0.7455 -0.6407
vn 0.1021 0.9506 -0.2932
vn 0.5194 0.6130 -0.5953
vn 0.8112 0.3485 -0.4697
vn 0.8528 -0.0906 -0.5144
vn 0.9589 0.0492 -0.2795
vn 0.8524 -0.4077 -0.3274
vn 0.9730 -0.2229 -0.0595
vn 0.9932 -0.0773 0.0875
vn 0.9864 -0.0212 0.1629
vn 0.8614 -0.4706 0.1911
vn 0.8959 -0.3335 0.2937
vn 0.9045 -0.2715 0.3290
vn 0.6745 -0.5378 0.5058
vn 0.6985 -0.4843 0.5269
vn 0.2997 -0.6642 0.6849
vn 0.6092 -0.6453 0.4610
vn 0.2383 -0.6861 0.6874
vn -0.1713 -0.5972 0.7836
vn -0.4907 -0.4551 0.7430
vn -0.5769 -0.3608 0.7328
vn -0.6495 -0.3594 0.6701
vn -0.7148 -0.2478 0.6540
vn -0.7472 -0.2796 0.6030
vn -0.8750 -0.0082 0.4841
vn -0.9060 -0.0678 0.4178
vn -0.9362 0.3059 0.1730
vn -0.8535 0.0672 0.5168
vn -0.9139 0.3485 0.2082
vn -0.8351 0.5377 -0.1161
vn -0.9293 0.3034 0.2104
vn -0.8598 0.4959 -0.1221
vn -0.5608 0.6706 -0.4856
vn -0.5982 0.6576 -0.4579
vn -0.0768 0.7070 -0.7030
vn -0.2071 0.6704 -0.7125
vn 0.2919 0.6341 -0.7160
vn 0.1545 0.6081 -0.7787
vn 0.0200 0.6888 -0.7247
vn 0.3759 0.6029 -0.7037
vn 0.5659 0.5348 -0.6274
vn 0.3938 0.4432 -0.8053
vn 0.6012 0.3550 -0.7160
vn 0.3584 0.1754 -0.9169
vn 0.5678 0.0828 -0.8190
vn 0.8110 -0.0503 -0.5829
vn 0.5036 -0.1535 -0.8502
vn 0.7561 -0.2602 -0.6005
vn 0.9343 -0.3327 -0.1280
vn 0.9711 -0.2129 -0.1074
vn 0.8766 -0.2982 0.3777
vn 0.8575 -0.3048 0.4144
vn 0.6156 -0.1717 0.7691
vn 0.5188 -0.2968 0.8017
vn 0.2297 0.0045 0.9733
vn 0.0832 -0.2020 0.9758
vn -0.0647 -0.4093 0.9101
vn -0.1563 -0.4318 0.8883
vn -0.3493 -0.0357 0.9363
vn -0.4621 -0.2867 0.8392
vn -0.4687 -0.3538 0.8095
vn -0.4505 -0.3408 0.8252
vn -0.7452 -0.1033 0.6588
vn -0.7229 -0.1792 0.6673
vn -0.6779 -0.1641 0.7166
vn -0.6827 -0.1889 0.7059
vn -0.4901 -0.3548 0.7962
vn -0.8816 0.0211 0.4715
vn -0.8565 0.0724 0.5110
vn -0.9507 0.2288 0.2091
vn -0.8853 0.0748 0.4590
vn -0.9397 0.2576 0.2251
vn -0.8804 0.4583 -0.1218
vn -0.8805 0.4557 -0.1308
vn -0.5400 0.6097 -0.5802
vn -0.5249 0.6695 -0.5256
vn 0.0291 0.5581 -0.8292
vn -0.5959 0.5080 -0.6220
vn -0.0137 0.3208 -0.9471
vn -0.6302 0.4267 -0.6487
vn -0.0367 0.0980 -0.9945
vn 0.3055 -0.0684 -0.9497
vn -0.0118 0.0529 -0.9985
vn 0.2807 -0.1565 -0.9470
vn 0.4783 -0.2758 -0.8338
vn 0.2976 -0.0886 -0.9506
vn 0.5282 -0.2865 -0.7993
vn 0.7427 -0.4499 -0.4960
vn 0.7220 -0.3933 -0.5693
vn 0.8486 -0.5244 -0.0702
vn 0.8873 -0.4448 -0.1219
vn 0.7866 -0.4860 0.3807
vn 0.8487 -0.3797 0.3680
vn 0.5806 -0.3505 0.7349
vn 0.6306 -0.2243 0.7430
vn 0.2543 -0.1224 0.9593
vn 0.2817 -0.0091 0.9594
vn -0.1939 0.1992 0.9606
vn -0.1727 0.2612 0.9497
vn -0.2097 0.2121 0.9545
vn -0.5608 0.4829 0.6725
vn -0.5835 0.4002 0.7067
vn -0.6833 0.1500 0.7146
vn -0.7631 0.5013 0.4078
vn -0.8393 0.2957 0.4563
vn -0.8201 0.5422 0.1828
vn -0.8853 0.4109 0.2175
vn -0.8350 0.5464 -0.0657
vn -0.8578 0.5040 -0.1009
vn -0.7836 0.5958 0.1761
vn -0.7981 0.6013 -0.0391
vn -0.5868 0.4632 -0.6642
vn -0.7362 0.6708 -0.0892
vn -0.4824 0.5603 -0.6733
vn 0.0198 0.1669 -0.9858
vn -0.3603 0.6299 -0.6880
vn 0.0527 0.3156 -0.9474
vn 0.3505 0.0321 -0.9360
vn 0.6045 -0.2267 -0.7636
vn 0.7878 -0.4371 -0.4340
vn 0.8382 -0.5447 -0.0247
vn 0.7678 -0.5221 0.3713
vn 0.7525 -0.5352 0.3838
vn 0.5603 -0.3996 0.7255
vn 0.5458 -0.4156 0.7276
vn 0.2379 -0.1505 0.9595
vn 0.2218 -0.1793 0.9585
vn -0.1974 0.1596 0.9672
vn -0.5457 0.4610 0.6997
vn -0.5714 0.4705 0.6724
vn -0.6999 0.6181 0.3580
vn -0.7254 0.5895 0.3553
vn -0.7320 0.5727 0.3689
vn -0.7567 0.6365 0.1495
vn -0.7198 0.6895 0.0803
vn -0.6438 0.7315 -0.2246
vn -0.6342 0.7731 0.0077
vn -0.5019 0.7767 -0.3805
vn -0.4144 0.8985 -0.1451
vn -0.2454 0.8015 -0.5453
vn 0.3808 0.6611 -0.6465
vn 0.9569 0.0845 -0.2777
vn 0.8761 -0.4220 0.2331
vn 0.4241 -0.8198 0.3847
vn 0.7201 -0.6937 -0.0139
vn 0.5243 -0.8391 -0.1452
vn 0.2276 -0.8920 0.3905
vn 0.4428 -0.8855 -0.1409
vn 0.1969 -0.8756 0.4411
vn 0.4573 -0.8775 -0.1446
vn 0.2441 -0.8667 0.4350
vn 0.0519 -0.6539 0.7548
vn 0.2655 -0.8864 0.3793
vn 0.0496 -0.6767 0.7346
vn -0.1318 -0.2689 0.9541
vn -0.0698 -0.3332 0.9403
vn -0.2450 0.2649 0.9326
vn -0.2708 -0.1960 0.9425
vn -0.4187 0.2997 0.8573
vn -0.4603 0.6141 0.6411
vn -0.2712 0.6463 0.7133
vn -0.4137 0.8713 0.2639
vn -0.2560 0.9191 0.2995
vn -0.2284 0.9295 -0.2895
vn -0.1419 0.9373 -0.3183
vn 0.1021 0.5917 -0.7997
vn 0.0812 0.5931 -0.8010
vn 0.2086 0.5997 -0.7726
vn 0.2999 0.1488 -0.9423
vn 0.3352 0.2226 -0.9155
vn 0.4330 -0.1404 -0.8904
vn 0.4322 -0.1002 -0.8962
vn 0.5163 -0.0990 -0.8507
vn 0.6739 -0.1220 -0.7287
vn 0.5101 -0.5069 -0.6949
vn 0.5407 -0.5164 -0.6641
vn 0.6600 -0.4972 -0.5633
vn 0.5298 -0.4779 -0.7007
vn 0.4905 -0.8490 -0.1967
vn 0.5862 -0.4442 -0.6775
vn 0.5365 -0.8024 -0.2615
vn 0.2770 -0.9088 0.3120
vn 0.5840 -0.7575 -0.2918
vn 0.2726 -0.9255 0.2629
vn -0.1436 -0.6719 0.7266
vn -0.0169 -0.6778 0.7351
vn -0.4460 -0.1774 0.8773
vn -0.2808 -0.6979 0.6588
vn -0.5929 -0.2393 0.7689
vn -0.7057 0.1697 0.6879
vn -0.5792 0.2456 0.7773
vn -0.6603 0.5838 0.4725
vn -0.5876 0.5880 0.5559
vn -0.4442 0.8827 0.1533
vn -0.4582 0.8657 0.2017
vn -0.1363 0.9728 -0.1872
vn -0.2043 0.9476 -0.2457
vn 0.3196 0.7373 -0.5952
vn 0.2090 0.6480 -0.7324
vn 0.6668 0.0722 -0.7417
vn 0.5391 0.0219 -0.8419
vn 0.3945 0.0582 -0.9170
vn 0.6255 -0.2787 -0.7287
vn 0.5197 -0.2115 -0.8278
vn 0.6540 -0.4291 -0.6230
vn 0.7056 -0.3184 -0.6330
vn 0.7071 -0.4487 -0.5465
vn 0.6058 -0.7469 -0.2740
vn 0.7131 -0.5062 -0.4849
vn 0.5766 -0.7820 -0.2366
vn 0.1720 -0.9637 0.2042
vn 0.2320 -0.9459 0.2266
vn -0.3505 -0.7385 0.5760
vn 0.1492 -0.9619 0.2293
vn -0.3164 -0.7570 0.5716
vn -0.6359 -0.3549 0.6853
vn -0.6631 -0.3129 0.6800
vn -0.7732 0.0931 0.6272
vn -0.7743 0.1170 0.6219
vn -0.7258 0.5455 0.4192
vn -0.7053 0.5690 0.4227
vn -0.4758 0.8749 0.0902
vn -0.4442 0.8881 0.1187
vn -0.0924 0.9647 -0.2467
vn -0.0882 0.9802 -0.1773
vn 0.3034 0.8106 -0.5010
vn 0.3538 0.8014 -0.4823
vn 0.6603 0.3271 -0.6761
vn 0.7251 0.1816 -0.6642
vn 0.7430 -0.2432 -0.6235
vn 0.7471 -0.3166 -0.5845
vn 0.6790 -0.5674 -0.4659
vn 0.7342 -0.1261 -0.6671
vn 0.7115 -0.5675 -0.4144
vn 0.5380 -0.8405 -0.0638
vn 0.5191 -0.8338 -0.1879
vn 0.2120 -0.9167 0.3388
vn 0.6435 -0.7599 0.0922
vn 0.3386 -0.8104 0.4781
vn -0.0614 -0.6405 0.7655
vn -0.1989 -0.7298 0.6541
vn -0.4281 -0.2991 0.8528
vn -0.5373 -0.3544 0.7653
vn -0.6717 0.1206 0.7309
vn -0.7250 0.0943 0.6822
vn -0.7362 0.5304 0.4204
vn -0.7269 0.5346 0.4310
vn -0.5846 0.8113 -0.0054
vn -0.5240 0.8499 0.0563
vn -0.2347 0.8657 -0.4422
vn -0.1479 0.9255 -0.3486
vn 0.1529 0.6918 -0.7057
vn 0.2260 0.7621 -0.6068
vn 0.4815 0.3966 -0.7815
vn 0.5452 0.4089 -0.7319
vn 0.7446 -0.0460 -0.6660
vn 0.4406 0.3523 -0.8257
vn 0.7281 -0.0187 -0.6852
vn 0.8531 -0.4389 -0.2821
vn 0.8040 -0.4983 -0.3245
vn 0.7218 -0.6670 0.1846
vn 0.8599 -0.4163 -0.2954
vn 0.7396 -0.6365 0.2187
vn 0.4656 -0.6401 0.6111
vn 0.4432 -0.6945 0.5668
vn 0.0858 -0.4761 0.8752
vn 0.0414 -0.5354 0.8436
vn -0.3038 -0.1874 0.9341
vn -0.3511 -0.2262 0.9086
vn -0.6129 0.1680 0.7721
vn -0.6358 0.1514 0.7569
vn -0.7560 0.5252 0.3906
vn -0.7515 0.5245 0.4001
vn -0.6577 0.7467 -0.0996
vn -0.6348 0.7695 -0.0698
vn -0.3440 0.7590 -0.5528
vn -0.3061 0.8011 -0.5143
vn 0.0656 0.5718 -0.8178
vn 0.1010 0.6232 -0.7755
vn 0.4007 0.3149 -0.8604
vn 0.0477 0.5778 -0.8148
vn 0.4075 0.3126 -0.8580
vn 0.6935 0.0190 -0.7202
vn 0.6938 -0.0134 -0.7200
vn 0.8804 -0.3487 -0.3214
vn 0.7509 0.0633 -0.6574
vn 0.9329 -0.2361 -0.2721
vn 0.7757 -0.5857 0.2352
vn 0.4780 -0.5845 0.6556
vn 0.1067 -0.4203 0.9011
vn -0.2382 -0.0305 0.9707
vn -0.2677 -0.1413 0.9531
vn -0.5326 0.3046 0.7897
vn -0.5783 0.2093 0.7885
vn -0.6674 0.5853 0.4604
vn -0.7329 0.5424 0.4107
vn -0.6526 0.7528 -0.0863
vn -0.3546 0.7613 -0.5428
vn -0.3595 0.5099 0.7816
vn 0.6755 0.6691 0.3099
vn 0.8720 0.1379 -0.4697
vn 0.4687 0.3395 -0.8155
vn -0.2718 -0.2024 0.9408
vn 0.0194 -0.1790 0.9837
vn -0.2564 -0.3553 0.8989
vn 0.0250 -0.3655 0.9305
vn -0.2340 -0.4526 0.8604
vn -0.5309 -0.3121 0.7879
vn -0.5418 -0.3818 0.7487
vn -0.5624 -0.3890 0.7296
vn -0.7898 -0.2829 0.5442
vn -0.8067 -0.2746 0.5232
vn -0.8150 -0.2132 0.5388
vn -0.9456 -0.1380 0.2944
vn -0.9384 -0.1016 0.3302
vn -0.9263 -0.0602 0.3720
vn -0.9953 0.0378 0.0890
vn -0.9919 0.0354 0.1221
vn -0.9908 0.0095 0.1351
vn -0.9711 0.1355 -0.1966
vn -0.9711 0.0422 -0.2347
vn -0.9516 -0.0540 -0.3024
vn -0.7923 0.0324 -0.6092
vn -0.6812 -0.1289 -0.7207
vn -0.5581 -0.1619 -0.8138
vn -0.5350 -0.1833 -0.8247
vn -0.4999 -0.2120 -0.8397
vn -0.6232 -0.1817 -0.7607
vn -0.6727 -0.2161 -0.7076
vn -0.4634 -0.0806 -0.8825
vn -0.5130 -0.1421 -0.8465
vn -0.0851 0.0460 -0.9953
vn -0.0935 -0.0179 -0.9955
vn -0.1230 -0.0494 -0.9912
vn 0.1467 0.0480 -0.9880
vn 0.1566 0.0074 -0.9876
vn 0.1524 -0.0002 -0.9883
vn -0.1672 -0.0570 -0.9843
vn 0.1205 -0.0303 -0.9922
vn -0.2239 -0.0751 -0.9717
vn 0.0745 -0.1254 -0.9893
vn 0.4240 0.0171 -0.9055
vn 0.4072 -0.0946 -0.9084
vn 0.3668 -0.2033 -0.9078
vn 0.7094 -0.0834 -0.6999
vn 0.6987 -0.2100 -0.6839
vn 0.7081 -0.2442 -0.6626
vn 0.9408 -0.2269 -0.2518
vn 0.9480 -0.2429 -0.2059
vn 0.9680 -0.1636 -0.1903
vn 0.9766 -0.2146 0.0169
vn 0.9861 -0.1660 0.0106
vn 0.9982 -0.0527 0.0301
vn 0.9812 -0.1808 0.0682
vn 0.9918 -0.0840 0.0966
vn 0.6651 -0.7457 0.0385
vn 0.6681 -0.7440 0.0053
vn 0.9521 -0.1071 0.2865
vn 0.6516 -0.7398 0.1678
vn 0.1700 -0.9727 -0.1577
vn -0.5619 -0.6612 -0.4971
vn -0.4934 -0.5529 -0.6714
vn 0.1062 -0.9885 -0.1077
vn -0.0164 -0.9954 -0.0944
vn -0.0987 -0.9917 -0.0825
vn -0.1442 -0.7081 -0.6912
vn -0.2104 0.1111 -0.9713
vn -0.0337 -0.6788 -0.7336
vn -0.4095 -0.6854 -0.6022
vn -0.5534 0.0839 -0.8287
vn -0.6259 0.1104 -0.7720
vn -0.6364 -0.6596 -0.3999
vn -0.8639 0.1240 -0.4882
vn -0.9036 0.2058 -0.3757
vn -0.8564 0.2090 -0.4721
vn -0.8821 0.2351 -0.4082
vn -0.6984 0.2053 -0.6856
vn -0.6673 0.1708 -0.7250
vn -0.8054 0.1164 -0.5811
vn -0.6596 0.1095 -0.7436
vn -0.5407 -0.0145 -0.8411
vn -0.9499 0.0820 -0.3017
vn -0.8857 -0.0110 -0.4640
vn -0.8073 -0.1667 -0.5661
vn -0.9819 0.0266 0.1875
vn -0.9909 -0.0635 0.1186
vn -0.9967 -0.0681 0.0443
vn -0.7853 0.0263 0.6185
vn -0.8099 0.0688 0.5826
vn -0.8237 0.1983 0.5312
vn -0.5571 0.1300 0.8202
vn -0.5813 0.2115 0.7857
vn -0.6405 0.2234 0.7348
vn -0.4881 0.1505 0.8597
vn -0.5555 0.1282 0.8216
vn -0.6261 0.0610 0.7774
vn -0.2873 0.1300 0.9490
vn -0.2832 0.1235 0.9511
vn -0.2802 0.1112 0.9535
vn -0.0306 0.2180 0.9755
vn 0.0226 0.1985 0.9798
vn 0.0487 0.1973 0.9791
vn 0.1235 0.2865 0.9501
vn 0.2110 0.2685 0.9399
vn 0.2833 0.1600 0.9456
vn 0.4249 0.3759 0.8235
vn 0.4976 0.2046 0.8429
vn 0.5628 -0.0722 0.8234
vn 0.7066 0.2396 0.6658
vn 0.7506 0.0003 0.6607
vn 0.7983 -0.1394 0.5859
vn 0.8856 0.0647 0.4599
vn 0.8837 -0.0573 0.4644
vn 0.8902 -0.0896 0.4468
vn 0.9726 0.0020 0.2326
vn 0.9555 -0.0589 0.2892
vn 0.9937 0.0851 -0.0729
vn 0.9974 -0.0156 -0.0702
vn 0.9006 0.1967 -0.3875
vn 0.8966 0.0756 -0.4363
vn 0.8620 -0.1422 -0.4865
vn 0.7271 -0.4975 -0.4731
vn 0.6951 0.1858 -0.6945
vn 0.6405 -0.0554 -0.7660
vn 0.4606 -0.4331 -0.7748
vn 0.1971 -0.7037 -0.6826
vn 0.5028 -0.7864 -0.3588
vn 0.4199 0.0253 -0.9072
vn 0.2263 -0.3168 -0.9211
vn -0.0380 -0.5203 -0.8531
vn -0.2247 -0.5585 -0.7985
vn 0.0076 -0.8079 -0.5893
vn -0.0523 -0.8449 -0.5324
vn 0.2081 -0.9672 -0.1459
vn 0.3170 -0.9213 -0.2252
vn -0.2724 -0.5509 -0.7889
vn -0.1785 -0.5474 -0.8176
vn 0.0201 -0.8568 -0.5153
vn -0.2870 -0.2405 -0.9273
vn -0.1782 -0.2168 -0.9598
vn -0.0165 -0.5361 -0.8440
vn -0.2355 -0.0905 -0.9677
vn -0.1968 -0.1109 -0.9742
vn -0.0922 -0.2365 -0.9672
vn -0.2575 -0.0229 -0.9660
vn -0.2500 -0.0218 -0.9680
vn -0.2600 0.0272 -0.9652
vn -0.1586 -0.1325 -0.9784
vn -0.2817 0.1533 -0.9472
vn -0.3076 0.1758 -0.9352
vn -0.3227 0.2512 -0.9126
vn -0.3840 0.3807 -0.8412
vn -0.3111 0.1693 -0.9352
vn -0.3471 0.4613 -0.8165
vn -0.3687 0.5197 -0.7707
vn -0.4255 0.5584 -0.7122
vn -0.6161 0.4636 -0.6368
vn -0.5891 0.3695 -0.7186
vn -0.4029 0.7426 -0.5350
vn -0.4920 0.6938 -0.5259
vn -0.6642 0.5362 -0.5209
vn -0.8595 0.2468 -0.4476
vn -0.8286 0.1990 -0.5232
vn -0.5714 0.7802 -0.2545
vn -0.7442 0.5860 -0.3206
vn -0.9013 0.2922 -0.3197
vn -0.9768 0.0507 -0.2080
vn -0.9478 -0.0123 -0.3187
vn -0.8029 0.5961 -0.0036
vn -0.9409 0.3342 -0.0552
vn -0.9881 0.1517 0.0264
vn -0.9676 0.1921 0.1640
vn -0.9940 0.0498 -0.0975
vn -0.8425 0.3671 0.3941
vn -0.8404 0.2858 0.4605
vn -0.7427 0.3659 0.5609
vn -0.6056 0.4479 0.6577
vn -0.9005 0.3452 0.2646
vn -0.4005 0.3428 0.8498
vn -0.2831 0.4315 0.8566
vn 0.1326 0.2725 0.9530
vn 0.2006 0.3550 0.9131
vn -0.4534 0.3312 0.8275
vn -0.7246 0.5526 0.4118
vn -0.6048 0.7910 0.0923
vn -0.4201 0.8793 -0.2246
vn -0.3430 0.7416 -0.5766
vn -0.2897 0.4303 -0.8549
vn 0.5298 -0.8356 0.1450
vn 0.4678 0.2645 -0.8434
vn 0.1296 0.3224 -0.9377
vn 0.4440 0.3452 -0.8268
vn 0.0971 0.3804 -0.9197
vn -0.2439 0.4081 -0.8797
vn 0.1091 0.2899 -0.9508
vn -0.1763 0.2908 -0.9404
vn -0.3863 0.2737 -0.8808
vn -0.3979 0.4369 -0.8067
vn -0.5274 0.2407 -0.8148
vn -0.4889 0.4521 -0.7461
vn -0.6709 0.2207 -0.7079
vn -0.6394 0.4232 -0.6419
vn -0.8407 0.1988 -0.5037
vn -0.8276 0.3282 -0.4554
vn -0.9652 0.1853 -0.1847
vn -0.9502 0.2194 -0.2215
vn -0.9987 0.0287 0.0424
vn -0.9987 0.0466 -0.0184
vn -0.9482 -0.1462 0.2821
vn -0.9527 -0.1128 0.2822
vn -0.7712 -0.2400 0.5896
vn -0.7593 -0.1868 0.6234
vn -0.5209 -0.2083 0.8278
vn -0.6126 -0.0156 -0.7902
vn -0.5750 -0.0166 -0.8180
vn -0.4228 0.0656 -0.9038
vn -0.1122 0.1457 -0.9830
vn 0.1383 0.1815 -0.9736
vn 0.1455 0.1111 -0.9831
vn 0.3327 0.2341 -0.9135
vn 0.3059 0.1719 -0.9364
vn 0.3324 0.0922 -0.9386
vn 0.6081 0.2818 -0.7422
vn 0.6441 0.1924 -0.7404
vn 0.6707 0.1235 -0.7314
vn 0.3879 0.0393 -0.9209
vn 0.6785 0.1018 -0.7275
vn 0.4200 0.0442 -0.9064
vn 0.6979 0.0379 -0.7152
vn 0.8843 0.1754 -0.4328
vn 0.9226 0.0299 -0.3845
vn 0.9406 -0.1203 -0.3175
vn 0.9985 0.0446 0.0315
vn 0.9909 -0.1289 0.0390
vn 0.9765 -0.2131 0.0337
vn 0.9735 -0.0445 0.2244
vn 0.9801 -0.1472 0.1331
vn 0.9790 -0.1895 0.0750
vn 0.9478 -0.0536 0.3142
vn 0.9448 -0.1526 0.2901
vn 0.9422 -0.1862 0.2785
vn 0.7689 -0.0949 0.6323
vn 0.7789 -0.1509 0.6087
vn 0.8042 -0.0959 0.5866
vn 0.4372 -0.0614 0.8972
vn 0.5095 -0.0326 0.8599
vn 0.3269 -0.6972 0.6380
vn 0.5426 -0.7360 0.4049
vn 0.1278 0.0597 0.9900
vn 0.0396 -0.6195 0.7840
vn 0.1859 -0.9810 -0.0556
vn -0.6348 -0.7647 -0.1112
vn 0.1139 -0.9933 -0.0187
vn -0.0149 -0.9996 -0.0237
vn -0.1011 -0.9941 -0.0389
vn -0.6112 -0.6299 -0.4792
vn 0.2026 -0.9791 0.0196
vn -0.5902 -0.7557 0.2838
vn 0.1105 -0.9908 0.0781
vn -0.0264 -0.9970 0.0733
vn -0.9912 0.0211 -0.1303
vn -0.9382 -0.0125 0.3458
vn -0.9616 0.0485 0.2703
vn -0.7428 0.0034 0.6695
vn -0.7447 0.0359 0.6664
vn -0.7608 0.0496 0.6470
vn -0.5466 0.0442 0.8363
vn -0.5426 0.0576 0.8380
vn -0.5474 0.0743 0.8336
vn -0.4145 0.0487 0.9088
vn -0.4339 0.0812 0.8973
vn -0.4501 0.1235 0.8844
vn -0.2382 0.0707 0.9686
vn -0.2610 0.1072 0.9594
vn -0.2771 0.1186 0.9535
vn -0.0664 0.0975 0.9930
vn -0.0699 0.1258 0.9896
vn -0.0657 0.1867 0.9802
vn 0.0878 0.1584 0.9835
vn 0.0779 0.2437 0.9667
vn 0.0725 0.2929 0.9534
vn 0.4205 0.3192 0.8493
vn 0.3904 0.4013 0.8285
vn 0.3786 0.4265 0.8215
vn 0.6907 0.4402 0.5738
vn 0.6516 0.4943 0.5755
vn 0.6607 0.4317 0.6140
vn 0.7800 0.4893 0.3900
vn 0.8009 0.4297 0.4170
vn 0.8516 0.2668 0.4512
vn 0.8700 0.4278 0.2449
vn 0.9220 0.3021 0.2422
vn 0.9662 0.1339 0.2204
vn 0.9378 0.3473 -0.0040
vn 0.9748 0.2201 -0.0373
vn 0.8584 0.3715 -0.3536
vn 0.8825 0.3070 -0.3562
vn 0.6173 0.3262 -0.7160
vn 0.6600 0.3373 -0.6712
vn 0.6970 0.2939 -0.6540
vn 0.3887 0.3061 -0.8690
vn 0.8490 0.3734 -0.3738
vn 0.9077 0.4195 -0.0147
vn 0.8990 0.4357 -0.0436
vn 0.8551 0.3204 -0.4076
vn 0.9231 0.3830 -0.0354
vn 0.8614 0.2600 -0.4364
vn 0.9707 0.2403 0.0007
vn 0.8659 0.4212 0.2699
vn 0.9120 0.2726 0.3065
vn 0.9492 0.1077 0.2958
vn 0.8596 0.3031 0.4114
vn 0.9041 0.1783 0.3884
vn 0.9353 0.0624 0.3484
vn 0.7721 0.2304 0.5923
vn 0.7841 0.1239 0.6082
vn 0.7771 0.0121 0.6293
vn 0.4166 0.1293 0.8999
vn 0.4025 0.0571 0.9136
vn 0.4013 -0.0154 0.9158
vn 0.0633 0.0749 0.9952
vn 0.0505 0.0344 0.9981
vn 0.0648 0.0273 0.9975
vn -0.0926 0.0314 0.9952
vn -0.1176 0.0473 0.9919
vn -0.1235 0.1055 0.9867
vn -0.2085 0.0388 0.9772
vn -0.2116 0.1001 0.9722
vn -0.1784 -0.5817 0.7936
vn -0.1588 -0.5825 0.7971
vn -0.3786 0.0792 0.9222
vn -0.2262 -0.5820 0.7811
vn -0.1172 -0.9925 0.0346
vn -0.3146 -0.6548 0.6872
vn -0.3996 -0.7444 0.5349
vn -0.5684 0.0422 0.8217
vn -0.3914 0.0464 0.9191
vn -0.2206 0.0293 0.9749
vn -0.0713 0.0684 0.9951
vn 0.0775 0.1061 0.9913
vn 0.4312 0.2179 0.8755
vn 0.7392 0.3373 0.5830
vn 0.8103 0.4276 0.4007
vn 0.8429 0.4808 0.2415
vn 0.3185 -0.3223 -0.8915
vn 0.6277 -0.3059 -0.7158
vn 0.2664 -0.2576 -0.9288
vn 0.6303 -0.2464 -0.7362
vn 0.2363 -0.1399 -0.9615
vn 0.6221 -0.1110 -0.7750
vn 0.8555 -0.0663 -0.5135
vn 0.5948 0.0086 -0.8039
vn 0.8258 0.0716 -0.5594
vn 0.9302 0.1149 -0.3486
vn 0.7846 0.1994 -0.5870
vn 0.8895 0.2569 -0.3780
vn 0.9379 0.3025 -0.1695
vn 0.8399 0.3744 -0.3929
vn 0.8861 0.4262 -0.1825
vn 0.8857 0.4566 0.0839
vn 0.8193 0.5448 -0.1788
vn 0.8049 0.5910 0.0539
vn 0.7394 0.5769 0.3471
vn 0.7907 0.4372 0.4285
vn 0.5674 0.4670 0.6782
vn 0.5782 0.3530 0.7356
vn 0.2934 0.2957 0.9091
vn 0.3170 0.2490 0.9152
vn 0.0025 0.1428 0.9897
vn 0.0321 0.1444 0.9890
vn -0.2694 0.0158 0.9629
vn -0.2593 0.0266 0.9654
vn -0.5087 -0.0955 0.8556
vn -0.5061 -0.1015 0.8565
vn -0.7014 -0.1945 0.6857
vn -0.6953 -0.2352 0.6792
vn -0.8491 -0.2917 0.4403
vn -0.8242 -0.3583 0.4386
vn -0.9195 -0.3814 0.0953
vn -0.8854 -0.4531 0.1037
vn -0.9304 -0.3603 0.0673
vn -0.8206 -0.4765 -0.3155
vn -0.8707 -0.3879 -0.3022
vn -0.9383 -0.1876 -0.2905
vn -0.7061 -0.3353 -0.6237
vn -0.7888 -0.1753 -0.5891
vn -0.8338 -0.0811 -0.5461
vn -0.5815 -0.1402 -0.8014
vn -0.6082 -0.0823 -0.7895
vn -0.3760 -0.1183 -0.9190
vn -0.3544 -0.1016 -0.9295
vn -0.3325 -0.1728 -0.9271
vn -0.1098 -0.1289 -0.9856
vn -0.0566 -0.2187 -0.9742
vn 0.0046 -0.2857 -0.9583
vn -0.1563 -0.1078 -0.9818
vn 0.2041 -0.0658 -0.9767
vn -0.1819 -0.1426 -0.9729
vn 0.1722 -0.0348 -0.9845
vn 0.5582 0.1028 -0.8233
vn 0.1680 -0.0369 -0.9851
vn 0.5335 0.1656 -0.8294
vn 0.7433 0.2986 -0.5986
vn 0.5578 0.1635 -0.8137
vn 0.7316 0.3444 -0.5883
vn 0.7990 0.4587 -0.3888
vn 0.7627 0.3609 -0.5366
vn 0.7900 0.5093 -0.3413
vn 0.7686 0.6224 -0.1480
vn 0.8286 0.5057 -0.2402
vn 0.7903 0.6092 -0.0664
vn 0.7427 0.6666 0.0633
vn 0.7261 0.6866 0.0367
vn 0.7044 0.6814 0.1987
vn 0.6748 0.6947 0.2489
vn 0.5989 0.6449 0.4748
vn 0.5408 0.6154 0.5734
vn 0.3115 0.4774 0.8216
vn 0.2604 0.4107 0.8738
vn -0.0599 0.2269 0.9721
vn -0.0524 0.1958 0.9792
vn -0.3567 0.0297 0.9337
vn -0.3172 0.0389 0.9476
vn -0.5828 -0.1127 0.8048
vn -0.5483 -0.0793 0.8325
vn -0.7590 -0.2264 0.6104
vn -0.7400 -0.1690 0.6510
vn -0.8743 -0.3194 0.3656
vn -0.8816 -0.2470 0.4021
vn -0.9102 -0.4056 0.0833
vn -0.9409 -0.3296 0.0779
vn -0.8420 -0.4929 -0.2191
vn -0.8634 -0.4118 -0.2916
vn -0.8418 -0.4333 -0.3220
vn -0.6562 -0.4634 -0.5956
vn -0.6232 -0.4226 -0.6580
vn -0.6315 -0.4090 -0.6587
vn -0.4369 -0.3945 -0.8084
vn -0.4587 -0.3251 -0.8270
vn -0.5210 -0.2511 -0.8158
vn -0.3478 -0.2757 -0.8961
vn -0.3716 -0.1940 -0.9079
vn -0.1729 -0.2029 -0.9638
vn -0.3212 -0.3735 -0.8702
vn -0.1273 -0.2938 -0.9473
vn 0.2180 -0.0936 -0.9715
vn -0.0674 -0.3799 -0.9226
vn 0.2898 -0.1605 -0.9435
vn 0.6160 0.1319 -0.7766
vn 0.3507 -0.1900 -0.9170
vn 0.6600 0.1087 -0.7433
vn 0.8091 0.3503 -0.4719
vn 0.6598 0.1044 -0.7441
vn 0.8303 0.2964 -0.4720
vn 0.8913 0.4158 -0.1810
vn 0.8121 0.1953 -0.5499
vn 0.9436 0.2424 -0.2255
vn 0.9642 0.2578 0.0627
vn 0.8752 0.4829 0.0295
vn 0.9394 0.2753 0.2042
vn 0.8417 0.5233 0.1328
vn 0.9162 0.3014 0.2640
vn 0.8137 0.5430 0.2076
vn 0.8279 0.3262 0.4562
vn 0.7280 0.5365 0.4268
vn 0.5124 0.2834 0.8107
vn 0.4328 0.4297 0.7925
vn 0.0298 0.1312 0.9909
vn -0.0160 0.2016 0.9793
vn -0.3488 -0.0330 0.9366
vn -0.3655 -0.0041 0.9308
vn -0.5993 -0.1652 0.7833
vn -0.5990 -0.1560 0.7854
vn -0.7717 -0.2781 0.5719
vn -0.7631 -0.2827 0.5812
vn -0.8637 -0.3709 0.3413
vn -0.8544 -0.3890 0.3444
vn -0.8920 -0.4428 0.0915
vn -0.8705 -0.4825 0.0969
vn -0.8580 -0.4849 -0.1695
vn -0.8101 -0.5658 -0.1540
vn -0.7719 -0.4978 -0.3953
vn -0.6734 -0.6258 -0.3935
vn -0.6703 -0.5601 -0.4868
vn -0.4817 -0.6347 -0.6043
vn -0.4715 -0.5835 -0.6613
vn -0.4566 -0.4814 -0.7482
vn -0.2712 -0.5524 -0.7882
vn -0.3012 -0.4709 -0.8292
vn -0.0010 -0.4304 -0.9026
vn -0.2371 -0.5607 -0.7933
vn 0.0577 -0.3947 -0.9170
vn 0.3830 -0.1517 -0.9112
vn 0.0736 -0.2101 -0.9749
vn 0.3725 -0.0312 -0.9275
vn 0.6179 0.1091 -0.7787
vn 0.7631 0.0874 -0.6404
vn 0.6959 0.0114 -0.7180
vn 0.9224 -0.1196 -0.3672
vn 0.9509 0.0399 -0.3070
vn 0.9815 -0.1914 -0.0082
vn 0.9993 0.0044 0.0366
vn 0.9500 -0.2203 0.2214
vn 0.9720 -0.0058 0.2350
vn 0.9043 -0.2111 0.3710
vn 0.9439 0.0166 0.3297
vn 0.7679 -0.1524 0.6222
vn 0.8385 0.0679 0.5407
vn 0.4191 -0.0650 0.9056
vn 0.4976 0.0958 0.8621
vn 0.0455 0.0490 0.9978
vn -0.3033 -0.0438 0.9519
vn -0.5707 -0.1489 0.8076
vn -0.7326 -0.2415 0.6363
vn -0.7701 -0.2434 0.5897
vn -0.8782 -0.3099 0.3643
vn -0.8857 -0.3064 0.3487
vn -0.9505 -0.3065 0.0509
vn -0.9430 -0.3249 0.0722
vn -0.9325 -0.2314 -0.2774
vn -0.9330 -0.2825 -0.2230
vn -0.8560 -0.1268 -0.5012
vn -0.8706 -0.2233 -0.4384
vn -0.7551 -0.0281 -0.6550
vn -0.7425 -0.1722 -0.6473
vn -0.6026 -0.4823 -0.6358
vn -0.3904 -0.0650 -0.9184
vn -0.2901 -0.3840 -0.8766
vn -0.3959 0.1365 -0.9081
vn -0.6667 -0.0837 -0.7406
vn -0.3123 0.1400 -0.9396
vn -0.5343 -0.1922 -0.8232
vn -0.1863 0.0592 -0.9807
vn 0.3271 0.4026 -0.8549
vn -0.0602 -0.0292 -0.9978
vn 0.4682 0.3877 -0.7940
vn 0.0023 -0.1479 -0.9890
vn 0.5060 0.3039 -0.8072
vn 0.7184 0.5432 -0.4346
vn 0.5048 0.1769 -0.8449
vn 0.7559 0.4919 -0.4321
vn 0.7708 0.6297 -0.0965
vn 0.7320 0.6553 -0.1863
vn 0.6395 0.6978 0.3226
vn 0.6270 0.7345 0.2595
vn 0.3832 0.6217 0.6831
vn 0.3744 0.6151 0.6939
vn 0.0928 0.4585 0.8838
vn 0.1304 0.4131 0.9013
vn -0.2382 0.2259 0.9446
vn -0.1482 0.1799 0.9725
vn -0.5813 -0.0864 0.8091
vn -0.4941 -0.1293 0.8597
vn -0.4905 -0.1371 0.8606
vn -0.5895 -0.1333 0.7967
vn -0.7533 -0.4370 0.4915
vn -0.7515 -0.4373 0.4940
vn -0.7929 -0.4027 0.4574
vn -0.8402 -0.3659 0.4003
vn -0.6751 -0.2044 0.7089
vn -0.8096 -0.5864 -0.0256
vn -0.8580 -0.5135 -0.0082
vn -0.9108 -0.4123 0.0196
vn -0.7692 -0.4516 -0.4521
vn -0.8677 -0.3403 -0.3622
vn -0.6301 -0.3087 -0.7125
vn -0.7656 -0.2081 -0.6087
vn -0.6645 -0.5467 -0.5094
vn -0.4757 -0.4050 -0.7808
vn -0.3898 -0.2983 -0.8712
vn -0.3455 -0.4863 -0.8025
vn -0.2311 -0.3724 -0.8988
vn -0.3044 -0.5074 -0.8061
vn -0.1154 -0.3837 -0.9162
vn 0.0697 -0.2205 -0.9729
vn -0.1458 -0.3242 -0.9347
vn 0.0822 -0.2106 -0.9741
vn 0.5037 0.1024 -0.8578
vn 0.0217 -0.0877 -0.9959
vn 0.5170 0.1386 -0.8447
vn 0.8408 0.3448 -0.4173
vn 0.7937 0.4217 -0.4384
vn 0.9025 0.4303 -0.0173
vn 0.8236 0.5652 -0.0473
vn 0.7944 0.4439 0.4145
vn 0.6910 0.6200 0.3716
vn 0.5236 0.3805 0.7622
vn 0.4235 0.5629 0.7098
vn 0.1542 0.2611 0.9529
vn 0.0880 0.4174 0.9044
vn -0.2572 0.1021 0.9610
vn -0.2858 0.2013 0.9369
vn -0.6506 -0.0756 0.7557
vn -0.6439 -0.0701 0.7619
vn -0.9154 -0.2244 0.3342
vn -0.8700 -0.3238 0.3719
vn -0.8044 -0.3978 0.4413
vn -0.8761 -0.4679 -0.1164
vn -0.8065 -0.5892 -0.0492
vn -0.7859 -0.6178 -0.0251
vn -0.6008 -0.6159 -0.5097
vn -0.5968 -0.6172 -0.5127
vn -0.6835 -0.4815 -0.5487
vn -0.3915 -0.4096 -0.8240
vn -0.7638 -0.2638 -0.5891
vn -0.5297 -0.2178 -0.8198
vn -0.3013 -0.1792 -0.9365
vn -0.6098 -0.0725 -0.7892
vn -0.4066 -0.0297 -0.9131
vn -0.0048 0.0748 -0.9972
vn -0.3813 0.0347 -0.9238
vn 0.0663 0.1603 -0.9848
vn 0.5829 0.2593 -0.7701
vn 0.5492 0.2157 -0.8073
vn 0.8879 0.2735 -0.3698
vn 0.8773 0.2841 -0.3868
vn 0.9694 0.2438 0.0270
vn 0.9560 0.2932 0.0088
vn 0.8871 0.1872 0.4219
vn 0.8655 0.2611 0.4275
vn 0.6306 0.1083 0.7685
vn 0.5988 0.1884 0.7784
vn 0.2292 0.0290 0.9730
vn 0.2104 0.0977 0.9727
vn -0.2114 -0.0261 0.9770
vn -0.2139 0.0090 0.9768
vn -0.6282 -0.0594 0.7758
vn -0.6337 -0.0751 0.7699
vn -0.9266 -0.0778 0.3678
vn -0.9309 -0.1348 0.3395
vn -0.9864 -0.0785 -0.1445
vn -0.9713 -0.1431 -0.1900
vn -0.9414 -0.2873 -0.1769
vn -0.7959 -0.1072 -0.5958
vn -0.8290 -0.0630 -0.5557
vn -0.6367 -0.0368 -0.7703
vn -0.8824 -0.0625 -0.4663
vn -0.6506 -0.0173 -0.7592
vn -0.2975 0.0813 -0.9513
vn -0.6541 -0.0119 -0.7563
vn -0.2356 0.1118 -0.9654
vn 0.2061 0.2325 -0.9505
vn 0.1630 0.2054 -0.9650
vn 0.5791 0.3188 -0.7503
vn 0.5997 0.2898 -0.7459
vn 0.8413 0.3618 -0.4017
vn 0.8760 0.3058 -0.3729
vn 0.9328 0.3601 0.0138
vn 0.9602 0.2783 0.0243
vn 0.8507 0.3220 0.4155
vn 0.8818 0.2272 0.4133
vn 0.5863 0.2442 0.7724
vn 0.6283 0.1531 0.7628
vn 0.1696 0.1351 0.9762
vn 0.2148 0.0657 0.9745
vn -0.2817 0.0246 0.9592
vn -0.2423 -0.0060 0.9702
vn -0.6693 -0.0644 0.7402
vn -0.6447 -0.0484 0.7629
vn -0.9124 -0.1113 0.3940
vn -0.9168 -0.0683 0.3934
vn -0.9929 -0.1192 -0.0017
vn -0.9955 -0.0737 -0.0598
vn -0.9119 -0.0905 -0.4004
vn -0.9767 -0.2144 -0.0007
vn -0.8997 -0.1803 -0.3975
vn -0.6364 -0.0787 -0.7673
vn -0.8684 -0.2750 -0.4125
vn -0.6109 -0.1578 -0.7758
vn -0.2243 0.0217 -0.9743
vn -0.2187 0.0752 -0.9729
vn 0.1696 0.2073 -0.9635
vn 0.1991 0.2224 -0.9544
vn 0.5169 0.3820 -0.7661
vn 0.5441 0.3476 -0.7636
vn 0.7467 0.5120 -0.4246
vn 0.7897 0.4397 -0.4278
vn 0.8162 0.5776 0.0139
vn 0.8802 0.4746 0.0037
vn 0.6964 0.5512 0.4597
vn 0.7837 0.4429 0.4355
vn 0.4211 0.4430 0.7915
vn 0.5066 0.3503 0.7878
vn 0.0279 0.2620 0.9647
vn 0.0997 0.2054 0.9736
vn -0.3782 0.0534 0.9242
vn -0.3285 0.0461 0.9434
vn -0.6885 -0.1185 0.7155
vn -0.6845 -0.0925 0.7231
vn -0.8885 -0.2412 0.3903
vn -0.9053 -0.1848 0.3826
vn -0.9539 -0.3000 -0.0099
vn -0.8854 -0.2377 0.3995
vn -0.9489 -0.3150 0.0173
vn -0.8745 -0.3115 -0.3717
vn -0.9885 -0.1410 0.0537
vn -0.9515 -0.0906 0.2939
vn -0.4762 0.8777 -0.0537
vn -0.5356 0.8205 -0.1996
vn 0.5644 0.8249 -0.0314
vn 0.5155 0.7859 -0.3415
vn 0.6811 0.6195 -0.3903
vn 0.4801 0.4684 -0.7416
vn 0.7231 0.6895 0.0407
vn 0.6031 0.6596 0.4486
vn -0.7217 -0.1142 0.6827
vn 0.6909 -0.3047 0.6556
vn 0.3442 -0.1735 0.9227
vn 0.6700 -0.3673 0.6451
vn 0.3257 -0.2063 0.9227
vn 0.7046 -0.3387 0.6236
vn 0.3520 -0.1715 0.9202
vn -0.1048 0.0943 0.9900
vn 0.3990 -0.0893 0.9126
vn -0.1025 0.1261 0.9867
vn -0.4268 0.2713 0.8627
vn -0.3933 0.2910 0.8722
vn -0.5543 0.3439 0.7580
vn -0.4960 0.3901 0.7757
vn -0.7575 0.4948 0.4259
vn -0.6429 0.5946 0.4829
vn -0.7970 0.5617 -0.2218
vn -0.6489 0.7385 -0.1830
vn -0.6937 0.4893 -0.5286
vn -0.5097 0.6462 -0.5680
vn -0.6842 0.4496 -0.5743
vn -0.5160 0.5778 -0.6323
vn -0.5202 0.3949 -0.7573
vn -0.4232 0.4813 -0.7677
vn -0.2492 0.5188 -0.8178
vn 0.0143 0.2928 -0.9561
vn 0.1055 0.3003 -0.9480
vn 0.5782 0.0108 -0.8158
vn 0.6015 0.0012 -0.7989
vn 0.6388 -0.0129 -0.7693
vn 0.8751 -0.2261 -0.4279
vn 0.8907 -0.2052 -0.4056
vn 0.9361 -0.3450 -0.0680
vn 0.9513 -0.3047 -0.0468
vn 0.9076 -0.3907 0.1537
vn 0.9206 -0.3425 0.1875
vn 0.8449 -0.4088 0.3449
vn 0.8585 -0.3505 0.3744
vn 0.9253 -0.3622 0.1126
vn 0.8726 -0.3830 0.3032
vn 0.9661 -0.2506 0.0615
vn 0.9284 -0.2681 0.2572
vn 0.7685 -0.2304 0.5970
vn 0.9738 -0.0858 0.2105
vn 0.8190 -0.0547 0.5712
vn 0.4243 0.0393 0.9047
vn 0.8261 0.1005 0.5545
vn 0.4098 0.1505 0.8997
vn -0.1446 0.1846 0.9721
vn -0.1136 0.1650 0.9797
vn -0.4918 0.1939 0.8489
vn -0.4546 0.2406 0.8576
vn -0.6554 0.2113 0.7251
vn -0.6014 0.2849 0.7464
vn -0.8847 0.2323 0.4042
vn -0.8411 0.3633 0.4008
vn -0.9662 0.2049 -0.1566
vn -0.9047 0.3703 -0.2108
vn -0.8627 0.1654 -0.4780
vn -0.8076 0.3211 -0.4946
vn -0.7880 0.1686 -0.5921
vn -0.7673 0.3068 -0.5631
vn -0.5584 0.1981 -0.8055
vn -0.5606 0.2921 -0.7749
vn 0.0151 0.2178 -0.9759
vn 0.0048 0.2231 -0.9748
vn 0.0013 0.2525 -0.9676
vn 0.6041 0.0970 -0.7910
vn 0.5894 0.0360 -0.8071
vn 0.9063 0.0012 -0.4226
vn 0.8954 -0.1243 -0.4277
vn 0.8772 -0.2022 -0.4355
vn 0.9718 -0.2106 -0.1059
vn 0.9458 -0.3135 -0.0844
vn 0.9903 -0.0529 -0.1284
vn 0.9968 -0.0778 0.0166
vn 0.9828 0.0841 -0.1644
vn 0.9977 0.0654 -0.0202
vn 0.9805 0.0678 0.1847
vn 0.9863 0.1601 -0.0400
vn 0.9582 0.1921 0.2119
vn 0.7943 0.2472 0.5550
vn 0.6669 0.4638 0.5832
vn 0.3669 0.7010 0.6115
vn 0.0262 0.8515 0.5236
vn -0.3795 0.6783 0.6293
vn -0.6472 0.3959 0.6515
vn -0.2630 0.9477 0.1806
vn -0.6518 0.6442 0.4001
vn -0.8161 0.3634 0.4493
vn -0.8755 0.2093 0.4356
vn -0.6892 0.2135 0.6924
vn -0.9833 0.1789 -0.0319
vn -0.8783 0.1435 -0.4560
vn -0.7361 0.1575 -0.6583
vn -0.4880 0.2078 -0.8477
vn 0.0538 0.2598 -0.9641
vn 0.5883 0.2506 -0.7688
vn 0.5980 0.1793 -0.7812
vn 0.8612 0.2057 -0.4647
vn 0.8917 0.1250 -0.4350
vn 0.9589 0.1678 -0.2288
vn 0.7915 0.3279 -0.5158
vn 0.5754 0.6428 -0.5057
vn 0.1638 0.9628 -0.2149
vn 0.0331 -0.9910 0.1299
vn -0.0025 -0.9921 0.1251
vn -0.0933 -0.9919 0.0866
vn -0.1432 -0.9889 0.0401
vn 0.4840 -0.0208 -0.8748
vn 0.8415 -0.3401 -0.4198
vn -0.5817 0.5956 -0.5540
vn -0.1285 0.3779 -0.9169
vn -0.2892 0.2445 0.9255
vn -0.7218 0.5727 0.3885
vn -0.7512 0.6454 -0.1381
vn 0.8885 -0.4386 0.1348
vn 0.7090 -0.3850 0.5909
vn 0.3363 -0.1815 0.9241
vn 0.1968 0.6748 -0.7113
vn 0.6708 0.3537 -0.6519
vn -0.1786 0.9769 -0.1173
vn -0.0521 0.8883 -0.4563
vn 0.0919 0.6652 0.7410
vn -0.2475 0.9117 0.3278
vn 0.8928 0.2180 0.3941
vn 0.5983 0.3548 0.7184
vn 0.9281 -0.0103 -0.3722
vn 0.9942 0.1046 0.0244
vn 0.6967 0.6964 -0.1719
vn 0.5991 0.8006 -0.0034
vt 0.665337 0.137007
vt 0.649239 0.133657
vt 0.651243 0.124079
vt 0.668553 0.123655
vt 0.680379 0.123085
vt 0.675986 0.136552
vt 0.810264 0.621256
vt 0.811526 0.612103
vt 0.826434 0.615327
vt 0.826368 0.622930
vt 0.825943 0.631052
vt 0.810220 0.630922
vt 0.662654 0.147869
vt 0.646929 0.143571
vt 0.648665 0.269942
vt 0.634742 0.273853
vt 0.634296 0.269397
vt 0.646694 0.264036
vt 0.659452 0.257277
vt 0.662632 0.260950
vt 0.657400 0.273781
vt 0.650570 0.282556
vt 0.642875 0.278470
vt 0.633380 0.279560
vt 0.686630 0.108864
vt 0.669358 0.112405
vt 0.785500 0.609961
vt 0.785645 0.599642
vt 0.798823 0.602717
vt 0.799118 0.610299
vt 0.668287 0.102939
vt 0.683516 0.098831
vt 0.479912 0.757310
vt 0.472310 0.754215
vt 0.474060 0.740480
vt 0.480506 0.741100
vt 0.769178 0.602483
vt 0.769882 0.594133
vt 0.495667 0.696878
vt 0.499379 0.705217
vt 0.487402 0.714096
vt 0.481133 0.711439
vt 0.515593 0.697292
vt 0.512898 0.705258
vt 0.502396 0.681874
vt 0.519639 0.686122
vt 0.471093 0.708442
vt 0.478719 0.692221
vt 0.484414 0.676845
vt 0.442290 0.498858
vt 0.431015 0.523723
vt 0.392479 0.513841
vt 0.394250 0.492129
vt 0.475037 0.523371
vt 0.461340 0.537472
vt 0.474015 0.484745
vt 0.494106 0.507952
vt 0.387866 0.458996
vt 0.426352 0.457825
vt 0.459274 0.451750
vt 0.662000 0.837326
vt 0.657376 0.862913
vt 0.646121 0.856229
vt 0.650557 0.834024
vt 0.648212 0.810149
vt 0.655435 0.808554
vt 0.662428 0.804149
vt 0.670416 0.826733
vt 0.680973 0.846172
vt 0.675732 0.856068
vt 0.669985 0.874616
vt 0.633186 0.288348
vt 0.632398 0.284444
vt 0.637748 0.282898
vt 0.638635 0.287050
vt 0.074763 0.638814
vt 0.086163 0.632176
vt 0.088248 0.638627
vt 0.079144 0.645368
vt 0.190382 0.718576
vt 0.185204 0.712340
vt 0.189201 0.702079
vt 0.194398 0.706089
vt 0.073009 0.651201
vt 0.067310 0.648458
vt 0.313151 0.666814
vt 0.315897 0.686823
vt 0.306290 0.685840
vt 0.301777 0.666877
vt 0.329386 0.670849
vt 0.326509 0.687533
vt 0.692370 0.475191
vt 0.712356 0.478235
vt 0.718202 0.496437
vt 0.707694 0.502346
vt 0.698525 0.509990
vt 0.677643 0.486632
vt 0.660684 0.452096
vt 0.674486 0.443547
vt 0.687903 0.434999
vt 0.701701 0.452912
vt 0.716332 0.461596
vt 0.685719 0.893905
vt 0.709921 0.897708
vt 0.709862 0.908604
vt 0.689690 0.912289
vt 0.671820 0.920270
vt 0.667068 0.908873
vt 0.659419 0.895210
vt 0.691211 0.874745
vt 0.711249 0.886297
vt 0.825936 0.638541
vt 0.811627 0.639863
vt 0.671326 0.153637
vt 0.666343 0.165632
vt 0.657688 0.159238
vt 0.644042 0.153087
vt 0.699608 0.585642
vt 0.701398 0.566127
vt 0.729541 0.565212
vt 0.729917 0.575901
vt 0.732130 0.584642
vt 0.710091 0.595022
vt 0.699254 0.611398
vt 0.687834 0.607988
vt 0.671759 0.583438
vt 0.673513 0.562686
vt 0.670444 0.606085
vt 0.656506 0.289387
vt 0.643945 0.304668
vt 0.639011 0.301269
vt 0.662985 0.277549
vt 0.631576 0.299502
vt 0.771741 0.491258
vt 0.778926 0.469530
vt 0.785625 0.473168
vt 0.779924 0.493304
vt 0.126941 0.675648
vt 0.136029 0.678919
vt 0.127514 0.688448
vt 0.119083 0.686359
vt 0.139720 0.663863
vt 0.145033 0.667420
vt 0.123874 0.669550
vt 0.135671 0.659638
vt 0.880534 0.846214
vt 0.885607 0.849786
vt 0.882961 0.852343
vt 0.878995 0.846521
vt 0.879715 0.844577
vt 0.886827 0.845667
vt 0.878023 0.844817
vt 0.871920 0.862640
vt 0.873230 0.862117
vt 0.873514 0.862459
vt 0.873261 0.862645
vt 0.870544 0.870328
vt 0.868794 0.869887
vt 0.868769 0.854511
vt 0.870562 0.853783
vt 0.873400 0.861913
vt 0.873576 0.862449
vt 0.873440 0.862772
vt 0.878909 0.884635
vt 0.874894 0.884184
vt 0.875135 0.880210
vt 0.879214 0.880629
vt 0.903052 0.605593
vt 0.903323 0.604059
vt 0.904559 0.604052
vt 0.903133 0.605794
vt 0.902880 0.605730
vt 0.902471 0.604237
vt 0.868769 0.873010
vt 0.872014 0.872780
vt 0.873257 0.877067
vt 0.869000 0.877329
vt 0.902813 0.606681
vt 0.902484 0.608094
vt 0.901772 0.607584
vt 0.902644 0.606454
vt 0.903037 0.606426
vt 0.903583 0.608360
vt 0.639524 0.468426
vt 0.664738 0.500779
vt 0.655816 0.516360
vt 0.629450 0.502134
vt 0.596304 0.485603
vt 0.610185 0.443941
vt 0.733151 0.218119
vt 0.732723 0.216914
vt 0.733983 0.215521
vt 0.734159 0.217106
vt 0.731713 0.222493
vt 0.730440 0.221968
vt 0.733019 0.222876
vt 0.874626 0.862553
vt 0.880960 0.863204
vt 0.879739 0.866369
vt 0.873953 0.862650
vt 0.873743 0.862471
vt 0.873912 0.862206
vt 0.880862 0.860290
vt 0.879138 0.841343
vt 0.883206 0.837141
vt 0.885184 0.839703
vt 0.878959 0.842801
vt 0.877604 0.843180
vt 0.877686 0.841520
vt 0.880171 0.835587
vt 0.876147 0.847896
vt 0.875547 0.846066
vt 0.877049 0.845119
vt 0.877646 0.847057
vt 0.874843 0.853783
vt 0.870769 0.851356
vt 0.879446 0.853783
vt 0.871807 0.888394
vt 0.870314 0.886904
vt 0.871691 0.886354
vt 0.872510 0.888297
vt 0.872707 0.888900
vt 0.871830 0.889012
vt 0.869591 0.888360
vt 0.868769 0.891967
vt 0.869505 0.889597
vt 0.871641 0.889589
vt 0.871244 0.891474
vt 0.832515 0.375796
vt 0.828556 0.380773
vt 0.826499 0.378905
vt 0.832585 0.373593
vt 0.834715 0.375471
vt 0.830678 0.381994
vt 0.439336 0.111379
vt 0.437310 0.111377
vt 0.443254 0.106510
vt 0.444479 0.108295
vt 0.445407 0.110266
vt 0.438553 0.113078
vt 0.868769 0.898823
vt 0.869035 0.896204
vt 0.870998 0.895569
vt 0.871300 0.897573
vt 0.871069 0.895351
vt 0.872654 0.896884
vt 0.868797 0.895123
vt 0.440017 0.118172
vt 0.439188 0.116790
vt 0.446364 0.117506
vt 0.446104 0.119339
vt 0.872865 0.891967
vt 0.873003 0.894376
vt 0.871289 0.894505
vt 0.870927 0.892751
vt 0.445654 0.121407
vt 0.438284 0.118874
vt 0.871155 0.894913
vt 0.869528 0.893071
vt 0.873218 0.895400
vt 0.842200 0.378523
vt 0.843902 0.384898
vt 0.841202 0.385085
vt 0.840585 0.376830
vt 0.873427 0.884635
vt 0.874030 0.887330
vt 0.843040 0.376603
vt 0.846424 0.384148
vt 0.836822 0.377894
vt 0.838535 0.376789
vt 0.837056 0.384576
vt 0.834794 0.383843
vt 0.875153 0.891967
vt 0.872935 0.891530
vt 0.872747 0.889586
vt 0.874695 0.889569
vt 0.832740 0.383021
vt 0.835995 0.376170
vt 0.588431 0.967087
vt 0.597559 0.966798
vt 0.597508 0.970262
vt 0.586178 0.969109
vt 0.586245 0.965112
vt 0.597215 0.963468
vt 0.869020 0.835763
vt 0.874563 0.836635
vt 0.874928 0.841597
vt 0.869656 0.841162
vt 0.732178 0.214331
vt 0.730407 0.215687
vt 0.730029 0.214914
vt 0.732054 0.213639
vt 0.871271 0.905026
vt 0.870301 0.905028
vt 0.870390 0.903926
vt 0.871223 0.904113
vt 0.732810 0.214443
vt 0.730994 0.216215
vt 0.870387 0.903729
vt 0.870012 0.904003
vt 0.870115 0.903435
vt 0.871271 0.903591
vt 0.870964 0.902971
vt 0.728364 0.213101
vt 0.729413 0.211897
vt 0.731517 0.212597
vt 0.729675 0.213653
vt 0.723849 0.214082
vt 0.723504 0.212612
vt 0.724363 0.215291
vt 0.168685 0.380126
vt 0.170174 0.353248
vt 0.191767 0.352684
vt 0.195399 0.378557
vt 0.134883 0.369127
vt 0.143329 0.350894
vt 0.148019 0.397001
vt 0.123917 0.386362
vt 0.183318 0.410601
vt 0.165557 0.415771
vt 0.199622 0.408375
vt 0.236531 0.157489
vt 0.227605 0.144362
vt 0.233750 0.139066
vt 0.241412 0.143459
vt 0.224328 0.164187
vt 0.219359 0.148927
vt 0.253201 0.144153
vt 0.252385 0.157188
vt 0.254028 0.170634
vt 0.240516 0.173996
vt 0.229477 0.178862
vt 0.232694 0.130396
vt 0.242391 0.130951
vt 0.224755 0.131788
vt 0.902213 0.606161
vt 0.902466 0.606321
vt 0.901334 0.606937
vt 0.901133 0.606256
vt 0.901177 0.605687
vt 0.902471 0.605963
vt 0.877397 0.870328
vt 0.878743 0.874444
vt 0.874774 0.876474
vt 0.874424 0.871892
vt 0.874237 0.880450
vt 0.871728 0.883988
vt 0.869401 0.881976
vt 0.874004 0.879678
vt 0.875042 0.879439
vt 0.873666 0.862464
vt 0.873885 0.862034
vt 0.873828 0.862834
vt 0.343357 0.414438
vt 0.322111 0.355305
vt 0.342038 0.336991
vt 0.362551 0.369889
vt 0.316019 0.414503
vt 0.305911 0.364742
vt 0.389673 0.384957
vt 0.383897 0.421006
vt 0.316836 0.470760
vt 0.302614 0.461982
vt 0.357299 0.462523
vt 0.624625 0.530786
vt 0.600451 0.532036
vt 0.563612 0.504755
vt 0.545977 0.474013
vt 0.571079 0.452261
vt 0.576525 0.539263
vt 0.590708 0.425814
vt 0.767607 0.794150
vt 0.772796 0.813075
vt 0.764734 0.816741
vt 0.755338 0.799622
vt 0.745092 0.785965
vt 0.755845 0.779183
vt 0.697036 0.939536
vt 0.702372 0.957243
vt 0.681711 0.953348
vt 0.679224 0.941816
vt 0.675748 0.930823
vt 0.692183 0.924522
vt 0.710716 0.917664
vt 0.711609 0.926947
vt 0.433421 0.764877
vt 0.431171 0.744829
vt 0.436950 0.742792
vt 0.440100 0.759163
vt 0.809295 0.525786
vt 0.803524 0.534161
vt 0.784399 0.532356
vt 0.786921 0.524813
vt 0.668187 0.044156
vt 0.672793 0.054493
vt 0.656396 0.057867
vt 0.651522 0.049135
vt 0.663113 0.182261
vt 0.652477 0.169132
vt 0.822776 0.532648
vt 0.817297 0.538450
vt 0.464281 0.650236
vt 0.475742 0.632011
vt 0.496403 0.644648
vt 0.489039 0.660244
vt 0.467238 0.672615
vt 0.444483 0.655829
vt 0.424584 0.636379
vt 0.436648 0.626498
vt 0.451886 0.673154
vt 0.091937 0.645419
vt 0.101787 0.632055
vt 0.106546 0.634731
vt 0.098574 0.646709
vt 0.832087 0.505319
vt 0.823555 0.504066
vt 0.828522 0.486224
vt 0.835872 0.486461
vt 0.098402 0.628801
vt 0.082222 0.652066
vt 0.697713 0.966051
vt 0.679998 0.961965
vt 0.734172 0.775068
vt 0.740169 0.769875
vt 0.744741 0.764187
vt 0.758395 0.769522
vt 0.325761 0.487582
vt 0.100205 0.447753
vt 0.107855 0.424846
vt 0.123382 0.427719
vt 0.117363 0.443885
vt 0.086492 0.442863
vt 0.094664 0.422249
vt 0.373610 0.602272
vt 0.405586 0.610637
vt 0.399163 0.622937
vt 0.372787 0.615984
vt 0.360892 0.595300
vt 0.368639 0.583178
vt 0.386447 0.589917
vt 0.415395 0.599989
vt 0.135674 0.692395
vt 0.143077 0.681107
vt 0.149397 0.682857
vt 0.143640 0.693262
vt 0.228459 0.688596
vt 0.238000 0.682349
vt 0.244727 0.702040
vt 0.237854 0.708576
vt 0.382260 0.662986
vt 0.368451 0.671358
vt 0.355597 0.660270
vt 0.363595 0.651701
vt 0.368360 0.640637
vt 0.388428 0.648139
vt 0.738112 0.453887
vt 0.722898 0.448323
vt 0.728383 0.436768
vt 0.740695 0.439467
vt 0.406499 0.656617
vt 0.400867 0.666828
vt 0.726933 0.467045
vt 0.426273 0.874705
vt 0.439581 0.894531
vt 0.423293 0.897398
vt 0.409483 0.880491
vt 0.411100 0.852426
vt 0.394802 0.860794
vt 0.147489 0.079853
vt 0.151781 0.093870
vt 0.138237 0.097915
vt 0.134488 0.083810
vt 0.176170 0.865851
vt 0.202337 0.867440
vt 0.201537 0.885741
vt 0.177487 0.884396
vt 0.160615 0.076173
vt 0.165795 0.089702
vt 0.170803 0.103212
vt 0.156151 0.107694
vt 0.173871 0.072516
vt 0.180520 0.085523
vt 0.186829 0.098649
vt 0.190751 0.112256
vt 0.174629 0.117191
vt 0.193981 0.081658
vt 0.200851 0.094992
vt 0.205080 0.108684
vt 0.206458 0.123103
vt 0.192819 0.127010
vt 0.211488 0.092475
vt 0.215045 0.106656
vt 0.216140 0.121002
vt 0.217071 0.134399
vt 0.207380 0.137491
vt 0.222931 0.105414
vt 0.223881 0.119486
vt 0.230005 0.104081
vt 0.231432 0.118198
vt 0.240009 0.102875
vt 0.241174 0.117180
vt 0.252397 0.102032
vt 0.253216 0.117140
vt 0.253756 0.131119
vt 0.264794 0.116260
vt 0.265474 0.130450
vt 0.265947 0.143413
vt 0.265823 0.156821
vt 0.275752 0.128178
vt 0.276101 0.142192
vt 0.276270 0.156560
vt 0.277749 0.170801
vt 0.266539 0.170682
vt 0.286080 0.140792
vt 0.286994 0.155213
vt 0.289114 0.169264
vt 0.292086 0.183794
vt 0.281071 0.185766
vt 0.298598 0.152781
vt 0.301097 0.166459
vt 0.303756 0.180685
vt 0.306764 0.195729
vt 0.295591 0.199439
vt 0.313973 0.162171
vt 0.316354 0.176490
vt 0.318949 0.191281
vt 0.322917 0.205986
vt 0.311600 0.211041
vt 0.329386 0.172222
vt 0.331076 0.187410
vt 0.333955 0.201947
vt 0.339408 0.215584
vt 0.329650 0.220661
vt 0.341772 0.185016
vt 0.343561 0.199019
vt 0.348139 0.211304
vt 0.356339 0.222056
vt 0.348831 0.228081
vt 0.094772 0.286294
vt 0.091974 0.273295
vt 0.101814 0.270991
vt 0.104271 0.285446
vt 0.105225 0.300470
vt 0.095819 0.299639
vt 0.103732 0.316707
vt 0.094510 0.314696
vt 0.115056 0.284875
vt 0.115360 0.301465
vt 0.112881 0.318881
vt 0.106831 0.337544
vt 0.099009 0.334621
vt 0.126938 0.302906
vt 0.122651 0.321784
vt 0.115122 0.340454
vt 0.105804 0.359728
vt 0.098182 0.356648
vt 0.134976 0.325673
vt 0.125908 0.345088
vt 0.115979 0.363426
vt 0.107127 0.382243
vt 0.096474 0.379085
vt 0.088667 0.399196
vt 0.079140 0.395425
vt 0.088374 0.375873
vt 0.100406 0.402387
vt 0.082005 0.418984
vt 0.115154 0.404955
vt 0.133772 0.411362
vt 0.149877 0.424384
vt 0.138144 0.435227
vt 0.149665 0.447740
vt 0.139634 0.454403
vt 0.129968 0.446771
vt 0.161562 0.442167
vt 0.167845 0.460784
vt 0.156456 0.463159
vt 0.174558 0.438447
vt 0.179477 0.459579
vt 0.181028 0.479009
vt 0.170539 0.478601
vt 0.188634 0.436552
vt 0.191411 0.459550
vt 0.191275 0.480024
vt 0.187784 0.498702
vt 0.179386 0.496894
vt 0.203508 0.460164
vt 0.201074 0.481634
vt 0.195663 0.500847
vt 0.189008 0.518430
vt 0.182461 0.516353
vt 0.210667 0.483489
vt 0.203049 0.503126
vt 0.195216 0.520635
vt 0.187579 0.537076
vt 0.181885 0.534989
vt 0.210194 0.505643
vt 0.201421 0.523010
vt 0.193367 0.539382
vt 0.185360 0.555805
vt 0.179958 0.553512
vt 0.207681 0.525652
vt 0.199239 0.541964
vt 0.190707 0.558355
vt 0.180991 0.575173
vt 0.176422 0.572661
vt 0.205299 0.544864
vt 0.195939 0.561192
vt 0.185354 0.577813
vt 0.174372 0.595109
vt 0.170356 0.592160
vt 0.201124 0.564698
vt 0.189552 0.580865
vt 0.178921 0.597812
vt 0.170231 0.616300
vt 0.164944 0.613198
vt 0.194721 0.584955
vt 0.184425 0.600872
vt 0.175802 0.618943
vt 0.167084 0.637984
vt 0.161378 0.634796
vt 0.190602 0.604847
vt 0.181283 0.621513
vt 0.172866 0.640001
vt 0.162570 0.656517
vt 0.156403 0.653949
vt 0.187573 0.625151
vt 0.178277 0.641897
vt 0.168322 0.658230
vt 0.157643 0.671890
vt 0.151325 0.669923
vt 0.184005 0.644985
vt 0.173530 0.660560
vt 0.163697 0.673881
vt 0.156189 0.684559
vt 0.178293 0.663293
vt 0.169685 0.676302
vt 0.163214 0.687061
vt 0.157925 0.697725
vt 0.150405 0.695463
vt 0.175316 0.679019
vt 0.169799 0.690006
vt 0.165311 0.700323
vt 0.268896 0.673874
vt 0.273759 0.690892
vt 0.263184 0.694196
vt 0.258135 0.676591
vt 0.176471 0.693328
vt 0.172317 0.703477
vt 0.279855 0.671295
vt 0.284385 0.688172
vt 0.288513 0.705719
vt 0.279481 0.708003
vt 0.291123 0.668800
vt 0.295469 0.686326
vt 0.297762 0.703799
vt 0.300098 0.720895
vt 0.292391 0.722603
vt 0.307373 0.702952
vt 0.308369 0.719797
vt 0.309877 0.737205
vt 0.303138 0.738338
vt 0.316269 0.703084
vt 0.316500 0.719392
vt 0.316773 0.736649
vt 0.318133 0.755349
vt 0.312624 0.755989
vt 0.324316 0.719532
vt 0.323638 0.736545
vt 0.323760 0.754993
vt 0.324860 0.774745
vt 0.320309 0.775143
vt 0.270854 0.770654
vt 0.261287 0.755041
vt 0.267097 0.751479
vt 0.275858 0.767958
vt 0.284793 0.785753
vt 0.280704 0.787934
vt 0.293954 0.803703
vt 0.290591 0.805501
vt 0.280371 0.765863
vt 0.288573 0.783976
vt 0.296971 0.802324
vt 0.305043 0.820187
vt 0.302690 0.821279
vt 0.293039 0.782057
vt 0.300633 0.800846
vt 0.307914 0.819013
vt 0.314247 0.834735
vt 0.312183 0.835229
vt 0.304306 0.799478
vt 0.310774 0.817922
vt 0.316419 0.834270
vt 0.313646 0.816919
vt 0.318455 0.833467
vt 0.316352 0.816133
vt 0.320479 0.832976
vt 0.319219 0.815484
vt 0.322730 0.832554
vt 0.322126 0.814936
vt 0.325019 0.832138
vt 0.325094 0.814495
vt 0.327104 0.831354
vt 0.310042 0.836078
vt 0.307806 0.836688
vt 0.300079 0.822686
vt 0.328081 0.814173
vt 0.329386 0.830154
vt 0.322702 0.795069
vt 0.326490 0.794690
vt 0.318902 0.795601
vt 0.315756 0.775687
vt 0.315162 0.796278
vt 0.311202 0.776437
vt 0.307064 0.756953
vt 0.306832 0.777414
vt 0.301796 0.758185
vt 0.296884 0.739894
vt 0.296487 0.759734
vt 0.290669 0.741721
vt 0.285030 0.724461
vt 0.284636 0.743640
vt 0.277912 0.726725
vt 0.270496 0.710785
vt 0.271007 0.729521
vt 0.261906 0.714362
vt 0.253113 0.698073
vt 0.254812 0.718435
vt 0.247558 0.679514
vt 0.264509 0.732973
vt 0.258146 0.736820
vt 0.248366 0.723177
vt 0.251940 0.741133
vt 0.242227 0.728601
vt 0.231652 0.717309
vt 0.325085 0.703361
vt 0.272836 0.748622
vt 0.278554 0.746025
vt 0.285637 0.763608
vt 0.291030 0.761556
vt 0.297556 0.780303
vt 0.302229 0.778729
vt 0.307910 0.798185
vt 0.311546 0.797089
vt 0.179155 0.707708
vt 0.183169 0.697480
vt 0.180905 0.682163
vt 0.186687 0.685922
vt 0.192336 0.690033
vt 0.192118 0.672815
vt 0.196796 0.676317
vt 0.201238 0.679493
vt 0.197340 0.693702
vt 0.095826 0.623746
vt 0.105108 0.612078
vt 0.108176 0.615656
vt 0.113738 0.598651
vt 0.118088 0.601577
vt 0.122320 0.604830
vt 0.111715 0.619185
vt 0.126579 0.608225
vt 0.116292 0.622244
vt 0.131425 0.611776
vt 0.121320 0.625852
vt 0.111948 0.637971
vt 0.104206 0.648879
vt 0.126365 0.629485
vt 0.117199 0.641675
vt 0.109200 0.651948
vt 0.808844 0.499475
vt 0.813915 0.482705
vt 0.821138 0.484549
vt 0.816078 0.502084
vt 0.121947 0.645417
vt 0.113173 0.655338
vt 0.802204 0.497414
vt 0.806902 0.480538
vt 0.812358 0.462302
vt 0.818755 0.464021
vt 0.795198 0.495855
vt 0.800007 0.478352
vt 0.806004 0.460148
vt 0.812161 0.441514
vt 0.817833 0.443461
vt 0.792700 0.475737
vt 0.799465 0.457546
vt 0.806232 0.439303
vt 0.812770 0.421442
vt 0.817952 0.423391
vt 0.793082 0.454746
vt 0.800324 0.436871
vt 0.807683 0.419322
vt 0.815178 0.402946
vt 0.819289 0.404900
vt 0.794841 0.434316
vt 0.802826 0.417000
vt 0.811086 0.400761
vt 0.819381 0.387415
vt 0.822512 0.389513
vt 0.797954 0.414515
vt 0.807025 0.398379
vt 0.816404 0.385113
vt 0.824883 0.377009
vt 0.803157 0.395838
vt 0.813548 0.382562
vt 0.823307 0.374706
vt 0.831129 0.371492
vt 0.831957 0.372627
vt 0.848700 0.383209
vt 0.852796 0.394864
vt 0.848951 0.395521
vt 0.844218 0.376130
vt 0.853849 0.411612
vt 0.849172 0.411565
vt 0.844756 0.411343
vt 0.845250 0.395862
vt 0.840450 0.410902
vt 0.841587 0.395843
vt 0.836186 0.410239
vt 0.838172 0.395475
vt 0.839119 0.384980
vt 0.839516 0.376815
vt 0.834921 0.394823
vt 0.831989 0.409357
vt 0.827743 0.408172
vt 0.831684 0.393855
vt 0.823500 0.406653
vt 0.828566 0.392640
vt 0.825508 0.391214
vt 0.823061 0.425158
vt 0.828041 0.426574
vt 0.823301 0.444959
vt 0.832969 0.427698
vt 0.829047 0.446235
vt 0.825100 0.465414
vt 0.834580 0.447282
vt 0.831423 0.466555
vt 0.840134 0.448111
vt 0.837669 0.467229
vt 0.845711 0.448764
vt 0.843988 0.467572
vt 0.844005 0.484473
vt 0.850370 0.467700
vt 0.851381 0.483373
vt 0.853849 0.494496
vt 0.844858 0.497472
vt 0.760495 0.466691
vt 0.767222 0.457860
vt 0.773132 0.462711
vt 0.766242 0.475677
vt 0.113702 0.693002
vt 0.118616 0.695918
vt 0.075975 0.656189
vt 0.781064 0.448260
vt 0.787036 0.451681
vt 0.775507 0.444896
vt 0.789434 0.431594
vt 0.784164 0.428743
vt 0.793151 0.411845
vt 0.853004 0.430370
vt 0.851357 0.449300
vt 0.847781 0.429939
vt 0.842772 0.429406
vt 0.837818 0.428658
vt 0.874583 0.888442
vt 0.787484 0.494578
vt 0.120595 0.664374
vt 0.116845 0.659502
vt 0.126691 0.649779
vt 0.131246 0.654495
vt 0.136241 0.637274
vt 0.141138 0.641795
vt 0.146352 0.646520
vt 0.150591 0.626969
vt 0.155961 0.631281
vt 0.151247 0.650751
vt 0.160010 0.609725
vt 0.145742 0.622511
vt 0.155639 0.606248
vt 0.166265 0.589204
vt 0.151386 0.603073
vt 0.162013 0.586639
vt 0.171560 0.570256
vt 0.157538 0.584365
vt 0.166493 0.568073
vt 0.174346 0.551377
vt 0.161099 0.566168
vt 0.168836 0.549446
vt 0.176089 0.532997
vt 0.163150 0.547539
vt 0.169907 0.530978
vt 0.175521 0.514320
vt 0.163270 0.528909
vt 0.167850 0.512486
vt 0.170381 0.495682
vt 0.159312 0.510896
vt 0.160852 0.494805
vt 0.159877 0.478816
vt 0.151150 0.494281
vt 0.149484 0.479796
vt 0.145995 0.466401
vt 0.324899 0.588309
vt 0.311726 0.592165
vt 0.308481 0.582443
vt 0.323513 0.577660
vt 0.339310 0.576491
vt 0.338294 0.588787
vt 0.321204 0.565892
vt 0.339618 0.563064
vt 0.358061 0.564358
vt 0.354222 0.578557
vt 0.350242 0.591043
vt 0.376384 0.568423
vt 0.361040 0.548723
vt 0.383235 0.551607
vt 0.408442 0.558186
vt 0.397780 0.574739
vt 0.436833 0.569144
vt 0.425982 0.585504
vt 0.467591 0.584170
vt 0.457023 0.599614
vt 0.446988 0.614017
vt 0.485565 0.615799
vt 0.494980 0.601062
vt 0.516635 0.618446
vt 0.506526 0.630016
vt 0.534040 0.635836
vt 0.524572 0.644250
vt 0.514963 0.654760
vt 0.540702 0.659898
vt 0.532415 0.667211
vt 0.525400 0.675796
vt 0.507553 0.667249
vt 0.547824 0.682582
vt 0.541343 0.688546
vt 0.535446 0.695589
vt 0.554272 0.704117
vt 0.548287 0.709146
vt 0.542277 0.714480
vt 0.530180 0.702909
vt 0.536212 0.720101
vt 0.525320 0.710316
vt 0.715536 0.632973
vt 0.715230 0.648150
vt 0.705847 0.648452
vt 0.705828 0.631875
vt 0.708847 0.615511
vt 0.717082 0.619117
vt 0.717753 0.601709
vt 0.723371 0.606847
vt 0.695151 0.630360
vt 0.695103 0.648849
vt 0.683777 0.649365
vt 0.683644 0.629091
vt 0.672323 0.650459
vt 0.670224 0.628874
vt 0.660992 0.652186
vt 0.656062 0.629954
vt 0.652718 0.606366
vt 0.649881 0.582585
vt 0.642883 0.632371
vt 0.636175 0.608399
vt 0.630256 0.584038
vt 0.625434 0.558482
vt 0.648119 0.558663
vt 0.621820 0.613023
vt 0.612268 0.588995
vt 0.605120 0.562476
vt 0.597878 0.596124
vt 0.586806 0.569120
vt 0.586035 0.603186
vt 0.571824 0.577090
vt 0.556251 0.548047
vt 0.539280 0.518282
vt 0.559979 0.584594
vt 0.540069 0.557479
vt 0.517824 0.531302
vt 0.519566 0.492004
vt 0.528110 0.567035
vt 0.501931 0.543447
vt 0.516473 0.577238
vt 0.489965 0.555772
vt 0.505401 0.588384
vt 0.478574 0.569356
vt 0.448722 0.552835
vt 0.419543 0.540508
vt 0.389524 0.532905
vt 0.363321 0.531350
vt 0.363734 0.513080
vt 0.336049 0.517860
vt 0.332044 0.503237
vt 0.362194 0.491273
vt 0.338068 0.533612
vt 0.314601 0.541557
vt 0.310184 0.530244
vt 0.339107 0.548957
vt 0.318088 0.553565
vt 0.299854 0.562543
vt 0.294696 0.552877
vt 0.304591 0.572477
vt 0.289640 0.581598
vt 0.284221 0.573117
vt 0.294507 0.590208
vt 0.281470 0.598993
vt 0.276154 0.591329
vt 0.298931 0.598775
vt 0.286120 0.606551
vt 0.273052 0.615094
vt 0.268573 0.608521
vt 0.150675 0.509641
vt 0.156099 0.527061
vt 0.148515 0.525503
vt 0.151135 0.543465
vt 0.145030 0.541766
vt 0.157198 0.545484
vt 0.150068 0.561511
vt 0.144520 0.559062
vt 0.155597 0.563952
vt 0.147230 0.578873
vt 0.142000 0.576061
vt 0.152419 0.581668
vt 0.142094 0.596508
vt 0.137339 0.593481
vt 0.146827 0.599738
vt 0.136226 0.615126
vt 0.141054 0.618574
vt 0.131187 0.633021
vt 0.132474 0.590291
vt 0.127788 0.587315
vt 0.136825 0.573342
vt 0.123076 0.584502
vt 0.132026 0.570696
vt 0.139197 0.556658
vt 0.244533 0.632169
vt 0.231523 0.641417
vt 0.228211 0.637484
vt 0.241269 0.627307
vt 0.255056 0.617987
vt 0.258805 0.624085
vt 0.237407 0.622394
vt 0.250282 0.611818
vt 0.263347 0.601529
vt 0.244858 0.605858
vt 0.257517 0.594598
vt 0.270267 0.583726
vt 0.250976 0.587557
vt 0.263856 0.575881
vt 0.278252 0.564594
vt 0.257225 0.567930
vt 0.272135 0.556082
vt 0.289270 0.543855
vt 0.265740 0.547518
vt 0.283161 0.534832
vt 0.305136 0.520107
vt 0.276547 0.525741
vt 0.299004 0.509814
vt 0.268809 0.516626
vt 0.291015 0.499631
vt 0.259177 0.506941
vt 0.279976 0.489372
vt 0.248433 0.498588
vt 0.266591 0.479088
vt 0.284533 0.453729
vt 0.252865 0.471498
vt 0.265721 0.446498
vt 0.272294 0.412475
vt 0.294550 0.414471
vt 0.268986 0.375594
vt 0.288050 0.371065
vt 0.260774 0.342369
vt 0.275731 0.337165
vt 0.291406 0.330418
vt 0.265773 0.308449
vt 0.280239 0.303819
vt 0.295917 0.297825
vt 0.308755 0.322180
vt 0.311218 0.290267
vt 0.327890 0.311927
vt 0.322746 0.281495
vt 0.344070 0.299825
vt 0.361796 0.319939
vt 0.379437 0.341191
vt 0.353239 0.288297
vt 0.374802 0.303838
vt 0.392988 0.317649
vt 0.411806 0.328978
vt 0.400146 0.354359
vt 0.381340 0.289668
vt 0.401189 0.300603
vt 0.420054 0.309838
vt 0.438858 0.317998
vt 0.432276 0.336994
vt 0.406027 0.287860
vt 0.425484 0.296179
vt 0.444395 0.303937
vt 0.463479 0.310483
vt 0.458975 0.325014
vt 0.430184 0.284833
vt 0.449310 0.292034
vt 0.467541 0.298088
vt 0.485362 0.302519
vt 0.482492 0.315730
vt 0.453684 0.281616
vt 0.471410 0.286531
vt 0.488114 0.289949
vt 0.503184 0.292311
vt 0.502289 0.304783
vt 0.475038 0.275498
vt 0.491719 0.277013
vt 0.505032 0.279618
vt 0.519238 0.304345
vt 0.520256 0.316889
vt 0.501435 0.318180
vt 0.518249 0.292960
vt 0.533907 0.290827
vt 0.536374 0.300894
vt 0.517975 0.281842
vt 0.532022 0.281568
vt 0.548961 0.278267
vt 0.551021 0.286323
vt 0.707026 0.421331
vt 0.717445 0.431027
vt 0.710357 0.440530
vt 0.698930 0.427822
vt 0.689760 0.409793
vt 0.697190 0.406694
vt 0.684591 0.389694
vt 0.691903 0.388293
vt 0.680555 0.412395
vt 0.676880 0.390646
vt 0.677930 0.369574
vt 0.685006 0.369347
vt 0.668948 0.415104
vt 0.668021 0.391004
vt 0.670872 0.368934
vt 0.676913 0.347576
vt 0.682676 0.348729
vt 0.658882 0.390614
vt 0.663874 0.367888
vt 0.670781 0.345922
vt 0.677376 0.328430
vt 0.682989 0.330487
vt 0.656219 0.365622
vt 0.664319 0.343630
vt 0.671318 0.325838
vt 0.677591 0.311214
vt 0.682994 0.314103
vt 0.657385 0.340539
vt 0.665164 0.322619
vt 0.672179 0.307744
vt 0.679047 0.295477
vt 0.683746 0.298605
vt 0.659215 0.318828
vt 0.666962 0.303726
vt 0.674273 0.291960
vt 0.682523 0.281146
vt 0.686628 0.283984
vt 0.662532 0.299166
vt 0.669895 0.288017
vt 0.678548 0.277835
vt 0.687794 0.266567
vt 0.691520 0.269637
vt 0.666182 0.283269
vt 0.674665 0.274066
vt 0.684288 0.263494
vt 0.694396 0.252294
vt 0.697319 0.255020
vt 0.671197 0.269599
vt 0.680797 0.260227
vt 0.691599 0.249552
vt 0.702335 0.238876
vt 0.704656 0.241016
vt 0.677411 0.256718
vt 0.688797 0.246712
vt 0.700060 0.236670
vt 0.710513 0.227223
vt 0.712279 0.229009
vt 0.686151 0.243916
vt 0.697858 0.234332
vt 0.708828 0.225355
vt 0.717666 0.218867
vt 0.718803 0.220409
vt 0.695783 0.231836
vt 0.707247 0.223315
vt 0.716644 0.217249
vt 0.705894 0.221146
vt 0.715730 0.215470
vt 0.736435 0.231644
vt 0.733135 0.242457
vt 0.730773 0.241452
vt 0.734438 0.231152
vt 0.735747 0.223332
vt 0.737269 0.223405
vt 0.735507 0.217639
vt 0.736283 0.217574
vt 0.732485 0.230516
vt 0.734380 0.223167
vt 0.734792 0.217366
vt 0.734594 0.215552
vt 0.735205 0.215616
vt 0.868809 0.903445
vt 0.869847 0.904921
vt 0.868769 0.904436
vt 0.735862 0.215516
vt 0.869385 0.902796
vt 0.731941 0.213314
vt 0.729724 0.214248
vt 0.725636 0.217739
vt 0.724929 0.216506
vt 0.720053 0.221987
vt 0.726430 0.218865
vt 0.721336 0.223439
vt 0.714101 0.230751
vt 0.722651 0.224746
vt 0.715952 0.232394
vt 0.707065 0.243137
vt 0.717820 0.233916
vt 0.709430 0.245002
vt 0.700375 0.257480
vt 0.711956 0.246967
vt 0.703362 0.259604
vt 0.694904 0.272107
vt 0.706322 0.261603
vt 0.698414 0.274493
vt 0.690723 0.286580
vt 0.701923 0.276604
vt 0.694852 0.289117
vt 0.688631 0.301371
vt 0.699101 0.291335
vt 0.693632 0.303837
vt 0.688529 0.316441
vt 0.698735 0.306103
vt 0.693986 0.318443
vt 0.688534 0.332167
vt 0.699550 0.320469
vt 0.694036 0.333837
vt 0.688710 0.349808
vt 0.699570 0.335552
vt 0.694739 0.350700
vt 0.691925 0.369211
vt 0.586299 0.271810
vt 0.604357 0.271380
vt 0.605775 0.277290
vt 0.587561 0.279088
vt 0.569416 0.281711
vt 0.567696 0.274164
vt 0.589186 0.287270
vt 0.571557 0.291258
vt 0.553753 0.295786
vt 0.574329 0.301920
vt 0.556782 0.307332
vt 0.538862 0.312734
vt 0.560117 0.320480
vt 0.541313 0.326702
vt 0.521277 0.331296
vt 0.544386 0.341482
vt 0.522613 0.346745
vt 0.499732 0.349323
vt 0.500528 0.332806
vt 0.476501 0.348002
vt 0.479627 0.330383
vt 0.454177 0.343387
vt 0.474946 0.368605
vt 0.449867 0.366967
vt 0.424847 0.362364
vt 0.448958 0.393285
vt 0.419682 0.391578
vt 0.452206 0.421721
vt 0.419226 0.423455
vt 0.480678 0.416312
vt 0.489460 0.442748
vt 0.476495 0.391252
vt 0.502679 0.386407
vt 0.506963 0.407478
vt 0.500252 0.366871
vt 0.524859 0.362658
vt 0.528406 0.379597
vt 0.552849 0.370945
vt 0.558798 0.385313
vt 0.533329 0.397161
vt 0.548134 0.356196
vt 0.569430 0.346563
vt 0.575491 0.358837
vt 0.564262 0.333799
vt 0.582424 0.323857
vt 0.587788 0.334124
vt 0.577946 0.312849
vt 0.595071 0.304630
vt 0.599115 0.312991
vt 0.591778 0.295942
vt 0.609332 0.289671
vt 0.611330 0.296286
vt 0.607337 0.283423
vt 0.622319 0.278788
vt 0.623292 0.283458
vt 0.621094 0.273932
vt 0.619626 0.268928
vt 0.632914 0.264997
vt 0.644630 0.260166
vt 0.704910 0.322413
vt 0.703891 0.308364
vt 0.708957 0.310536
vt 0.708232 0.295300
vt 0.712965 0.296900
vt 0.703505 0.293322
vt 0.709119 0.280482
vt 0.713294 0.282420
vt 0.705435 0.278554
vt 0.712547 0.265438
vt 0.715822 0.267350
vt 0.709357 0.263525
vt 0.716920 0.250461
vt 0.719598 0.252029
vt 0.714388 0.248793
vt 0.721980 0.236850
vt 0.724036 0.238084
vt 0.719964 0.235515
vt 0.725594 0.227114
vt 0.727191 0.228129
vt 0.724030 0.226010
vt 0.728304 0.220690
vt 0.729329 0.221394
vt 0.727340 0.219824
vt 0.731504 0.216597
vt 0.733082 0.214738
vt 0.733458 0.215007
vt 0.732108 0.216784
vt 0.728888 0.229058
vt 0.730642 0.229826
vt 0.726183 0.239262
vt 0.728426 0.240377
vt 0.722404 0.253472
vt 0.724982 0.254693
vt 0.719160 0.268847
vt 0.727959 0.255962
vt 0.722727 0.270216
vt 0.717312 0.283977
vt 0.668917 0.245860
vt 0.681468 0.237814
vt 0.683692 0.241008
vt 0.671574 0.249676
vt 0.657127 0.253045
vt 0.674348 0.253139
vt 0.667527 0.264809
vt 0.693937 0.229251
vt 0.624465 0.288856
vt 0.626783 0.294359
vt 0.614480 0.302459
vt 0.618700 0.308479
vt 0.604175 0.320592
vt 0.624134 0.314356
vt 0.610124 0.327971
vt 0.594195 0.343985
vt 0.616872 0.335468
vt 0.601562 0.353160
vt 0.582504 0.370395
vt 0.609676 0.361737
vt 0.590210 0.380955
vt 0.565719 0.398499
vt 0.598321 0.389899
vt 0.575218 0.411261
vt 0.552175 0.432178
vt 0.539784 0.414123
vt 0.529288 0.451171
vt 0.514859 0.429257
vt 0.502776 0.468508
vt 0.609549 0.399700
vt 0.626746 0.377956
vt 0.637312 0.384253
vt 0.624232 0.409359
vt 0.617927 0.369937
vt 0.632244 0.350629
vt 0.640272 0.357344
vt 0.624438 0.343146
vt 0.636873 0.325737
vt 0.643676 0.331491
vt 0.630234 0.319880
vt 0.648634 0.309271
vt 0.659005 0.294612
vt 0.653586 0.314029
vt 0.650657 0.336646
vt 0.648320 0.361957
vt 0.648179 0.388615
vt 0.655517 0.416939
vt 0.640842 0.417102
vt 0.870115 0.902334
vt 0.457311 0.272153
vt 0.434624 0.275210
vt 0.438504 0.266608
vt 0.053048 0.404035
vt 0.063470 0.386324
vt 0.070985 0.391095
vt 0.061128 0.410030
vt 0.050339 0.428760
vt 0.041833 0.419699
vt 0.070420 0.414969
vt 0.061570 0.434519
vt 0.074519 0.438982
vt 0.371239 0.627978
vt 0.393426 0.635113
vt 0.414590 0.646506
vt 0.430325 0.661022
vt 0.420434 0.667025
vt 0.439049 0.675968
vt 0.429208 0.679384
vt 0.421604 0.682859
vt 0.413235 0.673218
vt 0.723169 0.479473
vt 0.726831 0.492276
vt 0.433349 0.693257
vt 0.425626 0.695116
vt 0.736177 0.503170
vt 0.730080 0.509811
vt 0.749740 0.512978
vt 0.745795 0.520211
vt 0.741750 0.527540
vt 0.723561 0.516992
vt 0.738116 0.534620
vt 0.717273 0.524798
vt 0.734819 0.541482
vt 0.711587 0.533052
vt 0.689464 0.520212
vt 0.706662 0.542477
vt 0.682020 0.531746
vt 0.703400 0.553268
vt 0.676707 0.545467
vt 0.650106 0.536066
vt 0.732010 0.548374
vt 0.730160 0.555878
vt 0.755172 0.554221
vt 0.753627 0.560112
vt 0.752598 0.567153
vt 0.773547 0.565377
vt 0.772026 0.571670
vt 0.770973 0.578681
vt 0.752273 0.575101
vt 0.770363 0.586460
vt 0.752484 0.583312
vt 0.753003 0.591338
vt 0.734884 0.592714
vt 0.753470 0.598850
vt 0.737908 0.599495
vt 0.481997 0.726882
vt 0.475331 0.725903
vt 0.466323 0.739695
vt 0.467369 0.724698
vt 0.458630 0.739399
vt 0.459019 0.723961
vt 0.461192 0.707039
vt 0.465180 0.689556
vt 0.450786 0.723955
vt 0.451690 0.706976
vt 0.453095 0.689625
vt 0.442795 0.707708
vt 0.442415 0.691292
vt 0.434558 0.708805
vt 0.442989 0.724643
vt 0.435596 0.725641
vt 0.428912 0.726938
vt 0.427226 0.709862
vt 0.767329 0.521059
vt 0.764829 0.528089
vt 0.781354 0.539608
vt 0.761904 0.535113
vt 0.778765 0.546596
vt 0.759414 0.541798
vt 0.776698 0.553164
vt 0.757056 0.548403
vt 0.775175 0.559412
vt 0.793340 0.556885
vt 0.791391 0.563782
vt 0.789571 0.570613
vt 0.805184 0.567800
vt 0.803361 0.574640
vt 0.801845 0.581164
vt 0.787934 0.576982
vt 0.800675 0.587810
vt 0.786685 0.583683
vt 0.799506 0.594967
vt 0.786041 0.591020
vt 0.814600 0.590392
vt 0.813158 0.597683
vt 0.812125 0.604858
vt 0.828137 0.600188
vt 0.827063 0.607676
vt 0.843926 0.602884
vt 0.843194 0.609734
vt 0.842883 0.616706
vt 0.859554 0.610701
vt 0.859569 0.616292
vt 0.859941 0.621663
vt 0.843024 0.623659
vt 0.860752 0.626871
vt 0.843468 0.630577
vt 0.861857 0.631754
vt 0.844037 0.636653
vt 0.860323 0.557251
vt 0.875393 0.567357
vt 0.872623 0.571058
vt 0.857419 0.561710
vt 0.841767 0.553451
vt 0.844919 0.548133
vt 0.828577 0.545408
vt 0.832740 0.539344
vt 0.855144 0.566351
vt 0.839376 0.558778
vt 0.825213 0.551575
vt 0.812952 0.545640
vt 0.837222 0.564191
vt 0.822638 0.558188
vt 0.809763 0.553361
vt 0.795896 0.550040
vt 0.799386 0.542340
vt 0.820579 0.564997
vt 0.807278 0.560779
vt 0.818845 0.571550
vt 0.835446 0.569575
vt 0.833934 0.575149
vt 0.832575 0.580821
vt 0.817310 0.577742
vt 0.831181 0.586627
vt 0.815979 0.583876
vt 0.829600 0.593116
vt 0.846538 0.590633
vt 0.845069 0.596491
vt 0.861798 0.595503
vt 0.860796 0.599723
vt 0.859984 0.605075
vt 0.875986 0.603042
vt 0.875417 0.606947
vt 0.875140 0.610794
vt 0.888947 0.608044
vt 0.889103 0.610816
vt 0.889531 0.613669
vt 0.875467 0.615068
vt 0.890172 0.616724
vt 0.876016 0.619076
vt 0.891069 0.619907
vt 0.876740 0.623040
vt 0.892208 0.623247
vt 0.877614 0.627047
vt 0.888431 0.577001
vt 0.900023 0.586205
vt 0.897603 0.588561
vt 0.886005 0.580081
vt 0.895497 0.590863
vt 0.883857 0.583168
vt 0.870149 0.574841
vt 0.881962 0.586277
vt 0.868056 0.578676
vt 0.853086 0.570955
vt 0.866257 0.582593
vt 0.851234 0.575443
vt 0.864637 0.586757
vt 0.849563 0.580102
vt 0.863163 0.591113
vt 0.848044 0.585196
vt 0.878824 0.592806
vt 0.877633 0.596326
vt 0.876707 0.599772
vt 0.889933 0.600471
vt 0.889289 0.602924
vt 0.889024 0.605344
vt 0.897539 0.604847
vt 0.897435 0.606202
vt 0.897560 0.607897
vt 0.897939 0.609547
vt 0.898785 0.611221
vt 0.900012 0.612978
vt 0.905167 0.608253
vt 0.901649 0.614850
vt 0.908141 0.606947
vt 0.903934 0.616912
vt 0.908113 0.596423
vt 0.906024 0.604725
vt 0.905271 0.597450
vt 0.903026 0.598506
vt 0.901257 0.599609
vt 0.893707 0.593249
vt 0.899880 0.600858
vt 0.892178 0.595683
vt 0.880280 0.589480
vt 0.890962 0.598024
vt 0.898840 0.602180
vt 0.898040 0.603509
vt 0.901846 0.604644
vt 0.901434 0.605122
vt 0.902719 0.605757
vt 0.902572 0.605839
vt 0.879660 0.876362
vt 0.879810 0.878579
vt 0.874890 0.878459
vt 0.873740 0.878776
vt 0.868769 0.879555
vt 0.903189 0.606294
vt 0.903273 0.606130
vt 0.903250 0.605926
vt 0.443809 0.740812
vt 0.451032 0.739632
vt 0.452511 0.752498
vt 0.446376 0.755128
vt 0.675519 0.063832
vt 0.677436 0.072487
vt 0.662197 0.075329
vt 0.659766 0.066924
vt 0.646517 0.080082
vt 0.644579 0.072366
vt 0.642153 0.064355
vt 0.627787 0.078077
vt 0.626031 0.071212
vt 0.623641 0.064853
vt 0.638726 0.056877
vt 0.640583 0.160654
vt 0.625574 0.153128
vt 0.627793 0.146409
vt 0.609446 0.147648
vt 0.610675 0.141069
vt 0.611739 0.133922
vt 0.629771 0.138394
vt 0.612566 0.126744
vt 0.631527 0.130069
vt 0.613151 0.120006
vt 0.632848 0.121899
vt 0.613270 0.113692
vt 0.633171 0.114081
vt 0.652277 0.114067
vt 0.632854 0.106547
vt 0.651744 0.105000
vt 0.631964 0.099151
vt 0.650229 0.095969
vt 0.666385 0.093191
vt 0.681067 0.089728
vt 0.648385 0.087691
vt 0.664305 0.083907
vt 0.678917 0.081040
vt 0.458843 0.751638
vt 0.465451 0.752262
vt 0.630518 0.091953
vt 0.629175 0.085141
vt 0.611965 0.095299
vt 0.611055 0.088922
vt 0.610081 0.082514
vt 0.593112 0.091267
vt 0.592443 0.085370
vt 0.591564 0.079401
vt 0.608738 0.076281
vt 0.590493 0.073344
vt 0.607050 0.070187
vt 0.574503 0.081374
vt 0.573976 0.075441
vt 0.593228 0.144486
vt 0.576818 0.143378
vt 0.576938 0.137309
vt 0.593723 0.138151
vt 0.576885 0.131109
vt 0.594129 0.131551
vt 0.576651 0.125161
vt 0.594361 0.125271
vt 0.576487 0.119442
vt 0.594476 0.119275
vt 0.576441 0.114082
vt 0.594473 0.113659
vt 0.576342 0.109544
vt 0.594359 0.108632
vt 0.613026 0.107606
vt 0.594091 0.103037
vt 0.612671 0.101621
vt 0.593694 0.097301
vt 0.576199 0.104150
vt 0.575887 0.098444
vt 0.575389 0.092661
vt 0.557817 0.098898
vt 0.557384 0.093239
vt 0.557056 0.087759
vt 0.574951 0.087075
vt 0.556937 0.082326
vt 0.538467 0.088324
vt 0.538214 0.082771
vt 0.538128 0.077285
vt 0.556852 0.076706
vt 0.559781 0.143704
vt 0.541151 0.145230
vt 0.540991 0.139642
vt 0.559601 0.137951
vt 0.540820 0.133886
vt 0.559298 0.132202
vt 0.540592 0.128059
vt 0.558904 0.126394
vt 0.540217 0.122226
vt 0.558396 0.120565
vt 0.539998 0.116115
vt 0.558011 0.114816
vt 0.539813 0.110365
vt 0.557917 0.109721
vt 0.539409 0.104790
vt 0.557985 0.104413
vt 0.539119 0.099387
vt 0.521366 0.105748
vt 0.520936 0.100218
vt 0.520565 0.094883
vt 0.538818 0.093887
vt 0.520016 0.089549
vt 0.502676 0.096809
vt 0.501922 0.092039
vt 0.500964 0.086999
vt 0.519467 0.084131
vt 0.499825 0.081691
vt 0.518941 0.078602
vt 0.521897 0.146246
vt 0.502589 0.144870
vt 0.503273 0.139566
vt 0.522037 0.140609
vt 0.503756 0.134155
vt 0.522103 0.134861
vt 0.504085 0.128634
vt 0.522107 0.128980
vt 0.504221 0.123223
vt 0.522008 0.123131
vt 0.504178 0.117635
vt 0.521856 0.117089
vt 0.504031 0.112083
vt 0.521687 0.111302
vt 0.503742 0.106922
vt 0.486433 0.113132
vt 0.486108 0.108703
vt 0.485567 0.104311
vt 0.503257 0.101749
vt 0.484873 0.099962
vt 0.468886 0.107029
vt 0.468159 0.103477
vt 0.467268 0.099970
vt 0.484025 0.095789
vt 0.466191 0.096496
vt 0.482938 0.091390
vt 0.464919 0.093114
vt 0.481628 0.087051
vt 0.484114 0.140839
vt 0.467016 0.136210
vt 0.467939 0.132694
vt 0.485017 0.136402
vt 0.468682 0.128943
vt 0.485698 0.131739
vt 0.469169 0.125273
vt 0.486177 0.127119
vt 0.469473 0.121610
vt 0.486452 0.122569
vt 0.469564 0.117875
vt 0.486553 0.117841
vt 0.469475 0.114204
vt 0.456221 0.117875
vt 0.456208 0.115044
vt 0.456002 0.112332
vt 0.469286 0.110593
vt 0.455667 0.109707
vt 0.446189 0.113634
vt 0.445919 0.111946
vt 0.455011 0.106916
vt 0.454056 0.104031
vt 0.452950 0.101404
vt 0.442128 0.104958
vt 0.451590 0.098772
vt 0.453301 0.131742
vt 0.443262 0.126441
vt 0.444353 0.124633
vt 0.454291 0.128966
vt 0.445155 0.123021
vt 0.455087 0.126213
vt 0.455686 0.123376
vt 0.456048 0.120653
vt 0.437754 0.120468
vt 0.437996 0.119714
vt 0.437290 0.121063
vt 0.873177 0.896276
vt 0.871082 0.895156
vt 0.868769 0.894117
vt 0.439270 0.114683
vt 0.446350 0.115463
vt 0.439399 0.115647
vt 0.438872 0.113891
vt 0.436465 0.110613
vt 0.073375 0.367889
vt 0.081072 0.372203
vt 0.082923 0.349545
vt 0.090943 0.353427
vt 0.090417 0.331410
vt 0.383857 0.240059
vt 0.401478 0.248966
vt 0.396550 0.258056
vt 0.378467 0.248853
vt 0.362310 0.239115
vt 0.368543 0.231528
vt 0.372513 0.257922
vt 0.354978 0.246984
vt 0.340448 0.234505
vt 0.347190 0.255234
vt 0.331173 0.241476
vt 0.319463 0.226401
vt 0.322046 0.248562
vt 0.309474 0.232279
vt 0.300905 0.215971
vt 0.299805 0.237489
vt 0.291265 0.219380
vt 0.285404 0.201772
vt 0.281562 0.221570
vt 0.274999 0.202728
vt 0.269806 0.186271
vt 0.264336 0.203649
vt 0.258299 0.186221
vt 0.253679 0.206553
vt 0.246166 0.189318
vt 0.243238 0.211679
vt 0.235564 0.194702
vt 0.233289 0.216385
vt 0.225696 0.198924
vt 0.219421 0.182953
vt 0.215232 0.202666
vt 0.208784 0.186539
vt 0.203475 0.171492
vt 0.214225 0.167984
vt 0.198775 0.156670
vt 0.209835 0.152345
vt 0.194989 0.141945
vt 0.185866 0.161930
vt 0.181718 0.147429
vt 0.178119 0.132098
vt 0.168686 0.151790
vt 0.165014 0.136546
vt 0.160675 0.121770
vt 0.152405 0.139859
vt 0.147356 0.126031
vt 0.142479 0.112113
vt 0.133517 0.130767
vt 0.128774 0.116767
vt 0.124795 0.102032
vt 0.116019 0.121062
vt 0.111872 0.105897
vt 0.108407 0.091039
vt 0.121276 0.087515
vt 0.100178 0.109341
vt 0.096338 0.094192
vt 0.154051 0.862403
vt 0.157078 0.879918
vt 0.454865 0.890259
vt 0.463045 0.907538
vt 0.449502 0.909719
vt 0.442310 0.868243
vt 0.426942 0.844396
vt 0.175758 0.848095
vt 0.203037 0.849698
vt 0.198040 0.064766
vt 0.205310 0.078494
vt 0.186535 0.068639
vt 0.152681 0.845857
vt 0.208896 0.062145
vt 0.215425 0.075977
vt 0.220280 0.090634
vt 0.220947 0.060438
vt 0.225911 0.074640
vt 0.228499 0.089429
vt 0.237230 0.073171
vt 0.239046 0.088244
vt 0.248062 0.069060
vt 0.250995 0.085911
vt 0.256471 0.064073
vt 0.260854 0.082319
vt 0.263302 0.100051
vt 0.268911 0.078920
vt 0.272340 0.096916
vt 0.274671 0.113144
vt 0.281533 0.093714
vt 0.283990 0.110151
vt 0.285401 0.125730
vt 0.294260 0.107393
vt 0.295675 0.123325
vt 0.296815 0.138575
vt 0.307084 0.120509
vt 0.308804 0.135205
vt 0.311394 0.148743
vt 0.323354 0.130281
vt 0.325896 0.143512
vt 0.327830 0.157389
vt 0.342083 0.139370
vt 0.341873 0.154105
vt 0.341500 0.169558
vt 0.084498 0.245103
vt 0.080454 0.230713
vt 0.092974 0.226143
vt 0.095421 0.241294
vt 0.098500 0.256463
vt 0.088348 0.259686
vt 0.107387 0.238336
vt 0.109934 0.253772
vt 0.112979 0.269132
vt 0.123046 0.251265
vt 0.125680 0.267305
vt 0.127374 0.284433
vt 0.139979 0.265337
vt 0.141483 0.283784
vt 0.140197 0.304222
vt 0.157169 0.282263
vt 0.155627 0.304626
vt 0.150629 0.328427
vt 0.172629 0.303150
vt 0.171090 0.328690
vt 0.189165 0.300113
vt 0.189995 0.326145
vt 0.205098 0.296831
vt 0.207384 0.322851
vt 0.210555 0.350647
vt 0.213506 0.378405
vt 0.223737 0.319439
vt 0.227941 0.348335
vt 0.231787 0.378060
vt 0.233984 0.408973
vt 0.216325 0.407980
vt 0.244691 0.345825
vt 0.250144 0.377466
vt 0.252612 0.410686
vt 0.249037 0.441106
vt 0.232807 0.437442
vt 0.228059 0.463150
vt 0.215722 0.461451
vt 0.217323 0.435989
vt 0.240081 0.466371
vt 0.228476 0.488866
vt 0.219848 0.485914
vt 0.237992 0.492882
vt 0.225016 0.511766
vt 0.217324 0.508406
vt 0.233637 0.516214
vt 0.221984 0.532655
vt 0.214545 0.528778
vt 0.242778 0.522530
vt 0.229617 0.537895
vt 0.217970 0.552893
vt 0.211686 0.548538
vt 0.251461 0.530713
vt 0.237340 0.544914
vt 0.224246 0.558609
vt 0.211751 0.573219
vt 0.206358 0.568798
vt 0.244103 0.552508
vt 0.230412 0.565822
vt 0.218032 0.579426
vt 0.206882 0.594367
vt 0.200510 0.589404
vt 0.236784 0.572964
vt 0.224755 0.586243
vt 0.213721 0.600186
vt 0.203374 0.614533
vt 0.197007 0.609529
vt 0.232038 0.593015
vt 0.220505 0.606265
vt 0.209571 0.619712
vt 0.199258 0.633923
vt 0.193650 0.629496
vt 0.226734 0.612067
vt 0.215353 0.624897
vt 0.204318 0.638480
vt 0.193257 0.652042
vt 0.188949 0.648391
vt 0.220409 0.629520
vt 0.208561 0.642651
vt 0.197151 0.655880
vt 0.187523 0.669276
vt 0.182903 0.666036
vt 0.212286 0.646190
vt 0.200964 0.659439
vt 0.215888 0.649535
vt 0.204816 0.662775
vt 0.219598 0.652779
vt 0.208881 0.665698
vt 0.224624 0.633583
vt 0.232405 0.617363
vt 0.238846 0.599621
vt 0.243823 0.580259
vt 0.250580 0.560105
vt 0.258953 0.539101
vt 0.202718 0.435866
vt 0.238743 0.315986
vt 0.252558 0.312116
vt 0.233567 0.288883
vt 0.246004 0.284819
vt 0.258408 0.280999
vt 0.239226 0.261031
vt 0.250145 0.256341
vt 0.260734 0.252068
vt 0.270070 0.277187
vt 0.271490 0.248166
vt 0.282511 0.272431
vt 0.281298 0.244833
vt 0.294262 0.267616
vt 0.290216 0.241690
vt 0.303705 0.262442
vt 0.312811 0.255736
vt 0.331190 0.272882
vt 0.339244 0.263976
vt 0.359725 0.277514
vt 0.366225 0.267285
vt 0.386289 0.278250
vt 0.391584 0.267604
vt 0.410751 0.276700
vt 0.415325 0.267098
vt 0.419759 0.258463
vt 0.272010 0.223207
vt 0.262342 0.226002
vt 0.252128 0.230426
vt 0.241625 0.235275
vt 0.231172 0.239637
vt 0.222865 0.220445
vt 0.220318 0.243650
vt 0.211925 0.224522
vt 0.203799 0.206642
vt 0.200869 0.228676
vt 0.192594 0.210798
vt 0.184430 0.194787
vt 0.196610 0.190413
vt 0.177470 0.180387
vt 0.190627 0.175836
vt 0.172442 0.166314
vt 0.165782 0.184613
vt 0.160313 0.169692
vt 0.156488 0.154564
vt 0.149450 0.172874
vt 0.144190 0.157737
vt 0.138985 0.143998
vt 0.133102 0.162901
vt 0.126758 0.149606
vt 0.120815 0.135827
vt 0.116860 0.154989
vt 0.110507 0.140124
vt 0.105098 0.124715
vt 0.101430 0.143816
vt 0.095266 0.128350
vt 0.089687 0.112686
vt 0.085839 0.132234
vt 0.079873 0.116500
vt 0.074447 0.100968
vt 0.084999 0.097266
vt 0.069799 0.121248
vt 0.064220 0.105292
vt 0.468065 0.881833
vt 0.474079 0.900158
vt 0.457108 0.859349
vt 0.442514 0.836054
vt 0.177443 0.830866
vt 0.203502 0.832024
vt 0.155334 0.830428
vt 0.232428 0.057592
vt 0.478530 0.871297
vt 0.482057 0.889401
vt 0.242235 0.052500
vt 0.469905 0.850149
vt 0.250628 0.046321
vt 0.457015 0.829360
vt 0.259667 0.041721
vt 0.264615 0.060154
vt 0.269343 0.038515
vt 0.273173 0.057122
vt 0.277535 0.075832
vt 0.282753 0.054834
vt 0.287115 0.073116
vt 0.291467 0.090800
vt 0.298043 0.070590
vt 0.302503 0.087906
vt 0.305341 0.104682
vt 0.315436 0.084683
vt 0.318627 0.100975
vt 0.320949 0.116488
vt 0.335277 0.096092
vt 0.338194 0.111153
vt 0.340826 0.125289
vt 0.071159 0.204306
vt 0.065314 0.191429
vt 0.081047 0.184050
vt 0.086169 0.197608
vt 0.090224 0.211465
vt 0.076216 0.217120
vt 0.098736 0.193635
vt 0.102822 0.208321
vt 0.105561 0.223229
vt 0.113849 0.205357
vt 0.117839 0.220419
vt 0.120496 0.235868
vt 0.128945 0.216881
vt 0.133332 0.232589
vt 0.137044 0.248404
vt 0.146189 0.228421
vt 0.151371 0.244908
vt 0.155241 0.262571
vt 0.165413 0.240596
vt 0.170326 0.259126
vt 0.172812 0.279712
vt 0.184180 0.255777
vt 0.187805 0.276748
vt 0.197118 0.252238
vt 0.202193 0.273437
vt 0.208827 0.248144
vt 0.215751 0.269075
vt 0.220266 0.292950
vt 0.227825 0.265045
vt 0.190094 0.232581
vt 0.178550 0.236361
vt 0.170900 0.219345
vt 0.181709 0.214848
vt 0.162253 0.203768
vt 0.172945 0.199270
vt 0.155226 0.188241
vt 0.151734 0.208058
vt 0.144958 0.192355
vt 0.139108 0.177405
vt 0.134367 0.197152
vt 0.128938 0.182572
vt 0.123347 0.168763
vt 0.119049 0.187193
vt 0.113865 0.173341
vt 0.107964 0.158879
vt 0.104319 0.176384
vt 0.098711 0.162182
vt 0.092280 0.147474
vt 0.088105 0.165874
vt 0.082043 0.151586
vt 0.075790 0.136627
vt 0.069806 0.156442
vt 0.063982 0.141598
vt 0.058596 0.126340
vt 0.049577 0.146696
vt 0.045235 0.131022
vt 0.041833 0.114782
vt 0.053729 0.110092
vt 0.321317 0.031990
vt 0.323817 0.048541
vt 0.308544 0.051302
vt 0.307144 0.034685
vt 0.182391 0.815856
vt 0.205131 0.816108
vt 0.162882 0.817560
vt 0.483402 0.858023
vt 0.484282 0.874534
vt 0.477935 0.840232
vt 0.468136 0.823973
vt 0.280568 0.036503
vt 0.189396 0.804565
vt 0.206382 0.803795
vt 0.293054 0.035565
vt 0.294199 0.053023
vt 0.311503 0.067905
vt 0.327334 0.064537
vt 0.331399 0.080537
vt 0.054537 0.162279
vt 0.075484 0.170566
vt 0.059950 0.177217
vt 0.093708 0.179633
vt 0.109313 0.190661
vt 0.124085 0.201644
vt 0.140238 0.212548
vt 0.159035 0.223981
vt 0.174500 0.808367
vt 0.537626 0.599939
vt 0.526929 0.608728
vt 0.553405 0.621950
vt 0.543508 0.628503
vt 0.566030 0.643105
vt 0.557414 0.648210
vt 0.549096 0.653782
vt 0.569808 0.667522
vt 0.562289 0.672174
vt 0.554917 0.677184
vt 0.574144 0.690526
vt 0.567187 0.694824
vt 0.560575 0.699320
vt 0.577636 0.712811
vt 0.571043 0.716912
vt 0.564471 0.720973
vt 0.579974 0.734317
vt 0.573136 0.738029
vt 0.566437 0.741410
vt 0.558084 0.724874
vt 0.559921 0.744394
vt 0.551950 0.728674
vt 0.553074 0.747559
vt 0.545279 0.732978
vt 0.715771 0.663889
vt 0.717108 0.680177
vt 0.709017 0.681031
vt 0.707097 0.664892
vt 0.700112 0.682805
vt 0.697079 0.666384
vt 0.690694 0.685459
vt 0.686684 0.668208
vt 0.681470 0.688447
vt 0.676319 0.670309
vt 0.672498 0.691414
vt 0.666436 0.672529
vt 0.663887 0.694238
vt 0.656825 0.675021
vt 0.649826 0.654727
vt 0.647416 0.678332
vt 0.639140 0.658213
vt 0.630971 0.636390
vt 0.628584 0.662511
vt 0.619267 0.641550
vt 0.609269 0.619626
vt 0.607477 0.647436
vt 0.597144 0.626247
vt 0.596216 0.653207
vt 0.585775 0.632204
vt 0.574331 0.609972
vt 0.575493 0.637847
vt 0.563646 0.616086
vt 0.548601 0.591869
vt 0.586247 0.658392
vt 0.577531 0.663080
vt 0.597073 0.677748
vt 0.588653 0.682270
vt 0.581214 0.686391
vt 0.599143 0.699975
vt 0.591638 0.704310
vt 0.584487 0.708494
vt 0.601220 0.720623
vt 0.594123 0.724933
vt 0.587185 0.729641
vt 0.603921 0.740687
vt 0.597030 0.744753
vt 0.589532 0.749788
vt 0.606947 0.760887
vt 0.599100 0.764804
vt 0.590134 0.768998
vt 0.581898 0.754222
vt 0.581752 0.772477
vt 0.574416 0.757499
vt 0.574179 0.775189
vt 0.567254 0.760240
vt 0.567902 0.777573
vt 0.560487 0.762754
vt 0.718207 0.696895
vt 0.719916 0.713348
vt 0.713731 0.714661
vt 0.710973 0.697726
vt 0.707399 0.716592
vt 0.703548 0.699311
vt 0.700792 0.719153
vt 0.695654 0.701941
vt 0.693482 0.722553
vt 0.687329 0.705546
vt 0.685451 0.726603
vt 0.678958 0.709214
vt 0.676802 0.730514
vt 0.670548 0.712677
vt 0.667705 0.733954
vt 0.661804 0.715706
vt 0.655290 0.697090
vt 0.652511 0.718334
vt 0.645779 0.700190
vt 0.637653 0.682018
vt 0.635596 0.703834
vt 0.627007 0.686076
vt 0.617392 0.667427
vt 0.616810 0.690673
vt 0.606571 0.672701
vt 0.607494 0.695383
vt 0.625866 0.707919
vt 0.616828 0.712121
vt 0.608710 0.716339
vt 0.625298 0.728915
vt 0.617731 0.732719
vt 0.610768 0.736632
vt 0.627025 0.750045
vt 0.620781 0.753321
vt 0.614161 0.756996
vt 0.631135 0.771089
vt 0.624141 0.774051
vt 0.615912 0.777320
vt 0.633111 0.791738
vt 0.623424 0.794037
vt 0.612901 0.796344
vt 0.606797 0.780599
vt 0.602174 0.798540
vt 0.597102 0.783792
vt 0.592369 0.800590
vt 0.588031 0.786641
vt 0.584072 0.802381
vt 0.580171 0.789091
vt 0.576950 0.803871
vt 0.573713 0.791162
vt 0.723984 0.727769
vt 0.730087 0.739706
vt 0.724839 0.743412
vt 0.718253 0.730179
vt 0.719440 0.746997
vt 0.712573 0.732829
vt 0.713425 0.750760
vt 0.706408 0.735982
vt 0.706345 0.754944
vt 0.699616 0.739666
vt 0.697959 0.759801
vt 0.691554 0.743987
vt 0.688853 0.765177
vt 0.682589 0.748348
vt 0.679694 0.769981
vt 0.673450 0.752045
vt 0.672294 0.773965
vt 0.664477 0.755271
vt 0.658350 0.736986
vt 0.656829 0.758585
vt 0.649519 0.739846
vt 0.643043 0.721324
vt 0.641170 0.743035
vt 0.633780 0.725104
vt 0.633960 0.746458
vt 0.650045 0.761953
vt 0.643690 0.764986
vt 0.637164 0.768074
vt 0.653810 0.784042
vt 0.647714 0.786940
vt 0.641034 0.789434
vt 0.638540 0.810786
vt 0.639147 0.831586
vt 0.628059 0.830065
vt 0.627542 0.811323
vt 0.617154 0.829298
vt 0.616319 0.812224
vt 0.606335 0.828979
vt 0.605189 0.813438
vt 0.595968 0.828990
vt 0.594904 0.814620
vt 0.586483 0.829052
vt 0.585926 0.815578
vt 0.577893 0.829242
vt 0.578006 0.816434
vt 0.738248 0.749565
vt 0.748685 0.756987
vt 0.733589 0.754821
vt 0.728471 0.759239
vt 0.722606 0.763363
vt 0.725842 0.780316
vt 0.715037 0.768049
vt 0.716854 0.786119
vt 0.706224 0.773323
vt 0.708270 0.792682
vt 0.697202 0.779574
vt 0.700105 0.800119
vt 0.688865 0.786333
vt 0.692118 0.807460
vt 0.681496 0.791619
vt 0.684764 0.814041
vt 0.674813 0.795986
vt 0.665840 0.777561
vt 0.668697 0.800146
vt 0.659970 0.780941
vt 0.677612 0.820035
vt 0.695740 0.829625
vt 0.688379 0.837406
vt 0.709501 0.844236
vt 0.702164 0.852888
vt 0.696026 0.862939
vt 0.719575 0.867287
vt 0.714626 0.875913
vt 0.738876 0.876658
vt 0.735065 0.884879
vt 0.732447 0.892759
vt 0.753605 0.891318
vt 0.751282 0.897947
vt 0.749291 0.905249
vt 0.730773 0.901243
vt 0.747745 0.912682
vt 0.729794 0.909606
vt 0.746659 0.920141
vt 0.729128 0.917691
vt 0.745956 0.927058
vt 0.728945 0.925163
vt 0.781474 0.828285
vt 0.791446 0.841979
vt 0.786210 0.846425
vt 0.775457 0.832521
vt 0.781214 0.851040
vt 0.769819 0.837351
vt 0.757479 0.821993
vt 0.746062 0.805604
vt 0.764166 0.842851
vt 0.750716 0.828021
vt 0.738373 0.812268
vt 0.727579 0.798502
vt 0.736156 0.792157
vt 0.744410 0.834353
vt 0.730993 0.819192
vt 0.719463 0.805599
vt 0.723793 0.826883
vt 0.711544 0.813234
vt 0.716639 0.835434
vt 0.703446 0.821526
vt 0.738198 0.841281
vt 0.732050 0.849063
vt 0.725851 0.857757
vt 0.748242 0.861206
vt 0.743356 0.868623
vt 0.763855 0.871822
vt 0.760112 0.877867
vt 0.756620 0.884352
vt 0.775540 0.886055
vt 0.772740 0.891342
vt 0.770297 0.896932
vt 0.787564 0.898409
vt 0.785341 0.902950
vt 0.783354 0.908051
vt 0.768187 0.902788
vt 0.781315 0.913815
vt 0.766097 0.909238
vt 0.779338 0.919895
vt 0.764270 0.915970
vt 0.777595 0.926135
vt 0.762787 0.922811
vt 0.776031 0.932434
vt 0.761627 0.929468
vt 0.801186 0.854483
vt 0.811334 0.865199
vt 0.807046 0.869737
vt 0.796334 0.859068
vt 0.803353 0.873974
vt 0.791894 0.863586
vt 0.800158 0.877974
vt 0.787952 0.868058
vt 0.776295 0.856065
vt 0.784490 0.872464
vt 0.771740 0.861230
vt 0.758583 0.848609
vt 0.767643 0.866394
vt 0.753311 0.854587
vt 0.781374 0.876837
vt 0.778429 0.881252
vt 0.794768 0.885903
vt 0.792237 0.889907
vt 0.789872 0.894007
vt 0.805410 0.897887
vt 0.803171 0.901892
vt 0.801108 0.905935
vt 0.816109 0.909294
vt 0.814162 0.913157
vt 0.812346 0.916975
vt 0.799132 0.909932
vt 0.810573 0.920932
vt 0.797198 0.914303
vt 0.808807 0.925158
vt 0.795299 0.919239
vt 0.807142 0.929660
vt 0.793470 0.924571
vt 0.805610 0.934302
vt 0.791694 0.930113
vt 0.804309 0.939059
vt 0.790116 0.935663
vt 0.822266 0.874730
vt 0.833801 0.883692
vt 0.830782 0.887550
vt 0.818744 0.878932
vt 0.828063 0.891296
vt 0.815668 0.882902
vt 0.825467 0.894859
vt 0.812933 0.886607
vt 0.822906 0.898289
vt 0.810372 0.890212
vt 0.797356 0.881920
vt 0.807842 0.893991
vt 0.820365 0.901861
vt 0.818149 0.905492
vt 0.832656 0.909464
vt 0.830540 0.912852
vt 0.828583 0.916233
vt 0.842496 0.920033
vt 0.840767 0.922995
vt 0.839346 0.925902
vt 0.826778 0.919870
vt 0.838107 0.928902
vt 0.825192 0.923422
vt 0.837007 0.931964
vt 0.823689 0.926954
vt 0.836033 0.934955
vt 0.822326 0.930539
vt 0.835162 0.938081
vt 0.821085 0.934346
vt 0.834429 0.941369
vt 0.819992 0.938234
vt 0.833905 0.944706
vt 0.819056 0.942323
vt 0.845245 0.893569
vt 0.855486 0.904602
vt 0.853011 0.906893
vt 0.842441 0.896637
vt 0.850702 0.909306
vt 0.839818 0.899901
vt 0.848447 0.911920
vt 0.837342 0.903104
vt 0.846304 0.914577
vt 0.834847 0.906286
vt 0.844377 0.917178
vt 0.855887 0.922142
vt 0.854269 0.924162
vt 0.852822 0.926385
vt 0.862182 0.929952
vt 0.861087 0.931537
vt 0.860144 0.933148
vt 0.851524 0.928642
vt 0.859325 0.934859
vt 0.850440 0.930913
vt 0.858600 0.936684
vt 0.849452 0.933322
vt 0.858004 0.938499
vt 0.848632 0.935737
vt 0.857517 0.940413
vt 0.847996 0.938172
vt 0.857157 0.942332
vt 0.847408 0.940749
vt 0.856977 0.944229
vt 0.846976 0.943384
vt 0.856983 0.946160
vt 0.846818 0.945891
vt 0.863499 0.914858
vt 0.869042 0.923387
vt 0.867469 0.924549
vt 0.861388 0.916528
vt 0.866058 0.925731
vt 0.859466 0.918255
vt 0.864735 0.927005
vt 0.857623 0.920148
vt 0.863412 0.928465
vt 0.870740 0.933150
vt 0.869847 0.934018
vt 0.869124 0.934865
vt 0.878338 0.868025
vt 0.876710 0.869166
vt 0.873700 0.862905
vt 0.868493 0.935848
vt 0.874476 0.870021
vt 0.873561 0.862888
vt 0.873604 0.862450
vt 0.873627 0.862455
vt 0.873595 0.861791
vt 0.873727 0.861852
vt 0.878077 0.855701
vt 0.879665 0.857565
vt 0.875899 0.854336
vt 0.866035 0.942092
vt 0.866314 0.940829
vt 0.873526 0.853785
vt 0.865884 0.943306
vt 0.865795 0.944690
vt 0.866690 0.939615
vt 0.867207 0.938252
vt 0.872479 0.870328
vt 0.871568 0.932446
vt 0.872403 0.931793
vt 0.873510 0.930987
vt 0.865794 0.946016
vt 0.867739 0.937067
vt 0.586404 0.843190
vt 0.577885 0.842462
vt 0.761302 0.761347
vt 0.586105 0.858840
vt 0.578376 0.858057
vt 0.693465 0.973640
vt 0.678007 0.969723
vt 0.584740 0.875576
vt 0.578144 0.874584
vt 0.661097 0.968434
vt 0.661508 0.961511
vt 0.643959 0.969222
vt 0.643565 0.963164
vt 0.642847 0.956635
vt 0.661531 0.953808
vt 0.641382 0.949612
vt 0.659568 0.944896
vt 0.638918 0.942416
vt 0.656628 0.936102
vt 0.636114 0.935298
vt 0.653385 0.927814
vt 0.632523 0.928151
vt 0.649446 0.919252
vt 0.627856 0.921254
vt 0.643761 0.909966
vt 0.622279 0.914650
vt 0.636015 0.900709
vt 0.648766 0.883811
vt 0.628072 0.894009
vt 0.638350 0.875759
vt 0.620280 0.889226
vt 0.629050 0.871218
vt 0.635635 0.851857
vt 0.620196 0.867745
vt 0.625631 0.849166
vt 0.611441 0.864664
vt 0.615602 0.846958
vt 0.602692 0.861927
vt 0.605599 0.845190
vt 0.594285 0.860066
vt 0.595737 0.844020
vt 0.598282 0.879000
vt 0.591477 0.877008
vt 0.593131 0.895528
vt 0.587579 0.893615
vt 0.582070 0.892120
vt 0.582916 0.909564
vt 0.578336 0.908227
vt 0.573809 0.907251
vt 0.576548 0.891106
vt 0.574275 0.923302
vt 0.570665 0.922634
vt 0.627179 0.969896
vt 0.611245 0.969879
vt 0.610981 0.965931
vt 0.626819 0.964833
vt 0.610342 0.961727
vt 0.625988 0.959449
vt 0.609260 0.957437
vt 0.624696 0.953912
vt 0.607838 0.953230
vt 0.622797 0.948216
vt 0.606070 0.948865
vt 0.620463 0.942361
vt 0.604031 0.944967
vt 0.617529 0.936780
vt 0.601494 0.941159
vt 0.613815 0.931499
vt 0.598522 0.937692
vt 0.609621 0.926662
vt 0.595195 0.934494
vt 0.605268 0.922471
vt 0.616264 0.909279
vt 0.600837 0.918952
vt 0.610251 0.904928
vt 0.596403 0.916014
vt 0.604381 0.901300
vt 0.612713 0.885339
vt 0.598710 0.898072
vt 0.605459 0.881893
vt 0.591810 0.913347
vt 0.587425 0.911238
vt 0.585200 0.927384
vt 0.581536 0.925667
vt 0.577843 0.924244
vt 0.576758 0.937801
vt 0.573900 0.937032
vt 0.571230 0.936499
vt 0.571286 0.946824
vt 0.569502 0.946941
vt 0.567708 0.947316
vt 0.568392 0.936066
vt 0.877328 0.835572
vt 0.876567 0.841427
vt 0.876679 0.843267
vt 0.874935 0.843511
vt 0.868769 0.844522
vt 0.876819 0.844189
vt 0.875023 0.844883
vt 0.869133 0.848049
vt 0.586259 0.960951
vt 0.595580 0.957597
vt 0.596544 0.960562
vt 0.586331 0.963059
vt 0.585860 0.958784
vt 0.594280 0.954625
vt 0.584903 0.956390
vt 0.592694 0.951731
vt 0.583643 0.954169
vt 0.590992 0.948957
vt 0.582344 0.952322
vt 0.589254 0.946381
vt 0.580867 0.950723
vt 0.587007 0.944064
vt 0.578805 0.949332
vt 0.584537 0.942157
vt 0.592080 0.931920
vt 0.582062 0.940378
vt 0.588846 0.929587
vt 0.579556 0.938958
vt 0.576939 0.948448
vt 0.575131 0.947785
vt 0.573272 0.947130
vt 0.886394 0.842441
vt 0.879529 0.843588
vt 0.877736 0.843927
vt 0.219122 0.706076
vt 0.123532 0.699505
vt 0.406537 0.903293
vt 0.419685 0.913367
vt 0.403538 0.913681
vt 0.390267 0.906986
vt 0.392517 0.889076
vt 0.377730 0.896762
vt 0.378570 0.871688
vt 0.366380 0.883258
vt 0.180501 0.903776
vt 0.202744 0.905266
vt 0.206382 0.921700
vt 0.188191 0.919853
vt 0.161331 0.897727
vt 0.171821 0.912334
vt 0.434935 0.910041
vt 0.314701 0.843186
vt 0.313138 0.843821
vt 0.317802 0.842186
vt 0.316260 0.842496
vt 0.322398 0.841082
vt 0.320936 0.841401
vt 0.319425 0.841918
vt 0.328700 0.839058
vt 0.327056 0.839864
vt 0.325595 0.840426
vt 0.323996 0.840756
vt 0.319814 0.848009
vt 0.318826 0.848451
vt 0.321814 0.847667
vt 0.320793 0.847824
vt 0.323676 0.847141
vt 0.322761 0.847348
vt 0.325690 0.846696
vt 0.324676 0.846918
vt 0.327671 0.845850
vt 0.326621 0.846340
vt 0.317851 0.848884
vt 0.869171 0.898970
vt 0.870173 0.898823
vt 0.870103 0.900085
vt 0.868769 0.900000
vt 0.871120 0.899230
vt 0.871427 0.900132
vt 0.870079 0.901311
vt 0.868769 0.900952
vt 0.871363 0.901119
vt 0.870064 0.902334
vt 0.869215 0.901839
vt 0.870877 0.901946
s 1
usemtl Material.001
f 1/1/1 53/2/2 54/3/3 55/4/4
f 1/1/1 55/4/4 56/5/5 57/6/6
f 1/7/1 57/8/6 58/9/7 59/10/8
f 1/7/1 59/10/8 60/11/9 11/12/10
f 1/1/1 11/13/10 61/14/11 53/2/2
f 2/15/12 62/16/13 63/17/14 64/18/15
f 2/15/12 64/18/15 65/19/16 66/20/17
f 2/15/12 67/21/18 13/22/19 68/23/20
f 2/15/12 68/23/20 69/24/21 62/16/13
f 3/25/22 56/5/5 55/4/4 70/26/23
f 3/27/22 71/28/24 72/29/25 56/30/5
f 3/25/22 70/26/23 73/31/26 74/32/27
f 3/33/22 74/34/27 75/35/28 76/36/29
f 3/27/22 76/37/29 77/38/30 71/28/24
f 4/39/31 78/40/32 79/41/33 80/42/34
f 4/39/31 81/43/35 82/44/36 78/40/32
f 4/39/31 83/45/37 84/46/38 81/43/35
f 4/39/31 80/42/34 85/47/39 86/48/40
f 4/39/31 86/48/40 87/49/41 83/45/37
f 5/50/42 88/51/43 89/52/44 90/53/45
f 5/50/42 91/54/46 92/55/47 88/51/43
f 5/50/42 93/56/48 94/57/49 91/54/46
f 5/50/42 90/53/45 95/58/50 96/59/51
f 5/50/42 96/59/51 97/60/52 93/56/48
f 6/61/53 98/62/54 99/63/55 100/64/56
f 6/61/53 100/64/56 101/65/57 102/66/58
f 6/61/53 102/66/58 103/67/59 104/68/60
f 6/61/53 104/68/60 105/69/61 106/70/62
f 6/61/53 106/70/62 107/71/63 98/62/54
f 108/72/64 109/73/65 7/74/66 153/75/67
f 7/74/66 109/73/65 69/24/21 68/23/20
f 8/76/68 110/77/69 111/78/70 112/79/71
f 8/80/68 113/81/72 114/82/73 110/83/69
f 8/76/68 112/79/71 115/84/74 116/85/75
f 8/86/68 117/87/76 118/88/77 113/89/72
f 8/86/68 116/90/75 119/91/78 117/87/76
f 9/92/79 120/93/80 121/94/81 122/95/82
f 9/92/79 122/95/82 123/96/83 124/97/84
f 9/92/79 124/97/84 125/98/85 126/99/86
f 9/92/79 126/99/86 127/100/87 128/101/88
f 9/92/79 128/101/88 129/102/89 120/93/80
f 10/103/90 130/104/91 131/105/92 132/106/93
f 10/103/90 132/106/93 133/107/94 134/108/95
f 10/103/90 134/108/95 135/109/96 107/71/63
f 10/103/90 136/110/97 137/111/98 130/104/91
f 10/103/90 107/71/63 106/70/62 136/110/97
f 11/12/10 60/11/9 138/112/99 139/113/100
f 11/13/10 139/114/100 140/115/101 141/116/102
f 11/13/10 141/116/102 142/117/103 61/14/11
f 12/118/104 143/119/105 144/120/106 145/121/107
f 12/118/104 145/121/107 146/122/108 147/123/109
f 12/118/104 147/123/109 148/124/110 149/125/111
f 12/118/104 150/126/112 151/127/113 143/119/105
f 12/118/104 149/125/111 152/128/114 150/126/112
f 13/22/19 154/129/115 155/130/116 156/131/117
f 13/22/19 67/21/18 157/132/118 154/129/115
f 13/22/19 156/131/117 158/133/119 153/75/67
f 14/134/120 159/135/121 160/136/122 161/137/123
f 14/138/120 162/139/124 163/140/125 164/141/126
f 14/138/120 165/142/127 166/143/128 162/139/124
f 14/138/120 161/144/123 167/145/129 165/142/127
f 15/146/130 168/147/131 169/148/132 170/149/133
f 15/146/130 171/150/134 172/151/135 168/147/131
f 15/146/130 170/149/133 173/152/136 171/150/134
f 16/153/137 174/154/138 17/155/139 175/156/140
f 16/153/137 175/156/140 176/157/141 177/158/142
f 16/153/137 177/159/142 178/160/143 174/154/138
f 17/155/139 174/154/138 179/161/144 180/162/145
f 17/155/139 180/162/145 181/163/146 175/156/140
f 18/164/147 182/165/148 183/166/149 184/167/150
f 18/168/147 185/169/151 186/170/152 182/171/148
f 18/168/147 184/172/150 187/173/153 185/169/151
f 19/174/154 188/175/155 189/176/156 190/177/157
f 19/178/154 191/179/158 192/180/159 188/181/155
f 19/178/154 190/182/157 193/183/160 191/179/158
f 20/184/161 194/185/162 195/186/163 196/187/164
f 20/184/161 125/98/85 124/97/84 194/185/162
f 20/184/161 196/187/164 44/188/165 197/189/166
f 21/190/167 198/191/168 199/192/169 200/193/170
f 21/190/167 201/194/171 202/195/172 198/191/168
f 21/190/167 200/193/170 203/196/173 201/194/171
f 22/197/174 204/198/175 205/199/176 206/200/177
f 22/197/174 206/200/177 42/201/178 207/202/179
f 22/197/174 207/202/179 208/203/180 204/198/175
f 23/204/181 209/205/182 210/206/183 211/207/184
f 23/204/181 211/207/184 212/208/185 213/209/186
f 23/204/181 213/209/186 214/210/187 209/205/182
f 24/211/188 215/212/189 216/213/190 217/214/191
f 24/211/188 218/215/192 219/216/193 215/212/189
f 24/211/188 217/214/191 220/217/194 218/215/192
f 25/218/195 221/219/196 222/220/197 223/221/198
f 25/218/195 223/221/198 224/222/199 225/223/200
f 25/218/195 225/223/200 226/224/201 221/219/196
f 26/225/202 227/226/203 228/227/204 229/228/205
f 26/229/206 230/230/207 231/231/208 227/232/209
f 26/229/206 229/233/210 232/234/211 230/230/207
f 27/235/212 233/236/213 234/237/214 235/238/215
f 27/235/212 235/238/215 236/239/216 237/240/217
f 27/241/212 237/242/217 28/243/218 233/244/213
f 28/243/218 238/245/219 239/246/220 233/244/213
f 28/243/218 237/242/217 240/247/221 238/245/219
f 29/248/222 241/249/223 242/250/224 243/251/225
f 29/252/222 244/253/226 30/254/227 241/255/223
f 29/248/222 243/251/225 245/256/228 244/257/226
f 30/254/227 246/258/229 247/259/230 241/255/223
f 30/254/227 244/253/226 248/260/231 246/258/229
f 31/261/232 249/262/233 250/263/234 251/264/235
f 31/265/236 251/266/237 223/221/198 222/220/197
f 31/261/232 222/267/238 252/268/239 249/262/233
f 32/269/240 253/270/241 254/271/242 255/272/243
f 32/273/244 256/274/245 257/275/246 253/276/247
f 32/269/240 255/272/243 258/277/248 256/278/249
f 33/279/250 259/280/251 260/281/252 261/282/253
f 33/279/250 262/283/254 263/284/255 259/280/251
f 33/285/250 261/286/253 264/287/256 262/288/254
f 34/289/257 265/290/258 266/291/259 267/292/260
f 34/293/257 267/294/260 268/295/261 269/296/262
f 34/289/257 269/297/262 270/298/263 265/290/258
f 35/299/264 268/295/261 271/300/265 272/301/266
f 35/299/264 273/302/267 269/296/262 268/295/261
f 35/299/264 272/301/266 274/303/268 273/302/267
f 36/304/269 275/305/270 276/306/271 277/307/272
f 36/304/269 278/308/273 279/309/274 275/305/270
f 36/304/269 277/307/272 280/310/275 278/308/273
f 37/311/276 281/312/277 282/313/278 283/314/279
f 37/311/276 284/315/280 285/316/281 281/312/277
f 37/311/276 286/317/282 287/318/283 284/315/280
f 37/311/276 288/319/284 289/320/285 286/317/282
f 37/311/276 283/314/279 290/321/286 288/319/284
f 38/322/287 291/323/288 39/324/289 292/325/290
f 38/322/287 293/326/291 294/327/292 291/323/288
f 38/322/287 292/325/290 295/328/293 296/329/294
f 38/322/287 296/329/294 297/330/295 298/331/296
f 38/322/287 298/331/296 299/332/297 293/326/291
f 39/324/289 300/333/298 301/334/299 292/325/290
f 39/324/289 291/323/288 302/335/300 300/333/298
f 40/336/301 303/337/302 304/338/303 305/339/304
f 40/336/301 305/339/304 306/340/305 307/341/306
f 40/342/301 307/343/306 308/344/307 303/345/302
f 41/346/308 183/166/149 182/165/148 309/347/309
f 41/346/308 309/347/309 310/348/310 311/349/311
f 41/346/308 311/349/311 312/350/312 183/166/149
f 42/201/178 313/351/313 314/352/314 207/202/179
f 42/201/178 206/200/177 315/353/315 313/351/313
f 43/354/316 316/355/317 317/356/318 318/357/319
f 43/354/316 319/358/320 320/359/321 316/355/317
f 43/354/316 318/357/319 321/360/322 322/361/323
f 43/354/316 323/362/324 324/363/325 319/358/320
f 43/354/316 322/361/323 95/58/50 325/364/326
f 44/188/165 196/187/164 326/365/327 327/366/328
f 44/188/165 328/367/329 329/368/330 330/369/331
f 44/188/165 327/366/328 331/370/332 328/367/329
f 44/188/165 330/369/331 332/371/333 197/189/166
f 45/372/334 333/373/335 334/374/336 335/375/337
f 45/372/334 335/375/337 336/376/338 49/377/339
f 45/378/334 49/379/339 337/380/340 338/381/341
f 45/378/334 338/381/341 339/382/342 340/383/343
f 45/378/334 340/383/343 341/384/344 333/385/335
f 46/386/345 342/387/346 343/388/347 344/389/348
f 46/390/345 345/391/349 346/392/350 342/393/346
f 46/394/345 344/395/348 347/396/351 348/397/352
f 46/398/345 348/399/352 141/116/102 140/115/101
f 46/390/345 140/400/101 349/401/353 345/391/349
f 47/402/354 350/403/355 351/404/356 352/405/357
f 47/402/354 352/405/357 87/49/41 353/406/358
f 47/402/354 354/407/359 355/408/360 356/409/361
f 47/402/354 353/406/358 357/410/362 354/407/359
f 48/411/363 358/412/364 359/413/365 360/414/366
f 48/415/363 360/416/366 361/417/367 362/418/368
f 48/411/363 111/78/70 363/419/369 358/412/364
f 48/411/363 364/420/370 112/79/71 111/78/70
f 49/379/339 365/421/371 366/422/372 337/380/340
f 49/377/339 336/376/338 367/423/373 368/424/374
f 49/377/339 368/424/374 369/425/375 365/426/371
f 43/354/316 325/364/326 370/427/376 323/362/324
f 50/428/377 371/429/378 372/430/379 373/431/380
f 50/428/377 374/432/381 375/433/382 371/429/378
f 50/434/377 376/435/383 377/436/384 374/437/381
f 50/434/377 373/438/380 378/439/385 379/440/386
f 50/434/377 379/440/386 380/441/387 376/435/383
f 51/442/388 381/443/389 382/444/390 383/445/391
f 51/446/388 383/447/391 384/448/392 385/449/393
f 51/442/388 163/140/125 162/139/124 381/443/389
f 52/450/394 386/451/395 387/452/396 388/453/397
f 52/450/394 388/453/397 389/454/398 390/455/399
f 52/456/394 391/457/400 392/458/401 386/459/395
f 52/450/394 390/455/399 393/460/402 394/461/403
f 52/456/394 394/462/403 129/102/89 391/457/400
f 1636/463/404 397/464/405 396/465/406 1635/466/407
f 1827/467/408 1636/463/404 1635/466/407 1826/468/409
f 401/469/410 402/470/411 403/471/412 398/472/413
f 1909/473/414 1827/474/408 1826/475/409 1835/476/415
f 401/469/410 405/477/416 406/478/417 402/470/411
f 406/478/417 407/479/418 408/480/419 402/470/411
f 406/478/417 405/477/416 409/481/420 410/482/421
f 406/478/417 410/482/421 411/483/422 407/479/418
f 411/483/422 412/484/423 413/485/424 407/479/418
f 411/483/422 410/482/421 414/486/425 415/487/426
f 411/483/422 415/487/426 416/488/427 412/484/423
f 416/488/427 417/489/428 418/490/429 412/484/423
f 416/488/427 415/487/426 419/491/430 420/492/431
f 416/488/427 420/492/431 421/493/432 417/489/428
f 421/493/432 422/494/433 423/495/434 417/489/428
f 421/493/432 420/492/431 424/496/435 425/497/436
f 421/493/432 425/497/436 302/335/300 422/494/433
f 425/497/436 424/496/435 426/498/437 427/499/438
f 425/497/436 427/499/438 300/333/298 302/335/300
f 427/499/438 426/498/437 428/500/439 429/501/440
f 427/499/438 429/501/440 301/334/299 300/333/298
f 429/501/440 428/500/439 430/502/441 431/503/442
f 429/501/440 431/503/442 432/504/443 301/334/299
f 432/504/443 295/328/293 292/325/290 301/334/299
f 432/504/443 431/503/442 433/505/444 434/506/445
f 432/504/443 434/506/445 435/507/446 295/328/293
f 435/507/446 436/508/447 296/329/294 295/328/293
f 435/507/446 434/506/445 437/509/448 438/510/449
f 435/507/446 438/510/449 439/511/450 436/508/447
f 439/511/450 440/512/451 441/513/452 436/508/447
f 439/511/450 438/510/449 442/514/453 443/515/454
f 439/511/450 443/515/454 444/516/455 440/512/451
f 444/516/455 445/517/456 446/518/457 440/512/451
f 444/516/455 443/515/454 447/519/458 448/520/459
f 444/516/455 448/520/459 449/521/460 445/517/456
f 449/521/460 450/522/461 451/523/462 445/517/456
f 449/521/460 448/520/459 452/524/463 453/525/464
f 449/521/460 453/525/464 454/526/465 450/522/461
f 454/526/465 455/527/466 456/528/467 450/522/461
f 454/526/465 453/525/464 457/529/468 458/530/469
f 454/526/465 458/530/469 459/531/470 455/527/466
f 459/531/470 460/532/471 461/533/472 455/527/466
f 459/531/470 458/530/469 462/534/473 463/535/474
f 459/531/470 463/535/474 464/536/475 460/532/471
f 464/536/475 465/537/476 466/538/477 460/532/471
f 464/539/475 463/540/474 467/541/478 468/542/479
f 464/539/475 468/542/479 469/543/480 465/544/476
f 469/543/480 470/545/481 471/546/482 465/544/476
f 469/543/480 468/542/479 472/547/483 473/548/484
f 469/543/480 473/548/484 474/549/485 470/545/481
f 474/549/485 475/550/486 476/551/487 470/545/481
f 474/549/485 473/548/484 477/552/488 478/553/489
f 474/549/485 478/553/489 479/554/490 475/550/486
f 479/554/490 480/555/491 481/556/492 475/550/486
f 479/554/490 478/553/489 482/557/493 483/558/494
f 479/554/490 483/558/494 484/559/495 480/555/491
f 484/559/495 485/560/496 486/561/497 480/555/491
f 484/559/495 483/558/494 285/316/281 284/315/280
f 484/559/495 284/315/280 287/318/283 485/560/496
f 486/561/497 487/562/498 488/563/499 489/564/500
f 486/561/497 489/564/500 481/556/492 480/555/491
f 486/561/497 485/560/496 490/565/501 487/562/498
f 490/565/501 375/433/382 491/566/502 487/562/498
f 490/565/501 485/560/496 287/318/283 492/567/503
f 490/565/501 492/567/503 371/429/378 375/433/382
f 492/567/503 287/318/283 286/317/282 493/568/504
f 492/567/503 493/568/504 372/430/379 371/429/378
f 493/568/504 286/317/282 289/320/285 494/569/505
f 493/568/504 494/569/505 495/570/506 372/430/379
f 495/570/506 496/571/507 497/572/508 498/573/509
f 495/570/506 498/573/509 373/431/380 372/430/379
f 495/570/506 494/569/505 499/574/510 496/571/507
f 499/574/510 500/575/511 501/576/512 496/571/507
f 499/574/510 494/569/505 289/320/285 502/577/513
f 499/574/510 502/577/513 503/578/514 500/575/511
f 503/578/514 504/579/515 505/580/516 500/575/511
f 503/578/514 502/577/513 506/581/517 507/582/518
f 503/578/514 507/582/518 508/583/519 504/579/515
f 508/583/519 509/584/520 510/585/521 504/579/515
f 508/583/519 507/582/518 511/586/522 512/587/523
f 508/583/519 512/587/523 513/588/524 509/584/520
f 513/588/524 514/589/525 515/590/526 509/584/520
f 513/588/524 512/587/523 516/591/527 517/592/528
f 513/588/524 517/592/528 518/593/529 514/589/525
f 518/593/529 519/594/530 520/595/531 514/589/525
f 518/593/529 517/592/528 521/596/532 522/597/533
f 518/593/529 522/597/533 523/598/534 519/594/530
f 523/598/534 524/599/535 525/600/536 519/594/530
f 523/598/534 522/597/533 526/601/537 527/602/538
f 523/598/534 527/602/538 528/603/539 524/599/535
f 528/603/539 529/604/540 530/605/541 524/599/535
f 528/603/539 527/602/538 531/606/542 532/607/543
f 528/603/539 532/607/543 533/608/544 529/604/540
f 533/608/544 534/609/545 535/610/546 529/604/540
f 533/608/544 532/607/543 536/611/547 537/612/548
f 533/608/544 537/612/548 538/613/549 534/609/545
f 538/613/549 539/614/550 540/615/551 534/609/545
f 538/613/549 537/612/548 541/616/552 542/617/553
f 538/613/549 542/617/553 543/618/554 539/614/550
f 543/618/554 544/619/555 545/620/556 539/614/550
f 543/618/554 542/617/553 546/621/557 547/622/558
f 543/618/554 547/622/558 548/623/559 544/619/555
f 548/623/559 549/624/560 550/625/561 544/619/555
f 548/623/559 547/622/558 551/626/562 552/627/563
f 548/623/559 552/627/563 553/628/564 549/624/560
f 553/628/564 554/629/565 555/630/566 549/624/560
f 553/628/564 552/627/563 556/631/567 557/632/568
f 553/628/564 557/632/568 558/633/569 554/629/565
f 558/633/569 559/634/570 382/444/390 554/629/565
f 558/633/569 557/632/568 560/635/571 561/636/572
f 558/633/569 561/636/572 562/637/573 559/634/570
f 562/637/573 563/638/574 564/639/575 559/634/570
f 562/637/573 561/636/572 565/640/576 566/641/577
f 562/637/573 566/641/577 567/642/578 563/638/574
f 567/643/578 568/644/579 569/645/580 563/646/574
f 567/642/578 566/641/577 570/647/581 571/648/582
f 567/643/578 571/649/582 572/650/583 568/644/579
f 572/650/583 573/651/584 574/652/585 568/644/579
f 572/650/583 571/649/582 575/653/586 576/654/587
f 572/650/583 576/654/587 577/655/588 573/651/584
f 577/655/588 578/656/589 579/657/590 573/651/584
f 577/655/588 576/654/587 118/88/77 580/658/591
f 577/655/588 580/658/591 581/659/592 578/656/589
f 581/659/592 582/660/593 583/661/594 578/656/589
f 581/659/592 580/658/591 584/662/595 585/663/596
f 581/659/592 585/663/596 586/664/597 582/660/593
f 586/664/597 587/665/598 588/666/599 582/660/593
f 586/664/597 585/663/596 589/667/600 590/668/601
f 586/664/597 590/668/601 591/669/602 587/665/598
f 591/669/602 592/670/603 593/671/604 587/665/598
f 591/672/602 590/673/601 594/674/605 595/675/606
f 591/672/602 595/675/606 596/676/607 592/677/603
f 596/676/607 597/678/608 598/679/609 592/677/603
f 596/676/607 595/675/606 599/680/610 600/681/611
f 596/676/607 600/681/611 601/682/612 597/678/608
f 601/682/612 602/683/613 603/684/614 597/678/608
f 601/682/612 600/681/611 604/685/615 605/686/616
f 601/682/612 605/686/616 606/687/617 602/683/613
f 606/687/617 607/688/618 608/689/619 602/683/613
f 606/687/617 605/686/616 609/690/620 610/691/621
f 606/687/617 610/691/621 611/692/622 607/688/618
f 611/692/622 610/691/621 612/693/623 613/694/624
f 613/694/624 612/693/623 614/695/625 615/696/626
f 615/696/626 614/695/625 616/697/627 617/698/628
f 617/698/628 616/697/627 618/699/629 619/700/630
f 619/700/630 618/699/629 620/701/631 621/702/632
f 623/703/633 622/704/634 624/705/635 603/684/614
f 623/703/633 603/684/614 602/683/613 608/689/619
f 624/706/635 622/707/634 621/702/632 620/701/631
f 624/706/635 620/701/631 625/708/636 598/709/609
f 624/705/635 598/679/609 597/678/608 603/684/614
f 625/708/636 620/701/631 618/699/629 626/710/637
f 625/708/636 626/710/637 627/711/638 593/671/604
f 625/708/636 593/671/604 592/670/603 598/709/609
f 627/711/638 626/710/637 628/712/639 629/713/640
f 627/711/638 629/713/640 630/714/641 588/666/599
f 627/711/638 588/666/599 587/665/598 593/671/604
f 630/714/641 629/713/640 631/715/642 632/716/643
f 630/714/641 632/716/643 633/717/644 583/661/594
f 630/714/641 583/661/594 582/660/593 588/666/599
f 633/717/644 632/716/643 634/718/645 635/719/646
f 633/717/644 635/719/646 636/720/647 579/657/590
f 633/717/644 579/657/590 578/656/589 583/661/594
f 636/720/647 635/719/646 637/721/648 638/722/649
f 636/720/647 638/722/649 639/723/650 574/652/585
f 636/720/647 574/652/585 573/651/584 579/657/590
f 639/723/650 638/722/649 640/724/651 641/725/652
f 639/723/650 641/725/652 642/726/653 569/645/580
f 639/723/650 569/645/580 568/644/579 574/652/585
f 642/726/653 641/725/652 643/727/654 384/448/392
f 642/726/653 384/448/392 383/447/391 564/728/575
f 642/726/653 564/728/575 563/646/574 569/645/580
f 643/727/654 644/729/655 645/730/656 646/731/657
f 643/727/654 646/731/657 385/449/393 384/448/392
f 643/727/654 641/725/652 640/724/651 644/729/655
f 646/731/657 645/730/656 589/732/600 647/733/658
f 646/731/657 647/733/658 119/734/78 385/449/393
f 647/735/658 589/667/600 585/663/596 584/662/595
f 647/735/658 584/662/595 117/87/76 119/91/78
f 645/730/656 594/674/605 590/673/601 589/732/600
f 645/730/656 644/729/655 648/736/659 594/674/605
f 648/736/659 599/680/610 595/675/606 594/674/605
f 648/736/659 644/729/655 640/724/651 649/737/660
f 648/736/659 649/737/660 650/738/661 599/680/610
f 650/738/661 604/685/615 600/681/611 599/680/610
f 650/738/661 649/737/660 637/721/648 651/739/662
f 650/738/661 651/739/662 652/740/663 604/685/615
f 652/740/663 609/690/620 605/686/616 604/685/615
f 652/740/663 651/739/662 634/718/645 653/741/664
f 652/740/663 653/741/664 654/742/665 609/690/620
f 654/742/665 612/693/623 610/691/621 609/690/620
f 654/742/665 653/741/664 631/715/642 655/743/666
f 654/742/665 655/743/666 614/695/625 612/693/623
f 655/743/666 631/715/642 629/713/640 628/712/639
f 655/743/666 628/712/639 616/697/627 614/695/625
f 653/741/664 634/718/645 632/716/643 631/715/642
f 651/739/662 637/721/648 635/719/646 634/718/645
f 649/737/660 640/724/651 638/722/649 637/721/648
f 628/712/639 626/710/637 618/699/629 616/697/627
f 584/662/595 580/658/591 118/88/77 117/87/76
f 576/654/587 575/653/586 113/89/72 118/88/77
f 575/744/586 571/648/582 570/647/581 656/745/667
f 575/744/586 656/745/667 114/82/73 113/81/72
f 656/745/667 570/647/581 657/746/668 658/747/669
f 656/745/667 658/747/669 659/748/670 114/82/73
f 659/748/670 658/747/669 660/749/671 661/750/672
f 659/748/670 661/750/672 662/751/673 663/752/674
f 659/748/670 663/752/674 110/83/69 114/82/73
f 663/753/674 662/754/673 664/755/675 363/419/369
f 663/753/674 363/419/369 111/78/70 110/77/69
f 664/755/675 662/754/673 665/756/676 666/757/677
f 664/755/675 666/757/677 667/758/678 668/759/679
f 664/755/675 668/759/679 358/412/364 363/419/369
f 668/759/679 667/758/678 669/760/680 670/761/681
f 668/759/679 670/761/681 359/413/365 358/412/364
f 670/761/681 669/760/680 671/762/682 672/763/683
f 670/761/681 672/763/683 673/764/684 359/413/365
f 673/764/684 674/765/685 360/414/366 359/413/365
f 673/764/684 672/763/683 675/766/686 676/767/687
f 673/764/684 676/767/687 677/768/688 674/765/685
f 677/769/688 678/770/689 679/771/690 674/772/685
f 677/768/688 676/767/687 680/773/691 681/774/692
f 677/769/688 681/775/692 682/776/693 678/770/689
f 682/776/693 683/777/694 684/778/695 678/770/689
f 682/776/693 681/775/692 685/779/696 686/780/697
f 682/776/693 686/780/697 687/781/698 683/777/694
f 687/781/698 688/782/699 689/783/700 683/777/694
f 687/781/698 686/780/697 690/784/701 691/785/702
f 687/781/698 691/785/702 692/786/703 688/782/699
f 692/786/703 693/787/704 694/788/705 688/782/699
f 692/786/703 691/785/702 695/789/706 696/790/707
f 692/786/703 696/790/707 697/791/708 693/787/704
f 697/791/708 698/792/709 699/793/710 693/787/704
f 697/791/708 696/790/707 700/794/711 701/795/712
f 697/791/708 701/795/712 702/796/713 698/792/709
f 702/796/713 703/797/714 704/798/715 698/792/709
f 702/796/713 701/795/712 705/799/716 706/800/717
f 702/796/713 706/800/717 707/801/718 703/797/714
f 707/801/718 708/802/719 231/231/208 703/797/714
f 707/801/718 706/800/717 709/803/720 710/804/721
f 707/801/718 710/804/721 711/805/722 708/802/719
f 711/805/722 221/806/723 226/807/724 708/802/719
f 711/808/722 710/809/721 712/810/725 252/268/239
f 711/808/722 252/268/239 222/267/238 221/811/723
f 712/810/725 710/809/721 709/812/720 713/813/726
f 712/810/725 713/813/726 714/814/727 715/815/728
f 712/810/725 715/815/728 249/262/233 252/268/239
f 715/815/728 714/814/727 716/816/729 717/817/730
f 715/815/728 717/817/730 250/263/234 249/262/233
f 717/817/730 716/816/729 718/818/731 719/819/732
f 717/817/730 719/819/732 720/820/733 250/263/234
f 720/820/733 721/821/734 251/264/235 250/263/234
f 720/820/733 719/819/732 722/822/735 254/271/242
f 720/820/733 254/271/242 253/270/241 721/821/734
f 722/822/735 719/819/732 718/818/731 723/823/736
f 722/822/735 723/823/736 724/824/737 725/825/738
f 722/822/735 725/825/738 255/272/243 254/271/242
f 725/825/738 724/824/737 726/826/739 727/827/740
f 725/825/738 727/827/740 258/277/248 255/272/243
f 727/827/740 726/826/739 699/793/710 728/828/741
f 727/827/740 728/828/741 232/234/211 258/277/248
f 728/828/741 699/793/710 698/792/709 704/798/715
f 728/828/741 704/798/715 230/230/207 232/234/211
f 726/826/739 724/824/737 729/829/742 694/788/705
f 726/826/739 694/788/705 693/787/704 699/793/710
f 729/829/742 724/824/737 723/823/736 730/830/743
f 729/829/742 730/830/743 731/831/744 689/783/700
f 729/829/742 689/783/700 688/782/699 694/788/705
f 731/831/744 730/830/743 732/832/745 733/833/746
f 731/831/744 733/833/746 734/834/747 684/778/695
f 731/831/744 684/778/695 683/777/694 689/783/700
f 734/834/747 733/833/746 735/835/748 736/836/749
f 734/834/747 736/836/749 361/417/367 679/771/690
f 734/834/747 679/771/690 678/770/689 684/778/695
f 736/836/749 735/835/748 737/837/750 738/838/751
f 736/836/749 738/838/751 362/418/368 361/417/367
f 738/838/751 737/837/750 739/839/752 740/840/753
f 738/838/751 740/840/753 741/841/754 362/418/368
f 741/841/754 740/840/753 742/842/755 743/843/756
f 741/841/754 743/843/756 744/844/757 364/845/370
f 741/841/754 364/845/370 48/415/363 362/418/368
f 744/846/757 743/847/756 745/848/758 164/849/126
f 744/850/757 164/141/126 163/140/125 115/851/74
f 744/852/757 115/84/74 112/79/71 364/420/370
f 745/848/758 746/853/759 747/854/760 159/135/121
f 745/848/758 159/135/121 14/134/120 164/849/126
f 745/848/758 743/847/756 742/855/755 746/853/759
f 747/854/760 700/794/711 696/790/707 695/789/706
f 747/854/760 695/789/706 160/136/122 159/135/121
f 747/854/760 746/853/759 748/856/761 700/794/711
f 748/856/761 705/799/716 701/795/712 700/794/711
f 748/856/761 746/853/759 742/855/755 749/857/762
f 748/856/761 749/857/762 750/858/763 705/799/716
f 750/858/763 709/803/720 706/800/717 705/799/716
f 750/859/763 749/860/762 739/839/752 751/861/764
f 750/859/763 751/861/764 713/813/726 709/812/720
f 751/861/764 739/839/752 737/837/750 752/862/765
f 751/861/764 752/862/765 714/814/727 713/813/726
f 752/862/765 737/837/750 735/835/748 753/863/766
f 752/862/765 753/863/766 716/816/729 714/814/727
f 753/863/766 735/835/748 733/833/746 732/832/745
f 753/863/766 732/832/745 718/818/731 716/816/729
f 749/860/762 742/842/755 740/840/753 739/839/752
f 732/832/745 730/830/743 723/823/736 718/818/731
f 721/864/767 224/222/199 223/221/198 251/266/237
f 721/864/767 253/276/247 257/275/246 224/222/199
f 708/802/719 226/807/724 227/232/209 231/231/208
f 704/798/715 703/797/714 231/231/208 230/230/207
f 695/789/706 691/785/702 690/784/701 160/136/122
f 690/784/701 686/780/697 685/779/696 754/865/768
f 690/784/701 754/865/768 161/137/123 160/136/122
f 754/866/768 685/867/696 755/868/769 756/869/770
f 754/866/768 756/869/770 167/145/129 161/144/123
f 756/869/770 755/868/769 757/870/771 758/871/772
f 756/869/770 758/871/772 759/872/773 167/145/129
f 759/872/773 758/871/772 760/873/774 761/874/775
f 759/872/773 761/874/775 545/620/556 762/875/776
f 759/872/773 762/875/776 165/142/127 167/145/129
f 762/875/776 545/620/556 544/619/555 550/625/561
f 762/875/776 550/625/561 166/143/128 165/142/127
f 761/874/775 760/873/774 763/876/777 540/615/551
f 761/874/775 540/615/551 539/614/550 545/620/556
f 763/876/777 760/873/774 764/877/778 765/878/779
f 763/876/777 765/878/779 766/879/780 535/610/546
f 763/876/777 535/610/546 534/609/545 540/615/551
f 766/879/780 765/878/779 767/880/781 768/881/782
f 766/879/780 768/881/782 769/882/783 530/605/541
f 766/879/780 530/605/541 529/604/540 535/610/546
f 769/882/783 768/881/782 770/883/784 771/884/785
f 769/882/783 771/884/785 772/885/786 525/600/536
f 769/882/783 525/600/536 524/599/535 530/605/541
f 772/885/786 771/884/785 773/886/787 774/887/788
f 772/885/786 774/887/788 775/888/789 520/595/531
f 772/885/786 520/595/531 519/594/530 525/600/536
f 775/888/789 774/887/788 776/889/790 777/890/791
f 775/888/789 777/890/791 778/891/792 515/590/526
f 775/888/789 515/590/526 514/589/525 520/595/531
f 778/891/792 777/890/791 779/892/793 780/893/794
f 778/891/792 780/893/794 781/894/795 510/585/521
f 778/891/792 510/585/521 509/584/520 515/590/526
f 781/894/795 780/893/794 782/895/796 783/896/797
f 781/894/795 783/896/797 784/897/798 505/580/516
f 781/894/795 505/580/516 504/579/515 510/585/521
f 784/897/798 783/896/797 785/898/799 786/899/800
f 784/897/798 786/899/800 787/900/801 501/576/512
f 784/897/798 501/576/512 500/575/511 505/580/516
f 787/901/801 786/902/800 788/903/802 789/904/803
f 787/901/801 789/904/803 790/905/804 497/906/508
f 787/900/801 497/572/508 496/571/507 501/576/512
f 790/905/804 789/904/803 791/907/805 792/908/806
f 790/905/804 792/908/806 793/909/807 794/910/808
f 790/905/804 794/910/808 498/911/509 497/906/508
f 794/910/808 793/909/807 795/912/809 378/439/385
f 794/910/808 378/439/385 373/438/380 498/911/509
f 795/912/809 793/909/807 796/913/810 797/914/811
f 795/912/809 797/914/811 798/915/812 799/916/813
f 795/912/809 799/916/813 379/440/386 378/439/385
f 799/916/813 798/915/812 800/917/814 801/918/815
f 799/916/813 801/918/815 380/441/387 379/440/386
f 801/918/815 800/917/814 802/919/816 803/920/817
f 801/918/815 803/920/817 804/921/818 380/441/387
f 804/921/818 803/920/817 805/922/819 350/403/355
f 804/921/818 350/403/355 47/402/354 356/409/361
f 804/921/818 356/409/361 376/435/383 380/441/387
f 805/922/819 803/920/817 802/919/816 806/923/820
f 805/922/819 806/923/820 807/924/821 808/925/822
f 805/922/819 808/925/822 351/404/356 350/403/355
f 808/925/822 807/924/821 809/926/823 810/927/824
f 808/925/822 810/927/824 811/928/825 351/404/356
f 811/928/825 810/927/824 812/929/826 813/930/827
f 811/928/825 813/930/827 814/931/828 815/932/829
f 811/928/825 815/932/829 352/405/357 351/404/356
f 815/932/829 814/931/828 84/46/38 83/45/37
f 815/932/829 83/45/37 87/49/41 352/405/357
f 814/931/828 813/930/827 816/933/830 817/934/831
f 814/931/828 817/934/831 818/935/832 84/46/38
f 818/935/832 817/934/831 819/936/833 820/937/834
f 818/935/832 820/937/834 821/938/835 822/939/836
f 818/935/832 822/939/836 81/43/35 84/46/38
f 822/939/836 821/938/835 823/940/837 824/941/838
f 822/939/836 824/941/838 82/44/36 81/43/35
f 824/942/838 823/943/837 825/944/839 826/945/840
f 824/942/838 826/945/840 827/946/841 82/947/36
f 827/946/841 828/948/842 78/949/32 82/947/36
f 827/946/841 826/945/840 829/950/843 148/124/110
f 827/946/841 148/124/110 147/123/109 828/948/842
f 829/950/843 826/945/840 825/944/839 830/951/844
f 829/950/843 830/951/844 831/952/845 832/953/846
f 829/950/843 832/953/846 149/125/111 148/124/110
f 832/953/846 831/952/845 833/954/847 834/955/848
f 832/953/846 834/955/848 152/128/114 149/125/111
f 834/955/848 833/954/847 835/956/849 836/957/850
f 834/955/848 836/957/850 837/958/851 152/128/114
f 837/958/851 838/959/852 150/126/112 152/128/114
f 837/958/851 836/957/850 839/960/853 840/961/854
f 837/958/851 840/961/854 841/962/855 838/959/852
f 841/962/855 842/963/856 843/964/857 838/959/852
f 841/962/855 840/961/854 844/965/858 845/966/859
f 841/962/855 845/966/859 846/967/860 842/963/856
f 846/967/860 327/366/328 326/365/327 842/963/856
f 846/967/860 845/966/859 847/968/861 848/969/862
f 846/967/860 848/969/862 331/370/332 327/366/328
f 848/969/862 847/968/861 849/970/863 850/971/864
f 848/969/862 850/971/864 851/972/865 331/370/332
f 851/972/865 852/973/866 328/367/329 331/370/332
f 851/972/865 850/971/864 853/974/867 854/975/868
f 851/972/865 854/975/868 855/976/869 852/973/866
f 855/976/869 94/57/49 856/977/870 852/973/866
f 855/976/869 854/975/868 857/978/871 858/979/872
f 855/976/869 858/979/872 91/54/46 94/57/49
f 858/979/872 857/978/871 859/980/873 860/981/874
f 858/979/872 860/981/874 92/55/47 91/54/46
f 860/981/874 859/980/873 861/982/875 862/983/876
f 860/981/874 862/983/876 863/984/877 92/55/47
f 863/984/877 864/985/878 88/51/43 92/55/47
f 863/984/877 862/983/876 802/919/816 800/917/814
f 863/984/877 800/917/814 798/915/812 864/985/878
f 864/985/878 865/986/879 89/52/44 88/51/43
f 864/985/878 798/915/812 797/914/811 865/986/879
f 865/986/879 866/987/880 867/988/881 89/52/44
f 865/986/879 797/914/811 796/913/810 866/987/880
f 867/988/881 868/989/882 869/990/883 870/991/884
f 867/988/881 870/991/884 90/53/45 89/52/44
f 867/988/881 866/987/880 871/992/885 868/989/882
f 871/992/885 872/993/886 873/994/887 868/989/882
f 871/992/885 866/987/880 796/913/810 874/995/888
f 871/992/885 874/995/888 875/996/889 872/993/886
f 875/996/889 876/997/890 877/998/891 872/993/886
f 875/996/889 874/995/888 792/908/806 791/907/805
f 875/996/889 791/907/805 878/999/892 876/997/890
f 878/999/892 879/1000/893 880/1001/894 876/997/890
f 878/999/892 791/907/805 789/904/803 788/903/802
f 878/999/892 788/903/802 881/1002/895 879/1000/893
f 881/1002/895 882/1003/896 883/1004/897 879/1000/893
f 881/1002/895 788/903/802 786/902/800 785/1005/799
f 881/1002/895 785/1005/799 884/1006/898 882/1003/896
f 884/1006/898 885/1007/899 886/1008/900 882/1003/896
f 884/1009/898 785/898/799 783/896/797 782/895/796
f 884/1009/898 782/895/796 887/1010/901 885/1011/899
f 887/1010/901 888/1012/902 889/1013/903 885/1011/899
f 887/1010/901 782/895/796 780/893/794 779/892/793
f 887/1010/901 779/892/793 890/1014/904 888/1012/902
f 890/1014/904 891/1015/905 892/1016/906 888/1012/902
f 890/1014/904 779/892/793 777/890/791 776/889/790
f 890/1014/904 776/889/790 893/1017/907 891/1015/905
f 893/1017/907 894/1018/908 895/1019/909 891/1015/905
f 893/1017/907 776/889/790 774/887/788 773/886/787
f 893/1017/907 773/886/787 896/1020/910 894/1018/908
f 896/1020/910 897/1021/911 898/1022/912 894/1018/908
f 896/1020/910 773/886/787 771/884/785 770/883/784
f 896/1020/910 770/883/784 899/1023/913 897/1021/911
f 899/1023/913 900/1024/914 671/762/682 897/1021/911
f 899/1023/913 770/883/784 768/881/782 767/880/781
f 899/1023/913 767/880/781 901/1025/915 900/1024/914
f 901/1025/915 902/1026/916 675/766/686 900/1024/914
f 901/1025/915 767/880/781 765/878/779 764/877/778
f 901/1025/915 764/877/778 757/870/771 902/1026/916
f 902/1026/916 680/773/691 676/767/687 675/766/686
f 902/1026/916 757/870/771 755/868/769 680/773/691
f 900/1024/914 675/766/686 672/763/683 671/762/682
f 898/1022/912 669/760/680 667/758/678 903/1027/917
f 898/1022/912 903/1027/917 895/1019/909 894/1018/908
f 898/1022/912 897/1021/911 671/762/682 669/760/680
f 903/1027/917 667/758/678 666/757/677 904/1028/918
f 903/1027/917 904/1028/918 905/1029/919 895/1019/909
f 905/1029/919 904/1028/918 906/1030/920 907/1031/921
f 905/1029/919 907/1031/921 908/1032/922 892/1016/906
f 905/1029/919 892/1016/906 891/1015/905 895/1019/909
f 908/1033/922 907/1034/921 909/1035/923 910/1036/924
f 908/1033/922 910/1036/924 911/1037/925 889/1038/903
f 908/1032/922 889/1013/903 888/1012/902 892/1016/906
f 911/1037/925 910/1036/924 912/1039/926 913/1040/927
f 911/1037/925 913/1040/927 914/1041/928 886/1008/900
f 911/1037/925 886/1008/900 885/1007/899 889/1038/903
f 914/1041/928 913/1040/927 915/1042/929 916/1043/930
f 914/1041/928 916/1043/930 917/1044/931 883/1004/897
f 914/1041/928 883/1004/897 882/1003/896 886/1008/900
f 917/1044/931 916/1043/930 918/1045/932 919/1046/933
f 917/1044/931 919/1046/933 920/1047/934 880/1001/894
f 917/1044/931 880/1001/894 879/1000/893 883/1004/897
f 920/1047/934 919/1046/933 921/1048/935 922/1049/936
f 920/1047/934 922/1049/936 923/1050/937 877/998/891
f 920/1047/934 877/998/891 876/997/890 880/1001/894
f 923/1050/937 922/1049/936 924/1051/938 925/1052/939
f 923/1050/937 925/1052/939 926/1053/940 873/994/887
f 923/1050/937 873/994/887 872/993/886 877/998/891
f 926/1053/940 925/1052/939 927/1054/941 928/1055/942
f 926/1053/940 928/1055/942 370/427/376 869/990/883
f 926/1053/940 869/990/883 868/989/882 873/994/887
f 928/1055/942 927/1054/941 929/1056/943 930/1057/944
f 928/1055/942 930/1057/944 323/362/324 370/427/376
f 930/1057/944 929/1056/943 931/1058/945 932/1059/946
f 930/1057/944 932/1059/946 324/363/325 323/362/324
f 932/1059/946 931/1058/945 933/1060/947 934/1061/948
f 932/1059/946 934/1061/948 935/1062/949 324/363/325
f 935/1062/949 934/1061/948 936/1063/950 937/1064/951
f 935/1062/949 937/1064/951 938/1065/952 939/1066/953
f 935/1062/949 939/1066/953 319/358/320 324/363/325
f 939/1066/953 938/1065/952 940/1067/954 941/1068/955
f 939/1066/953 941/1068/955 320/359/321 319/358/320
f 941/1068/955 940/1067/954 942/1069/956 943/1070/957
f 941/1068/955 943/1070/957 944/1071/958 320/359/321
f 944/1071/958 943/1070/957 945/1072/959 946/1073/960
f 944/1071/958 946/1073/960 947/1074/961 948/1075/962
f 944/1071/958 948/1075/962 316/355/317 320/359/321
f 948/1075/962 947/1074/961 949/1076/963 950/1077/964
f 948/1075/962 950/1077/964 317/356/318 316/355/317
f 950/1077/964 949/1076/963 951/1078/965 952/1079/966
f 950/1077/964 952/1079/966 953/1080/967 317/356/318
f 953/1080/967 954/1081/968 318/357/319 317/356/318
f 953/1080/967 952/1079/966 955/1082/969 956/1083/970
f 953/1080/967 956/1083/970 957/1084/971 954/1081/968
f 957/1084/971 958/1085/972 959/1086/973 954/1081/968
f 957/1084/971 956/1083/970 960/1087/974 961/1088/975
f 957/1084/971 961/1088/975 962/1089/976 958/1085/972
f 962/1089/976 963/1090/977 964/1091/978 958/1085/972
f 962/1089/976 961/1088/975 965/1092/979 966/1093/980
f 962/1089/976 966/1093/980 967/1094/981 963/1090/977
f 967/1094/981 968/1095/982 969/1096/983 963/1090/977
f 967/1094/981 966/1093/980 970/1097/984 971/1098/985
f 967/1094/981 971/1098/985 972/1099/986 968/1095/982
f 972/1099/986 973/1100/987 974/1101/988 968/1095/982
f 972/1099/986 971/1098/985 975/1102/989 976/1103/990
f 972/1099/986 976/1103/990 977/1104/991 973/1100/987
f 977/1104/991 978/1105/992 979/1106/993 973/1100/987
f 977/1104/991 976/1103/990 387/1107/396 386/1108/395
f 977/1104/991 386/1108/395 392/1109/401 978/1105/992
f 979/1106/993 980/1110/994 981/1111/995 982/1112/996
f 979/1106/993 982/1112/996 974/1101/988 973/1100/987
f 979/1106/993 978/1105/992 983/1113/997 980/1110/994
f 983/1113/997 984/1114/998 985/1115/999 980/1110/994
f 983/1113/997 978/1105/992 392/1109/401 986/1116/1000
f 983/1113/997 986/1116/1000 987/1117/1001 984/1114/998
f 987/1117/1001 988/1118/1002 989/1119/1003 984/1114/998
f 987/1120/1001 986/1121/1000 990/1122/1004 991/1123/1005
f 987/1120/1001 991/1123/1005 992/1124/1006 988/1125/1002
f 992/1124/1006 993/1126/1007 994/1127/1008 988/1125/1002
f 992/1124/1006 991/1123/1005 127/100/87 995/1128/1009
f 992/1124/1006 995/1128/1009 996/1129/1010 993/1126/1007
f 996/1129/1010 997/1130/1011 998/1131/1012 993/1126/1007
f 996/1129/1010 995/1128/1009 999/1132/1013 1000/1133/1014
f 996/1129/1010 1000/1133/1014 1001/1134/1015 997/1130/1011
f 1001/1134/1015 1002/1135/1016 1003/1136/1017 997/1130/1011
f 1001/1134/1015 1000/1133/1014 1004/1137/1018 1005/1138/1019
f 1001/1134/1015 1005/1138/1019 1006/1139/1020 1002/1135/1016
f 1006/1139/1020 1007/1140/1021 1008/1141/1022 1002/1135/1016
f 1006/1139/1020 1005/1138/1019 1009/1142/1023 1010/1143/1024
f 1006/1139/1020 1010/1143/1024 1011/1144/1025 1007/1140/1021
f 1011/1144/1025 1012/1145/1026 1013/1146/1027 1007/1140/1021
f 1011/1144/1025 1010/1143/1024 1014/1147/1028 1015/1148/1029
f 1011/1144/1025 1015/1148/1029 1016/1149/1030 1012/1145/1026
f 1016/1149/1030 1017/1150/1031 1018/1151/1032 1012/1145/1026
f 1016/1149/1030 1015/1148/1029 1019/1152/1033 1020/1153/1034
f 1016/1149/1030 1020/1153/1034 1021/1154/1035 1017/1150/1031
f 1021/1154/1035 1022/1155/1036 1023/1156/1037 1017/1150/1031
f 1021/1154/1035 1020/1153/1034 1024/1157/1038 1025/1158/1039
f 1021/1154/1035 1025/1158/1039 1026/1159/1040 1022/1155/1036
f 1026/1159/1040 1027/1160/1041 1028/1161/1042 1022/1155/1036
f 1026/1159/1040 1025/1158/1039 1029/1162/1043 1030/1163/1044
f 1026/1159/1040 1030/1163/1044 1031/1164/1045 1027/1160/1041
f 1031/1164/1045 1032/1165/1046 1033/1166/1047 1027/1160/1041
f 1031/1164/1045 1030/1163/1044 1034/1167/1048 1035/1168/1049
f 1031/1164/1045 1035/1168/1049 1036/1169/1050 1032/1165/1046
f 1036/1169/1050 1037/1170/1051 1038/1171/1052 1032/1165/1046
f 1036/1169/1050 1035/1168/1049 1039/1172/1053 1040/1173/1054
f 1036/1169/1050 1040/1173/1054 1041/1174/1055 1037/1170/1051
f 1041/1174/1055 1042/1175/1056 1043/1176/1057 1037/1170/1051
f 1041/1174/1055 1040/1173/1054 1044/1177/1058 1045/1178/1059
f 1041/1174/1055 1045/1178/1059 1046/1179/1060 1042/1175/1056
f 1046/1179/1060 1047/1180/1061 1048/1181/1062 1042/1175/1056
f 1046/1179/1060 1045/1178/1059 1049/1182/1063 1050/1183/1064
f 1046/1179/1060 1050/1183/1064 1051/1184/1065 1047/1180/1061
f 1051/1184/1065 278/308/273 280/310/275 1047/1180/1061
f 1051/1184/1065 1050/1183/1064 1052/1185/1066 1053/1186/1067
f 1051/1184/1065 1053/1186/1067 279/309/274 278/308/273
f 1053/1187/1067 1052/1188/1066 1054/1189/1068 1055/1190/1069
f 1053/1187/1067 1055/1190/1069 1056/1191/1070 279/1192/274
f 1056/1191/1070 1057/1193/1071 275/1194/270 279/1192/274
f 1056/1191/1070 1055/1190/1069 1058/1195/1072 1059/1196/1073
f 1056/1191/1070 1059/1196/1073 1060/1197/1074 1057/1193/1071
f 1060/1197/1074 1061/1198/1075 1062/1199/1076 1057/1193/1071
f 1060/1197/1074 1059/1196/1073 203/196/173 200/193/170
f 1060/1197/1074 200/193/170 199/192/169 1061/1198/1075
f 1062/1200/1076 271/300/265 1063/1201/1077 276/1202/271
f 1062/1199/1076 276/1203/271 275/1194/270 1057/1193/1071
f 1062/1200/1076 1061/1204/1075 272/301/266 271/300/265
f 1063/1201/1077 271/300/265 268/295/261 267/294/260
f 1063/1205/1077 267/292/260 266/291/259 1064/1206/1078
f 1063/1205/1077 1064/1206/1078 277/307/272 276/306/271
f 1064/1206/1078 266/291/259 1065/1207/1079 1066/1208/1080
f 1064/1206/1078 1066/1208/1080 280/310/275 277/307/272
f 1066/1208/1080 1065/1207/1079 1067/1209/1081 1048/1181/1062
f 1066/1208/1080 1048/1181/1062 1047/1180/1061 280/310/275
f 1067/1209/1081 1065/1207/1079 1068/1210/1082 1069/1211/1083
f 1067/1209/1081 1069/1211/1083 1070/1212/1084 1043/1176/1057
f 1067/1209/1081 1043/1176/1057 1042/1175/1056 1048/1181/1062
f 1070/1212/1084 1069/1211/1083 1071/1213/1085 1072/1214/1086
f 1070/1212/1084 1072/1214/1086 1073/1215/1087 1038/1171/1052
f 1070/1212/1084 1038/1171/1052 1037/1170/1051 1043/1176/1057
f 1073/1215/1087 1072/1214/1086 1074/1216/1088 1075/1217/1089
f 1073/1215/1087 1075/1217/1089 1076/1218/1090 1033/1166/1047
f 1073/1215/1087 1033/1166/1047 1032/1165/1046 1038/1171/1052
f 1076/1218/1090 1075/1217/1089 1077/1219/1091 1078/1220/1092
f 1076/1218/1090 1078/1220/1092 1079/1221/1093 1028/1161/1042
f 1076/1218/1090 1028/1161/1042 1027/1160/1041 1033/1166/1047
f 1079/1221/1093 1078/1220/1092 1080/1222/1094 1081/1223/1095
f 1079/1221/1093 1081/1223/1095 1082/1224/1096 1023/1156/1037
f 1079/1221/1093 1023/1156/1037 1022/1155/1036 1028/1161/1042
f 1082/1224/1096 1081/1223/1095 1083/1225/1097 1084/1226/1098
f 1082/1224/1096 1084/1226/1098 1085/1227/1099 1018/1151/1032
f 1082/1224/1096 1018/1151/1032 1017/1150/1031 1023/1156/1037
f 1085/1227/1099 1084/1226/1098 1086/1228/1100 1087/1229/1101
f 1085/1227/1099 1087/1229/1101 1088/1230/1102 1013/1146/1027
f 1085/1227/1099 1013/1146/1027 1012/1145/1026 1018/1151/1032
f 1088/1230/1102 1087/1229/1101 1089/1231/1103 1090/1232/1104
f 1088/1230/1102 1090/1232/1104 1091/1233/1105 1008/1141/1022
f 1088/1230/1102 1008/1141/1022 1007/1140/1021 1013/1146/1027
f 1091/1233/1105 1090/1232/1104 1092/1234/1106 1093/1235/1107
f 1091/1233/1105 1093/1235/1107 1094/1236/1108 1003/1136/1017
f 1091/1233/1105 1003/1136/1017 1002/1135/1016 1008/1141/1022
f 1094/1236/1108 1093/1235/1107 1095/1237/1109 1096/1238/1110
f 1094/1236/1108 1096/1238/1110 1097/1239/1111 998/1131/1012
f 1094/1236/1108 998/1131/1012 997/1130/1011 1003/1136/1017
f 1097/1240/1111 1096/1241/1110 1098/1242/1112 1099/1243/1113
f 1097/1240/1111 1099/1243/1113 1100/1244/1114 994/1245/1008
f 1097/1239/1111 994/1127/1008 993/1126/1007 998/1131/1012
f 1100/1244/1114 1099/1243/1113 1101/1246/1115 1102/1247/1116
f 1100/1244/1114 1102/1247/1116 1103/1248/1117 989/1119/1003
f 1100/1244/1114 989/1119/1003 988/1118/1002 994/1245/1008
f 1103/1248/1117 1102/1247/1116 1104/1249/1118 1105/1250/1119
f 1103/1248/1117 1105/1250/1119 1106/1251/1120 985/1115/999
f 1103/1248/1117 985/1115/999 984/1114/998 989/1119/1003
f 1106/1251/1120 1105/1250/1119 1107/1252/1121 1108/1253/1122
f 1106/1251/1120 1108/1253/1122 1109/1254/1123 981/1111/995
f 1106/1251/1120 981/1111/995 980/1110/994 985/1115/999
f 1109/1254/1123 1108/1253/1122 1110/1255/1124 1111/1256/1125
f 1109/1254/1123 1111/1256/1125 1112/1257/1126 1113/1258/1127
f 1109/1254/1123 1113/1258/1127 982/1112/996 981/1111/995
f 1113/1258/1127 1112/1257/1126 1114/1259/1128 1115/1260/1129
f 1113/1258/1127 1115/1260/1129 974/1101/988 982/1112/996
f 1115/1260/1129 1114/1259/1128 1116/1261/1130 969/1096/983
f 1115/1260/1129 969/1096/983 968/1095/982 974/1101/988
f 1116/1261/1130 1114/1259/1128 1117/1262/1131 1118/1263/1132
f 1116/1261/1130 1118/1263/1132 1119/1264/1133 964/1091/978
f 1116/1261/1130 964/1091/978 963/1090/977 969/1096/983
f 1119/1264/1133 1118/1263/1132 1120/1265/1134 1121/1266/1135
f 1119/1264/1133 1121/1266/1135 321/360/322 959/1086/973
f 1119/1264/1133 959/1086/973 958/1085/972 964/1091/978
f 1121/1266/1135 1120/1265/1134 1122/1267/1136 1123/1268/1137
f 1121/1266/1135 1123/1268/1137 322/361/323 321/360/322
f 1123/1268/1137 1122/1267/1136 97/60/52 96/59/51
f 1123/1268/1137 96/59/51 95/58/50 322/361/323
f 1122/1267/1136 1124/1269/1138 1125/1270/1139 97/60/52
f 1122/1267/1136 1120/1265/1134 1126/1271/1140 1124/1269/1138
f 1126/1271/1140 1127/1272/1141 1128/1273/1142 1124/1269/1138
f 1126/1271/1140 1120/1265/1134 1118/1263/1132 1117/1262/1131
f 1126/1271/1140 1117/1262/1131 1129/1274/1143 1127/1272/1141
f 1129/1274/1143 1130/1275/1144 1131/1276/1145 1127/1272/1141
f 1129/1274/1143 1117/1262/1131 1114/1259/1128 1112/1257/1126
f 1129/1274/1143 1112/1257/1126 1111/1256/1125 1130/1275/1144
f 1131/1276/1145 1132/1277/1146 1133/1278/1147 1134/1279/1148
f 1131/1276/1145 1134/1279/1148 1128/1273/1142 1127/1272/1141
f 1131/1276/1145 1130/1275/1144 1135/1280/1149 1132/1277/1146
f 1135/1280/1149 1136/1281/1150 1137/1282/1151 1132/1277/1146
f 1135/1280/1149 1130/1275/1144 1111/1256/1125 1110/1255/1124
f 1135/1280/1149 1110/1255/1124 1138/1283/1152 1136/1281/1150
f 1138/1283/1152 1139/1284/1153 1140/1285/1154 1136/1281/1150
f 1138/1283/1152 1110/1255/1124 1108/1253/1122 1107/1252/1121
f 1138/1283/1152 1107/1252/1121 1141/1286/1155 1139/1284/1153
f 1141/1286/1155 1142/1287/1156 1143/1288/1157 1139/1284/1153
f 1141/1286/1155 1107/1252/1121 1105/1250/1119 1104/1249/1118
f 1141/1286/1155 1104/1249/1118 1144/1289/1158 1142/1287/1156
f 1144/1289/1158 1145/1290/1159 1146/1291/1160 1142/1287/1156
f 1144/1289/1158 1104/1249/1118 1102/1247/1116 1101/1246/1115
f 1144/1289/1158 1101/1246/1115 1147/1292/1161 1145/1290/1159
f 1147/1292/1161 1148/1293/1162 1149/1294/1163 1145/1290/1159
f 1147/1292/1161 1101/1246/1115 1099/1243/1113 1098/1242/1112
f 1147/1292/1161 1098/1242/1112 1150/1295/1164 1148/1293/1162
f 1150/1295/1164 63/17/14 62/16/13 1148/1293/1162
f 1150/1295/1164 1098/1242/1112 1096/1241/1110 1095/1296/1109
f 1150/1295/1164 1095/1296/1109 1151/1297/1165 63/17/14
f 1151/1297/1165 1152/1298/1166 64/18/15 63/17/14
f 1151/1299/1165 1095/1237/1109 1093/1235/1107 1092/1234/1106
f 1151/1299/1165 1092/1234/1106 1153/1300/1167 1152/1301/1166
f 1153/1300/1167 1154/1302/1168 1155/1303/1169 1152/1301/1166
f 1153/1300/1167 1092/1234/1106 1090/1232/1104 1089/1231/1103
f 1153/1300/1167 1089/1231/1103 1156/1304/1170 1154/1302/1168
f 1156/1304/1170 1157/1305/1171 1158/1306/1172 1154/1302/1168
f 1156/1304/1170 1089/1231/1103 1087/1229/1101 1086/1228/1100
f 1156/1304/1170 1086/1228/1100 1159/1307/1173 1157/1305/1171
f 1159/1307/1173 1160/1308/1174 1161/1309/1175 1157/1305/1171
f 1159/1307/1173 1086/1228/1100 1084/1226/1098 1083/1225/1097
f 1159/1307/1173 1083/1225/1097 1162/1310/1176 1160/1308/1174
f 1162/1310/1176 1163/1311/1177 1164/1312/1178 1160/1308/1174
f 1162/1310/1176 1083/1225/1097 1081/1223/1095 1080/1222/1094
f 1162/1310/1176 1080/1222/1094 1165/1313/1179 1163/1311/1177
f 1165/1313/1179 1166/1314/1180 1167/1315/1181 1163/1311/1177
f 1165/1313/1179 1080/1222/1094 1078/1220/1092 1077/1219/1091
f 1165/1313/1179 1077/1219/1091 1168/1316/1182 1166/1314/1180
f 1168/1316/1182 1169/1317/1183 1170/1318/1184 1166/1314/1180
f 1168/1316/1182 1077/1219/1091 1075/1217/1089 1074/1216/1088
f 1168/1316/1182 1074/1216/1088 1171/1319/1185 1169/1317/1183
f 1171/1319/1185 1172/1320/1186 1173/1321/1187 1169/1317/1183
f 1171/1319/1185 1074/1216/1088 1072/1214/1086 1071/1213/1085
f 1171/1319/1185 1071/1213/1085 1174/1322/1188 1172/1320/1186
f 1174/1322/1188 270/298/263 1175/1323/1189 1172/1320/1186
f 1174/1322/1188 1071/1213/1085 1069/1211/1083 1068/1210/1082
f 1174/1322/1188 1068/1210/1082 265/290/258 270/298/263
f 1175/1323/1189 273/1324/267 274/1325/268 1176/1326/1190
f 1175/1323/1189 1176/1326/1190 1173/1321/1187 1172/1320/1186
f 1175/1323/1189 270/298/263 269/297/262 273/1324/267
f 1176/1326/1190 274/1325/268 199/192/169 198/191/168
f 1176/1326/1190 198/191/168 202/195/172 1173/1321/1187
f 1173/1321/1187 202/195/172 1170/1318/1184 1169/1317/1183
f 1170/1318/1184 202/195/172 201/194/171 1177/1327/1191
f 1170/1318/1184 1177/1327/1191 1167/1315/1181 1166/1314/1180
f 1177/1327/1191 201/194/171 203/196/173 1178/1328/1192
f 1177/1327/1191 1178/1328/1192 1179/1329/1193 1167/1315/1181
f 1179/1329/1193 1178/1328/1192 1058/1195/1072 1180/1330/1194
f 1179/1329/1193 1180/1330/1194 1181/1331/1195 1164/1312/1178
f 1179/1329/1193 1164/1312/1178 1163/1311/1177 1167/1315/1181
f 1181/1331/1195 1180/1330/1194 1054/1189/1068 1182/1332/1196
f 1181/1331/1195 1182/1332/1196 1183/1333/1197 1161/1309/1175
f 1181/1331/1195 1161/1309/1175 1160/1308/1174 1164/1312/1178
f 1183/1333/1197 1182/1332/1196 1184/1334/1198 1185/1335/1199
f 1183/1333/1197 1185/1335/1199 1186/1336/1200 1158/1306/1172
f 1183/1333/1197 1158/1306/1172 1157/1305/1171 1161/1309/1175
f 1186/1337/1200 1185/1338/1199 1187/1339/1201 1188/1340/1202
f 1186/1337/1200 1188/1340/1202 65/19/16 1155/1341/1169
f 1186/1336/1200 1155/1303/1169 1154/1302/1168 1158/1306/1172
f 1188/1340/1202 1187/1339/1201 1044/1177/1058 1189/1342/1203
f 1188/1340/1202 1189/1342/1203 66/20/17 65/19/16
f 1189/1342/1203 1044/1177/1058 1040/1173/1054 1039/1172/1053
f 1189/1342/1203 1039/1172/1053 1190/1343/1204 66/20/17
f 1190/1343/1204 1039/1172/1053 1035/1168/1049 1034/1167/1048
f 1190/1343/1204 1034/1167/1048 157/132/118 67/21/18
f 1190/1343/1204 67/21/18 2/15/12 66/20/17
f 1187/1339/1201 1049/1182/1063 1045/1178/1059 1044/1177/1058
f 1187/1339/1201 1185/1338/1199 1184/1344/1198 1049/1182/1063
f 1184/1344/1198 1052/1185/1066 1050/1183/1064 1049/1182/1063
f 1184/1334/1198 1182/1332/1196 1054/1189/1068 1052/1188/1066
f 1180/1330/1194 1058/1195/1072 1055/1190/1069 1054/1189/1068
f 1178/1328/1192 203/196/173 1059/1196/1073 1058/1195/1072
f 1155/1341/1169 65/19/16 64/18/15 1152/1298/1166
f 1149/1294/1163 69/24/21 109/73/65 1191/1345/1205
f 1149/1294/1163 1191/1345/1205 1146/1291/1160 1145/1290/1159
f 1149/1294/1163 1148/1293/1162 62/16/13 69/24/21
f 1191/1345/1205 109/73/65 108/72/64 1192/1346/1206
f 1191/1345/1205 1192/1346/1206 1193/1347/1207 1146/1291/1160
f 1193/1347/1207 1192/1346/1206 158/133/119 1194/1348/1208
f 1193/1347/1207 1194/1348/1208 1195/1349/1209 1143/1288/1157
f 1193/1347/1207 1143/1288/1157 1142/1287/1156 1146/1291/1160
f 1195/1349/1209 1194/1348/1208 1196/1350/1210 1197/1351/1211
f 1195/1349/1209 1197/1351/1211 1198/1352/1212 1140/1285/1154
f 1195/1349/1209 1140/1285/1154 1139/1284/1153 1143/1288/1157
f 1198/1352/1212 1197/1351/1211 1199/1353/1213 1200/1354/1214
f 1198/1352/1212 1200/1354/1214 1201/1355/1215 1137/1282/1151
f 1198/1352/1212 1137/1282/1151 1136/1281/1150 1140/1285/1154
f 1201/1355/1215 1200/1354/1214 1202/1356/1216 1203/1357/1217
f 1201/1355/1215 1203/1357/1217 1204/1358/1218 1133/1278/1147
f 1201/1355/1215 1133/1278/1147 1132/1277/1146 1137/1282/1151
f 1204/1358/1218 1203/1357/1217 1205/1359/1219 1206/1360/1220
f 1204/1358/1218 1206/1360/1220 1207/1361/1221 1208/1362/1222
f 1204/1358/1218 1208/1362/1222 1134/1279/1148 1133/1278/1147
f 1208/1362/1222 1207/1361/1221 1209/1363/1223 1210/1364/1224
f 1208/1362/1222 1210/1364/1224 1128/1273/1142 1134/1279/1148
f 1210/1364/1224 1209/1363/1223 1211/1365/1225 1125/1270/1139
f 1210/1364/1224 1125/1270/1139 1124/1269/1138 1128/1273/1142
f 1211/1365/1225 1209/1363/1223 329/368/330 856/977/870
f 1211/1365/1225 856/977/870 94/57/49 93/56/48
f 1211/1365/1225 93/56/48 97/60/52 1125/1270/1139
f 1209/1363/1223 1207/1361/1221 330/369/331 329/368/330
f 1207/1361/1221 1206/1360/1220 332/371/333 330/369/331
f 1206/1360/1220 1205/1359/1219 1212/1366/1226 332/371/333
f 1212/1366/1226 1213/1367/1227 1214/1368/1228 1215/1369/1229
f 1212/1366/1226 1215/1369/1229 197/189/166 332/371/333
f 1212/1366/1226 1205/1359/1219 1216/1370/1230 1213/1367/1227
f 1216/1370/1230 1217/1371/1231 1218/1372/1232 1213/1367/1227
f 1216/1370/1230 1205/1359/1219 1203/1357/1217 1202/1356/1216
f 1216/1370/1230 1202/1356/1216 1219/1373/1233 1217/1371/1231
f 1219/1373/1233 1220/1374/1234 1221/1375/1235 1217/1371/1231
f 1219/1373/1233 1202/1356/1216 1200/1354/1214 1199/1353/1213
f 1219/1373/1233 1199/1353/1213 1222/1376/1236 1220/1374/1234
f 1222/1376/1236 155/130/116 1223/1377/1237 1220/1374/1234
f 1222/1376/1236 1199/1353/1213 1197/1351/1211 1196/1350/1210
f 1222/1376/1236 1196/1350/1210 156/131/117 155/130/116
f 1223/1377/1237 1224/1378/1238 1024/1157/1038 1225/1379/1239
f 1223/1377/1237 1225/1379/1239 1221/1375/1235 1220/1374/1234
f 1223/1377/1237 155/130/116 154/129/115 1224/1378/1238
f 1225/1379/1239 1024/1157/1038 1020/1153/1034 1019/1152/1033
f 1225/1379/1239 1019/1152/1033 1226/1380/1240 1221/1375/1235
f 1226/1380/1240 1019/1152/1033 1015/1148/1029 1014/1147/1028
f 1226/1380/1240 1014/1147/1028 1227/1381/1241 1218/1372/1232
f 1226/1380/1240 1218/1372/1232 1217/1371/1231 1221/1375/1235
f 1227/1381/1241 1014/1147/1028 1010/1143/1024 1009/1142/1023
f 1227/1381/1241 1009/1142/1023 1228/1382/1242 1214/1368/1228
f 1227/1381/1241 1214/1368/1228 1213/1367/1227 1218/1372/1232
f 1228/1382/1242 1009/1142/1023 1005/1138/1019 1004/1137/1018
f 1228/1382/1242 1004/1137/1018 1229/1383/1243 1230/1384/1244
f 1228/1382/1242 1230/1384/1244 1215/1369/1229 1214/1368/1228
f 1230/1384/1244 1229/1383/1243 125/98/85 20/184/161
f 1230/1384/1244 20/184/161 197/189/166 1215/1369/1229
f 1229/1383/1243 1004/1137/1018 1000/1133/1014 999/1132/1013
f 1229/1383/1243 999/1132/1013 126/99/86 125/98/85
f 1224/1378/1238 1029/1162/1043 1025/1158/1039 1024/1157/1038
f 1224/1378/1238 154/129/115 157/132/118 1029/1162/1043
f 1196/1350/1210 1194/1348/1208 158/133/119 156/131/117
f 1192/1346/1206 108/72/64 153/75/67 158/133/119
f 1068/1210/1082 1065/1207/1079 266/291/259 265/290/258
f 1061/1204/1075 199/1385/169 274/303/268 272/301/266
f 1034/1167/1048 1030/1163/1044 1029/1162/1043 157/132/118
f 999/1132/1013 995/1128/1009 127/100/87 126/99/86
f 991/1123/1005 990/1122/1004 128/101/88 127/100/87
f 990/1122/1004 986/1121/1000 392/458/401 391/457/400
f 990/1122/1004 391/457/400 129/102/89 128/101/88
f 976/1103/990 975/1102/989 1231/1386/1245 387/1107/396
f 1231/1386/1245 975/1102/989 1232/1387/1246 1233/1388/1247
f 1231/1389/1245 1233/1390/1247 1234/1391/1248 1235/1392/1249
f 1231/1389/1245 1235/1392/1249 388/1393/397 387/1394/396
f 1235/1392/1249 1234/1391/1248 488/563/499 1236/1395/1250
f 1235/1392/1249 1236/1395/1250 389/1396/398 388/1393/397
f 1236/1395/1250 488/563/499 487/562/498 491/566/502
f 1236/1395/1250 491/566/502 1237/1397/1251 389/1396/398
f 1237/1398/1251 1238/1399/1252 390/455/399 389/454/398
f 1237/1397/1251 491/566/502 375/433/382 374/432/381
f 1237/1398/1251 374/437/381 377/436/384 1238/1399/1252
f 1238/1399/1252 377/436/384 355/408/360 1239/1400/1253
f 1238/1399/1252 1239/1400/1253 393/460/402 390/455/399
f 1239/1400/1253 355/408/360 354/407/359 1240/1401/1254
f 1239/1400/1253 1240/1401/1254 1241/1402/1255 393/460/402
f 1241/1402/1255 1240/1401/1254 1242/1403/1256 1243/1404/1257
f 1241/1402/1255 1243/1404/1257 1244/1405/1258 1245/1406/1259
f 1241/1402/1255 1245/1406/1259 394/461/403 393/460/402
f 1245/1407/1259 1244/1408/1258 121/94/81 120/93/80
f 1245/1407/1259 120/93/80 129/102/89 394/462/403
f 1244/1405/1258 1243/1404/1257 1246/1409/1260 1247/1410/1261
f 1244/1408/1258 1247/1411/1261 1248/1412/1262 121/94/81
f 1248/1412/1262 1247/1411/1261 1249/1413/1263 1250/1414/1264
f 1248/1412/1262 1250/1414/1264 1251/1415/1265 1252/1416/1266
f 1248/1412/1262 1252/1416/1266 122/95/82 121/94/81
f 1252/1416/1266 1251/1415/1265 1253/1417/1267 1254/1418/1268
f 1252/1416/1266 1254/1418/1268 123/96/83 122/95/82
f 1254/1418/1268 1253/1417/1267 1255/1419/1269 1256/1420/1270
f 1254/1418/1268 1256/1420/1270 1257/1421/1271 123/96/83
f 1257/1421/1271 194/185/162 124/97/84 123/96/83
f 1257/1421/1271 1256/1420/1270 1258/1422/1272 1259/1423/1273
f 1257/1421/1271 1259/1423/1273 195/186/163 194/185/162
f 1259/1423/1273 1258/1422/1272 1260/1424/1274 1261/1425/1275
f 1259/1423/1273 1261/1425/1275 1262/1426/1276 195/186/163
f 1262/1426/1276 326/365/327 196/187/164 195/186/163
f 1262/1426/1276 1261/1425/1275 151/127/113 843/964/857
f 1262/1426/1276 843/964/857 842/963/856 326/365/327
f 1261/1425/1275 1260/1424/1274 143/119/105 151/127/113
f 1260/1424/1274 1258/1422/1272 1263/1427/1277 1264/1428/1278
f 1260/1424/1274 1264/1428/1278 144/120/106 143/119/105
f 1264/1428/1278 1263/1427/1277 1265/1429/1279 1266/1430/1280
f 1264/1428/1278 1266/1430/1280 1267/1431/1281 144/120/106
f 1267/1431/1281 1266/1430/1280 1268/1432/1282 1269/1433/1283
f 1267/1431/1281 1269/1433/1283 1270/1434/1284 1271/1435/1285
f 1267/1431/1281 1271/1435/1285 145/121/107 144/120/106
f 1271/1435/1285 1270/1434/1284 1272/1436/1286 1273/1437/1287
f 1271/1435/1285 1273/1437/1287 146/122/108 145/121/107
f 1273/1437/1287 1272/1436/1286 77/38/30 1274/1438/1288
f 1273/1437/1287 1274/1438/1288 1275/1439/1289 146/122/108
f 1275/1439/1289 828/948/842 147/123/109 146/122/108
f 1275/1439/1289 1274/1438/1288 1276/1440/1290 79/1441/33
f 1275/1439/1289 79/1441/33 78/949/32 828/948/842
f 1276/1440/1290 1274/1438/1288 77/38/30 76/37/29
f 1276/1442/1290 76/36/29 75/35/28 1277/1443/1291
f 1276/1442/1290 1277/1443/1291 80/42/34 79/41/33
f 1277/1443/1291 75/35/28 1278/1444/1292 1279/1445/1293
f 1277/1443/1291 1279/1445/1293 85/47/39 80/42/34
f 1279/1445/1293 1278/1444/1292 1280/1446/1294 1281/1447/1295
f 1279/1445/1293 1281/1447/1295 1282/1448/1296 85/47/39
f 1282/1448/1296 1283/1449/1297 86/48/40 85/47/39
f 1282/1448/1296 1281/1447/1295 1284/1450/1298 1285/1451/1299
f 1282/1448/1296 1285/1451/1299 1286/1452/1300 1283/1449/1297
f 1286/1452/1300 357/410/362 353/406/358 1283/1449/1297
f 1286/1452/1300 1285/1451/1299 1287/1453/1301 1288/1454/1302
f 1286/1452/1300 1288/1454/1302 1242/1403/1256 357/410/362
f 1288/1454/1302 1287/1453/1301 1289/1455/1303 1246/1409/1260
f 1288/1454/1302 1246/1409/1260 1243/1404/1257 1242/1403/1256
f 1289/1455/1303 1287/1453/1301 1290/1456/1304 1291/1457/1305
f 1289/1455/1303 1291/1457/1305 1292/1458/1306 1249/1459/1263
f 1289/1455/1303 1249/1459/1263 1247/1410/1261 1246/1409/1260
f 1292/1458/1306 1291/1457/1305 343/388/347 342/387/346
f 1292/1460/1306 342/393/346 346/392/350 1293/1461/1307
f 1292/1460/1306 1293/1461/1307 1250/1414/1264 1249/1413/1263
f 1293/1461/1307 346/392/350 1294/1462/1308 1295/1463/1309
f 1293/1461/1307 1295/1463/1309 1251/1415/1265 1250/1414/1264
f 1295/1463/1309 1294/1462/1308 1296/1464/1310 1297/1465/1311
f 1295/1463/1309 1297/1465/1311 1253/1417/1267 1251/1415/1265
f 1297/1465/1311 1296/1464/1310 1298/1466/1312 1299/1467/1313
f 1297/1465/1311 1299/1467/1313 1255/1419/1269 1253/1417/1267
f 1299/1467/1313 1298/1466/1312 1300/1468/1314 1265/1429/1279
f 1299/1467/1313 1265/1429/1279 1263/1427/1277 1255/1419/1269
f 1300/1468/1314 1298/1466/1312 1301/1469/1315 1302/1470/1316
f 1300/1468/1314 1302/1470/1316 1303/1471/1317 1268/1432/1282
f 1300/1468/1314 1268/1432/1282 1266/1430/1280 1265/1429/1279
f 1303/1471/1317 1302/1470/1316 1304/1472/1318 1305/1473/1319
f 1303/1471/1317 1305/1473/1319 1306/1474/1320 1307/1475/1321
f 1303/1471/1317 1307/1475/1321 1269/1433/1283 1268/1432/1282
f 1307/1475/1321 1306/1474/1320 1308/1476/1322 1309/1477/1323
f 1307/1475/1321 1309/1477/1323 1270/1434/1284 1269/1433/1283
f 1309/1477/1323 1308/1476/1322 1310/1478/1324 1311/1479/1325
f 1309/1477/1323 1311/1479/1325 1272/1436/1286 1270/1434/1284
f 1311/1479/1325 1310/1478/1324 72/29/25 71/28/24
f 1311/1479/1325 71/28/24 77/38/30 1272/1436/1286
f 1310/1478/1324 1308/1476/1322 1312/1480/1326 1313/1481/1327
f 1310/1478/1324 1313/1481/1327 1314/1482/1328 72/29/25
f 1314/1482/1328 1313/1481/1327 1315/1483/1329 1316/1484/1330
f 1314/1482/1328 1316/1484/1330 58/9/7 57/8/6
f 1314/1482/1328 57/8/6 56/30/5 72/29/25
f 1316/1484/1330 1315/1483/1329 1317/1485/1331 1318/1486/1332
f 1316/1484/1330 1318/1486/1332 1319/1487/1333 58/9/7
f 1319/1487/1333 1318/1486/1332 1320/1488/1334 1321/1489/1335
f 1319/1487/1333 1321/1489/1335 1322/1490/1336 1323/1491/1337
f 1319/1487/1333 1323/1491/1337 59/10/8 58/9/7
f 1323/1491/1337 1322/1490/1336 1324/1492/1338 1325/1493/1339
f 1323/1491/1337 1325/1493/1339 60/11/9 59/10/8
f 1325/1493/1339 1324/1492/1338 1326/1494/1340 1327/1495/1341
f 1325/1493/1339 1327/1495/1341 138/112/99 60/11/9
f 1327/1496/1341 1326/1497/1340 1328/1498/1342 1329/1499/1343
f 1327/1496/1341 1329/1499/1343 1330/1500/1344 138/1501/99
f 1330/1500/1344 1331/1502/1345 139/1503/100 138/1501/99
f 1330/1500/1344 1329/1499/1343 1332/1504/1346 1333/1505/1347
f 1330/1500/1344 1333/1505/1347 1334/1506/1348 1331/1502/1345
f 1334/1506/1348 1335/1507/1349 349/401/353 1331/1502/1345
f 1334/1506/1348 1333/1505/1347 1336/1508/1350 1337/1509/1351
f 1334/1506/1348 1337/1509/1351 1338/1510/1352 1335/1507/1349
f 1338/1510/1352 1339/1511/1353 1340/1512/1354 1335/1507/1349
f 1338/1510/1352 1337/1509/1351 1341/1513/1355 1342/1514/1356
f 1338/1510/1352 1342/1514/1356 1301/1469/1315 1339/1511/1353
f 1342/1514/1356 1341/1513/1355 1343/1515/1357 1304/1472/1318
f 1342/1514/1356 1304/1472/1318 1302/1470/1316 1301/1469/1315
f 1343/1515/1357 1341/1513/1355 1344/1516/1358 1345/1517/1359
f 1343/1515/1357 1345/1517/1359 1346/1518/1360 1347/1519/1361
f 1343/1515/1357 1347/1519/1361 1305/1473/1319 1304/1472/1318
f 1347/1519/1361 1346/1518/1360 1348/1520/1362 1349/1521/1363
f 1347/1519/1361 1349/1521/1363 1306/1474/1320 1305/1473/1319
f 1349/1521/1363 1348/1520/1362 1350/1522/1364 1312/1480/1326
f 1349/1521/1363 1312/1480/1326 1308/1476/1322 1306/1474/1320
f 1350/1522/1364 1348/1520/1362 1351/1523/1365 1352/1524/1366
f 1350/1522/1364 1352/1524/1366 1317/1485/1331 1315/1483/1329
f 1350/1522/1364 1315/1483/1329 1313/1481/1327 1312/1480/1326
f 1352/1524/1366 1351/1523/1365 1353/1525/1367 1354/1526/1368
f 1352/1524/1366 1354/1526/1368 1355/1527/1369 1317/1485/1331
f 1355/1527/1369 1354/1526/1368 1356/1528/1370 1357/1529/1371
f 1355/1527/1369 1357/1529/1371 1358/1530/1372 1320/1488/1334
f 1355/1527/1369 1320/1488/1334 1318/1486/1332 1317/1485/1331
f 1358/1530/1372 1357/1529/1371 1359/1531/1373 1360/1532/1374
f 1358/1530/1372 1360/1532/1374 1361/1533/1375 1362/1534/1376
f 1358/1530/1372 1362/1534/1376 1321/1489/1335 1320/1488/1334
f 1362/1534/1376 1361/1533/1375 1363/1535/1377 1364/1536/1378
f 1362/1534/1376 1364/1536/1378 1322/1490/1336 1321/1489/1335
f 1364/1536/1378 1363/1535/1377 1365/1537/1379 1366/1538/1380
f 1364/1536/1378 1366/1538/1380 1324/1492/1338 1322/1490/1336
f 1366/1538/1380 1365/1537/1379 1367/1539/1381 1368/1540/1382
f 1366/1538/1380 1368/1540/1382 1326/1494/1340 1324/1492/1338
f 1368/1541/1382 1367/1542/1381 1369/1543/1383 1370/1544/1384
f 1368/1541/1382 1370/1544/1384 1328/1498/1342 1326/1497/1340
f 1370/1544/1384 1369/1543/1383 1371/1545/1385 1372/1546/1386
f 1370/1544/1384 1372/1546/1386 1373/1547/1387 1328/1498/1342
f 1373/1547/1387 1332/1504/1346 1329/1499/1343 1328/1498/1342
f 1373/1547/1387 1372/1546/1386 1374/1548/1388 1375/1549/1389
f 1373/1547/1387 1375/1549/1389 1376/1550/1390 1332/1504/1346
f 1376/1550/1390 1336/1508/1350 1333/1505/1347 1332/1504/1346
f 1376/1550/1390 1375/1549/1389 1377/1551/1391 1378/1552/1392
f 1376/1550/1390 1378/1552/1392 1344/1516/1358 1336/1508/1350
f 1378/1552/1392 1377/1551/1391 1379/1553/1393 1380/1554/1394
f 1378/1552/1392 1380/1554/1394 1345/1517/1359 1344/1516/1358
f 1380/1554/1394 1379/1553/1393 1381/1555/1395 1382/1556/1396
f 1380/1554/1394 1382/1556/1396 1346/1518/1360 1345/1517/1359
f 1382/1556/1396 1381/1555/1395 1353/1525/1367 1351/1523/1365
f 1382/1556/1396 1351/1523/1365 1348/1520/1362 1346/1518/1360
f 1381/1555/1395 1379/1553/1393 1383/1557/1397 1384/1558/1398
f 1381/1555/1395 1384/1558/1398 1385/1559/1399 1353/1525/1367
f 1385/1559/1399 1384/1558/1398 1386/1560/1400 1387/1561/1401
f 1385/1559/1399 1387/1561/1401 1388/1562/1402 1356/1528/1370
f 1385/1559/1399 1356/1528/1370 1354/1526/1368 1353/1525/1367
f 1388/1562/1402 1387/1561/1401 1389/1563/1403 1390/1564/1404
f 1388/1562/1402 1390/1564/1404 1391/1565/1405 1359/1531/1373
f 1388/1562/1402 1359/1531/1373 1357/1529/1371 1356/1528/1370
f 1391/1565/1405 1390/1564/1404 305/339/304 304/338/303
f 1391/1565/1405 304/338/303 192/180/159 1392/1566/1406
f 1391/1565/1405 1392/1566/1406 1360/1532/1374 1359/1531/1373
f 1392/1566/1406 192/180/159 191/179/158 1393/1567/1407
f 1392/1566/1406 1393/1567/1407 1361/1533/1375 1360/1532/1374
f 1393/1567/1407 191/179/158 193/183/160 1394/1568/1408
f 1393/1567/1407 1394/1568/1408 1363/1535/1377 1361/1533/1375
f 1394/1568/1408 193/183/160 1395/1569/1409 1396/1570/1410
f 1394/1568/1408 1396/1570/1410 1365/1537/1379 1363/1535/1377
f 1396/1570/1410 1395/1569/1409 1397/1571/1411 1398/1572/1412
f 1396/1570/1410 1398/1572/1412 1367/1539/1381 1365/1537/1379
f 1398/1573/1412 1397/1571/1411 1399/1574/1413 1400/1575/1414
f 1398/1573/1412 1400/1575/1414 1369/1543/1383 1367/1542/1381
f 1400/1575/1414 1399/1574/1413 186/170/152 1401/1576/1415
f 1400/1575/1414 1401/1576/1415 1371/1545/1385 1369/1543/1383
f 1401/1576/1415 186/170/152 185/169/151 1402/1577/1416
f 1401/1576/1415 1402/1577/1416 1403/1578/1417 1371/1545/1385
f 1403/1578/1417 1374/1548/1388 1372/1546/1386 1371/1545/1385
f 1403/1578/1417 1402/1577/1416 1404/1579/1418 1405/1580/1419
f 1403/1578/1417 1405/1580/1419 1406/1581/1420 1374/1548/1388
f 1406/1581/1420 1377/1551/1391 1375/1549/1389 1374/1548/1388
f 1406/1581/1420 1405/1580/1419 1407/1582/1421 1383/1557/1397
f 1406/1581/1420 1383/1557/1397 1379/1553/1393 1377/1551/1391
f 1407/1582/1421 1405/1580/1419 1404/1579/1418 1408/1583/1422
f 1407/1582/1421 1408/1583/1422 1409/1584/1423 1386/1560/1400
f 1407/1582/1421 1386/1560/1400 1384/1558/1398 1383/1557/1397
f 1409/1584/1423 1408/1583/1422 1410/1585/1424 1411/1586/1425
f 1409/1584/1423 1411/1586/1425 306/340/305 1389/1563/1403
f 1409/1584/1423 1389/1563/1403 1387/1561/1401 1386/1560/1400
f 1411/1586/1425 1410/1585/1424 1412/1587/1426 1413/1588/1427
f 1411/1586/1425 1413/1588/1427 307/341/306 306/340/305
f 1413/1589/1427 1412/1590/1426 312/350/312 1414/1591/1428
f 1413/1589/1427 1414/1591/1428 308/344/307 307/343/306
f 1414/1591/1428 312/350/312 311/349/311 1415/1592/1429
f 1414/1591/1428 1415/1592/1429 189/176/156 308/344/307
f 1415/1592/1429 311/349/311 310/348/310 1416/1593/1430
f 1415/1592/1429 1416/1593/1430 190/177/157 189/176/156
f 1416/1594/1430 1395/1569/1409 193/183/160 190/182/157
f 1416/1594/1430 310/1595/310 1397/1571/1411 1395/1569/1409
f 1412/1587/1426 1410/1585/1424 187/173/153 184/172/150
f 1412/1590/1426 184/167/150 183/166/149 312/350/312
f 1410/1585/1424 1408/1583/1422 1404/1579/1418 187/173/153
f 1404/1579/1418 1402/1577/1416 185/169/151 187/173/153
f 1399/1574/1413 1397/1571/1411 310/1595/310 309/1596/309
f 1399/1574/1413 309/1596/309 182/171/148 186/170/152
f 1390/1564/1404 1389/1563/1403 306/340/305 305/339/304
f 1344/1516/1358 1341/1513/1355 1337/1509/1351 1336/1508/1350
f 1340/1512/1354 1294/1462/1308 346/392/350 345/391/349
f 1340/1512/1354 345/391/349 349/401/353 1335/1507/1349
f 1340/1512/1354 1339/1511/1353 1296/1464/1310 1294/1462/1308
f 1339/1511/1353 1301/1469/1315 1298/1466/1312 1296/1464/1310
f 1331/1502/1345 349/401/353 140/400/101 139/1503/100
f 1291/1457/1305 1290/1456/1304 1417/1597/1431 343/388/347
f 1417/1597/1431 1290/1456/1304 1284/1450/1298 1418/1598/1432
f 1417/1597/1431 1418/1598/1432 1419/1599/1433 1420/1600/1434
f 1417/1597/1431 1420/1600/1434 344/389/348 343/388/347
f 1420/1601/1434 1419/1602/1433 1421/1603/1435 1422/1604/1436
f 1420/1601/1434 1422/1604/1436 347/396/351 344/395/348
f 1422/1604/1436 1421/1603/1435 1423/1605/1437 1424/1606/1438
f 1422/1604/1436 1424/1606/1438 1425/1607/1439 347/396/351
f 1425/1607/1439 1424/1606/1438 1426/1608/1440 1427/1609/1441
f 1425/1607/1439 1427/1609/1441 1428/1610/1442 1429/1611/1443
f 1425/1607/1439 1429/1611/1443 348/397/352 347/396/351
f 1429/1612/1443 1428/1613/1442 1430/1614/1444 142/117/103
f 1429/1612/1443 142/117/103 141/116/102 348/399/352
f 1430/1614/1444 1428/1613/1442 1431/1615/1445 1432/1616/1446
f 1430/1614/1444 1432/1616/1446 1433/1617/1447 1434/1618/1448
f 1430/1614/1444 1434/1618/1448 61/14/11 142/117/103
f 1434/1618/1448 1433/1617/1447 1435/1619/1449 1436/1620/1450
f 1434/1618/1448 1436/1620/1450 53/2/2 61/14/11
f 1436/1620/1450 1435/1619/1449 1437/1621/1451 1438/1622/1452
f 1436/1620/1450 1438/1622/1452 54/3/3 53/2/2
f 1438/1622/1452 1437/1621/1451 1439/1623/1453 1440/1624/1454
f 1438/1622/1452 1440/1624/1454 1441/1625/1455 54/3/3
f 1441/1625/1455 70/26/23 55/4/4 54/3/3
f 1441/1625/1455 1440/1624/1454 1442/1626/1456 1443/1627/1457
f 1441/1625/1455 1443/1627/1457 73/31/26 70/26/23
f 1443/1627/1457 1442/1626/1456 1444/1628/1458 1445/1629/1459
f 1443/1627/1457 1445/1629/1459 1446/1630/1460 73/31/26
f 1446/1630/1460 1447/1631/1461 74/32/27 73/31/26
f 1446/1630/1460 1445/1629/1459 1448/1632/1462 1449/1633/1463
f 1446/1630/1460 1449/1633/1463 1450/1634/1464 1447/1631/1461
f 1450/1635/1464 1280/1446/1294 1278/1444/1292 1447/1636/1461
f 1450/1634/1464 1449/1633/1463 1421/1603/1435 1419/1602/1433
f 1450/1635/1464 1419/1599/1433 1418/1598/1432 1280/1446/1294
f 1449/1633/1463 1448/1632/1462 1423/1605/1437 1421/1603/1435
f 1448/1632/1462 1445/1629/1459 1444/1628/1458 1451/1637/1465
f 1448/1632/1462 1451/1637/1465 1452/1638/1466 1423/1605/1437
f 1452/1638/1466 1451/1637/1465 1453/1639/1467 1454/1640/1468
f 1452/1638/1466 1454/1640/1468 1455/1641/1469 1426/1608/1440
f 1452/1638/1466 1426/1608/1440 1424/1606/1438 1423/1605/1437
f 1455/1641/1469 1454/1640/1468 1456/1642/1470 1457/1643/1471
f 1455/1641/1469 1457/1643/1471 1458/1644/1472 1459/1645/1473
f 1455/1641/1469 1459/1645/1473 1427/1609/1441 1426/1608/1440
f 1459/1645/1473 1458/1644/1472 1460/1646/1474 1431/1647/1445
f 1459/1645/1473 1431/1647/1445 1428/1610/1442 1427/1609/1441
f 1460/1646/1474 1458/1644/1472 1461/1648/1475 1462/1649/1476
f 1460/1650/1474 1462/1651/1476 1463/1652/1477 1464/1653/1478
f 1460/1650/1474 1464/1653/1478 1432/1616/1446 1431/1615/1445
f 1464/1653/1478 1463/1652/1477 1465/1654/1479 1466/1655/1480
f 1464/1653/1478 1466/1655/1480 1433/1617/1447 1432/1616/1446
f 1466/1655/1480 1465/1654/1479 1467/1656/1481 1468/1657/1482
f 1466/1655/1480 1468/1657/1482 1435/1619/1449 1433/1617/1447
f 1468/1657/1482 1467/1656/1481 1469/1658/1483 1470/1659/1484
f 1468/1657/1482 1470/1659/1484 1437/1621/1451 1435/1619/1449
f 1470/1659/1484 1469/1658/1483 1471/1660/1485 1472/1661/1486
f 1470/1659/1484 1472/1661/1486 1439/1623/1453 1437/1621/1451
f 1472/1661/1486 1471/1660/1485 1473/1662/1487 1474/1663/1488
f 1472/1661/1486 1474/1663/1488 1475/1664/1489 1439/1623/1453
f 1475/1664/1489 1442/1626/1456 1440/1624/1454 1439/1623/1453
f 1475/1664/1489 1474/1663/1488 1476/1665/1490 1477/1666/1491
f 1475/1664/1489 1477/1666/1491 1444/1628/1458 1442/1626/1456
f 1477/1666/1491 1476/1665/1490 1478/1667/1492 1453/1639/1467
f 1477/1666/1491 1453/1639/1467 1451/1637/1465 1444/1628/1458
f 1478/1667/1492 1476/1665/1490 1479/1668/1493 1480/1669/1494
f 1478/1667/1492 1480/1669/1494 1481/1670/1495 1456/1642/1470
f 1478/1667/1492 1456/1642/1470 1454/1640/1468 1453/1639/1467
f 1481/1670/1495 1480/1669/1494 1482/1671/1496 1483/1672/1497
f 1481/1670/1495 1483/1672/1497 1484/1673/1498 1485/1674/1499
f 1481/1670/1495 1485/1674/1499 1457/1643/1471 1456/1642/1470
f 1485/1674/1499 1484/1673/1498 1486/1675/1500 1461/1648/1475
f 1485/1674/1499 1461/1648/1475 1458/1644/1472 1457/1643/1471
f 1486/1675/1500 1484/1673/1498 1487/1676/1501 1488/1677/1502
f 1486/1675/1500 1488/1677/1502 1489/1678/1503 1490/1679/1504
f 1486/1675/1500 1490/1679/1504 1462/1649/1476 1461/1648/1475
f 1490/1680/1504 1489/1681/1503 1491/1682/1505 1492/1683/1506
f 1490/1680/1504 1492/1683/1506 1463/1652/1477 1462/1651/1476
f 1492/1683/1506 1491/1682/1505 1493/1684/1507 1494/1685/1508
f 1492/1683/1506 1494/1685/1508 1465/1654/1479 1463/1652/1477
f 1494/1685/1508 1493/1684/1507 1495/1686/1509 1496/1687/1510
f 1494/1685/1508 1496/1687/1510 1467/1656/1481 1465/1654/1479
f 1496/1687/1510 1495/1686/1509 1497/1688/1511 1498/1689/1512
f 1496/1687/1510 1498/1689/1512 1469/1658/1483 1467/1656/1481
f 1498/1689/1512 1497/1688/1511 1499/1690/1513 1500/1691/1514
f 1498/1689/1512 1500/1691/1514 1471/1660/1485 1469/1658/1483
f 1500/1691/1514 1499/1690/1513 1501/1692/1515 1502/1693/1516
f 1500/1691/1514 1502/1693/1516 1473/1662/1487 1471/1660/1485
f 1502/1693/1516 1501/1692/1515 1503/1694/1517 1504/1695/1518
f 1502/1693/1516 1504/1695/1518 1479/1668/1493 1473/1662/1487
f 1504/1695/1518 1503/1694/1517 1505/1696/1519 1482/1671/1496
f 1504/1695/1518 1482/1671/1496 1480/1669/1494 1479/1668/1493
f 1505/1696/1519 1503/1694/1517 1506/1697/1520 1507/1698/1521
f 1505/1696/1519 1507/1698/1521 1508/1699/1522 1509/1700/1523
f 1505/1696/1519 1509/1700/1523 1483/1672/1497 1482/1671/1496
f 1509/1700/1523 1508/1699/1522 1510/1701/1524 1487/1676/1501
f 1509/1700/1523 1487/1676/1501 1484/1673/1498 1483/1672/1497
f 1510/1701/1524 1508/1699/1522 1511/1702/1525 1512/1703/1526
f 1510/1701/1524 1512/1703/1526 1513/1704/1527 1514/1705/1528
f 1510/1701/1524 1514/1705/1528 1488/1677/1502 1487/1676/1501
f 1514/1705/1528 1513/1704/1527 1515/1706/1529 1516/1707/1530
f 1514/1705/1528 1516/1707/1530 1489/1678/1503 1488/1677/1502
f 1516/1708/1530 1515/1709/1529 1517/1710/1531 1518/1711/1532
f 1516/1708/1530 1518/1711/1532 1491/1682/1505 1489/1681/1503
f 1518/1711/1532 1517/1710/1531 1519/1712/1533 1520/1713/1534
f 1518/1711/1532 1520/1713/1534 1493/1684/1507 1491/1682/1505
f 1520/1713/1534 1519/1712/1533 1521/1714/1535 1522/1715/1536
f 1520/1713/1534 1522/1715/1536 1495/1686/1509 1493/1684/1507
f 1522/1715/1536 1521/1714/1535 1523/1716/1537 1524/1717/1538
f 1522/1715/1536 1524/1717/1538 1497/1688/1511 1495/1686/1509
f 1524/1717/1538 1523/1716/1537 1525/1718/1539 1526/1719/1540
f 1524/1717/1538 1526/1719/1540 1499/1690/1513 1497/1688/1511
f 1526/1719/1540 1525/1718/1539 1527/1720/1541 1528/1721/1542
f 1526/1719/1540 1528/1721/1542 1501/1692/1515 1499/1690/1513
f 1528/1721/1542 1527/1720/1541 1529/1722/1543 1506/1697/1520
f 1528/1721/1542 1506/1697/1520 1503/1694/1517 1501/1692/1515
f 1529/1722/1543 1527/1720/1541 1530/1723/1544 1531/1724/1545
f 1529/1722/1543 1531/1724/1545 1532/1725/1546 1533/1726/1547
f 1529/1722/1543 1533/1726/1547 1507/1698/1521 1506/1697/1520
f 1533/1726/1547 1532/1725/1546 1534/1727/1548 1511/1702/1525
f 1533/1726/1547 1511/1702/1525 1508/1699/1522 1507/1698/1521
f 1534/1727/1548 1532/1725/1546 1535/1728/1549 1536/1729/1550
f 1534/1727/1548 1536/1729/1550 1537/1730/1551 1538/1731/1552
f 1534/1727/1548 1538/1731/1552 1512/1703/1526 1511/1702/1525
f 1538/1731/1552 1537/1730/1551 1539/1732/1553 1540/1733/1554
f 1538/1731/1552 1540/1733/1554 1513/1704/1527 1512/1703/1526
f 1540/1733/1554 1539/1732/1553 1541/1734/1555 1542/1735/1556
f 1540/1733/1554 1542/1735/1556 1515/1706/1529 1513/1704/1527
f 1542/1736/1556 1541/1737/1555 1543/1738/1557 1544/1739/1558
f 1542/1736/1556 1544/1739/1558 1517/1710/1531 1515/1709/1529
f 1544/1739/1558 1543/1738/1557 1545/1740/1559 1546/1741/1560
f 1544/1739/1558 1546/1741/1560 1519/1712/1533 1517/1710/1531
f 1546/1741/1560 1545/1740/1559 1547/1742/1561 1548/1743/1562
f 1546/1741/1560 1548/1743/1562 1521/1714/1535 1519/1712/1533
f 1548/1743/1562 1547/1742/1561 1549/1744/1563 1550/1745/1564
f 1548/1743/1562 1550/1745/1564 1523/1716/1537 1521/1714/1535
f 1550/1745/1564 1549/1744/1563 1551/1746/1565 1552/1747/1566
f 1550/1745/1564 1552/1747/1566 1525/1718/1539 1523/1716/1537
f 1552/1747/1566 1551/1746/1565 1553/1748/1567 1530/1723/1544
f 1552/1747/1566 1530/1723/1544 1527/1720/1541 1525/1718/1539
f 1553/1748/1567 1551/1746/1565 1554/1749/1568 1555/1750/1569
f 1553/1748/1567 1555/1750/1569 1556/1751/1570 1557/1752/1571
f 1553/1748/1567 1557/1752/1571 1531/1724/1545 1530/1723/1544
f 1557/1752/1571 1556/1751/1570 1558/1753/1572 1535/1728/1549
f 1557/1752/1571 1535/1728/1549 1532/1725/1546 1531/1724/1545
f 1558/1753/1572 1556/1751/1570 1559/1754/1573 1560/1755/1574
f 1558/1753/1572 1560/1755/1574 236/239/216 1561/1756/1575
f 1558/1753/1572 1561/1756/1575 1536/1729/1550 1535/1728/1549
f 1561/1756/1575 236/239/216 235/238/215 1562/1757/1576
f 1561/1756/1575 1562/1757/1576 1537/1730/1551 1536/1729/1550
f 1562/1757/1576 235/238/215 234/237/214 1563/1758/1577
f 1562/1757/1576 1563/1758/1577 1539/1732/1553 1537/1730/1551
f 1563/1758/1577 234/237/214 1564/1759/1578 1565/1760/1579
f 1563/1758/1577 1565/1760/1579 1541/1734/1555 1539/1732/1553
f 1565/1761/1579 1564/1762/1578 1566/1763/1580 1567/1764/1581
f 1565/1761/1579 1567/1764/1581 1543/1738/1557 1541/1737/1555
f 1567/1764/1581 1566/1763/1580 1568/1765/1582 1569/1766/1583
f 1567/1764/1581 1569/1766/1583 1545/1740/1559 1543/1738/1557
f 1569/1766/1583 1568/1765/1582 245/256/228 1570/1767/1584
f 1569/1766/1583 1570/1767/1584 1547/1742/1561 1545/1740/1559
f 1570/1767/1584 245/256/228 243/251/225 1571/1768/1585
f 1570/1767/1584 1571/1768/1585 1549/1744/1563 1547/1742/1561
f 1571/1768/1585 243/251/225 242/250/224 1554/1749/1568
f 1571/1768/1585 1554/1749/1568 1551/1746/1565 1549/1744/1563
f 1568/1765/1582 1566/1763/1580 1572/1769/1586 248/1770/231
f 1568/1765/1582 248/1770/231 244/257/226 245/256/228
f 1572/1769/1586 1566/1763/1580 1564/1762/1578 239/1771/220
f 1572/1772/1586 239/246/220 238/245/219 1573/1773/1587
f 1572/1772/1586 1573/1773/1587 246/258/229 248/260/231
f 1573/1773/1587 238/245/219 240/247/221 1574/1774/1588
f 1573/1773/1587 1574/1774/1588 247/259/230 246/258/229
f 1574/1775/1588 1559/1754/1573 1575/1776/1589 247/1777/230
f 1574/1775/1588 240/1778/221 1560/1755/1574 1559/1754/1573
f 1575/1776/1589 1555/1750/1569 1554/1749/1568 242/250/224
f 1575/1776/1589 242/250/224 241/249/223 247/1777/230
f 1575/1776/1589 1559/1754/1573 1556/1751/1570 1555/1750/1569
f 1564/1759/1578 234/237/214 233/236/213 239/1779/220
f 1560/1755/1574 240/1778/221 237/240/217 236/239/216
f 1479/1668/1493 1476/1665/1490 1474/1663/1488 1473/1662/1487
f 1447/1636/1461 1278/1444/1292 75/35/28 74/34/27
f 1418/1598/1432 1284/1450/1298 1281/1447/1295 1280/1446/1294
f 1290/1456/1304 1287/1453/1301 1285/1451/1299 1284/1450/1298
f 1283/1449/1297 353/406/358 87/49/41 86/48/40
f 1263/1427/1277 1258/1422/1272 1256/1420/1270 1255/1419/1269
f 1242/1403/1256 1240/1401/1254 354/407/359 357/410/362
f 1234/1391/1248 1233/1390/1247 1576/1780/1590 1577/1781/1591
f 1234/1391/1248 1577/1781/1591 489/564/500 488/563/499
f 1577/1781/1591 1576/1780/1590 1578/1782/1592 1579/1783/1593
f 1577/1781/1591 1579/1783/1593 481/556/492 489/564/500
f 1579/1783/1593 1578/1782/1592 1580/1784/1594 476/551/487
f 1579/1783/1593 476/551/487 475/550/486 481/556/492
f 1580/1785/1594 1578/1786/1592 1581/1787/1595 1582/1788/1596
f 1580/1785/1594 1582/1788/1596 1583/1789/1597 471/1790/482
f 1580/1784/1594 471/546/482 470/545/481 476/551/487
f 1583/1789/1597 1582/1788/1596 1584/1791/1598 1585/1792/1599
f 1583/1789/1597 1585/1792/1599 1586/1793/1600 466/538/477
f 1583/1789/1597 466/538/477 465/537/476 471/1790/482
f 1586/1793/1600 1585/1792/1599 1587/1794/1601 1588/1795/1602
f 1586/1793/1600 1588/1795/1602 1589/1796/1603 461/533/472
f 1586/1793/1600 461/533/472 460/532/471 466/538/477
f 1589/1796/1603 1588/1795/1602 1590/1797/1604 1591/1798/1605
f 1589/1796/1603 1591/1798/1605 1592/1799/1606 456/528/467
f 1589/1796/1603 456/528/467 455/527/466 461/533/472
f 1592/1799/1606 1591/1798/1605 1593/1800/1607 1594/1801/1608
f 1592/1799/1606 1594/1801/1608 1595/1802/1609 451/523/462
f 1592/1799/1606 451/523/462 450/522/461 456/528/467
f 1595/1802/1609 1594/1801/1608 1596/1803/1610 1597/1804/1611
f 1595/1802/1609 1597/1804/1611 1598/1805/1612 446/518/457
f 1595/1802/1609 446/518/457 445/517/456 451/523/462
f 1598/1805/1612 1597/1804/1611 1599/1806/1613 1600/1807/1614
f 1598/1805/1612 1600/1807/1614 297/330/295 441/513/452
f 1598/1805/1612 441/513/452 440/512/451 446/518/457
f 1600/1807/1614 1599/1806/1613 1601/1808/1615 1602/1809/1616
f 1600/1807/1614 1602/1809/1616 298/331/296 297/330/295
f 1602/1809/1616 1601/1808/1615 1603/1810/1617 1604/1811/1618
f 1602/1809/1616 1604/1811/1618 299/332/297 298/331/296
f 1604/1811/1618 1603/1810/1617 1605/1812/1619 1606/1813/1620
f 1604/1811/1618 1606/1813/1620 1607/1814/1621 299/332/297
f 1607/1814/1621 1606/1813/1620 1608/1815/1622 1609/1816/1623
f 1607/1814/1621 1609/1816/1623 1610/1817/1624 1611/1818/1625
f 1607/1814/1621 1611/1818/1625 293/326/291 299/332/297
f 1611/1818/1625 1610/1817/1624 1612/1819/1626 1613/1820/1627
f 1611/1818/1625 1613/1820/1627 294/327/292 293/326/291
f 1613/1820/1627 1612/1819/1626 1614/1821/1628 423/495/434
f 1613/1820/1627 423/495/434 422/494/433 294/327/292
f 1614/1821/1628 1612/1819/1626 1615/1822/1629 1616/1823/1630
f 1614/1821/1628 1616/1823/1630 1617/1824/1631 418/490/429
f 1614/1821/1628 418/490/429 417/489/428 423/495/434
f 1617/1824/1631 1616/1823/1630 1618/1825/1632 1619/1826/1633
f 1617/1824/1631 1619/1826/1633 1620/1827/1634 413/485/424
f 1617/1824/1631 413/485/424 412/484/423 418/490/429
f 1620/1827/1634 1619/1826/1633 1621/1828/1635 1622/1829/1636
f 1620/1827/1634 1622/1829/1636 1623/1830/1637 408/480/419
f 1620/1827/1634 408/480/419 407/479/418 413/485/424
f 1623/1830/1637 1622/1829/1636 1624/1831/1638 1625/1832/1639
f 1623/1830/1637 1625/1832/1639 1626/1833/1640 403/471/412
f 1623/1830/1637 403/471/412 402/470/411 408/480/419
f 1626/1833/1640 1625/1832/1639 1627/1834/1641 1628/1835/1642
f 1626/1833/1640 1628/1835/1642 1629/1836/1643 399/1837/1644
f 1626/1833/1640 399/1837/1644 398/472/413 403/471/412
f 1629/1836/1643 1628/1835/1642 1630/1838/1645 1631/1839/1646
f 1629/1840/1643 1909/473/414 1835/476/415 399/1841/1644
f 400/1842/1647 1834/1843/1648 1832/1844/1649 397/464/405
f 1637/1845/1650 400/1842/1647 397/464/405 1636/463/404
f 1828/1846/1651 1637/1845/1650 1636/463/404 1827/467/408
f 1911/1847/1652 1828/1848/1651 1827/474/408 1909/473/414
f 1640/1849/1653 1641/1850/1654 414/486/425 1638/1851/1655
f 1631/1852/1646 1911/1847/1652 1909/473/414 1629/1840/1643
f 1640/1849/1653 1643/1853/1656 1644/1854/1657 1641/1850/1654
f 1644/1854/1657 1645/1855/1658 419/491/430 1641/1850/1654
f 1644/1854/1657 1643/1853/1656 1646/1856/1659 1647/1857/1660
f 1644/1854/1657 1647/1857/1660 1648/1858/1661 1645/1855/1658
f 1648/1858/1661 426/498/437 424/496/435 1645/1855/1658
f 1648/1858/1661 1647/1857/1660 1649/1859/1662 1650/1860/1663
f 1648/1858/1661 1650/1860/1663 428/500/439 426/498/437
f 1650/1860/1663 1649/1859/1662 1651/1861/1664 1652/1862/1665
f 1650/1860/1663 1652/1862/1665 430/502/441 428/500/439
f 1652/1862/1665 1651/1861/1664 1653/1863/1666 1654/1864/1667
f 1652/1862/1665 1654/1864/1667 1655/1865/1668 430/502/441
f 1655/1865/1668 433/505/444 431/503/442 430/502/441
f 1655/1865/1668 1654/1864/1667 1656/1866/1669 1657/1867/1670
f 1655/1865/1668 1657/1867/1670 1658/1868/1671 433/505/444
f 1658/1868/1671 437/509/448 434/506/445 433/505/444
f 1658/1868/1671 1657/1867/1670 1659/1869/1672 1660/1870/1673
f 1658/1868/1671 1660/1870/1673 1661/1871/1674 437/509/448
f 1661/1871/1674 442/514/453 438/510/449 437/509/448
f 1661/1871/1674 1660/1870/1673 1662/1872/1675 1663/1873/1676
f 1661/1871/1674 1663/1873/1676 1664/1874/1677 442/514/453
f 1664/1874/1677 447/519/458 443/515/454 442/514/453
f 1664/1874/1677 1663/1873/1676 1665/1875/1678 1666/1876/1679
f 1664/1874/1677 1666/1876/1679 1667/1877/1680 447/519/458
f 1667/1877/1680 452/524/463 448/520/459 447/519/458
f 1667/1877/1680 1666/1876/1679 1668/1878/1681 1669/1879/1682
f 1667/1877/1680 1669/1879/1682 1670/1880/1683 452/524/463
f 1670/1880/1683 457/529/468 453/525/464 452/524/463
f 1670/1880/1683 1669/1879/1682 1671/1881/1684 1672/1882/1685
f 1670/1880/1683 1672/1882/1685 1673/1883/1686 457/529/468
f 1673/1883/1686 462/534/473 458/530/469 457/529/468
f 1673/1884/1686 1672/1885/1685 1674/1886/1687 1675/1887/1688
f 1673/1884/1686 1675/1887/1688 1676/1888/1689 462/1889/473
f 1676/1888/1689 467/541/478 463/540/474 462/1889/473
f 1676/1888/1689 1675/1887/1688 1677/1890/1690 1678/1891/1691
f 1676/1888/1689 1678/1891/1691 1679/1892/1692 467/541/478
f 1679/1892/1692 472/547/483 468/542/479 467/541/478
f 1679/1892/1692 1678/1891/1691 1680/1893/1693 1681/1894/1694
f 1679/1892/1692 1681/1894/1694 1682/1895/1695 472/547/483
f 1682/1895/1695 477/552/488 473/548/484 472/547/483
f 1682/1895/1695 1681/1894/1694 1683/1896/1696 1684/1897/1697
f 1682/1895/1695 1684/1897/1697 1685/1898/1698 477/552/488
f 1685/1898/1698 482/557/493 478/553/489 477/552/488
f 1685/1898/1698 1684/1897/1697 1686/1899/1699 1687/1900/1700
f 1685/1898/1698 1687/1900/1700 1688/1901/1701 482/557/493
f 1688/1901/1701 285/316/281 483/558/494 482/557/493
f 1688/1901/1701 1687/1900/1700 1689/1902/1702 1690/1903/1703
f 1688/1901/1701 1690/1903/1703 281/312/277 285/316/281
f 1690/1903/1703 1689/1902/1702 1691/1904/1704 1692/1905/1705
f 1690/1903/1703 1692/1905/1705 282/313/278 281/312/277
f 1692/1905/1705 1691/1904/1704 1693/1906/1706 1694/1907/1707
f 1692/1905/1705 1694/1907/1707 1695/1908/1708 282/313/278
f 1695/1908/1708 1696/1909/1709 283/314/279 282/313/278
f 1695/1908/1708 1694/1907/1707 1697/1910/1710 1698/1911/1711
f 1695/1908/1708 1698/1911/1711 1699/1912/1712 1696/1909/1709
f 1699/1912/1712 1700/1913/1713 1701/1914/1714 1696/1909/1709
f 1699/1912/1712 1698/1911/1711 1702/1915/1715 1703/1916/1716
f 1699/1912/1712 1703/1916/1716 1704/1917/1717 1700/1913/1713
f 1704/1917/1717 1705/1918/1718 1706/1919/1719 1700/1913/1713
f 1704/1917/1717 1703/1916/1716 940/1067/954 938/1065/952
f 1704/1917/1717 938/1065/952 937/1064/951 1705/1918/1718
f 1706/1919/1719 1707/1920/1720 1708/1921/1721 1709/1922/1722
f 1706/1919/1719 1709/1922/1722 1701/1914/1714 1700/1913/1713
f 1706/1919/1719 1705/1918/1718 1710/1923/1723 1707/1920/1720
f 1710/1923/1723 1711/1924/1724 1712/1925/1725 1707/1920/1720
f 1710/1923/1723 1705/1918/1718 937/1064/951 936/1063/950
f 1710/1923/1723 936/1063/950 1713/1926/1726 1711/1924/1724
f 1713/1926/1726 1714/1927/1727 1715/1928/1728 1711/1924/1724
f 1713/1926/1726 936/1063/950 934/1061/948 933/1060/947
f 1713/1926/1726 933/1060/947 1716/1929/1729 1714/1927/1727
f 1716/1929/1729 1717/1930/1730 1718/1931/1731 1714/1927/1727
f 1716/1929/1729 933/1060/947 931/1058/945 1719/1932/1732
f 1716/1929/1729 1719/1932/1732 1720/1933/1733 1717/1930/1730
f 1720/1933/1733 1721/1934/1734 1722/1935/1735 1717/1930/1730
f 1720/1933/1733 1719/1932/1732 1723/1936/1736 1724/1937/1737
f 1720/1933/1733 1724/1937/1737 1725/1938/1738 1721/1934/1734
f 1725/1938/1738 1726/1939/1739 1727/1940/1740 1721/1934/1734
f 1725/1938/1738 1724/1937/1737 1728/1941/1741 1729/1942/1742
f 1725/1938/1738 1729/1942/1742 1730/1943/1743 1726/1939/1739
f 1730/1943/1743 1731/1944/1744 1732/1945/1745 1726/1939/1739
f 1730/1943/1743 1729/1942/1742 1733/1946/1746 1734/1947/1747
f 1730/1943/1743 1734/1947/1747 1735/1948/1748 1731/1944/1744
f 1735/1948/1748 1736/1949/1749 1737/1950/1750 1731/1944/1744
f 1735/1948/1748 1734/1947/1747 1738/1951/1751 1739/1952/1752
f 1735/1948/1748 1739/1952/1752 1740/1953/1753 1736/1949/1749
f 1740/1953/1753 1741/1954/1754 1742/1955/1755 1736/1949/1749
f 1740/1953/1753 1739/1952/1752 1743/1956/1756 1744/1957/1757
f 1740/1953/1753 1744/1957/1757 1745/1958/1758 1741/1954/1754
f 1745/1958/1758 1746/1959/1759 1747/1960/1760 1741/1954/1754
f 1745/1958/1758 1744/1957/1757 1748/1961/1761 1749/1962/1762
f 1745/1958/1758 1749/1962/1762 1750/1963/1763 1746/1959/1759
f 1750/1963/1763 1751/1964/1764 1752/1965/1765 1746/1959/1759
f 1750/1963/1763 1749/1962/1762 1753/1966/1766 1754/1967/1767
f 1750/1963/1763 1754/1967/1767 660/749/671 1751/1964/1764
f 1754/1967/1767 1753/1966/1766 1755/1968/1768 1756/1969/1769
f 1754/1967/1767 1756/1969/1769 661/750/672 660/749/671
f 1756/1969/1769 1755/1968/1768 906/1970/920 665/1971/676
f 1756/1969/1769 665/1971/676 662/751/673 661/750/672
f 1755/1968/1768 1753/1966/1766 1757/1972/1770 909/1035/923
f 1755/1968/1768 909/1035/923 907/1034/921 906/1970/920
f 1757/1972/1770 1753/1966/1766 1749/1962/1762 1748/1961/1761
f 1757/1972/1770 1748/1961/1761 1758/1973/1771 912/1039/926
f 1757/1972/1770 912/1039/926 910/1036/924 909/1035/923
f 1758/1973/1771 1748/1961/1761 1744/1957/1757 1743/1956/1756
f 1758/1973/1771 1743/1956/1756 1759/1974/1772 915/1042/929
f 1758/1973/1771 915/1042/929 913/1040/927 912/1039/926
f 1759/1974/1772 1743/1956/1756 1739/1952/1752 1738/1951/1751
f 1759/1974/1772 1738/1951/1751 1760/1975/1773 918/1045/932
f 1759/1974/1772 918/1045/932 916/1043/930 915/1042/929
f 1760/1975/1773 1738/1951/1751 1734/1947/1747 1733/1946/1746
f 1760/1975/1773 1733/1946/1746 1761/1976/1774 921/1048/935
f 1760/1975/1773 921/1048/935 919/1046/933 918/1045/932
f 1761/1976/1774 1733/1946/1746 1729/1942/1742 1728/1941/1741
f 1761/1976/1774 1728/1941/1741 1762/1977/1775 924/1051/938
f 1761/1976/1774 924/1051/938 922/1049/936 921/1048/935
f 1762/1977/1775 1728/1941/1741 1724/1937/1737 1723/1936/1736
f 1762/1977/1775 1723/1936/1736 929/1056/943 927/1054/941
f 1762/1977/1775 927/1054/941 925/1052/939 924/1051/938
f 1752/1965/1765 565/640/576 561/636/572 560/635/571
f 1752/1965/1765 560/635/571 1747/1960/1760 1746/1959/1759
f 1752/1965/1765 1751/1964/1764 657/746/668 565/640/576
f 1751/1964/1764 660/749/671 658/747/669 657/746/668
f 1747/1960/1760 560/635/571 557/632/568 556/631/567
f 1747/1960/1760 556/631/567 1742/1955/1755 1741/1954/1754
f 1742/1955/1755 556/631/567 552/627/563 551/626/562
f 1742/1955/1755 551/626/562 1737/1950/1750 1736/1949/1749
f 1737/1950/1750 551/626/562 547/622/558 546/621/557
f 1737/1950/1750 546/621/557 1732/1945/1745 1731/1944/1744
f 1732/1945/1745 546/621/557 542/617/553 541/616/552
f 1732/1945/1745 541/616/552 1727/1940/1740 1726/1939/1739
f 1727/1940/1740 541/616/552 537/612/548 536/611/547
f 1727/1940/1740 536/611/547 1722/1935/1735 1721/1934/1734
f 1723/1936/1736 1719/1932/1732 931/1058/945 929/1056/943
f 1722/1935/1735 536/611/547 532/607/543 531/606/542
f 1722/1935/1735 531/606/542 1718/1931/1731 1717/1930/1730
f 1718/1931/1731 531/606/542 527/602/538 526/601/537
f 1718/1931/1731 526/601/537 1715/1928/1728 1714/1927/1727
f 1715/1928/1728 526/601/537 522/597/533 521/596/532
f 1715/1928/1728 521/596/532 1712/1925/1725 1711/1924/1724
f 1712/1925/1725 521/596/532 517/592/528 516/591/527
f 1712/1925/1725 516/591/527 1708/1921/1721 1707/1920/1720
f 1709/1922/1722 1708/1921/1721 511/586/522 1763/1978/1776
f 1709/1922/1722 1763/1978/1776 290/321/286 1701/1914/1714
f 1763/1978/1776 511/586/522 507/582/518 506/581/517
f 1763/1978/1776 506/581/517 288/319/284 290/321/286
f 1708/1921/1721 516/591/527 512/587/523 511/586/522
f 1703/1916/1716 1702/1915/1715 942/1069/956 940/1067/954
f 1702/1915/1715 1698/1911/1711 1697/1910/1710 1764/1979/1777
f 1702/1915/1715 1764/1979/1777 1765/1980/1778 942/1069/956
f 1765/1980/1778 1764/1979/1777 1766/1981/1779 1767/1982/1780
f 1765/1980/1778 1767/1982/1780 1768/1983/1781 945/1072/959
f 1765/1980/1778 945/1072/959 943/1070/957 942/1069/956
f 1768/1983/1781 1767/1982/1780 1769/1984/1782 1770/1985/1783
f 1768/1983/1781 1770/1985/1783 1771/1986/1784 1772/1987/1785
f 1768/1983/1781 1772/1987/1785 946/1073/960 945/1072/959
f 1772/1987/1785 1771/1986/1784 1773/1988/1786 1774/1989/1787
f 1772/1987/1785 1774/1989/1787 947/1074/961 946/1073/960
f 1774/1989/1787 1773/1988/1786 1775/1990/1788 1776/1991/1789
f 1774/1989/1787 1776/1991/1789 949/1076/963 947/1074/961
f 1776/1991/1789 1775/1990/1788 1777/1992/1790 1778/1993/1791
f 1776/1991/1789 1778/1993/1791 951/1078/965 949/1076/963
f 1778/1993/1791 1777/1992/1790 1593/1800/1607 1779/1994/1792
f 1778/1993/1791 1779/1994/1792 1780/1995/1793 951/1078/965
f 1780/1995/1793 955/1082/969 952/1079/966 951/1078/965
f 1780/1995/1793 1779/1994/1792 1590/1797/1604 1781/1996/1794
f 1780/1995/1793 1781/1996/1794 1782/1997/1795 955/1082/969
f 1782/1997/1795 960/1087/974 956/1083/970 955/1082/969
f 1782/1997/1795 1781/1996/1794 1587/1794/1601 1783/1998/1796
f 1782/1997/1795 1783/1998/1796 1784/1999/1797 960/1087/974
f 1784/1999/1797 965/1092/979 961/1088/975 960/1087/974
f 1784/1999/1797 1783/1998/1796 1584/1791/1598 1785/2000/1798
f 1784/1999/1797 1785/2000/1798 1786/2001/1799 965/1092/979
f 1786/2001/1799 970/1097/984 966/1093/980 965/1092/979
f 1786/2001/1799 1785/2000/1798 1581/1787/1595 1787/2002/1800
f 1786/2001/1799 1787/2002/1800 1232/1387/1246 970/1097/984
f 1787/2002/1800 1581/1787/1595 1578/1786/1592 1576/2003/1590
f 1787/2002/1800 1576/2003/1590 1233/1388/1247 1232/1387/1246
f 1785/2000/1798 1584/1791/1598 1582/1788/1596 1581/1787/1595
f 1783/1998/1796 1587/1794/1601 1585/1792/1599 1584/1791/1598
f 1781/1996/1794 1590/1797/1604 1588/1795/1602 1587/1794/1601
f 1779/1994/1792 1593/1800/1607 1591/1798/1605 1590/1797/1604
f 1777/1992/1790 1775/1990/1788 1788/2004/1801 1596/1803/1610
f 1777/1992/1790 1596/1803/1610 1594/1801/1608 1593/1800/1607
f 1788/2004/1801 1775/1990/1788 1773/1988/1786 1789/2005/1802
f 1788/2004/1801 1789/2005/1802 1601/1808/1615 1599/1806/1613
f 1788/2004/1801 1599/1806/1613 1597/1804/1611 1596/1803/1610
f 1789/2005/1802 1773/1988/1786 1771/1986/1784 1790/2006/1803
f 1789/2005/1802 1790/2006/1803 1603/1810/1617 1601/1808/1615
f 1790/2006/1803 1771/1986/1784 1770/1985/1783 1791/2007/1804
f 1790/2006/1803 1791/2007/1804 1605/1812/1619 1603/1810/1617
f 1791/2007/1804 1770/1985/1783 1769/1984/1782 1792/2008/1805
f 1791/2007/1804 1792/2008/1805 1793/2009/1806 1605/1812/1619
f 1793/2009/1806 1792/2008/1805 1794/2010/1807 1795/2011/1808
f 1793/2009/1806 1795/2011/1808 1796/2012/1809 1608/1815/1622
f 1793/2009/1806 1608/1815/1622 1606/1813/1620 1605/1812/1619
f 1796/2012/1809 1795/2011/1808 1797/2013/1810 1798/2014/1811
f 1796/2012/1809 1798/2014/1811 1799/2015/1812 1800/2016/1813
f 1796/2012/1809 1800/2016/1813 1609/1816/1623 1608/1815/1622
f 1800/2016/1813 1799/2015/1812 1801/2017/1814 1802/2018/1815
f 1800/2016/1813 1802/2018/1815 1610/1817/1624 1609/1816/1623
f 1802/2018/1815 1801/2017/1814 1803/2019/1816 1615/1822/1629
f 1802/2018/1815 1615/1822/1629 1612/1819/1626 1610/1817/1624
f 1803/2019/1816 1801/2017/1814 1804/2020/1817 1805/2021/1818
f 1803/2019/1816 1805/2021/1818 1806/2022/1819 1618/1825/1632
f 1803/2019/1816 1618/1825/1632 1616/1823/1630 1615/1822/1629
f 1806/2022/1819 1805/2021/1818 1807/2023/1820 1808/2024/1821
f 1806/2022/1819 1808/2024/1821 1809/2025/1822 1621/1828/1635
f 1806/2022/1819 1621/1828/1635 1619/1826/1633 1618/1825/1632
f 1809/2025/1822 1808/2024/1821 1810/2026/1823 1811/2027/1824
f 1809/2025/1822 1811/2027/1824 1812/2028/1825 1624/1831/1638
f 1809/2025/1822 1624/1831/1638 1622/1829/1636 1621/1828/1635
f 1812/2028/1825 1811/2027/1824 1813/2029/1826 1814/2030/1827
f 1812/2028/1825 1814/2030/1827 1815/2031/1828 1627/1834/1641
f 1812/2028/1825 1627/1834/1641 1625/1832/1639 1624/1831/1638
f 1815/2031/1828 1814/2030/1827 1816/2032/1829 1817/2033/1830
f 1815/2031/1828 1817/2033/1830 1818/2034/1831 1630/1838/1645
f 1815/2031/1828 1630/1838/1645 1628/1835/1642 1627/1834/1641
f 1818/2034/1831 1817/2033/1830 1819/2035/1832 1820/2036/1833
f 1818/2034/1831 1820/2036/1833 1821/2037/1834 1633/2038/1835
f 1818/2034/1831 1633/2038/1835 1631/1839/1646 1630/1838/1645
f 1821/2037/1834 1820/2036/1833 1822/2039/1836 1823/2040/1837
f 404/2041/1838 1836/2042/1839 1834/1843/1648 400/1842/1647
f 1639/2043/1840 404/2041/1838 400/1842/1647 1637/1845/1650
f 1829/2044/1841 1639/2043/1840 1637/1845/1650 1828/1846/1651
f 1912/2045/1842 1829/2046/1841 1828/1848/1651 1911/1847/1652
f 1633/2047/1835 1912/2045/1842 1911/1847/1652 1631/1852/1646
f 1830/2048/1843 1649/1859/1662 1647/1857/1660 1646/1856/1659
f 1632/2049/1844 1838/2050/1845 1836/2042/1839 404/2041/1838
f 1830/2048/1843 1832/2051/1649 1651/1861/1664 1649/1859/1662
f 1642/2052/1846 1632/2049/1844 404/2041/1838 1639/2043/1840
f 1832/2051/1649 1834/2053/1648 1653/1863/1666 1651/1861/1664
f 1831/2054/1847 1642/2052/1846 1639/2043/1840 1829/2044/1841
f 1834/2053/1648 1836/2055/1839 1837/2056/1848 1653/1863/1666
f 1837/2056/1848 1656/1866/1669 1654/1864/1667 1653/1863/1666
f 1837/2056/1848 1836/2055/1839 1838/2057/1845 1839/2058/1849
f 1837/2056/1848 1839/2058/1849 1840/2059/1850 1656/1866/1669
f 1840/2059/1850 1659/1869/1672 1657/1867/1670 1656/1866/1669
f 1840/2059/1850 1839/2058/1849 1841/2060/1851 1842/2061/1852
f 1840/2059/1850 1842/2061/1852 1843/2062/1853 1659/1869/1672
f 1843/2062/1853 1662/1872/1675 1660/1870/1673 1659/1869/1672
f 1843/2062/1853 1842/2061/1852 1844/2063/1854 1845/2064/1855
f 1843/2062/1853 1845/2064/1855 1846/2065/1856 1662/1872/1675
f 1846/2065/1856 1665/1875/1678 1663/1873/1676 1662/1872/1675
f 1846/2065/1856 1845/2064/1855 1847/2066/1857 1848/2067/1858
f 1846/2065/1856 1848/2067/1858 1849/2068/1859 1665/1875/1678
f 1849/2068/1859 1668/1878/1681 1666/1876/1679 1665/1875/1678
f 1849/2068/1859 1848/2067/1858 1850/2069/1860 1851/2070/1861
f 1849/2068/1859 1851/2070/1861 1852/2071/1862 1668/1878/1681
f 1852/2071/1862 1671/1881/1684 1669/1879/1682 1668/1878/1681
f 1852/2072/1862 1851/2073/1861 1853/2074/1863 1854/2075/1864
f 1852/2072/1862 1854/2075/1864 1855/2076/1865 1671/2077/1684
f 1855/2076/1865 1674/1886/1687 1672/1885/1685 1671/2077/1684
f 1855/2076/1865 1854/2075/1864 1856/2078/1866 1857/2079/1867
f 1855/2076/1865 1857/2079/1867 1858/2080/1868 1674/1886/1687
f 1858/2080/1868 1677/1890/1690 1675/1887/1688 1674/1886/1687
f 1858/2080/1868 1857/2079/1867 1859/2081/1869 1860/2082/1870
f 1858/2080/1868 1860/2082/1870 1861/2083/1871 1677/1890/1690
f 1861/2083/1871 1680/1893/1693 1678/1891/1691 1677/1890/1690
f 1861/2083/1871 1860/2082/1870 1862/2084/1872 1863/2085/1873
f 1861/2083/1871 1863/2085/1873 1864/2086/1874 1680/1893/1693
f 1864/2086/1874 1683/1896/1696 1681/1894/1694 1680/1893/1693
f 1864/2086/1874 1863/2085/1873 1865/2087/1875 1866/2088/1876
f 1864/2086/1874 1866/2088/1876 1867/2089/1877 1683/1896/1696
f 1867/2089/1877 1686/1899/1699 1684/1897/1697 1683/1896/1696
f 1867/2089/1877 1866/2088/1876 1868/2090/1878 1869/2091/1879
f 1867/2089/1877 1869/2091/1879 1870/2092/1880 1686/1899/1699
f 1870/2092/1880 1689/1902/1702 1687/1900/1700 1686/1899/1699
f 1870/2092/1880 1869/2091/1879 1871/2093/1881 1872/2094/1882
f 1870/2092/1880 1872/2094/1882 1691/1904/1704 1689/1902/1702
f 1872/2094/1882 1871/2093/1881 1873/2095/1883 1874/2096/1884
f 1872/2094/1882 1874/2096/1884 1693/1906/1706 1691/1904/1704
f 1874/2096/1884 1873/2095/1883 1875/2097/1885 1876/2098/1886
f 1874/2096/1884 1876/2098/1886 1877/2099/1887 1693/1906/1706
f 1877/2099/1887 1697/1910/1710 1694/1907/1707 1693/1906/1706
f 1877/2099/1887 1876/2098/1886 1878/2100/1888 1766/1981/1779
f 1877/2099/1887 1766/1981/1779 1764/1979/1777 1697/1910/1710
f 1878/2100/1888 1876/2098/1886 1875/2097/1885 1794/2010/1807
f 1878/2100/1888 1794/2010/1807 1792/2008/1805 1769/1984/1782
f 1878/2100/1888 1769/1984/1782 1767/1982/1780 1766/1981/1779
f 1875/2097/1885 1873/2095/1883 1879/2101/1889 1797/2013/1810
f 1875/2097/1885 1797/2013/1810 1795/2011/1808 1794/2010/1807
f 1879/2101/1889 1873/2095/1883 1871/2093/1881 1880/2102/1890
f 1879/2101/1889 1880/2102/1890 1881/2103/1891 1882/2104/1892
f 1879/2101/1889 1882/2104/1892 1798/2014/1811 1797/2013/1810
f 1882/2104/1892 1881/2103/1891 1883/2105/1893 1884/2106/1894
f 1882/2104/1892 1884/2106/1894 1799/2015/1812 1798/2014/1811
f 1884/2106/1894 1883/2105/1893 1885/2107/1895 1804/2020/1817
f 1884/2106/1894 1804/2020/1817 1801/2017/1814 1799/2015/1812
f 1885/2107/1895 1883/2105/1893 1886/2108/1896 1887/2109/1897
f 1885/2107/1895 1887/2109/1897 1888/2110/1898 1807/2023/1820
f 1885/2107/1895 1807/2023/1820 1805/2021/1818 1804/2020/1817
f 1888/2110/1898 1887/2109/1897 1889/2111/1899 1890/2112/1900
f 1888/2110/1898 1890/2112/1900 1891/2113/1901 1810/2026/1823
f 1888/2110/1898 1810/2026/1823 1808/2024/1821 1807/2023/1820
f 1891/2113/1901 1890/2112/1900 1892/2114/1902 1893/2115/1903
f 1891/2113/1901 1893/2115/1903 1894/2116/1904 1813/2029/1826
f 1891/2113/1901 1813/2029/1826 1811/2027/1824 1810/2026/1823
f 1894/2116/1904 1893/2115/1903 1895/2117/1905 1896/2118/1906
f 1894/2116/1904 1896/2118/1906 1897/2119/1907 1816/2032/1829
f 1894/2116/1904 1816/2032/1829 1814/2030/1827 1813/2029/1826
f 1897/2119/1907 1896/2118/1906 1898/2120/1908 1899/2121/1909
f 1897/2119/1907 1899/2121/1909 1900/2122/1910 1819/2035/1832
f 1897/2119/1907 1819/2035/1832 1817/2033/1830 1816/2032/1829
f 1900/2122/1910 1899/2121/1909 1901/2123/1911 1902/2124/1912
f 1900/2122/1910 1902/2124/1912 1903/2125/1913 1822/2039/1836
f 1900/2122/1910 1822/2039/1836 1820/2036/1833 1819/2035/1832
f 1903/2125/1913 1902/2124/1912 1904/2126/1914 1905/2127/1915
f 1903/2125/1913 1905/2127/1915 1906/2128/1916 1825/2129/1917
f 1903/2125/1913 1825/2129/1917 1823/2040/1837 1822/2039/1836
f 1906/2130/1916 1905/2131/1915 1907/2132/1918 1908/2133/1919
f 1913/2134/1920 1831/2135/1847 1829/2046/1841 1912/2045/1842
f 1821/2136/1834 1913/2134/1920 1912/2045/1842 1633/2047/1835
f 1910/2137/1921 1914/2138/1922 1838/2050/1845 1632/2049/1844
f 1908/2139/1919 1910/2137/1921 1632/2049/1844 1642/2052/1846
f 1906/2140/1916 1908/2139/1919 1642/2052/1846 1831/2054/1847
f 1914/2141/1922 1841/2060/1851 1839/2058/1849 1838/2057/1845
f 1825/2142/1917 1906/2143/1916 1831/2135/1847 1913/2134/1920
f 1914/2141/1922 1910/2144/1921 1915/2145/1923 1841/2060/1851
f 1915/2145/1923 1844/2063/1854 1842/2061/1852 1841/2060/1851
f 1915/2145/1923 1910/2144/1921 1908/2133/1919 1907/2132/1918
f 1915/2145/1923 1907/2132/1918 1916/2146/1924 1844/2063/1854
f 1916/2146/1924 1847/2066/1857 1845/2064/1855 1844/2063/1854
f 1916/2146/1924 1907/2132/1918 1905/2131/1915 1904/2147/1914
f 1916/2146/1924 1904/2147/1914 1917/2148/1925 1847/2066/1857
f 1917/2148/1925 1850/2069/1860 1848/2067/1858 1847/2066/1857
f 1917/2149/1925 1904/2126/1914 1902/2124/1912 1901/2123/1911
f 1917/2149/1925 1901/2123/1911 1918/2150/1926 1850/2151/1860
f 1918/2150/1926 1853/2074/1863 1851/2073/1861 1850/2151/1860
f 1918/2150/1926 1901/2123/1911 1899/2121/1909 1898/2120/1908
f 1918/2150/1926 1898/2120/1908 1919/2152/1927 1853/2074/1863
f 1919/2152/1927 1856/2078/1866 1854/2075/1864 1853/2074/1863
f 1919/2152/1927 1898/2120/1908 1896/2118/1906 1895/2117/1905
f 1919/2152/1927 1895/2117/1905 1920/2153/1928 1856/2078/1866
f 1920/2153/1928 1859/2081/1869 1857/2079/1867 1856/2078/1866
f 1920/2153/1928 1895/2117/1905 1893/2115/1903 1892/2114/1902
f 1920/2153/1928 1892/2114/1902 1921/2154/1929 1859/2081/1869
f 1921/2154/1929 1862/2084/1872 1860/2082/1870 1859/2081/1869
f 1921/2154/1929 1892/2114/1902 1890/2112/1900 1889/2111/1899
f 1921/2154/1929 1889/2111/1899 1922/2155/1930 1862/2084/1872
f 1922/2155/1930 1865/2087/1875 1863/2085/1873 1862/2084/1872
f 1922/2155/1930 1889/2111/1899 1887/2109/1897 1886/2108/1896
f 1922/2155/1930 1886/2108/1896 1923/2156/1931 1865/2087/1875
f 1923/2156/1931 1868/2090/1878 1866/2088/1876 1865/2087/1875
f 1923/2156/1931 1886/2108/1896 1883/2105/1893 1881/2103/1891
f 1923/2156/1931 1881/2103/1891 1880/2102/1890 1868/2090/1878
f 1880/2102/1890 1871/2093/1881 1869/2091/1879 1868/2090/1878
f 1701/1914/1714 290/321/286 283/314/279 1696/1909/1709
f 1645/1855/1658 424/496/435 420/492/431 419/491/430
f 1641/1850/1654 419/491/430 415/487/426 414/486/425
f 1638/1851/1655 414/486/425 410/482/421 409/481/420
f 1823/2157/1837 1825/2142/1917 1913/2134/1920 1821/2136/1834
f 1232/1387/1246 975/1102/989 971/1098/985 970/1097/984
f 959/1086/973 321/360/322 318/357/319 954/1081/968
f 906/1030/920 904/1028/918 666/757/677 665/756/676
f 874/995/888 796/913/810 793/909/807 792/908/806
f 870/991/884 869/990/883 370/427/376 325/364/326
f 870/991/884 325/364/326 95/58/50 90/53/45
f 862/983/876 861/982/875 806/923/820 802/919/816
f 861/982/875 859/980/873 1924/2158/1932 1925/2159/1933
f 861/982/875 1925/2159/1933 807/924/821 806/923/820
f 1925/2159/1933 1924/2158/1932 1926/2160/1934 1927/2161/1935
f 1925/2159/1933 1927/2161/1935 809/926/823 807/924/821
f 1927/2161/1935 1926/2160/1934 1928/2162/1936 1929/2163/1937
f 1927/2161/1935 1929/2163/1937 1930/2164/1938 809/926/823
f 1930/2164/1938 1929/2163/1937 1931/2165/1939 1932/2166/1940
f 1930/2164/1938 1932/2166/1940 1933/2167/1941 812/929/826
f 1930/2164/1938 812/929/826 810/927/824 809/926/823
f 1933/2167/1941 1932/2166/1940 1934/2168/1942 1935/2169/1943
f 1933/2167/1941 1935/2169/1943 1936/2170/1944 816/933/830
f 1933/2167/1941 816/933/830 813/930/827 812/929/826
f 1936/2170/1944 1935/2169/1943 1937/2171/1945 1938/2172/1946
f 1936/2170/1944 1938/2172/1946 1939/2173/1947 819/936/833
f 1936/2170/1944 819/936/833 817/934/831 816/933/830
f 1939/2173/1947 1938/2172/1946 1940/2174/1948 1941/2175/1949
f 1939/2173/1947 1941/2175/1949 1942/2176/1950 1943/2177/1951
f 1939/2173/1947 1943/2177/1951 820/937/834 819/936/833
f 1943/2177/1951 1942/2176/1950 1944/2178/1952 1945/2179/1953
f 1943/2177/1951 1945/2179/1953 821/938/835 820/937/834
f 1945/2179/1953 1944/2178/1952 1946/2180/1954 1947/2181/1955
f 1945/2179/1953 1947/2181/1955 823/940/837 821/938/835
f 1947/2182/1955 1946/2183/1954 1948/2184/1956 1949/2185/1957
f 1947/2182/1955 1949/2185/1957 825/944/839 823/943/837
f 1949/2185/1957 1948/2184/1956 1950/2186/1958 1951/2187/1959
f 1949/2185/1957 1951/2187/1959 830/951/844 825/944/839
f 1951/2187/1959 1950/2186/1958 1952/2188/1960 1953/2189/1961
f 1951/2187/1959 1953/2189/1961 831/952/845 830/951/844
f 1953/2189/1961 1952/2188/1960 1954/2190/1962 1955/2191/1963
f 1953/2189/1961 1955/2191/1963 833/954/847 831/952/845
f 1955/2191/1963 1954/2190/1962 1956/2192/1964 1957/2193/1965
f 1955/2191/1963 1957/2193/1965 835/956/849 833/954/847
f 1957/2193/1965 1956/2192/1964 1958/2194/1966 1959/2195/1967
f 1957/2193/1965 1959/2195/1967 1960/2196/1968 835/956/849
f 1960/2196/1968 839/960/853 836/957/850 835/956/849
f 1960/2196/1968 1959/2195/1967 1961/2197/1969 1962/2198/1970
f 1960/2196/1968 1962/2198/1970 1963/2199/1971 839/960/853
f 1963/2199/1971 844/965/858 840/961/854 839/960/853
f 1963/2199/1971 1962/2198/1970 1964/2200/1972 1965/2201/1973
f 1963/2199/1971 1965/2201/1973 1966/2202/1974 844/965/858
f 1966/2202/1974 847/968/861 845/966/859 844/965/858
f 1966/2202/1974 1965/2201/1973 1967/2203/1975 1968/2204/1976
f 1966/2202/1974 1968/2204/1976 849/970/863 847/968/861
f 1968/2204/1976 1967/2203/1975 1969/2205/1977 1970/2206/1978
f 1968/2204/1976 1970/2206/1978 1971/2207/1979 849/970/863
f 1971/2207/1979 853/974/867 850/971/864 849/970/863
f 1971/2207/1979 1970/2206/1978 1972/2208/1980 1973/2209/1981
f 1971/2207/1979 1973/2209/1981 1974/2210/1982 853/974/867
f 1974/2210/1982 857/978/871 854/975/868 853/974/867
f 1974/2210/1982 1973/2209/1981 1926/2160/1934 1924/2158/1932
f 1974/2210/1982 1924/2158/1932 859/980/873 857/978/871
f 1973/2209/1981 1972/2208/1980 1928/2162/1936 1926/2160/1934
f 1972/2208/1980 1970/2206/1978 1969/2205/1977 1975/2211/1983
f 1972/2208/1980 1975/2211/1983 1976/2212/1984 1928/2162/1936
f 1976/2212/1984 1975/2211/1983 1977/2213/1985 1978/2214/1986
f 1976/2212/1984 1978/2214/1986 1979/2215/1987 1931/2165/1939
f 1976/2212/1984 1931/2165/1939 1929/2163/1937 1928/2162/1936
f 1979/2215/1987 1978/2214/1986 1980/2216/1988 1981/2217/1989
f 1979/2215/1987 1981/2217/1989 1982/2218/1990 1934/2168/1942
f 1979/2215/1987 1934/2168/1942 1932/2166/1940 1931/2165/1939
f 1982/2218/1990 1981/2217/1989 1983/2219/1991 1984/2220/1992
f 1982/2218/1990 1984/2220/1992 1985/2221/1993 1937/2171/1945
f 1982/2218/1990 1937/2171/1945 1935/2169/1943 1934/2168/1942
f 1985/2221/1993 1984/2220/1992 1986/2222/1994 1987/2223/1995
f 1985/2221/1993 1987/2223/1995 1988/2224/1996 1940/2174/1948
f 1985/2221/1993 1940/2174/1948 1938/2172/1946 1937/2171/1945
f 1988/2224/1996 1987/2223/1995 1989/2225/1997 1990/2226/1998
f 1988/2224/1996 1990/2226/1998 1991/2227/1999 1992/2228/2000
f 1988/2224/1996 1992/2228/2000 1941/2175/1949 1940/2174/1948
f 1992/2228/2000 1991/2227/1999 1993/2229/2001 1994/2230/2002
f 1992/2228/2000 1994/2230/2002 1942/2176/1950 1941/2175/1949
f 1994/2230/2002 1993/2229/2001 1995/2231/2003 1996/2232/2004
f 1994/2230/2002 1996/2232/2004 1944/2178/1952 1942/2176/1950
f 1996/2232/2004 1995/2231/2003 1997/2233/2005 1998/2234/2006
f 1996/2232/2004 1998/2234/2006 1946/2180/1954 1944/2178/1952
f 1998/2235/2006 1997/2236/2005 1999/2237/2007 2000/2238/2008
f 1998/2235/2006 2000/2238/2008 1948/2184/1956 1946/2183/1954
f 2000/2238/2008 1999/2237/2007 2001/2239/2009 2002/2240/2010
f 2000/2238/2008 2002/2240/2010 1950/2186/1958 1948/2184/1956
f 2002/2240/2010 2001/2239/2009 2003/2241/2011 2004/2242/2012
f 2002/2240/2010 2004/2242/2012 1952/2188/1960 1950/2186/1958
f 2004/2242/2012 2003/2241/2011 2005/2243/2013 2006/2244/2014
f 2004/2242/2012 2006/2244/2014 1954/2190/1962 1952/2188/1960
f 2006/2244/2014 2005/2243/2013 2007/2245/2015 2008/2246/2016
f 2006/2244/2014 2008/2246/2016 1956/2192/1964 1954/2190/1962
f 2008/2246/2016 2007/2245/2015 2009/2247/2017 2010/2248/2018
f 2008/2246/2016 2010/2248/2018 1958/2194/1966 1956/2192/1964
f 2010/2248/2018 2009/2247/2017 2011/2249/2019 2012/2250/2020
f 2010/2248/2018 2012/2250/2020 2013/2251/2021 1958/2194/1966
f 2013/2251/2021 1961/2197/1969 1959/2195/1967 1958/2194/1966
f 2013/2251/2021 2012/2250/2020 2014/2252/2022 2015/2253/2023
f 2013/2251/2021 2015/2253/2023 2016/2254/2024 1961/2197/1969
f 2016/2254/2024 1964/2200/1972 1962/2198/1970 1961/2197/1969
f 2016/2254/2024 2015/2253/2023 2017/2255/2025 2018/2256/2026
f 2016/2254/2024 2018/2256/2026 2019/2257/2027 1964/2200/1972
f 2019/2257/2027 1967/2203/1975 1965/2201/1973 1964/2200/1972
f 2019/2257/2027 2018/2256/2026 2020/2258/2028 2021/2259/2029
f 2019/2257/2027 2021/2259/2029 1969/2205/1977 1967/2203/1975
f 2021/2259/2029 2020/2258/2028 2022/2260/2030 1977/2213/1985
f 2021/2259/2029 1977/2213/1985 1975/2211/1983 1969/2205/1977
f 2022/2260/2030 2020/2258/2028 2023/2261/2031 2024/2262/2032
f 2022/2260/2030 2024/2262/2032 2025/2263/2033 1980/2216/1988
f 2022/2260/2030 1980/2216/1988 1978/2214/1986 1977/2213/1985
f 2025/2263/2033 2024/2262/2032 2026/2264/2034 2027/2265/2035
f 2025/2263/2033 2027/2265/2035 2028/2266/2036 1983/2219/1991
f 2025/2263/2033 1983/2219/1991 1981/2217/1989 1980/2216/1988
f 2028/2266/2036 2027/2265/2035 2029/2267/2037 2030/2268/2038
f 2028/2266/2036 2030/2268/2038 2031/2269/2039 1986/2222/1994
f 2028/2266/2036 1986/2222/1994 1984/2220/1992 1983/2219/1991
f 2031/2269/2039 2030/2268/2038 2032/2270/2040 2033/2271/2041
f 2031/2269/2039 2033/2271/2041 2034/2272/2042 1989/2225/1997
f 2031/2269/2039 1989/2225/1997 1987/2223/1995 1986/2222/1994
f 2034/2272/2042 2033/2271/2041 2035/2273/2043 2036/2274/2044
f 2034/2272/2042 2036/2274/2044 2037/2275/2045 2038/2276/2046
f 2034/2272/2042 2038/2276/2046 1990/2226/1998 1989/2225/1997
f 2038/2276/2046 2037/2275/2045 2039/2277/2047 2040/2278/2048
f 2038/2276/2046 2040/2278/2048 1991/2227/1999 1990/2226/1998
f 2040/2278/2048 2039/2277/2047 2041/2279/2049 2042/2280/2050
f 2040/2278/2048 2042/2280/2050 1993/2229/2001 1991/2227/1999
f 2042/2280/2050 2041/2279/2049 2043/2281/2051 2044/2282/2052
f 2042/2280/2050 2044/2282/2052 1995/2231/2003 1993/2229/2001
f 2044/2282/2052 2043/2281/2051 2045/2283/2053 2046/2284/2054
f 2044/2282/2052 2046/2284/2054 1997/2233/2005 1995/2231/2003
f 2046/2285/2054 2045/2286/2053 2047/2287/2055 2048/2288/2056
f 2046/2285/2054 2048/2288/2056 1999/2237/2007 1997/2236/2005
f 2048/2288/2056 2047/2287/2055 2049/2289/2057 2050/2290/2058
f 2048/2288/2056 2050/2290/2058 2001/2239/2009 1999/2237/2007
f 2050/2290/2058 2049/2289/2057 2051/2291/2059 2052/2292/2060
f 2050/2290/2058 2052/2292/2060 2003/2241/2011 2001/2239/2009
f 2052/2292/2060 2051/2291/2059 2053/2293/2061 2054/2294/2062
f 2052/2292/2060 2054/2294/2062 2005/2243/2013 2003/2241/2011
f 2054/2294/2062 2053/2293/2061 2055/2295/2063 2056/2296/2064
f 2054/2294/2062 2056/2296/2064 2007/2245/2015 2005/2243/2013
f 2056/2296/2064 2055/2295/2063 2057/2297/2065 2058/2298/2066
f 2056/2296/2064 2058/2298/2066 2009/2247/2017 2007/2245/2015
f 2058/2298/2066 2057/2297/2065 2059/2299/2067 2060/2300/2068
f 2058/2298/2066 2060/2300/2068 2011/2249/2019 2009/2247/2017
f 2060/2300/2068 2059/2299/2067 2061/2301/2069 2062/2302/2070
f 2060/2300/2068 2062/2302/2070 2063/2303/2071 2011/2249/2019
f 2063/2303/2071 2014/2252/2022 2012/2250/2020 2011/2249/2019
f 2063/2303/2071 2062/2302/2070 2064/2304/2072 2065/2305/2073
f 2063/2303/2071 2065/2305/2073 2066/2306/2074 2014/2252/2022
f 2066/2306/2074 2017/2255/2025 2015/2253/2023 2014/2252/2022
f 2066/2306/2074 2065/2305/2073 2067/2307/2075 2068/2308/2076
f 2066/2306/2074 2068/2308/2076 2023/2261/2031 2017/2255/2025
f 2068/2308/2076 2067/2307/2075 2069/2309/2077 2026/2264/2034
f 2068/2308/2076 2026/2264/2034 2024/2262/2032 2023/2261/2031
f 2069/2309/2077 2067/2307/2075 2070/2310/2078 2071/2311/2079
f 2069/2309/2077 2071/2311/2079 2072/2312/2080 2029/2267/2037
f 2069/2309/2077 2029/2267/2037 2027/2265/2035 2026/2264/2034
f 2072/2312/2080 2071/2311/2079 2073/2313/2081 2074/2314/2082
f 2072/2312/2080 2074/2314/2082 2075/2315/2083 2032/2270/2040
f 2072/2312/2080 2032/2270/2040 2030/2268/2038 2029/2267/2037
f 2075/2315/2083 2074/2314/2082 102/66/58 101/65/57
f 2075/2315/2083 101/65/57 2076/2316/2084 2035/2273/2043
f 2075/2315/2083 2035/2273/2043 2033/2271/2041 2032/2270/2040
f 2076/2316/2084 101/65/57 100/64/56 2077/2317/2085
f 2076/2316/2084 2077/2317/2085 2078/2318/2086 2079/2319/2087
f 2076/2316/2084 2079/2319/2087 2036/2274/2044 2035/2273/2043
f 2079/2319/2087 2078/2318/2086 2080/2320/2088 2081/2321/2089
f 2079/2319/2087 2081/2321/2089 2037/2275/2045 2036/2274/2044
f 2081/2321/2089 2080/2320/2088 2082/2322/2090 2083/2323/2091
f 2081/2321/2089 2083/2323/2091 2039/2277/2047 2037/2275/2045
f 2083/2323/2091 2082/2322/2090 2084/2324/2092 2085/2325/2093
f 2083/2323/2091 2085/2325/2093 2041/2279/2049 2039/2277/2047
f 2085/2325/2093 2084/2324/2092 2086/2326/2094 2087/2327/2095
f 2085/2325/2093 2087/2327/2095 2043/2281/2051 2041/2279/2049
f 2087/2327/2095 2086/2326/2094 2088/2328/2096 2089/2329/2097
f 2087/2327/2095 2089/2329/2097 2045/2283/2053 2043/2281/2051
f 2089/2330/2097 2088/2331/2096 369/425/375 2090/2332/2098
f 2089/2330/2097 2090/2332/2098 2047/2287/2055 2045/2286/2053
f 2090/2332/2098 369/425/375 368/424/374 2091/2333/2099
f 2090/2332/2098 2091/2333/2099 2049/2289/2057 2047/2287/2055
f 2091/2333/2099 368/424/374 367/423/373 2092/2334/2100
f 2091/2333/2099 2092/2334/2100 2051/2291/2059 2049/2289/2057
f 2092/2334/2100 367/423/373 2093/2335/2101 2094/2336/2102
f 2092/2334/2100 2094/2336/2102 2053/2293/2061 2051/2291/2059
f 2094/2336/2102 2093/2335/2101 2095/2337/2103 2096/2338/2104
f 2094/2336/2102 2096/2338/2104 2055/2295/2063 2053/2293/2061
f 2096/2338/2104 2095/2337/2103 2097/2339/2105 2098/2340/2106
f 2096/2338/2104 2098/2340/2106 2057/2297/2065 2055/2295/2063
f 2098/2340/2106 2097/2339/2105 2099/2341/2107 2100/2342/2108
f 2098/2340/2106 2100/2342/2108 2059/2299/2067 2057/2297/2065
f 2100/2342/2108 2099/2341/2107 2101/2343/2109 2102/2344/2110
f 2100/2342/2108 2102/2344/2110 2061/2301/2069 2059/2299/2067
f 2102/2344/2110 2101/2343/2109 2103/2345/2111 2104/2346/2112
f 2102/2344/2110 2104/2346/2112 2105/2347/2113 2061/2301/2069
f 2105/2347/2113 2064/2304/2072 2062/2302/2070 2061/2301/2069
f 2105/2347/2113 2104/2346/2112 2106/2348/2114 2107/2349/2115
f 2105/2347/2113 2107/2349/2115 2070/2310/2078 2064/2304/2072
f 2107/2349/2115 2106/2348/2114 103/67/59 2073/2313/2081
f 2107/2349/2115 2073/2313/2081 2071/2311/2079 2070/2310/2078
f 2106/2348/2114 2104/2346/2112 2103/2345/2111 2108/2350/2116
f 2106/2348/2114 2108/2350/2116 104/68/60 103/67/59
f 2108/2350/2116 2103/2345/2111 2109/2351/2117 2110/2352/2118
f 2108/2350/2116 2110/2352/2118 105/69/61 104/68/60
f 2110/2352/2118 2109/2351/2117 2111/2353/2119 2112/2354/2120
f 2110/2352/2118 2112/2354/2120 2113/2355/2121 105/69/61
f 2113/2355/2121 2112/2354/2120 2114/2356/2122 2115/2357/2123
f 2113/2355/2121 2115/2357/2123 137/111/98 136/110/97
f 2113/2355/2121 136/110/97 106/70/62 105/69/61
f 2115/2357/2123 2114/2356/2122 2116/2358/2124 2117/2359/2125
f 2115/2357/2123 2117/2359/2125 2118/2360/2126 137/111/98
f 2118/2360/2126 2117/2359/2125 2119/2361/2127 2120/2362/2128
f 2118/2360/2126 2120/2362/2128 2121/2363/2129 2122/2364/2130
f 2118/2360/2126 2122/2364/2130 130/104/91 137/111/98
f 2122/2364/2130 2121/2363/2129 2123/2365/2131 2124/2366/2132
f 2122/2364/2130 2124/2366/2132 131/105/92 130/104/91
f 2124/2366/2132 2123/2365/2131 2125/2367/2133 2126/2368/2134
f 2124/2366/2132 2126/2368/2134 341/384/344 131/105/92
f 2126/2368/2134 2125/2367/2133 2127/2369/2135 2128/2370/2136
f 2126/2368/2134 2128/2370/2136 333/385/335 341/384/344
f 2128/2371/2136 2127/2372/2135 2129/2373/2137 2130/2374/2138
f 2128/2371/2136 2130/2374/2138 334/374/336 333/373/335
f 2130/2374/2138 2129/2373/2137 2131/2375/2139 2132/2376/2140
f 2130/2374/2138 2132/2376/2140 2133/2377/2141 334/374/336
f 2133/2377/2141 2134/2378/2142 335/375/337 334/374/336
f 2133/2377/2141 2132/2376/2140 2135/2379/2143 2136/2380/2144
f 2133/2377/2141 2136/2380/2144 2137/2381/2145 2134/2378/2142
f 2137/2381/2145 2138/2382/2146 2139/2383/2147 2134/2378/2142
f 2137/2381/2145 2136/2380/2144 2140/2384/2148 2141/2385/2149
f 2137/2381/2145 2141/2385/2149 2142/2386/2150 2138/2382/2146
f 2142/2386/2150 2097/2339/2105 2095/2337/2103 2138/2382/2146
f 2142/2386/2150 2141/2385/2149 2143/2387/2151 2144/2388/2152
f 2142/2386/2150 2144/2388/2152 2099/2341/2107 2097/2339/2105
f 2144/2388/2152 2143/2387/2151 2145/2389/2153 2146/2390/2154
f 2144/2388/2152 2146/2390/2154 2101/2343/2109 2099/2341/2107
f 2146/2390/2154 2145/2389/2153 2111/2353/2119 2109/2351/2117
f 2146/2390/2154 2109/2351/2117 2103/2345/2111 2101/2343/2109
f 2145/2389/2153 2143/2387/2151 2147/2391/2155 2148/2392/2156
f 2145/2389/2153 2148/2392/2156 2149/2393/2157 2111/2353/2119
f 2149/2393/2157 2148/2392/2156 2150/2394/2158 2151/2395/2159
f 2149/2393/2157 2151/2395/2159 2116/2358/2124 2114/2356/2122
f 2149/2393/2157 2114/2356/2122 2112/2354/2120 2111/2353/2119
f 2151/2395/2159 2150/2394/2158 2152/2396/2160 2153/2397/2161
f 2151/2395/2159 2153/2397/2161 2154/2398/2162 2116/2358/2124
f 2154/2398/2162 2153/2397/2161 2155/2399/2163 2156/2400/2164
f 2154/2398/2162 2156/2400/2164 2157/2401/2165 2119/2361/2127
f 2154/2398/2162 2119/2361/2127 2117/2359/2125 2116/2358/2124
f 2157/2401/2165 2156/2400/2164 2158/2402/2166 2159/2403/2167
f 2157/2401/2165 2159/2403/2167 2160/2404/2168 2161/2405/2169
f 2157/2401/2165 2161/2405/2169 2120/2362/2128 2119/2361/2127
f 2161/2405/2169 2160/2404/2168 2162/2406/2170 2163/2407/2171
f 2161/2405/2169 2163/2407/2171 2121/2363/2129 2120/2362/2128
f 2163/2407/2171 2162/2406/2170 2164/2408/2172 2165/2409/2173
f 2163/2407/2171 2165/2409/2173 2123/2365/2131 2121/2363/2129
f 2165/2409/2173 2164/2408/2172 2166/2410/2174 2167/2411/2175
f 2165/2409/2173 2167/2411/2175 2125/2367/2133 2123/2365/2131
f 2167/2411/2175 2166/2410/2174 2168/2412/2176 2169/2413/2177
f 2167/2411/2175 2169/2413/2177 2127/2369/2135 2125/2367/2133
f 2169/2414/2177 2168/2415/2176 2170/2416/2178 2171/2417/2179
f 2169/2414/2177 2171/2417/2179 2129/2373/2137 2127/2372/2135
f 2171/2417/2179 2170/2416/2178 2172/2418/2180 2173/2419/2181
f 2171/2417/2179 2173/2419/2181 2131/2375/2139 2129/2373/2137
f 2173/2419/2181 2172/2418/2180 2174/2420/2182 2175/2421/2183
f 2173/2419/2181 2175/2421/2183 2176/2422/2184 2131/2375/2139
f 2176/2422/2184 2135/2379/2143 2132/2376/2140 2131/2375/2139
f 2176/2422/2184 2175/2421/2183 2177/2423/2185 2178/2424/2186
f 2176/2422/2184 2178/2424/2186 2179/2425/2187 2135/2379/2143
f 2179/2425/2187 2140/2384/2148 2136/2380/2144 2135/2379/2143
f 2179/2425/2187 2178/2424/2186 2180/2426/2188 2181/2427/2189
f 2179/2425/2187 2181/2427/2189 2147/2391/2155 2140/2384/2148
f 2181/2427/2189 2180/2426/2188 2152/2396/2160 2150/2394/2158
f 2181/2427/2189 2150/2394/2158 2148/2392/2156 2147/2391/2155
f 2180/2426/2188 2178/2424/2186 2177/2423/2185 2182/2428/2190
f 2180/2426/2188 2182/2428/2190 2183/2429/2191 2152/2396/2160
f 2183/2429/2191 2182/2428/2190 2184/2430/2192 2185/2431/2193
f 2183/2429/2191 2185/2431/2193 2186/2432/2194 2155/2399/2163
f 2183/2429/2191 2155/2399/2163 2153/2397/2161 2152/2396/2160
f 2186/2432/2194 2185/2431/2193 2187/2433/2195 2188/2434/2196
f 2186/2432/2194 2188/2434/2196 2189/2435/2197 2158/2402/2166
f 2186/2432/2194 2158/2402/2166 2156/2400/2164 2155/2399/2163
f 2189/2435/2197 2188/2434/2196 2190/2436/2198 2191/2437/2199
f 2189/2435/2197 2191/2437/2199 2192/2438/2200 2193/2439/2201
f 2189/2435/2197 2193/2439/2201 2159/2403/2167 2158/2402/2166
f 2193/2439/2201 2192/2438/2200 2194/2440/2202 2195/2441/2203
f 2193/2439/2201 2195/2441/2203 2160/2404/2168 2159/2403/2167
f 2195/2441/2203 2194/2440/2202 2196/2442/2204 2197/2443/2205
f 2195/2441/2203 2197/2443/2205 2162/2406/2170 2160/2404/2168
f 2197/2443/2205 2196/2442/2204 2198/2444/2206 2199/2445/2207
f 2197/2443/2205 2199/2445/2207 2164/2408/2172 2162/2406/2170
f 2199/2445/2207 2198/2444/2206 2200/2446/2208 2201/2447/2209
f 2199/2445/2207 2201/2447/2209 2166/2410/2174 2164/2408/2172
f 2201/2447/2209 2200/2446/2208 2202/2448/2210 2203/2449/2211
f 2201/2447/2209 2203/2449/2211 2168/2412/2176 2166/2410/2174
f 2203/2450/2211 2202/2451/2210 2204/2452/2212 2205/2453/2213
f 2203/2450/2211 2205/2453/2213 2170/2416/2178 2168/2415/2176
f 2205/2453/2213 2204/2452/2212 2206/2454/2214 2207/2455/2215
f 2205/2453/2213 2207/2455/2215 2172/2418/2180 2170/2416/2178
f 2207/2455/2215 2206/2454/2214 2208/2456/2216 2209/2457/2217
f 2207/2455/2215 2209/2457/2217 2174/2420/2182 2172/2418/2180
f 2209/2457/2217 2208/2456/2216 2210/2458/2218 2211/2459/2219
f 2209/2457/2217 2211/2459/2219 2212/2460/2220 2174/2420/2182
f 2212/2460/2220 2177/2423/2185 2175/2421/2183 2174/2420/2182
f 2212/2460/2220 2211/2459/2219 2213/2461/2221 2184/2430/2192
f 2212/2460/2220 2184/2430/2192 2182/2428/2190 2177/2423/2185
f 2213/2461/2221 2211/2459/2219 2210/2458/2218 2214/2462/2222
f 2213/2461/2221 2214/2462/2222 2215/2463/2223 2187/2433/2195
f 2213/2461/2221 2187/2433/2195 2185/2431/2193 2184/2430/2192
f 2215/2463/2223 2214/2462/2222 2216/2464/2224 2217/2465/2225
f 2215/2463/2223 2217/2465/2225 2218/2466/2226 2190/2436/2198
f 2215/2463/2223 2190/2436/2198 2188/2434/2196 2187/2433/2195
f 2218/2466/2226 2217/2465/2225 2219/2467/2227 2220/2468/2228
f 2218/2466/2226 2220/2468/2228 2221/2469/2229 2222/2470/2230
f 2218/2466/2226 2222/2470/2230 2191/2437/2199 2190/2436/2198
f 2222/2470/2230 2221/2469/2229 2223/2471/2231 2224/2472/2232
f 2222/2470/2230 2224/2472/2232 2192/2438/2200 2191/2437/2199
f 2224/2472/2232 2223/2471/2231 2225/2473/2233 2226/2474/2234
f 2224/2472/2232 2226/2474/2234 2194/2440/2202 2192/2438/2200
f 2226/2474/2234 2225/2473/2233 2227/2475/2235 2228/2476/2236
f 2226/2474/2234 2228/2476/2236 2196/2442/2204 2194/2440/2202
f 2228/2476/2236 2227/2475/2235 2229/2477/2237 2230/2478/2238
f 2228/2476/2236 2230/2478/2238 2198/2444/2206 2196/2442/2204
f 2230/2478/2238 2229/2477/2237 2231/2479/2239 2232/2480/2240
f 2230/2478/2238 2232/2480/2240 2200/2446/2208 2198/2444/2206
f 2232/2480/2240 2231/2479/2239 2233/2481/2241 2234/2482/2242
f 2232/2480/2240 2234/2482/2242 2202/2448/2210 2200/2446/2208
f 2234/2483/2242 2233/2484/2241 2235/2485/2243 2236/2486/2244
f 2234/2483/2242 2236/2486/2244 2204/2452/2212 2202/2451/2210
f 2236/2486/2244 2235/2485/2243 2237/2487/2245 2238/2488/2246
f 2236/2486/2244 2238/2488/2246 2206/2454/2214 2204/2452/2212
f 2238/2488/2246 2237/2487/2245 2239/2489/2247 2240/2490/2248
f 2238/2488/2246 2240/2490/2248 2208/2456/2216 2206/2454/2214
f 2240/2490/2248 2239/2489/2247 2241/2491/2249 2242/2492/2250
f 2240/2490/2248 2242/2492/2250 2210/2458/2218 2208/2456/2216
f 2242/2492/2250 2241/2491/2249 2243/2493/2251 2216/2464/2224
f 2242/2492/2250 2216/2464/2224 2214/2462/2222 2210/2458/2218
f 2243/2493/2251 2241/2491/2249 2244/2494/2252 2245/2495/2253
f 2243/2493/2251 2245/2495/2253 2246/2496/2254 2219/2467/2227
f 2243/2493/2251 2219/2467/2227 2217/2465/2225 2216/2464/2224
f 2246/2496/2254 2245/2495/2253 2247/2497/2255 2248/2498/2256
f 2246/2496/2254 2248/2498/2256 2249/2499/2257 2250/2500/2258
f 2246/2496/2254 2250/2500/2258 2220/2468/2228 2219/2467/2227
f 2250/2500/2258 2249/2499/2257 2251/2501/2259 2252/2502/2260
f 2250/2500/2258 2252/2502/2260 2221/2469/2229 2220/2468/2228
f 2252/2502/2260 2251/2501/2259 2253/2503/2261 2254/2504/2262
f 2252/2502/2260 2254/2504/2262 2223/2471/2231 2221/2469/2229
f 2254/2504/2262 2253/2503/2261 2255/2505/2263 2256/2506/2264
f 2254/2504/2262 2256/2506/2264 2225/2473/2233 2223/2471/2231
f 2256/2506/2264 2255/2505/2263 2257/2507/2265 2258/2508/2266
f 2256/2506/2264 2258/2508/2266 2227/2475/2235 2225/2473/2233
f 2258/2508/2266 2257/2507/2265 2259/2509/2267 2260/2510/2268
f 2258/2508/2266 2260/2510/2268 2229/2477/2237 2227/2475/2235
f 2260/2510/2268 2259/2509/2267 2261/2511/2269 2262/2512/2270
f 2260/2510/2268 2262/2512/2270 2231/2479/2239 2229/2477/2237
f 2262/2512/2270 2261/2511/2269 2263/2513/2271 2264/2514/2272
f 2262/2512/2270 2264/2514/2272 2233/2481/2241 2231/2479/2239
f 2264/2515/2272 2263/2516/2271 2265/2517/2273 2266/2518/2274
f 2264/2515/2272 2266/2518/2274 2235/2485/2243 2233/2484/2241
f 2266/2518/2274 2265/2517/2273 2267/2519/2275 2268/2520/2276
f 2266/2518/2274 2268/2520/2276 2237/2487/2245 2235/2485/2243
f 2268/2520/2276 2267/2519/2275 2269/2521/2277 2270/2522/2278
f 2268/2520/2276 2270/2522/2278 2239/2489/2247 2237/2487/2245
f 2270/2522/2278 2269/2521/2277 2271/2523/2279 2244/2494/2252
f 2270/2522/2278 2244/2494/2252 2241/2491/2249 2239/2489/2247
f 2271/2523/2279 2269/2521/2277 2272/2524/2280 2273/2525/2281
f 2271/2523/2279 2273/2525/2281 2274/2526/2282 2247/2497/2255
f 2271/2523/2279 2247/2497/2255 2245/2495/2253 2244/2494/2252
f 2274/2527/2282 2273/2528/2281 2275/2529/2283 315/353/315
f 2274/2527/2282 315/353/315 206/200/177 205/199/176
f 2274/2526/2282 205/2530/176 2248/2498/2256 2247/2497/2255
f 2275/2529/2283 2273/2528/2281 2272/2531/2280 2276/2532/2284
f 2275/2529/2283 2276/2532/2284 2277/2533/2285 2278/2534/2286
f 2275/2529/2283 2278/2534/2286 313/351/313 315/353/315
f 2278/2534/2286 2277/2533/2285 2279/2535/2287 2280/2536/2288
f 2278/2534/2286 2280/2536/2288 314/352/314 313/351/313
f 2280/2536/2288 2281/2537/2289 2282/2538/2290 314/352/314
f 2280/2536/2288 2279/2535/2287 2283/2539/2291 2281/2537/2289
f 2283/2540/2291 2257/2507/2265 2255/2505/2263 2281/2541/2289
f 2283/2539/2291 2279/2535/2287 179/161/144 2284/2542/2292
f 2283/2540/2291 2284/2543/2292 2259/2509/2267 2257/2507/2265
f 2284/2542/2292 179/161/144 174/154/138 178/160/143
f 2284/2543/2292 178/2544/143 2261/2511/2269 2259/2509/2267
f 2282/2545/2290 2253/2503/2261 2251/2501/2259 208/2546/180
f 2282/2538/2290 208/203/180 207/202/179 314/352/314
f 2282/2545/2290 2281/2541/2289 2255/2505/2263 2253/2503/2261
f 2279/2535/2287 2277/2533/2285 180/162/145 179/161/144
f 2277/2533/2285 2276/2532/2284 181/163/146 180/162/145
f 2276/2532/2284 2272/2531/2280 2285/2547/2293 181/163/146
f 2285/2548/2293 2267/2519/2275 2265/2517/2273 176/2549/141
f 2285/2547/2293 176/157/141 175/156/140 181/163/146
f 2285/2548/2293 2272/2524/2280 2269/2521/2277 2267/2519/2275
f 2265/2517/2273 2263/2516/2271 177/2550/142 176/2549/141
f 2263/2513/2271 2261/2511/2269 178/2544/143 177/2551/142
f 2251/2501/2259 2249/2499/2257 204/2552/175 208/2546/180
f 2249/2499/2257 2248/2498/2256 205/2530/176 204/2552/175
f 2147/2391/2155 2143/2387/2151 2141/2385/2149 2140/2384/2148
f 2139/2383/2147 2093/2335/2101 367/423/373 336/376/338
f 2139/2383/2147 336/376/338 335/375/337 2134/2378/2142
f 2139/2383/2147 2138/2382/2146 2095/2337/2103 2093/2335/2101
f 2088/2328/2096 2086/2326/2094 2286/2553/2294 2287/2554/2295
f 2088/2331/2096 2287/2555/2295 365/426/371 369/425/375
f 2287/2554/2295 2286/2553/2294 2288/2556/2296 2289/2557/2297
f 2287/2558/2295 2289/2559/2297 366/422/372 365/421/371
f 2289/2557/2297 2288/2556/2296 2290/2560/2298 2291/2561/2299
f 2289/2559/2297 2291/2562/2299 2292/2563/2300 366/422/372
f 2292/2563/2300 2291/2562/2299 2293/2564/2301 2294/2565/2302
f 2292/2563/2300 2294/2565/2302 2295/2566/2303 2296/2567/2304
f 2292/2563/2300 2296/2567/2304 337/380/340 366/422/372
f 2296/2567/2304 2295/2566/2303 2297/2568/2305 2298/2569/2306
f 2296/2567/2304 2298/2569/2306 338/381/341 337/380/340
f 2298/2569/2306 2297/2568/2305 2299/2570/2307 2300/2571/2308
f 2298/2569/2306 2300/2571/2308 339/382/342 338/381/341
f 2300/2571/2308 2299/2570/2307 2301/2572/2309 2302/2573/2310
f 2300/2571/2308 2302/2573/2310 133/107/94 339/382/342
f 2302/2573/2310 2301/2572/2309 2303/2574/2311 2304/2575/2312
f 2302/2573/2310 2304/2575/2312 134/108/95 133/107/94
f 2304/2575/2312 2303/2574/2311 2305/2576/2313 2306/2577/2314
f 2304/2575/2312 2306/2577/2314 135/109/96 134/108/95
f 2306/2577/2314 2305/2576/2313 2307/2578/2315 2308/2579/2316
f 2306/2577/2314 2308/2579/2316 2309/2580/2317 135/109/96
f 2309/2580/2317 98/62/54 107/71/63 135/109/96
f 2309/2580/2317 2308/2579/2316 2310/2581/2318 2311/2582/2319
f 2309/2580/2317 2311/2582/2319 99/63/55 98/62/54
f 2311/2582/2319 2310/2581/2318 2312/2583/2320 2313/2584/2321
f 2311/2582/2319 2313/2584/2321 2314/2585/2322 99/63/55
f 2314/2585/2322 2077/2317/2085 100/64/56 99/63/55
f 2314/2585/2322 2313/2584/2321 2315/2586/2323 2316/2587/2324
f 2314/2585/2322 2316/2587/2324 2078/2318/2086 2077/2317/2085
f 2316/2587/2324 2315/2586/2323 2317/2588/2325 2318/2589/2326
f 2316/2587/2324 2318/2589/2326 2080/2320/2088 2078/2318/2086
f 2318/2589/2326 2317/2588/2325 2319/2590/2327 2320/2591/2328
f 2318/2589/2326 2320/2591/2328 2082/2322/2090 2080/2320/2088
f 2320/2591/2328 2319/2590/2327 2321/2592/2329 2322/2593/2330
f 2320/2591/2328 2322/2593/2330 2084/2324/2092 2082/2322/2090
f 2322/2593/2330 2321/2592/2329 2288/2556/2296 2286/2553/2294
f 2322/2593/2330 2286/2553/2294 2086/2326/2094 2084/2324/2092
f 2321/2592/2329 2319/2590/2327 2323/2594/2331 2324/2595/2332
f 2321/2592/2329 2324/2595/2332 2290/2560/2298 2288/2556/2296
f 2324/2595/2332 2323/2594/2331 2325/2596/2333 2326/2597/2334
f 2324/2595/2332 2326/2597/2334 2327/2598/2335 2290/2560/2298
f 2327/2598/2335 2326/2597/2334 2328/2599/2336 2329/2600/2337
f 2327/2598/2335 2329/2600/2337 2330/2601/2338 2293/2602/2301
f 2327/2598/2335 2293/2602/2301 2291/2561/2299 2290/2560/2298
f 2330/2601/2338 2329/2600/2337 2331/2603/2339 2332/2604/2340
f 2330/2605/2338 2332/2606/2340 2333/2607/2341 2334/2608/2342
f 2330/2605/2338 2334/2608/2342 2294/2565/2302 2293/2564/2301
f 2334/2608/2342 2333/2607/2341 2335/2609/2343 2336/2610/2344
f 2334/2608/2342 2336/2610/2344 2295/2566/2303 2294/2565/2302
f 2336/2610/2344 2335/2609/2343 2337/2611/2345 2338/2612/2346
f 2336/2610/2344 2338/2612/2346 2297/2568/2305 2295/2566/2303
f 2338/2612/2346 2337/2611/2345 2339/2613/2347 2340/2614/2348
f 2338/2612/2346 2340/2614/2348 2299/2570/2307 2297/2568/2305
f 2340/2614/2348 2339/2613/2347 2341/2615/2349 2342/2616/2350
f 2340/2614/2348 2342/2616/2350 2301/2572/2309 2299/2570/2307
f 2342/2616/2350 2341/2615/2349 2343/2617/2351 2344/2618/2352
f 2342/2616/2350 2344/2618/2352 2303/2574/2311 2301/2572/2309
f 2344/2618/2352 2343/2617/2351 2345/2619/2353 2346/2620/2354
f 2344/2618/2352 2346/2620/2354 2305/2576/2313 2303/2574/2311
f 2346/2620/2354 2345/2619/2353 2347/2621/2355 2348/2622/2356
f 2346/2620/2354 2348/2622/2356 2307/2578/2315 2305/2576/2313
f 2348/2622/2356 2347/2621/2355 2349/2623/2357 2350/2624/2358
f 2348/2622/2356 2350/2624/2358 2351/2625/2359 2307/2578/2315
f 2351/2625/2359 2310/2581/2318 2308/2579/2316 2307/2578/2315
f 2351/2625/2359 2350/2624/2358 2352/2626/2360 2353/2627/2361
f 2351/2625/2359 2353/2627/2361 2312/2583/2320 2310/2581/2318
f 2353/2627/2361 2352/2626/2360 2354/2628/2362 2355/2629/2363
f 2353/2627/2361 2355/2629/2363 2356/2630/2364 2312/2583/2320
f 2356/2630/2364 2315/2586/2323 2313/2584/2321 2312/2583/2320
f 2356/2630/2364 2355/2629/2363 2357/2631/2365 2358/2632/2366
f 2356/2630/2364 2358/2632/2366 2317/2588/2325 2315/2586/2323
f 2358/2632/2366 2357/2631/2365 2325/2596/2333 2323/2594/2331
f 2358/2632/2366 2323/2594/2331 2319/2590/2327 2317/2588/2325
f 2357/2631/2365 2355/2629/2363 2354/2628/2362 2359/2633/2367
f 2357/2631/2365 2359/2633/2367 2360/2634/2368 2325/2596/2333
f 2360/2634/2368 2359/2633/2367 2361/2635/2369 2362/2636/2370
f 2360/2634/2368 2362/2636/2370 2363/2637/2371 2328/2599/2336
f 2360/2634/2368 2328/2599/2336 2326/2597/2334 2325/2596/2333
f 2363/2637/2371 2362/2636/2370 2364/2638/2372 2365/2639/2373
f 2363/2637/2371 2365/2639/2373 2366/2640/2374 2331/2603/2339
f 2363/2637/2371 2331/2603/2339 2329/2600/2337 2328/2599/2336
f 2366/2640/2374 2365/2639/2373 214/2641/187 2367/2642/2375
f 2366/2640/2374 2367/2642/2375 261/2643/253 260/2644/252
f 2366/2640/2374 260/2644/252 2332/2604/2340 2331/2603/2339
f 2367/2645/2375 214/210/187 213/209/186 2368/2646/2376
f 2367/2645/2375 2368/2646/2376 264/287/256 261/286/253
f 2368/2646/2376 213/209/186 212/208/185 2369/2647/2377
f 2368/2646/2376 2369/2647/2377 2370/2648/2378 264/287/256
f 2370/2648/2378 2371/2649/2379 262/288/254 264/287/256
f 2370/2648/2378 2369/2647/2377 2372/2650/2380 2373/2651/2381
f 2370/2648/2378 2373/2651/2381 2374/2652/2382 2371/2649/2379
f 2374/2653/2382 2375/2654/2383 2376/2655/2384 2371/2656/2379
f 2374/2652/2382 2373/2651/2381 215/212/189 219/216/193
f 2374/2653/2382 219/2657/193 2377/2658/2385 2375/2654/2383
f 2377/2658/2385 2341/2615/2349 2339/2613/2347 2375/2654/2383
f 2377/2658/2385 219/2657/193 218/2659/192 2378/2660/2386
f 2377/2658/2385 2378/2660/2386 2343/2617/2351 2341/2615/2349
f 2378/2660/2386 218/2659/192 220/2661/194 2379/2662/2387
f 2378/2660/2386 2379/2662/2387 2345/2619/2353 2343/2617/2351
f 2379/2662/2387 220/2661/194 169/2663/132 2380/2664/2388
f 2379/2662/2387 2380/2664/2388 2347/2621/2355 2345/2619/2353
f 2380/2664/2388 169/2663/132 168/2665/131 2381/2666/2389
f 2380/2664/2388 2381/2666/2389 2349/2623/2357 2347/2621/2355
f 2381/2666/2389 168/2665/131 172/2667/135 2382/2668/2390
f 2381/2666/2389 2382/2668/2390 2383/2669/2391 2349/2623/2357
f 2383/2669/2391 2352/2626/2360 2350/2624/2358 2349/2623/2357
f 2383/2669/2391 2382/2668/2390 2384/2670/2392 2385/2671/2393
f 2383/2669/2391 2385/2671/2393 2354/2628/2362 2352/2626/2360
f 2385/2671/2393 2384/2670/2392 2386/2672/2394 2361/2635/2369
f 2385/2671/2393 2361/2635/2369 2359/2633/2367 2354/2628/2362
f 2386/2672/2394 2384/2670/2392 2387/2673/2395 210/2674/183
f 2386/2672/2394 210/2674/183 209/2675/182 2364/2638/2372
f 2386/2672/2394 2364/2638/2372 2362/2636/2370 2361/2635/2369
f 2387/2673/2395 2384/2670/2392 2382/2668/2390 172/2667/135
f 2387/2676/2395 172/151/135 171/150/134 2388/2677/2396
f 2387/2676/2395 2388/2677/2396 211/207/184 210/206/183
f 2388/2677/2396 171/150/134 173/152/136 2389/2678/2397
f 2388/2677/2396 2389/2678/2397 212/208/185 211/207/184
f 2389/2678/2397 2372/2650/2380 2369/2647/2377 212/208/185
f 2389/2678/2397 173/152/136 216/213/190 2372/2650/2380
f 2376/2655/2384 2337/2611/2345 2335/2609/2343 263/284/255
f 2376/2655/2384 263/284/255 262/283/254 2371/2656/2379
f 2376/2655/2384 2375/2654/2383 2339/2613/2347 2337/2611/2345
f 2373/2651/2381 2372/2650/2380 216/213/190 215/212/189
f 2365/2639/2373 2364/2638/2372 209/2675/182 214/2641/187
f 2335/2609/2343 2333/2607/2341 259/280/251 263/284/255
f 2333/2607/2341 2332/2606/2340 260/281/252 259/280/251
f 2074/2314/2082 2073/2313/2081 103/67/59 102/66/58
f 2070/2310/2078 2067/2307/2075 2065/2305/2073 2064/2304/2072
f 2023/2261/2031 2020/2258/2028 2018/2256/2026 2017/2255/2025
f 856/977/870 329/368/330 328/367/329 852/973/866
f 843/964/857 151/127/113 150/126/112 838/959/852
f 764/877/778 760/873/774 758/871/772 757/870/771
f 755/868/769 685/867/696 681/774/692 680/773/691
f 679/771/690 361/417/367 360/416/366 674/772/685
f 657/746/668 570/647/581 566/641/577 565/640/576
f 564/639/575 383/445/391 382/444/390 559/634/570
f 555/630/566 381/443/389 162/139/124 166/143/128
f 555/630/566 166/143/128 550/625/561 549/624/560
f 555/630/566 554/629/565 382/444/390 381/443/389
f 506/581/517 502/577/513 289/320/285 288/319/284
f 441/513/452 297/330/295 296/329/294 436/508/447
f 422/494/433 302/335/300 291/323/288 294/327/292
f 51/446/388 385/449/393 119/734/78 116/2679/75
f 51/442/388 116/2680/75 115/851/74 163/140/125
f 377/436/384 376/435/383 356/409/361 355/408/360
f 341/384/344 340/383/343 132/106/93 131/105/92
f 340/383/343 339/382/342 133/107/94 132/106/93
f 308/344/307 189/176/156 188/175/155 303/345/302
f 304/338/303 303/337/302 188/181/155 192/180/159
f 258/277/248 232/234/211 229/233/210 256/278/249
f 257/275/246 256/274/245 229/228/205 228/227/204
f 257/275/246 228/227/204 225/223/200 224/222/199
f 13/22/19 153/75/67 7/74/66 68/23/20
f 228/227/204 227/226/203 226/224/201 225/223/200
f 220/217/194 217/214/191 170/149/133 169/148/132
f 217/214/191 216/213/190 173/152/136 170/149/133
f 395/2681/2398 1646/2682/1659 1643/2683/1656 1640/2684/1653
f 1634/2685/2399 395/2681/2398 1640/2684/1653 1638/2686/1655
f 1824/2687/2400 1634/2685/2399 1638/2686/1655 409/2688/420
f 1833/2689/2401 1824/2690/2400 409/2691/420 405/2692/416
f 398/2693/413 1833/2689/2401 405/2692/416 401/2694/410
f 396/465/406 1830/2695/1843 1646/2682/1659 395/2681/2398
f 1635/466/407 396/465/406 395/2681/2398 1634/2685/2399
f 1826/468/409 1635/466/407 1634/2685/2399 1824/2687/2400
f 1835/476/415 1826/475/409 1824/2690/2400 1833/2689/2401
f 399/1841/1644 1835/476/415 1833/2689/2401 398/2693/413
f 397/464/405 1832/1844/1649 1830/2695/1843 396/465/406
f 622/704/634 623/703/633 2399/2696/2402 2398/2697/2403
f 608/689/619 607/688/618 2390/2698/2404 2391/2699/2405
f 623/703/633 608/689/619 2391/2699/2405 2399/2696/2402
f 613/694/624 615/696/626 2394/2700/2406 2393/2701/2407
f 607/688/618 611/692/622 2392/2702/2408 2390/2698/2404
f 611/692/622 613/694/624 2393/2701/2407 2392/2702/2408
f 621/702/632 622/707/634 2398/2703/2403 2397/2704/2409
f 617/698/628 619/700/630 2396/2705/2410 2395/2706/2411
f 615/696/626 617/698/628 2395/2706/2411 2394/2700/2406
f 619/700/630 621/702/632 2397/2704/2409 2396/2705/2410
f 2399/2696/2402 2391/2699/2405 2401/2707/2412 2409/2708/2413
f 2390/2698/2404 2392/2702/2408 2402/2709/2414 2400/2710/2415
f 2393/2701/2407 2394/2700/2406 2404/2711/2416 2403/2712/2417
f 2395/2706/2411 2396/2705/2410 2406/2713/2418 2405/2714/2419
f 2394/2700/2406 2395/2706/2411 2405/2714/2419 2404/2711/2416
f 2397/2704/2409 2398/2703/2403 2408/2715/2420 2407/2716/2421
f 2392/2702/2408 2393/2701/2407 2403/2712/2417 2402/2709/2414
f 2398/2697/2403 2399/2696/2402 2409/2708/2413 2408/2717/2420
f 2391/2699/2405 2390/2698/2404 2400/2710/2415 2401/2707/2412
f 2396/2705/2410 2397/2704/2409 2407/2716/2421 2406/2713/2418
f 2408/2718/2420 2409/2719/2413 2410/2720/2422 2407/2721/2421
f 2409/2719/2413 2401/2722/2412 2400/2723/2415 2410/2720/2422
f 2407/2721/2421 2410/2720/2422 2411/2724/2423 2406/2725/2418
f 2410/2720/2422 2400/2723/2415 2402/2726/2414 2411/2724/2423
f 2406/2725/2418 2411/2724/2423 2404/2727/2416 2405/2728/2419
f 2411/2724/2423 2402/2726/2414 2403/2729/2417 2404/2727/2416
