# This file uses centimeters as units for non-parametric coordinates.

mtllib clown.mtl
g default
v 53.881172 122.478149 146.855042
v 11.346415 170.729584 78.873001
v 81.757866 101.609993 109.396439
v 9.543633 152.525513 40.690102
v 88.997871 159.227341 152.515945
v 46.463081 207.478790 84.533875
v 116.874557 138.359253 115.057350
v 70.380920 197.408798 47.868347
v 66.667870 104.861397 131.270142
v 34.676262 135.140793 133.159546
v 10.696255 170.364471 52.992058
v 68.661713 109.699646 87.492432
v 105.066582 114.542030 111.887291
v 48.986721 180.193298 33.578346
v 111.473740 154.501968 94.393814
v 109.479889 149.663727 138.171524
v 53.507343 215.167938 59.893188
v 77.488281 179.943054 140.060928
v 71.081139 139.983093 157.554382
v 21.250698 197.070404 81.026596
v 43.594299 113.970154 109.024338
v 96.477654 127.302460 82.329956
v 102.555679 175.672577 118.529030
v 49.672363 162.340286 145.223389
v 89.317764 125.806320 136.457825
v 30.762955 196.401794 17.903210
v 103.350906 106.112206 122.822624
v 96.588379 115.338394 112.068214
v 115.128670 121.144005 128.312256
v 108.366142 130.370132 117.557869
v 113.895233 135.805618 141.665985
v 107.132721 145.031769 130.911591
v 100.373123 141.508514 155.061356
v 93.610603 150.734634 144.306946
v 82.483383 134.911972 160.651550
v 75.720886 144.138092 149.897156
v 70.705612 119.880157 155.161896
v 63.943108 129.106277 144.407486
v 71.939064 105.218582 141.808151
v 65.176544 114.444725 131.053757
v 85.461166 99.515709 128.412796
v 78.698662 108.741837 117.658401
v 99.490425 111.440163 129.820953
v 92.727882 120.666306 119.066574
v 106.910408 120.910217 133.279434
v 100.147881 130.136353 122.525047
v 106.133331 130.147049 141.692291
v 99.370834 139.373138 130.937897
v 97.614410 133.739807 150.131363
v 90.851883 142.965942 139.376984
v 86.343872 129.584061 153.653183
v 79.581345 138.810135 142.898804
v 78.923882 120.114014 150.194702
v 72.161362 129.340149 139.440323
v 79.700958 110.877151 141.781860
v 72.938431 120.103294 131.027466
v 88.219887 107.284363 133.342773
v 81.457367 116.510490 122.588379
v 190.744308 -14.521133 265.991974
v 84.512634 130.440277 103.268562
v 193.868423 -5.313126 272.283081
v 94.287094 145.510971 110.460030
v 187.298248 3.757904 284.908966
v 86.755157 155.909775 124.934761
v 177.603943 3.620850 291.243652
v 69.448730 151.237915 132.218018
v 174.479767 -5.587067 284.952393
v 59.674286 136.167160 125.026527
v 181.049973 -14.658096 272.326508
v 67.206223 125.768356 110.551804
v 106.472275 100.462227 134.227203
v 115.759575 118.699661 139.892548
v 104.867897 133.692886 151.323090
v 84.688866 130.448639 157.088303
v 75.401543 112.211189 151.422943
v 86.293243 97.217972 139.992386
v 132.214539 88.167770 175.458252
v 127.054756 95.291618 185.387268
v 112.007446 92.878677 193.229614
v 102.523697 78.964973 186.888199
v 109.159637 69.803085 174.118607
v 125.279373 74.554863 167.690430
v 191.144012 2.867020 268.122955
v 186.400467 9.415649 277.242767
v 175.495453 6.469284 281.831482
v 169.334045 -3.026184 277.300598
v 174.077148 -9.575119 268.180786
v 184.982315 -6.628586 263.591309
v 157.560059 30.765289 216.000031
v 163.788696 49.087395 220.004990
v 152.569489 64.517075 228.697205
v 134.860245 61.983192 233.329636
v 127.009674 45.883347 228.783813
v 138.228867 30.453667 220.091599
v 177.764847 -10.122574 278.639465
v 63.440247 130.967758 117.789169
v 80.847404 104.714592 145.707672
v 102.018456 71.596802 180.516373
v 171.771469 -6.296143 272.771881
v 132.619278 38.168488 224.437714
v 131.219162 66.593369 176.510605
v 139.157028 81.131073 182.370743
v 131.796204 91.129593 193.699585
v 116.187790 87.243591 200.551025
v 104.815765 75.203583 191.766876
v 111.876961 65.517860 179.081711
v 110.390892 67.524078 188.526047
v 120.610703 81.055786 159.324509
v 129.465744 95.524124 165.884232
v 121.835762 106.134293 177.953888
v 105.235008 102.312897 184.194107
v 97.585159 83.831955 181.455002
v 104.864639 73.826363 168.360199
v 99.121803 81.623062 171.806061
v 190.583328 -0.777603 278.596008
v 90.521133 150.710373 117.697403
v 110.313736 126.196281 145.607819
v 128.408340 90.835693 180.426926
v 188.747833 6.080017 272.714355
v 158.179077 56.802254 224.351089
v 135.227158 85.719124 188.371735
v 125.426041 100.798798 171.717407
v 76.980682 140.839035 117.743286
v 184.174118 -5.450134 278.617828
v 169.200714 -4.130051 261.639191
v 181.252075 -1.541901 257.117462
v 166.445679 -0.247574 266.196960
v 169.967896 14.020813 275.233826
v 163.576691 3.626938 270.700867
v 181.798477 16.911057 270.639130
v 184.589600 12.979721 266.135498
v 187.422836 9.154373 261.577454
v 189.873230 -14.190460 265.916016
v 185.173782 -7.776932 258.863098
v 197.911148 -4.103516 269.732666
v 193.211624 2.309952 262.679688
v 197.233093 5.607239 279.014862
v 192.533615 12.020767 271.961853
v 188.236465 9.253571 288.325226
v 183.536926 15.667084 281.272217
v 176.191238 4.699387 292.209808
v 171.491745 11.112946 285.156891
v 168.153381 -5.387421 288.393280
v 163.453888 1.026031 281.340271
v 168.831375 -15.098282 279.111084
v 164.131958 -8.684799 272.058105
v 177.828033 -18.744568 269.800720
v 173.128525 -12.331100 262.747742
v 187.342087 -10.695831 270.780365
v 182.642578 -4.282349 263.727448
v 192.405914 -4.341049 273.184875
v 187.706467 2.072388 266.131927
v 191.978806 1.776718 279.032654
v 187.279327 8.190262 271.979645
v 186.310867 4.073883 284.898193
v 181.611389 10.487457 277.845215
v 178.722382 1.204788 287.345490
v 174.022919 7.618301 280.292542
v 173.658569 -5.149872 284.941040
v 168.959030 1.263580 277.888092
v 174.085770 -11.267715 279.093292
v 169.386215 -4.854233 272.040283
v 179.753616 -13.564926 273.227753
v 175.054077 -7.151428 266.174805
v 203.665909 -3.454407 261.666809
v 206.790512 13.778488 280.951874
v 154.727386 -25.657135 289.436310
v 157.852097 -8.424210 308.721344
v 212.174545 -13.124863 268.929749
v 215.299103 4.108261 288.214752
v 163.235992 -35.327698 296.699280
v 166.360657 -18.094818 315.984253
v 170.048904 -24.161835 273.478058
v 186.361694 -16.760880 264.221649
v 191.642212 12.361740 296.812012
v 175.329315 4.960815 306.068420
v 194.870331 -26.431381 271.484467
v 178.557617 -33.832336 280.740967
v 183.837982 -4.709686 313.331390
v 200.150848 2.691208 304.074951
v 170.056564 -32.361084 328.133728
v 166.931671 -49.594131 308.848694
v 188.048218 -45.469589 289.602081
v 215.405930 -6.330856 309.665131
v 236.429794 -6.753326 287.250732
v 233.948792 -20.437958 271.936676
v 210.125488 -35.453354 277.074738
v 193.328674 -16.346924 322.192657
v 198.100342 -47.775253 341.933777
v 202.049255 -66.179947 334.657104
v 217.751862 -63.092743 320.371735
v 231.100189 -31.408890 325.065643
v 247.056915 -25.564301 314.154022
v 251.288773 -43.840759 306.716736
v 234.165024 -55.646347 311.058228
v 214.781235 -38.812424 334.325409
v 197.077148 -63.823196 350.591034
v 195.856247 -70.557007 343.055450
v 257.093536 -28.500198 307.867676
v 255.436829 -37.383438 298.072174
v 208.096664 -71.391022 339.352173
v 209.755325 -62.242676 349.589844
v 223.604355 -67.251831 326.696045
v 242.402603 -44.534561 334.921082
v 257.740601 -40.472473 322.361237
v 256.081970 -49.620743 312.123596
v 239.599258 -59.994934 317.619843
v 226.407379 -51.791367 343.997192
v 258.590332 -61.934265 343.108795
v 269.324829 -59.090973 334.318695
v 268.164062 -65.493866 327.153656
v 256.628510 -72.754395 331.000305
v 255.797409 -78.991394 334.697693
v 242.565918 -84.994659 342.205933
v 244.884766 -72.205261 356.518097
v 258.116577 -66.201996 349.010010
v 224.596130 -78.232864 360.347473
v 223.137650 -86.277679 351.344757
v 236.774323 -82.637787 340.215698
v 239.239059 -69.042664 355.429504
v 208.479385 -76.389603 359.130493
v 207.408173 -82.298401 352.518158
v 218.148605 -83.030197 349.268585
v 219.604111 -75.002594 358.251984
v 272.401367 -79.027039 353.781281
v 283.221252 -75.711151 345.520081
v 282.308807 -80.743958 339.888000
v 270.858948 -87.531891 344.263397
v 270.066040 -93.558411 348.196625
v 256.834351 -99.561493 355.704742
v 258.657196 -89.508331 366.954956
v 271.888855 -83.505432 359.446625
v 238.460815 -95.028687 371.352203
v 237.314209 -101.352203 364.275726
v 251.058472 -97.118439 353.811066
v 252.996262 -86.432251 365.769867
v 222.385376 -92.956863 370.390930
v 221.543243 -97.601349 365.193359
v 232.324692 -98.106506 362.197388
v 233.468872 -91.796509 369.258759
v 278.242340 -87.705536 357.136627
v 289.187988 -83.699524 349.648163
v 288.638031 -86.730957 346.255646
v 277.313477 -92.828583 351.403717
v 276.576599 -98.546906 355.681580
v 263.344849 -104.550110 363.189606
v 264.442657 -98.494934 369.965790
v 277.674377 -92.491974 362.457611
v 244.380646 -103.273560 375.192963
v 243.690155 -107.082428 370.930634
v 257.591705 -101.981171 361.436890
v 258.758850 -95.544556 368.639801
v 228.365952 -100.867920 374.605377
v 227.858963 -103.665405 371.474915
v 238.700333 -103.839386 368.849487
v 239.389587 -100.038849 373.102570
v 265.084106 -11.746414 287.191254
v 262.112274 -25.618607 272.135559
v 266.901489 -23.976959 302.830414
v 264.987091 -32.913864 293.131287
v 290.012451 -24.651306 293.879395
v 287.040436 -38.523499 278.823669
v 289.818268 -30.676392 303.996185
v 287.903595 -39.613159 294.297150
v 53.881195 122.478127 -146.855057
v 11.346365 170.729523 -78.873016
v 81.757896 101.609970 -109.396446
v 9.543682 152.525604 -40.690117
v 88.997887 159.227325 -152.515945
v 46.463112 207.478821 -84.533905
v 116.874573 138.359222 -115.057358
v 70.380890 197.408722 -47.868366
v 66.667877 104.861374 -131.270142
v 34.676277 135.140701 -133.159546
v 10.696251 170.364380 -52.992058
v 68.661736 109.699692 -87.492432
v 105.066650 114.542015 -111.887306
v 48.986706 180.193359 -33.578358
v 111.473755 154.501953 -94.393814
v 109.479904 149.663696 -138.171524
v 53.507343 215.167969 -59.893215
v 77.488319 179.943024 -140.060928
v 71.081154 139.983063 -157.554398
v 21.250656 197.070389 -81.026611
v 43.594276 113.970100 -109.024338
v 96.477638 127.302383 -82.329964
v 102.555740 175.672546 -118.529037
v 49.672398 162.340317 -145.223389
v 89.317780 125.806297 -136.457825
v 30.762878 196.401825 -17.903221
v 103.350937 106.112183 -122.822624
v 96.588402 115.338371 -112.068222
v 115.128647 121.143982 -128.312271
v 108.366150 130.370117 -117.557877
v 113.895256 135.805603 -141.665985
v 107.132706 145.031738 -130.911591
v 100.373123 141.508423 -155.061371
v 93.610611 150.734619 -144.306961
v 82.483383 134.911942 -160.651550
v 75.720932 144.138062 -149.897156
v 70.705589 119.880127 -155.161896
v 63.943146 129.106262 -144.407486
v 71.939049 105.218559 -141.808167
v 65.176582 114.444702 -131.053772
v 85.461182 99.515686 -128.412796
v 78.698669 108.741814 -117.658401
v 99.490456 111.440140 -129.820969
v 92.727837 120.666283 -119.066574
v 106.910423 120.910194 -133.279449
v 100.147903 130.136322 -122.525047
v 106.133362 130.147034 -141.692291
v 99.370834 139.373108 -130.937897
v 97.614433 133.739838 -150.131363
v 90.851913 142.965912 -139.376984
v 86.343887 129.583969 -153.653183
v 79.581360 138.810165 -142.898804
v 78.923897 120.113983 -150.194702
v 72.161407 129.340118 -139.440323
v 79.701004 110.877129 -141.781860
v 72.938446 120.103333 -131.027466
v 88.219910 107.284340 -133.342789
v 81.457382 116.510529 -122.588379
v 190.744385 -14.521179 -265.991943
v 84.512672 130.440201 -103.268570
v 94.287117 145.510956 -110.460037
v 187.298233 3.757797 -284.908936
v 86.755157 155.909744 -124.934761
v 177.603989 3.620804 -291.243652
v 69.448708 151.237885 -132.218018
v 174.479813 -5.587112 -284.952362
v 59.674339 136.167191 -125.026527
v 181.050034 -14.658142 -272.326508
v 67.206245 125.768333 -110.551804
v 106.472305 100.462204 -134.227219
v 115.759583 118.699585 -139.892548
v 104.867928 133.692856 -151.323090
v 84.688850 130.448608 -157.088318
v 75.401588 112.211227 -151.422958
v 86.293259 97.217957 -139.992401
v 132.214554 88.167747 -175.458267
v 127.054764 95.291588 -185.387268
v 112.007462 92.878647 -193.229630
v 102.523712 78.964951 -186.888214
v 109.159683 69.803062 -174.118622
v 125.279411 74.554840 -167.690445
v 191.143997 2.866974 -268.122894
v 186.400543 9.415604 -277.242767
v 175.495483 6.469299 -281.831482
v 169.334091 -3.026169 -277.300598
v 174.077148 -9.575165 -268.180725
v 184.982361 -6.628571 -263.591248
v 157.560074 30.765266 -216.000031
v 163.788727 49.087372 -220.004990
v 152.569519 64.517036 -228.697205
v 134.860245 61.983093 -233.329636
v 127.009720 45.883308 -228.783813
v 138.228897 30.453644 -220.091599
v 177.764923 -10.122620 -278.639404
v 63.440231 130.967743 -117.789169
v 80.847427 104.714569 -145.707672
v 102.018478 71.596771 -180.516373
v 171.771591 -6.296127 -272.771851
v 132.619308 38.168449 -224.437714
v 131.219177 66.593338 -176.510605
v 139.157028 81.131042 -182.370743
v 131.796219 91.129562 -193.699600
v 116.187805 87.243561 -200.551025
v 104.815765 75.203491 -191.766876
v 111.876953 65.517838 -179.081711
v 110.390915 67.524055 -188.526047
v 120.610687 81.055756 -159.324524
v 129.465759 95.524094 -165.884247
v 121.835777 106.134323 -177.953888
v 105.235016 102.312866 -184.194107
v 97.585159 83.831863 -181.455002
v 104.864677 73.826340 -168.360199
v 99.121803 81.623032 -171.806076
v 190.583328 -0.777649 -278.595978
v 90.521118 150.710358 -117.697403
v 110.313759 126.196259 -145.607819
v 128.408340 90.835663 -180.426941
v 188.747864 6.079971 -272.714325
v 158.179077 56.802223 -224.351105
v 135.227158 85.719101 -188.371735
v 125.426086 100.798828 -171.717407
v 76.980698 140.839081 -117.743286
v 169.200714 -4.130035 -261.639191
v 181.252151 -1.541946 -257.117462
v 166.445740 -0.247620 -266.196991
v 169.967896 14.020752 -275.233826
v 163.576721 3.626953 -270.700867
v 181.798523 16.911072 -270.639130
v 184.589661 12.979675 -266.135498
v 187.422897 9.154327 -261.577454
v 189.873260 -14.190506 -265.915985
v 185.173813 -7.776978 -258.863037
v 197.911163 -4.103561 -269.732635
v 193.211670 2.309967 -262.679657
v 197.233154 5.607254 -279.014832
v 192.533600 12.020721 -271.961853
v 188.236435 9.253525 -288.325195
v 183.536972 15.667038 -281.272217
v 176.191254 4.699341 -292.209839
v 171.491821 11.112900 -285.156891
v 168.153412 -5.387466 -288.393250
v 163.453949 1.026047 -281.340271
v 168.831421 -15.098328 -279.111084
v 164.131958 -8.684784 -272.058105
v 177.828049 -18.744614 -269.800690
v 173.128540 -12.331085 -262.747711
v 187.342072 -10.695877 -270.780334
v 182.642670 -4.282394 -263.727386
v 192.405960 -4.341095 -273.184845
v 187.706528 2.072388 -266.131897
v 191.978836 1.776733 -279.032623
v 187.279327 8.190216 -271.979675
v 186.310928 4.073837 -284.898132
v 181.611435 10.487396 -277.845215
v 178.722397 1.204742 -287.345490
v 174.022903 7.618317 -280.292572
v 173.658585 -5.149918 -284.941010
v 168.959091 1.263519 -277.888092
v 174.085770 -11.267761 -279.093262
v 169.386246 -4.854218 -272.040283
v 179.753632 -13.564972 -273.227722
v 175.054153 -7.151489 -266.174774
v 203.666046 -3.454330 -261.666931
v 206.790695 13.778564 -280.951904
v 154.727432 -25.657059 -289.436462
v 157.852112 -8.424194 -308.721375
v 212.174683 -13.124847 -268.929779
v 215.299133 4.108215 -288.214691
v 163.236115 -35.327698 -296.699310
v 166.360764 -18.094681 -315.984222
v 170.048996 -24.161819 -273.477997
v 186.361755 -16.760864 -264.221558
v 191.642120 12.361816 -296.811981
v 175.329468 4.960770 -306.068420
v 194.870300 -26.431305 -271.484467
v 178.557617 -33.832336 -280.740967
v 183.838120 -4.709671 -313.331421
v 200.150925 2.691223 -304.074951
v 170.056534 -32.361008 -328.133759
v 166.931808 -49.594116 -308.848663
v 188.048233 -45.469513 -289.602112
v 215.406067 -6.330658 -309.665192
v 236.429993 -6.753128 -287.250763
v 233.948761 -20.437881 -271.936707
v 210.125549 -35.453293 -277.074677
v 193.328796 -16.346909 -322.192596
v 198.100510 -47.775360 -341.933777
v 202.049393 -66.179993 -334.657043
v 217.751923 -63.092728 -320.371735
v 231.100220 -31.408875 -325.065613
v 247.057098 -25.564240 -314.153992
v 251.288803 -43.840576 -306.716827
v 234.165024 -55.646271 -311.058289
v 214.781219 -38.812408 -334.325439
v 197.077225 -63.823120 -350.591034
v 195.856339 -70.557053 -343.055389
v 257.093536 -28.500122 -307.867737
v 255.436768 -37.383484 -298.072113
v 208.096756 -71.391006 -339.352203
v 209.755417 -62.242477 -349.589996
v 223.604431 -67.251694 -326.696106
v 242.402557 -44.534607 -334.920929
v 257.740570 -40.472336 -322.361237
v 256.082092 -49.620605 -312.123749
v 239.599472 -59.995041 -317.619781
v 226.407410 -51.791428 -343.997192
v 258.590424 -61.934448 -343.108582
v 269.324890 -59.090942 -334.318726
v 268.163910 -65.493805 -327.153534
v 256.628632 -72.754303 -331.000305
v 255.797485 -78.991394 -334.697754
v 242.565979 -84.994720 -342.205872
v 244.884705 -72.205200 -356.518188
v 258.116638 -66.202057 -349.009979
v 224.596130 -78.232971 -360.347382
v 223.137741 -86.277725 -351.344788
v 236.774292 -82.637772 -340.215576
v 239.239227 -69.042786 -355.429443
v 208.479507 -76.389725 -359.130432
v 207.408264 -82.298264 -352.518250
v 218.148712 -83.030121 -349.268555
v 219.604218 -75.002701 -358.251953
v 272.401367 -79.026917 -353.781403
v 283.221436 -75.711212 -345.520020
v 282.308716 -80.743988 -339.887909
v 270.858917 -87.531738 -344.263519
v 270.066223 -93.558350 -348.196655
v 256.834442 -99.561310 -355.704834
v 258.657318 -89.508270 -366.955078
v 271.888916 -83.505310 -359.446777
v 238.460815 -95.028656 -371.352173
v 237.314133 -101.352173 -364.275604
v 251.058533 -97.118378 -353.811127
v 252.996353 -86.432190 -365.769867
v 222.385345 -92.956787 -370.390900
v 221.543320 -97.601334 -365.193359
v 232.324707 -98.106415 -362.197357
v 233.468903 -91.796509 -369.258728
v 278.242340 -87.705505 -357.136627
v 289.188049 -83.699341 -349.648285
v 288.638123 -86.731018 -346.255585
v 277.313507 -92.828369 -351.403778
v 276.576599 -98.546967 -355.681580
v 263.344910 -104.550110 -363.189697
v 264.442657 -98.494843 -369.965881
v 277.674530 -92.491882 -362.457733
v 244.380814 -103.273682 -375.192841
v 243.690186 -107.082489 -370.930603
v 257.591827 -101.981262 -361.436768
v 258.758881 -95.544678 -368.639740
v 228.365891 -100.867859 -374.605286
v 227.859116 -103.665466 -371.474854
v 238.700485 -103.839417 -368.849487
v 239.389740 -100.038788 -373.102661
v 265.084198 -11.746460 -287.191040
v 262.112213 -25.618668 -272.135468
v 266.901642 -23.976944 -302.830353
v 264.987000 -32.913681 -293.131378
v 290.012634 -24.651306 -293.879364
v 287.040375 -38.523468 -278.823547
v 289.818298 -30.676483 -303.996155
v 287.903778 -39.613098 -294.297119
v -59.623363 29.721054 -97.735687
v 59.623348 190.283325 -97.735695
v -12.817223 -5.041016 -69.109558
v 94.508286 164.374878 -69.109573
v -2.862030 -12.434509 0.000013
v 108.958099 153.643250 -0.000002
v -12.817215 -5.041008 69.109581
v 94.508286 164.374878 69.109573
v -59.623348 29.721077 97.735710
v 59.623363 190.283340 97.735695
v -113.850204 69.994453 69.109581
v 24.738426 216.191711 69.109573
v -136.311707 86.676147 0.000013
v 10.288609 226.923340 -0.000002
v -113.850212 69.994446 -69.109558
v 24.738419 216.191711 -69.109573
v -20.820864 81.967529 -70.087868
v 18.066101 53.086861 -49.559586
v 21.161627 50.787849 0.000008
v 18.066103 53.086864 49.559612
v -20.820856 81.967545 70.087875
v -59.707821 110.848160 49.559612
v -66.283119 115.731514 0.000008
v -59.707825 110.848152 -49.559586
v 49.105240 176.120972 -94.120720
v 101.326401 137.337250 -66.553406
v 97.427727 104.992233 0.000002
v 101.326408 137.337265 66.553406
v 49.105247 176.120987 94.120728
v 9.665535 205.412186 66.553406
v -13.115208 210.032318 0.000000
v 9.665524 205.412170 -66.553406
v 74.833427 210.763184 -34.651276
v 83.371216 204.422333 -27.645271
v 89.151443 200.129486 -0.000004
v 83.371216 204.422333 27.645264
v 74.833427 210.763184 34.651264
v 66.295624 217.104065 27.645264
v 60.515408 221.396973 -0.000004
v 66.295624 217.104065 -27.645271
v 93.565552 196.851196 -37.109688
v 74.833427 210.763184 -52.481018
v 101.324646 191.088654 -0.000004
v 93.565552 196.851196 37.109680
v 74.833427 210.763184 52.481014
v 56.101307 224.675232 37.109680
v 48.342213 230.437744 -0.000004
v 56.101307 224.675232 -37.109688
v 113.865334 263.318542 -24.798290
v 122.403122 256.977661 -19.784422
v 128.183350 252.684799 -0.000009
v 122.403122 256.977661 19.784403
v 113.865334 263.318542 24.798269
v 105.327530 269.659424 19.784403
v 99.547302 273.952271 -0.000009
v 105.327530 269.659424 -19.784422
v -76.111206 7.520660 -97.735680
v -29.305069 -27.241409 -69.109550
v -19.349876 -34.634964 0.000015
v -28.822685 -27.069016 69.404961
v -75.796173 7.952873 98.269035
v -130.358963 48.454597 69.489166
v -152.799561 64.475754 0.000015
v -130.338058 47.793991 -69.109550
v -87.290764 -7.532242 -97.735680
v -40.484627 -42.294327 -69.109550
v -64.803741 -64.704926 -0.911747
v -86.022865 -5.783752 100.319878
v -141.964478 35.632767 70.755875
v -161.886993 20.280090 -0.323986
v -141.517609 32.741074 -69.109550
v -133.967422 84.935120 -35.288967
v 17.667027 221.443542 -35.288982
v -62.925617 113.237984 -25.306290
v -1.482826 207.673157 -33.983738
v 52.304188 227.495300 -18.949085
v 63.466927 219.204895 -14.116329
v 102.498825 271.760254 -10.102395
v -150.455276 62.734726 -35.288967
v -157.744507 30.634155 -35.288963
v -134.270630 85.160278 34.356106
v 17.471966 221.588379 34.356087
v -63.014374 113.303909 24.637323
v -1.790348 207.735535 33.085354
v 52.199448 227.573059 18.448147
v 63.388905 219.262878 13.743144
v 102.420799 271.818176 9.835315
v -150.758469 62.959885 34.356106
v -158.578201 32.360947 34.822350
v -89.150444 -10.036240 -89.995995
v -69.213867 -57.259613 -9.824195
v -142.986115 -3.156906 -8.194880
v -150.006104 18.727615 -36.178726
v -138.076187 28.264893 -65.284157
v -68.610382 -57.208954 8.189808
v -87.695549 -8.027527 92.772377
v -138.417740 31.452591 67.016449
v -113.934410 -21.302292 -0.836909
v -105.988693 -30.201324 -9.086038
v -105.842934 -29.917450 7.245823
v 98.248329 257.207458 -47.801983
v 77.056396 367.239502 -54.121597
v 169.968094 212.155121 -44.807392
v 208.305435 343.754974 -54.121582
v 88.828926 250.833237 -25.584724
v 83.847862 245.355438 0.340609
v 66.695282 384.154999 -0.000023
v 70.001854 378.434418 -32.110344
v 68.910759 342.793396 -62.016052
v 73.582306 304.800629 -65.640930
v 85.981903 278.149384 -55.696453
v 146.963623 214.991730 -50.462566
v 130.740631 221.891281 -58.610718
v 113.282425 238.725220 -55.490448
v 103.994232 370.730133 -62.016060
v 141.560165 369.529510 -65.981552
v 183.418121 358.774414 -62.016071
v 211.130997 316.926575 -62.016052
v 188.453049 275.364685 -60.683811
v 178.253571 250.337585 -55.696453
v 179.130920 191.935791 0.340613
v 175.821350 198.256546 -26.010286
v 219.130981 350.659821 -32.110340
v 217.746094 355.650299 -0.000024
v 59.435364 274.307800 0.126770
v 42.031624 310.890076 -0.000018
v 42.749573 353.410126 -0.000021
v 66.133881 277.576477 -27.902252
v 50.593834 309.208313 -35.933403
v 49.440582 349.705963 -34.221855
v 117.352257 266.836975 -72.588554
v 106.048447 296.832336 -84.500824
v 100.217812 338.253693 -78.908173
v 136.890152 255.083221 -78.308014
v 138.204681 291.069122 -90.847626
v 134.709671 334.978760 -84.627609
v 152.769730 253.459747 -72.588577
v 160.774567 289.230164 -84.500824
v 177.559845 326.775848 -78.908165
v 202.159515 229.043716 -27.902248
v 205.606674 251.902756 -29.694092
v 224.950836 316.330994 -34.221851
v 221.713211 228.231232 0.126775
v 218.049286 246.753616 -0.000016
v 231.920898 316.954132 -0.000021
v 108.955322 223.435791 -23.388248
v 128.521439 210.522217 -25.226582
v 144.697800 205.755264 -23.388247
v 105.215324 219.662979 0.771442
v 128.427383 205.544830 0.455462
v 146.888962 201.346924 0.771442
v 190.011703 377.375763 -34.221855
v 147.192337 391.047119 -36.060188
v 106.176796 390.581970 -34.221855
v 191.230331 383.851318 -0.000025
v 149.859543 398.425415 -0.000026
v 106.315102 397.942596 -0.000025
v 210.660278 222.341309 -14.128285
v 202.286438 213.156235 0.219005
v 98.248329 257.207458 47.801952
v 77.056396 367.239502 54.121548
v 169.968094 212.155121 44.807369
v 208.305435 343.754974 54.121536
v 88.828926 250.833237 25.584694
v 70.001854 378.434418 32.110294
v 68.910759 342.793396 62.016018
v 73.582306 304.800629 65.640892
v 85.981903 278.149384 55.696415
v 146.963623 214.991730 50.462543
v 130.740631 221.891281 58.610695
v 113.282425 238.725220 55.490421
v 103.994232 370.730133 62.016010
v 141.560165 369.529510 65.981506
v 183.398788 358.784271 62.016022
v 211.130997 316.926575 62.016018
v 188.453049 275.364685 60.683777
v 178.253571 250.337585 55.696415
v 175.821350 198.256546 26.010263
v 219.130981 350.659821 32.110291
v 66.133881 277.576477 27.902222
v 50.593834 309.208313 35.933365
v 49.440582 349.705963 34.221813
v 117.352257 266.836975 72.588524
v 106.048447 296.832336 84.500793
v 100.217812 338.253693 78.908134
v 136.890152 255.083221 78.307976
v 138.204681 291.069122 90.847595
v 134.709671 334.978760 84.627563
v 152.769730 253.459747 72.588539
v 160.774567 289.230164 84.500793
v 177.559845 326.775848 78.908119
v 202.159515 229.043716 27.902218
v 205.606674 251.902756 29.694063
v 224.950836 316.330994 34.221809
v 108.955322 223.435791 23.388226
v 128.521439 210.522217 25.226557
v 144.697800 205.755264 23.388222
v 190.011703 377.375763 34.221806
v 147.192337 391.047119 36.060143
v 106.183311 390.585663 34.221806
v 210.660278 222.341309 14.128259
v 127.004044 260.369202 72.867966
v 124.332062 248.522125 70.977478
v 123.953934 246.845612 75.126610
v 125.491592 253.663376 93.992859
v 128.115372 265.296692 98.877403
v 130.155502 274.342285 95.800301
v 130.908401 277.680481 87.916817
v 130.061554 273.925720 78.624306
v 134.003143 263.357361 56.991829
v 128.106842 237.214203 52.820045
v 126.104385 228.335678 74.793159
v 128.682053 239.764633 106.419632
v 134.003143 263.357361 116.325653
v 138.837509 284.792114 109.034088
v 140.839966 293.670654 88.066513
v 138.837509 284.792114 66.093391
v 130.121094 262.082733 64.466873
v 125.742928 242.670670 61.369194
v 124.505249 237.183121 74.950165
v 126.593254 246.440933 100.568680
v 130.644348 264.402771 108.110405
v 134.163086 280.004272 102.803162
v 135.577209 286.274231 87.996033
v 134.118851 279.808136 71.993378
v 142.284058 234.016693 52.820045
v 148.180359 260.159851 56.991829
v 140.281601 225.138168 74.793159
v 142.859283 236.567093 106.419632
v 148.180359 260.159851 116.325653
v 153.014725 281.594543 109.034088
v 155.017166 290.473145 88.066513
v 153.014725 281.594543 66.093391
v 135.415207 241.423264 62.991131
v 139.505371 259.558350 65.885025
v 134.322617 236.578995 74.979950
v 136.317734 245.424927 99.458633
v 140.127899 262.318481 106.551811
v 143.397034 276.813293 101.621040
v 144.699524 282.588318 87.982651
v 143.344406 276.579956 73.112717
v 147.385391 259.403015 60.246391
v 142.974579 258.775879 65.885025
v 145.919754 258.586670 64.233513
v 138.884415 240.640823 62.991131
v 142.150085 236.190475 56.542252
v 141.494171 238.964478 61.102303
v 137.791840 235.796555 74.979950
v 140.480606 228.788330 74.861519
v 140.232651 233.371017 74.945267
v 139.786957 244.642487 99.458633
v 142.845078 239.271988 103.872192
v 142.335922 242.696625 100.751343
v 143.597107 261.536011 106.551811
v 147.613220 260.413116 112.748825
v 146.426666 260.834290 108.366882
v 146.866257 276.030884 101.621040
v 151.874771 279.308075 106.321205
v 149.986496 276.617859 102.997696
v 148.168747 281.805878 87.982651
v 153.621078 287.050842 88.035828
v 151.418961 282.969269 87.998222
v 146.813614 275.797516 73.112717
v 151.855515 279.222656 68.662193
v 149.943619 276.427856 71.809189
v -211.449524 240.312119 101.042244
v -191.338226 255.886536 74.258537
v -180.288040 258.287689 109.422661
v -210.290894 262.496155 130.553894
v -239.883667 262.695923 108.448730
v -228.170044 258.610901 73.656616
v -177.749832 287.696472 87.216957
v -189.463470 291.781433 122.009064
v -226.295288 294.505920 121.407150
v -237.345398 292.104675 86.243019
v -207.342667 287.896179 65.111786
v -206.183960 310.080383 94.623436
v 380.873413 210.504028 262.952454
v 351.200165 231.789093 257.399048
v 376.104736 227.431976 230.470184
v 409.611084 226.330032 245.978897
v 405.413757 230.006195 282.493011
v 369.313904 233.379974 289.550629
v 361.598572 260.770264 236.993103
v 397.698395 257.396393 229.935410
v 415.812195 258.987305 262.087067
v 390.907654 263.344391 289.015900
v 357.401245 264.446381 273.507233
v 386.138977 280.272339 256.533661
v 225.399963 167.896378 -327.705109
v 239.328003 188.887054 -300.690399
v 203.373245 190.842972 -308.925659
v 199.869720 187.736435 -345.565552
v 233.659821 183.860580 -359.974518
v 258.045959 184.571747 -332.240051
v 222.405624 221.700378 -301.854584
v 198.019501 220.989273 -329.589020
v 216.737518 216.673935 -361.138733
v 252.692276 214.718048 -352.903473
v 256.195740 217.824554 -316.263519
v 230.665558 237.664627 -334.123962
v 127.004044 260.369202 -69.837090
v 124.332069 248.522125 -67.946587
v 123.953941 246.845612 -72.095718
v 125.491600 253.663315 -90.961960
v 128.115372 265.296692 -95.846519
v 130.155502 274.342285 -92.769424
v 130.908386 277.680481 -84.885933
v 130.061554 273.925720 -75.593422
v 134.003143 263.357361 -53.960949
v 128.106857 237.214203 -49.789154
v 126.104385 228.335678 -71.762276
v 128.682053 239.764603 -103.388741
v 134.003143 263.357361 -113.294769
v 138.837509 284.792114 -106.003204
v 140.839966 293.670593 -85.035637
v 138.837509 284.792114 -63.062511
v 130.121078 262.082703 -61.435986
v 125.742928 242.670670 -58.338295
v 124.505257 237.183090 -71.919273
v 126.593269 246.440903 -97.537788
v 130.644348 264.402771 -105.079521
v 134.163086 280.004272 -99.772278
v 135.577209 286.274231 -84.965149
v 134.118851 279.808136 -68.962494
v 142.284058 234.016663 -49.789154
v 148.180359 260.159851 -53.960949
v 140.281601 225.138138 -71.762276
v 142.859283 236.567062 -103.388741
v 148.180359 260.159851 -113.294769
v 153.014709 281.594543 -106.003204
v 155.017166 290.473145 -85.035637
v 153.014709 281.594543 -63.062511
v 135.415222 241.423264 -59.960239
v 139.505371 259.558350 -62.854141
v 134.322632 236.578995 -71.949066
v 136.317749 245.424911 -96.427750
v 140.127899 262.318481 -103.520927
v 143.397018 276.813293 -98.590157
v 144.699524 282.588348 -84.951775
v 143.344391 276.579956 -70.081841
v 147.385391 259.403015 -57.215508
v 142.974579 258.775879 -62.854141
v 145.919754 258.586670 -61.202629
v 138.884415 240.640823 -59.960239
v 142.150085 236.190475 -53.511364
v 141.494171 238.964478 -58.071411
v 137.791840 235.796555 -71.949066
v 140.480606 228.788330 -71.830627
v 140.232651 233.371048 -71.914375
v 139.786957 244.642502 -96.427750
v 142.845062 239.271973 -100.841293
v 142.335938 242.696609 -97.720444
v 143.597107 261.536011 -103.520927
v 147.613220 260.413116 -109.717926
v 146.426666 260.834290 -105.335983
v 146.866257 276.030884 -98.590157
v 151.874756 279.308075 -103.290321
v 149.986481 276.617859 -99.966805
v 148.168747 281.805878 -84.951775
v 153.621078 287.050842 -85.004951
v 151.418961 282.969269 -84.967354
v 146.813614 275.797516 -70.081841
v 151.855515 279.222656 -65.631310
v 149.943619 276.427856 -68.778313
v 200.496246 246.793030 79.331520
v 200.839355 249.594391 77.948555
v 201.439331 249.459076 77.948555
v 201.665985 247.060883 75.824753
v 200.456131 241.368469 72.186737
v 198.991287 241.698853 72.186737
v 199.713074 247.501312 75.824753
v 201.959320 254.344238 73.393837
v 203.302719 254.041260 73.393837
v 205.811432 250.988815 62.354916
v 206.741241 239.793579 44.944008
v 203.039383 240.628494 44.944012
v 200.858063 252.105972 62.354916
v 206.624664 265.408997 62.685032
v 209.172607 264.834351 62.685032
v 216.055511 262.315735 41.698330
v 219.475800 252.484573 12.714335
v 214.369507 253.636215 12.714334
v 208.288635 264.067444 41.629372
v 219.752319 287.977905 47.741661
v 223.907501 287.040741 47.741661
v 231.188919 284.462799 16.010799
v 228.221176 276.643158 -10.806398
v 222.639572 277.902008 -10.806400
v 220.942841 286.773682 16.096779
v 224.593170 325.061188 46.109287
v 230.009033 323.839691 46.109287
v 234.102554 315.198212 20.791521
v 226.601959 307.694946 -25.081951
v 221.020355 308.953827 -21.786335
v 216.521088 319.163513 20.714893
v 222.353241 259.464905 -1.453432
v 222.140762 261.126526 -1.827791
v 222.465485 261.117706 -1.913185
v 222.480774 260.128601 -3.361442
v 221.786835 257.439026 -5.878044
v 220.994003 257.460571 -5.669547
v 221.423767 260.157288 -3.083475
v 221.769073 264.253021 -3.665507
v 222.496185 264.233337 -3.856723
v 222.572327 264.160522 -10.259041
v 221.580261 260.390137 -20.882221
v 219.576630 260.444458 -20.355310
v 219.891327 264.233185 -9.554000
v 221.968597 271.760376 -8.227362
v 223.347656 271.722961 -8.590029
v 224.305145 273.567871 -20.752291
v 223.030762 272.053406 -37.255440
v 220.266998 272.128296 -36.528633
v 220.101349 273.681824 -19.646795
v 224.611313 287.151855 -16.606689
v 226.860321 287.090881 -17.198122
v 227.213150 289.652527 -32.597805
v 222.692230 288.311646 -47.126671
v 219.671204 288.393555 -46.332218
v 221.672745 289.802704 -31.140825
v 225.903992 309.530029 -24.914200
v 228.835327 309.450531 -25.685072
v 222.516632 308.212585 -37.923115
v 217.629181 306.050842 -50.140114
v 214.608109 306.132751 -49.345657
v 218.261719 308.327911 -36.804180
v 194.912598 216.165649 58.750355
v 195.476730 219.923508 58.120899
v 195.753906 219.928223 58.684433
v 192.942551 218.842804 60.928257
v 186.371552 215.001526 64.274269
v 185.694855 214.989944 62.898338
v 192.040375 218.827423 59.093880
v 194.988083 227.764114 58.349495
v 195.608673 227.774689 59.611362
v 186.689575 231.979691 67.511749
v 167.530258 231.435043 80.774155
v 165.820129 231.405853 77.296982
v 184.401306 231.940735 62.859024
v 194.963913 246.574646 60.612289
v 196.140961 246.594711 63.005604
v 181.821808 258.648193 78.218063
v 155.922989 266.867737 97.144676
v 153.564117 266.827484 92.348328
v 178.233826 258.586975 70.922623
v 199.053085 284.235046 67.207733
v 200.972595 284.267792 71.110710
v 181.956757 300.094971 89.059273
v 154.923874 307.682465 100.953331
v 152.345444 307.638489 95.710510
v 177.228043 300.014374 79.444290
v 207.450104 336.301422 68.520775
v 209.952225 336.328583 73.607941
v 183.852325 343.041138 80.153160
v 158.847092 347.432465 89.118530
v 156.268600 347.388519 83.875687
v 180.220596 342.986816 72.769012
v 194.912598 216.165649 -52.577602
v 195.476730 219.923508 -51.948135
v 195.753906 219.928223 -52.511673
v 192.942551 218.842789 -54.755489
v 186.371552 215.001526 -58.101517
v 185.694855 214.989944 -56.725586
v 192.040375 218.827423 -52.921116
v 194.988083 227.764114 -52.176739
v 195.608673 227.774689 -53.438610
v 186.689575 231.979691 -61.338997
v 167.530228 231.435028 -74.601402
v 165.820129 231.405853 -71.124229
v 184.401306 231.940689 -56.686264
v 194.963913 246.574646 -54.439552
v 196.140961 246.594711 -56.832855
v 181.821808 258.648193 -72.045319
v 155.922989 266.867737 -90.971939
v 153.564117 266.827484 -86.175583
v 178.233826 258.586975 -64.749886
v 199.053085 284.235046 -61.034977
v 200.972595 284.267792 -64.937958
v 181.956757 300.094971 -82.886520
v 154.923874 307.682465 -94.780579
v 152.345444 307.638489 -89.537773
v 177.228043 300.014374 -73.271545
v 207.248566 336.623199 -62.348045
v 209.750473 336.665833 -67.435204
v 183.770111 343.100891 -73.980423
v 158.847092 347.432465 -82.945808
v 156.268600 347.388519 -77.702965
v 180.138504 343.038910 -66.596291
v 192.703796 251.794235 -72.005730
v 192.461792 253.848953 -72.029037
v 192.827911 253.853577 -72.201820
v 194.116943 253.241989 -70.641785
v 195.879593 251.100235 -67.075500
v 194.985687 251.088959 -66.653618
v 192.925186 253.226913 -70.079361
v 192.878769 258.124573 -71.104073
v 193.698608 258.135010 -71.490974
v 198.564392 260.369049 -65.931610
v 206.316010 259.940369 -54.716194
v 204.056946 259.911804 -53.650082
v 195.541580 260.330811 -64.505074
v 195.002502 268.390778 -69.593910
v 196.557373 268.410400 -70.327705
v 206.165466 274.891479 -61.006577
v 217.605743 279.199890 -45.132835
v 214.489624 279.160461 -43.662254
v 201.425781 274.831543 -58.769768
v 200.697540 288.973938 -69.069115
v 203.233215 289.005981 -70.265793
v 214.559021 297.514282 -57.871235
v 221.485367 301.468414 -41.275848
v 218.079193 301.425323 -39.668385
v 208.312347 297.435272 -54.923241
v 203.723175 317.622498 -69.729111
v 207.028198 317.664276 -71.288857
v 210.559326 320.995728 -55.342602
v 215.580353 323.187103 -40.231369
v 212.174194 323.144073 -38.623901
v 205.761978 320.935059 -53.078598
v 191.462585 257.335480 74.924522
v 191.403427 259.403473 74.947830
v 191.768524 259.375671 75.120621
v 192.998337 258.652344 73.560570
v 194.564484 256.363007 69.994286
v 193.673065 256.430908 69.572426
v 191.809937 258.742859 72.998154
v 192.197342 263.625427 74.022881
v 193.014862 263.563202 74.409767
v 198.059296 265.357727 68.850410
v 205.742554 264.244446 57.634987
v 203.489822 264.416016 56.568878
v 195.045013 265.587219 67.423866
v 195.221588 273.663269 72.512711
v 196.772125 273.545227 73.246506
v 206.916290 279.150146 63.925369
v 218.693054 282.428833 48.051624
v 215.585678 282.665436 46.581043
v 202.189880 279.510071 61.688568
v 202.716568 293.661407 71.987923
v 205.245148 293.468872 73.184586
v 217.279755 300.941040 60.790028
v 224.528946 304.266388 44.194630
v 221.132355 304.525024 42.587166
v 211.050598 301.415344 57.842045
v 208.266724 321.929596 72.647911
v 211.562439 321.678589 74.207649
v 215.374649 324.684387 58.261383
v 220.569977 326.422638 43.150154
v 217.173370 326.681305 41.542686
v 210.590775 325.048676 55.997379
v 92.644608 256.776276 -49.531971
v 70.685738 370.790466 -56.080288
v 82.884338 250.171356 -26.510653
v 77.722977 244.495300 0.352936
v 59.976257 388.356506 -0.000024
v 63.378059 382.396667 -33.272438
v 62.245285 345.459625 -64.260460
v 67.085915 306.091858 -68.016510
v 79.934250 278.476135 -57.712139
v 108.222816 237.625153 -57.498680
v 98.601097 374.414825 -64.260468
v 137.555710 373.184906 -68.369476
v 180.901703 362.032745 -64.260468
v 52.426987 274.495483 0.131358
v 34.393402 312.401764 -0.000018
v 35.137314 356.460663 -0.000021
v 59.367943 277.882507 -28.912052
v 43.265457 310.659088 -37.233856
v 42.070503 352.622375 -35.460369
v 112.439934 266.754333 -75.215584
v 100.727051 297.835205 -87.558968
v 94.685379 340.755646 -81.763908
v 132.684891 254.575165 -81.142029
v 134.047012 291.863464 -94.135483
v 130.425552 337.362213 -87.690338
v 142.808212 277.440735 -90.374168
v 157.433716 289.957916 -87.558968
v 174.826477 328.862396 -81.763908
v 103.739105 221.782410 -24.234686
v 99.863754 217.873016 0.799362
v 92.644608 256.776276 49.531944
v 70.685738 370.790466 56.080238
v 82.884338 250.171356 26.510624
v 63.378059 382.396667 33.272388
v 62.245285 345.459625 64.260422
v 67.085915 306.091858 68.016472
v 79.934250 278.476135 57.712101
v 108.222816 237.625153 57.498657
v 98.601097 374.414825 64.260414
v 137.560913 373.186279 68.369431
v 180.881210 362.041718 64.260422
v 59.367943 277.882507 28.912024
v 43.265457 310.659088 37.233822
v 42.070503 352.622375 35.460327
v 112.439934 266.754333 75.215546
v 100.727051 297.835205 87.558929
v 94.685379 340.755646 81.763870
v 132.684906 254.575165 81.141991
v 134.047012 291.863464 94.135445
v 130.425552 337.362213 87.690285
v 143.146576 278.214905 92.691803
v 157.433716 289.957916 87.558929
v 174.826477 328.862396 81.763855
v 103.739105 221.782410 24.234663
v 100.318253 298.413147 -80.987381
v 52.748085 304.424866 -37.313759
v 135.736298 303.144348 9.229069
v 192.274841 288.761108 78.218086
v 100.318253 298.413147 79.615593
v 217.117432 293.072723 26.297617
v 52.748085 304.424866 35.941975
v 135.736298 303.144348 -10.600858
v 113.865341 263.318542 -0.000009
v 127.339371 261.856079 84.435425
v 139.361847 258.921936 84.160881
v 127.339371 261.856079 -81.404549
v 139.361847 258.921936 -81.129990
v 225.335953 315.738831 11.389430
v 221.190247 308.024872 -37.313564
v 182.828384 342.397430 77.653954
v 182.747498 342.455017 -71.481239
v 208.918335 320.629089 -54.775314
v 213.708023 324.464600 57.693069
v 128.825378 396.866882 -22.755236
v 91.760567 377.481079 -63.856922
v 48.094093 350.726257 -54.470955
v 18.936523 342.055298 -3.755601
v 29.464935 350.851898 56.464321
v 73.549988 372.132141 92.779968
v 118.142273 387.966705 71.757088
v 149.256668 398.167786 8.145150
v 96.328217 476.899170 -31.845650
v 58.781517 444.566071 -66.274315
v 18.519806 403.624817 -54.766899
v -0.872055 378.058380 -4.064306
v 11.965317 382.843262 56.132626
v 49.512054 415.176392 90.561310
v 89.773788 456.117584 79.053894
v 109.165627 481.683899 28.351303
v 34.895630 527.163330 -19.357378
v 7.075165 487.004578 -55.392689
v -16.632812 432.532867 -47.083752
v -22.340469 395.656860 0.702195
v -6.704330 397.978119 59.972794
v 21.116119 438.136749 96.008125
v 44.824142 492.608551 87.699097
v 50.531784 529.484497 39.913162
v -30.736252 548.947021 0.170558
v -47.952789 506.230408 -37.608700
v -55.386749 447.448425 -33.842831
v -48.683304 407.034576 9.262093
v -31.769379 408.662811 66.455917
v -14.552811 451.379425 104.235168
v -7.118835 510.161407 100.469299
v -13.822327 550.575317 57.364315
v -98.440308 544.626953 23.979837
v -103.375015 505.151611 -14.396315
v -94.257492 450.832397 -15.905993
v -76.428757 413.489014 20.335255
v -60.332596 414.996704 73.097702
v -55.397903 454.472229 111.473831
v -64.515411 508.791199 112.983467
v -82.344208 546.134583 76.742271
v -161.816467 504.503235 50.151592
v -155.115036 476.709137 14.772534
v -132.235397 438.679138 8.459138
v -106.580017 412.690704 34.909664
v -93.177475 413.967438 78.629852
v -99.878906 441.761505 114.008858
v -122.758591 479.791504 120.322296
v -148.413956 505.779968 93.871719
v -202.437027 421.319763 74.427887
v -193.353638 409.756927 50.581539
v -172.042679 394.309235 44.145733
v -150.987762 384.025787 58.890522
v -142.522705 384.930420 86.178566
v -151.606110 396.493347 110.024956
v -172.917023 411.940887 116.460716
v -193.971893 422.224426 101.715912
v -211.317047 290.037598 96.687775
v -211.190720 289.965454 96.405685
v -210.914185 289.876312 96.318329
v -210.649475 289.822815 96.476944
v -210.551636 289.835938 96.788559
v -210.677979 289.908081 97.070709
v -210.954468 289.997009 97.158035
v -211.219177 290.050781 96.999466
v 142.249619 358.467285 106.908623
v 197.982956 338.668427 106.309494
v 245.653473 335.520111 67.165291
v 257.298462 350.697845 10.538919
v 224.040665 371.597015 -19.298191
v 161.792252 478.849609 43.057285
v 144.828217 452.892517 94.815994
v 166.588196 409.187134 127.157120
v 214.325470 373.335541 121.135582
v 260.076202 366.339233 80.278679
v 277.040192 392.296326 28.519981
v 255.280243 436.001770 -3.821150
v 207.542892 471.853180 2.200405
v 212.189728 523.553955 86.852364
v 187.586700 490.574249 131.487305
v 195.910706 434.802734 151.945084
v 232.285645 388.909546 136.241852
v 275.403564 379.778290 93.576401
v 300.006653 412.757904 48.941463
v 291.682587 468.529541 28.483681
v 255.307571 514.422729 44.186935
v 265.200500 538.822998 132.897217
v 233.415131 504.034149 169.336472
v 229.056900 445.484833 178.153580
v 254.678711 397.472198 154.183609
v 295.271698 388.121460 111.467850
v 327.057007 422.910278 75.028557
v 331.415283 481.459625 66.211517
v 305.793457 529.472290 90.181503
v 317.888641 527.607239 180.516113
v 280.176819 496.510986 206.327637
v 264.051056 443.929321 202.995270
v 278.957520 400.663940 172.471191
v 316.164246 392.059204 132.635834
v 353.875977 423.155579 106.824341
v 370.001770 475.737061 110.156700
v 355.095276 519.002441 140.680832
v 363.627136 481.003540 225.765320
v 324.970123 461.119812 239.158340
v 301.104553 425.898987 225.032135
v 306.010559 395.972900 191.661697
v 336.814209 388.871887 158.594849
v 375.471252 408.755524 145.201797
v 399.336853 443.976288 159.328018
v 394.430847 473.902435 192.698532
v 388.355652 393.362671 255.200668
v 361.422913 387.129883 259.743652
v 342.531952 373.992004 245.434982
v 342.748840 361.645111 220.656586
v 361.946533 357.321564 199.923233
v 388.879181 363.554474 195.380249
v 407.770142 376.692230 209.688828
v 407.553284 389.039307 234.467285
v 386.593262 260.067627 261.420746
v 386.277649 260.057678 261.453430
v 386.050537 259.997070 261.261780
v 386.044983 259.921387 260.957916
v 386.264160 259.874817 260.719910
v 386.579803 259.884644 260.687103
v 386.806885 259.945251 260.878815
v 386.812439 260.021088 261.182739
v 236.736237 336.573181 -53.555180
v 206.653534 318.912628 -101.310089
v 149.358994 325.247253 -123.488190
v 98.414917 351.866364 -107.097923
v 197.438217 467.693726 -48.958714
v 244.804901 431.326294 -57.580139
v 253.251465 382.743774 -89.171280
v 217.830048 350.405273 -125.226547
v 159.290039 353.254242 -144.625275
v 111.923325 389.621552 -136.003906
v 103.476822 438.204071 -104.412689
v 138.898239 470.542572 -68.357399
v 218.403503 504.298309 -117.347061
v 262.132660 462.238739 -115.348244
v 264.785370 403.794342 -128.595383
v 224.807602 363.200928 -149.328568
v 165.617752 364.237518 -165.402466
v 121.888588 406.296997 -167.401352
v 119.235916 464.741547 -154.154160
v 159.213715 505.334930 -133.420975
v 234.380890 511.716888 -187.011307
v 274.331970 469.299835 -174.638184
v 272.798157 410.062988 -170.976532
v 230.677902 368.706299 -178.171295
v 172.644730 369.456055 -192.007797
v 132.693665 411.873108 -204.380798
v 134.227478 471.109985 -208.042526
v 176.347748 512.466675 -200.847794
v 246.802612 492.878479 -255.276947
v 281.341003 456.019958 -232.828552
v 276.406921 404.685028 -213.428543
v 234.890579 368.945129 -208.441376
v 181.111755 369.736206 -220.788330
v 146.573349 406.594849 -243.236786
v 151.507523 457.929718 -262.636719
v 193.023804 493.669556 -267.623962
v 253.876892 439.643646 -313.821167
v 280.466919 416.227936 -285.294434
v 273.477539 383.807983 -255.132919
v 237.003143 361.374969 -241.004822
v 192.409821 362.069763 -251.186234
v 165.819870 385.485413 -279.712952
v 172.809143 417.905365 -309.874481
v 209.283615 440.338409 -324.002563
v 250.014725 348.726379 -343.452087
v 265.925415 340.835510 -321.785522
v 260.547913 330.234375 -297.435822
v 237.032196 323.133026 -284.666809
v 209.153534 323.691162 -290.958282
v 193.242859 331.582184 -312.624878
v 198.620422 342.183167 -336.974548
v 222.136124 349.284637 -349.743622
v 230.740723 216.915665 -335.463654
v 230.921814 216.889130 -335.204254
v 230.858978 216.860886 -334.908813
v 230.589111 216.847641 -334.750427
v 230.270264 216.857071 -334.821838
v 230.089172 216.883545 -335.081238
v 230.151978 216.911667 -335.376648
v 230.421875 216.925034 -335.535034
v 63.546555 350.196655 89.908859
v 129.930298 345.397278 109.544205
v 250.509003 330.211517 24.536913
v 235.196442 323.690948 -41.611698
v 42.067924 336.852692 -55.274208
v 95.002777 330.030762 -103.870331
v 31.005363 314.520721 0.576993
v 40.110794 322.659485 52.360481
v 190.756485 311.216095 95.426514
v 230.772827 309.217072 62.549175
v 194.742554 293.999634 -88.130745
v 147.312988 299.925293 -106.571404
v 68.553833 321.932373 80.301620
v 129.454758 317.402863 98.329453
v 234.735046 304.678162 27.653711
v 220.277145 298.431366 -34.763992
v 51.329170 310.099731 -44.676991
v 100.224411 303.920532 -89.567184
v 16.926102 315.417633 -1.304889
v 27.454529 324.214172 58.915031
v 195.972534 312.030762 108.760201
v 243.643066 308.882477 69.616005
v 204.643143 292.274994 -98.859375
v 147.348557 298.609589 -121.037460
v 92.992371 303.393188 -101.419601
v 233.186035 297.053314 -39.160984
v 127.919861 318.759613 111.994911
v 61.536125 323.558990 92.359573
v 248.498596 303.573883 26.987625
v 40.057526 310.215088 -52.823494
v 36.589272 346.382629 -0.393705
v 45.694748 354.521423 51.389782
v 196.340424 343.078003 94.455795
v 236.356766 341.078979 61.578472
v 200.326462 325.861542 -89.101448
v 152.896912 331.787262 -107.542107
v 105.808365 335.782471 -90.537880
v 225.861053 330.293304 -35.734688
v 135.038712 349.264801 97.358757
v 74.137787 353.794312 79.330910
v 240.318985 336.540070 26.683018
v 56.913094 341.961639 -45.647697
v 142.165207 340.655212 2.256103
v -380.575073 -232.784851 30.787682
v -183.732376 -142.334320 13.173156
v -370.844879 -253.708435 41.900192
v -165.896072 -170.216644 29.112864
v -368.441742 -258.876099 66.869774
v -161.522522 -177.115448 64.929077
v -375.175201 -244.396545 86.893814
v -173.848251 -157.809296 93.651428
v -385.974915 -221.173157 86.893814
v -193.617233 -126.844513 93.651428
v -392.708435 -206.693604 66.869774
v -205.942978 -107.538239 64.929077
v -390.305267 -211.861267 41.900192
v -201.568665 -114.452118 29.112864
v -238.026413 -171.998627 10.059621
v -220.616409 -203.306671 27.308956
v -228.773254 -216.866730 68.671837
v -252.841171 -200.574249 100.435493
v -271.398102 -165.409515 100.435493
v -271.285126 -138.287689 68.671837
v -255.436401 -140.690643 27.308956
v -377.723816 -231.458984 24.806261
v -366.021667 -256.622864 38.170834
v -363.131531 -262.837830 68.200760
v -371.229614 -245.423828 92.282898
v -384.218018 -217.494019 92.282898
v -392.316162 -200.080017 68.200760
v -389.425934 -206.295044 38.170834
v -411.565277 -247.196411 24.806265
v -399.863098 -272.360291 38.170834
v -396.972900 -278.575317 68.200760
v -405.071045 -261.161316 92.282898
v -418.059448 -233.231506 92.282898
v -426.157593 -215.817505 68.200760
v -423.267365 -222.032471 38.170834
v -404.994812 -214.417053 96.732315
v -404.994812 -214.417053 22.190483
v -373.562744 -282.007751 96.732315
v -373.295074 -282.583252 22.725950
v -404.994812 -214.417053 59.461391
v -368.533173 -292.823181 86.670128
v -368.533173 -292.823181 32.252674
v -372.726166 -283.806641 59.461391
v -364.363831 -301.788757 74.186646
v -362.899841 -304.937073 59.461391
v -364.363831 -301.788757 44.736145
v -412.768555 -197.700500 81.449242
v -412.768555 -197.700500 59.461391
v -412.768555 -197.700500 37.473549
v -454.719879 -219.313782 110.557869
v -454.719879 -219.313782 10.046484
v -412.337158 -310.452393 10.046484
v -465.201965 -196.773438 60.302181
v -412.337158 -310.452393 110.557869
v -465.201965 -196.773438 89.950356
v -465.201965 -196.773438 30.654016
v -405.555420 -325.035767 96.990128
v -399.933533 -337.124878 80.157547
v -397.959412 -341.369995 60.302181
v -399.933533 -337.124878 40.446804
v -405.555420 -325.035767 23.614227
v -479.325531 -218.714844 60.302181
v -479.325531 -218.714844 119.411575
v -457.569183 -208.597351 1.192769
v -479.325531 -218.714844 1.192770
v -429.476135 -325.909607 1.192770
v -407.719727 -315.792175 1.192769
v -469.897888 -182.085999 60.302181
v -491.654297 -192.203552 60.302181
v -407.719727 -315.792175 119.411575
v -429.476135 -325.909607 119.411575
v -491.654297 -192.203552 95.173561
v -491.654297 -192.203552 25.430798
v -469.897888 -182.085999 25.430796
v -428.149414 -328.762634 60.302181
v -421.499573 -343.062195 17.150785
v -414.887268 -357.281067 36.948818
v -412.565399 -362.274109 60.302181
v -414.887268 -357.281067 83.655540
v -421.499573 -343.062195 103.453568
v -399.743225 -332.944763 103.453568
v -457.569183 -208.597351 119.411575
v -469.897888 -182.085999 95.173561
v -393.130920 -347.163574 83.655540
v -390.808960 -352.156616 60.302181
v -393.130920 -347.163574 36.948814
v -399.743225 -332.944763 17.150784
v -168.194702 -166.388947 32.837643
v -183.731903 -142.383026 19.116821
v -199.268936 -118.368927 32.837643
v -203.080490 -112.437958 63.595825
v -192.351837 -129.037201 88.288071
v -175.111649 -155.711151 88.288071
v -164.383026 -172.310455 63.595825
v -174.116379 -170.362122 32.881893
v -189.849655 -146.488586 19.161074
v -170.257584 -176.248413 63.640068
v -205.585876 -122.600342 32.881893
v -209.448013 -116.697327 63.640068
v -198.583069 -133.208313 88.332329
v -181.122299 -159.738464 88.332329
v -191.901077 -183.221191 33.482857
v -208.246933 -159.778625 19.762039
v -187.894150 -188.994141 64.241035
v -224.607346 -136.297668 33.482857
v -228.628265 -130.488159 64.241035
v -217.334991 -146.708496 88.933281
v -199.187424 -172.773682 88.933281
v -411.565155 -247.196350 60.302174
v -207.789734 -161.161926 56.153782
v 190.744370 -14.521179 -265.991943
v 193.868454 -5.313171 -272.283051
v -380.575073 -232.784851 -30.787600
v -183.732376 -142.334320 -13.173108
v -370.844879 -253.708435 -41.900108
v -165.896072 -170.216644 -29.112816
v -368.441742 -258.876099 -66.869690
v -161.522522 -177.115448 -64.929024
v -375.175201 -244.396545 -86.893730
v -173.848251 -157.809296 -93.651382
v -385.974915 -221.173157 -86.893730
v -193.617233 -126.844513 -93.651382
v -392.708435 -206.693604 -66.869690
v -205.942978 -107.538239 -64.929024
v -390.305267 -211.861267 -41.900108
v -201.568665 -114.452118 -29.112816
v -238.026413 -171.998627 -10.059563
v -220.616409 -203.306671 -27.308897
v -228.773254 -216.866730 -68.671776
v -252.841171 -200.574249 -100.435425
v -271.398102 -165.409515 -100.435425
v -271.285126 -138.287689 -68.671776
v -255.436401 -140.690643 -27.308897
v -377.723816 -231.458984 -24.806181
v -366.021667 -256.622864 -38.170753
v -363.131531 -262.837830 -68.200676
v -371.229614 -245.423828 -92.282814
v -384.218018 -217.494019 -92.282814
v -392.316162 -200.080017 -68.200676
v -389.425934 -206.295044 -38.170753
v -411.565277 -247.196411 -24.806177
v -399.863098 -272.360291 -38.170753
v -396.972900 -278.575317 -68.200676
v -405.071045 -261.161316 -92.282814
v -418.059448 -233.231506 -92.282814
v -426.157593 -215.817505 -68.200676
v -423.267365 -222.032471 -38.170753
v -404.994812 -214.417053 -96.732231
v -404.994812 -214.417053 -22.190399
v -373.562744 -282.007751 -96.732231
v -373.295074 -282.583252 -22.725866
v -404.994812 -214.417053 -59.461308
v -368.533173 -292.823181 -86.670044
v -368.533173 -292.823181 -32.252590
v -372.726166 -283.806641 -59.461308
v -364.363831 -301.788757 -74.186562
v -362.899841 -304.937073 -59.461308
v -364.363831 -301.788757 -44.736061
v -412.768555 -197.700500 -81.449158
v -412.768555 -197.700500 -59.461308
v -412.768555 -197.700500 -37.473469
v -454.719879 -219.313782 -110.557770
v -454.719879 -219.313782 -10.046392
v -412.337158 -310.452393 -10.046392
v -465.201965 -196.773438 -60.302086
v -412.337158 -310.452393 -110.557770
v -465.201965 -196.773438 -89.950264
v -465.201965 -196.773438 -30.653927
v -405.555420 -325.035767 -96.990028
v -399.933533 -337.124878 -80.157455
v -397.959412 -341.369995 -60.302086
v -399.933533 -337.124878 -40.446712
v -405.555420 -325.035767 -23.614138
v -479.325531 -218.714844 -60.302086
v -479.325531 -218.714844 -119.411484
v -457.569183 -208.597351 -1.192678
v -479.325531 -218.714844 -1.192677
v -429.476135 -325.909607 -1.192677
v -407.719727 -315.792175 -1.192678
v -469.897888 -182.085999 -60.302086
v -491.654297 -192.203552 -60.302086
v -407.719727 -315.792175 -119.411484
v -429.476135 -325.909607 -119.411484
v -491.654297 -192.203552 -95.173470
v -491.654297 -192.203552 -25.430702
v -469.897888 -182.085999 -25.430706
v -428.149414 -328.762634 -60.302086
v -421.499573 -343.062195 -17.150692
v -414.887268 -357.281067 -36.948723
v -412.565399 -362.274109 -60.302086
v -414.887268 -357.281067 -83.655449
v -421.499573 -343.062195 -103.453468
v -399.743225 -332.944763 -103.453468
v -457.569183 -208.597351 -119.411484
v -469.897888 -182.085999 -95.173470
v -393.130920 -347.163574 -83.655449
v -390.808960 -352.156616 -60.302086
v -393.130920 -347.163574 -36.948727
v -399.743225 -332.944763 -17.150694
v -168.194702 -166.388947 -32.837597
v -183.731903 -142.383026 -19.116774
v -199.268936 -118.368927 -32.837597
v -203.080490 -112.437958 -63.595779
v -192.351837 -129.037201 -88.288025
v -175.111649 -155.711151 -88.288025
v -164.383026 -172.310455 -63.595779
v -174.116379 -170.362122 -32.881844
v -189.849655 -146.488586 -19.161024
v -170.257584 -176.248413 -63.640022
v -205.585876 -122.600342 -32.881844
v -209.448013 -116.697327 -63.640022
v -198.583069 -133.208313 -88.332275
v -181.122299 -159.738464 -88.332275
v -191.901077 -183.221191 -33.482803
v -208.246933 -159.778625 -19.761986
v -187.894150 -188.994141 -64.240990
v -224.607346 -136.297668 -33.482803
v -228.628265 -130.488159 -64.240990
v -217.334991 -146.708496 -88.933235
v -199.187424 -172.773682 -88.933235
v 184.174149 -5.450195 -278.617798
v -411.565155 -247.196350 -60.302090
v -207.789734 -161.161926 -56.153732
v -37.959358 -41.715240 70.649681
v -143.154770 -2.756760 6.389308
v -151.008453 21.412827 35.969780
v -138.078491 -134.586700 26.911835
v -182.740662 -100.920593 19.211823
v -194.511948 -91.970184 44.167622
v -129.850327 -133.860046 68.395256
v -158.744583 -105.111725 91.117676
v -184.304672 -82.605804 70.979958
v -150.046844 -148.796509 28.410402
v -192.310638 -116.695465 21.139475
v -199.791443 -108.787506 44.967918
v -141.295013 -148.775085 67.762543
v -168.628082 -119.007172 89.397453
v -193.528656 -97.211304 70.657654
v -158.169724 -157.706238 29.987761
v -201.422440 -132.247803 26.032471
v -213.639709 -123.106201 46.054031
v -152.015411 -159.777252 67.971725
v -183.981979 -141.930145 87.509117
v -210.964249 -125.740936 69.800117
v -130.832458 -133.706360 47.977638
v -52.884201 -49.335236 39.830513
v -139.161041 -155.182343 48.302956
v -159.069458 -164.307281 48.694519
v -156.981430 -120.404755 23.124151
v -168.026413 -134.969513 24.829926
v -176.634674 -147.326691 26.567268
v -141.116211 -121.625061 79.536819
v -62.685501 -24.930344 81.681061
v -152.161133 -135.051025 78.372536
v -165.447571 -152.710876 77.740433
v -122.514557 -53.687866 98.334618
v -104.011467 -93.196854 17.098679
v -164.810425 -48.739014 12.174623
v -163.296616 -20.643524 73.306999
v -176.669678 -29.962646 41.834251
v -81.938812 -84.884781 74.482460
v -91.873962 -87.558136 45.863640
v -134.410934 -70.967911 14.636651
v -102.226662 -69.286316 86.408539
v -198.609039 -164.364410 27.864910
v -216.525040 -154.281494 27.360773
v -228.231659 -145.521393 46.722118
v -181.752197 -180.618225 49.277298
v -174.883453 -176.266998 67.931717
v -187.785538 -169.572937 77.384827
v -200.804504 -162.792023 86.837921
v -224.491867 -148.925598 69.701042
v -180.774475 -174.383514 31.174894
v -201.499008 -162.761780 54.333401
v -37.959358 -41.715240 -70.649658
v -143.154770 -2.756760 -6.389281
v -68.610382 -57.208954 -8.189779
v -87.695572 -8.027557 -92.772346
v -138.417740 31.452591 -67.016418
v -151.008453 21.412827 -35.969753
v -138.078491 -134.586700 -26.911793
v -182.740662 -100.920593 -19.211781
v -194.511948 -91.970184 -44.167580
v -129.850327 -133.860046 -68.395218
v -158.744583 -105.111725 -91.117638
v -184.304672 -82.605804 -70.979919
v -150.046844 -148.796509 -28.410355
v -192.310638 -116.695465 -21.139431
v -199.791443 -108.787506 -44.967876
v -141.295013 -148.775085 -67.762497
v -168.628082 -119.007172 -89.397408
v -193.528656 -97.211304 -70.657608
v -158.169724 -157.706238 -29.987713
v -201.422440 -132.247803 -26.032425
v -213.639709 -123.106201 -46.053986
v -152.015411 -159.777252 -67.971680
v -183.981979 -141.930145 -87.509071
v -210.964249 -125.740936 -69.800072
v -130.832458 -133.706360 -47.977596
v -52.884201 -49.335236 -39.830486
v -139.161041 -155.182343 -48.302917
v -159.069458 -164.307281 -48.694469
v -105.842934 -29.917450 -7.245796
v -156.981430 -120.404755 -23.124109
v -168.026413 -134.969513 -24.829882
v -176.634674 -147.326691 -26.567221
v -141.116211 -121.625061 -79.536781
v -62.685516 -24.930374 -81.681038
v -152.161133 -135.051025 -78.372490
v -165.447571 -152.710876 -77.740387
v -122.514557 -53.687866 -98.334579
v -104.011467 -93.196854 -17.098646
v -164.810425 -48.739014 -12.174589
v -163.296616 -20.643524 -73.306961
v -176.669678 -29.962646 -41.834213
v -81.938812 -84.884781 -74.482422
v -91.873962 -87.558136 -45.863609
v -134.410934 -70.967911 -14.636618
v -102.226662 -69.286316 -86.408501
v -198.609039 -164.364410 -27.864855
v -216.525040 -154.281494 -27.360720
v -228.231659 -145.521393 -46.722065
v -181.752197 -180.618225 -49.277245
v -174.883453 -176.266998 -67.931671
v -187.785538 -169.572937 -77.384773
v -200.804504 -162.792023 -86.837875
v -224.491867 -148.925598 -69.700989
v -180.774475 -174.383514 -31.174841
v -201.499008 -162.761780 -54.333351
vt 0.087313 0.000790
vt 0.183131 0.000790
vt 0.895875 0.000790
vt 0.297803 0.000790
vt 0.938969 0.000790
vt 0.505349 0.000790
vt 0.818920 0.000790
vt 0.691356 0.000790
vt 0.038808 0.000790
vt 0.311623 0.000790
vt 0.169311 0.000790
vt 0.016475 0.000790
vt 0.925893 0.000797
vt 0.795388 0.000823
vt 0.842435 0.000863
vt 0.023110 0.000894
vt 0.950903 0.000928
vt 0.964111 0.001246
vt 0.000790 0.001441
vt 0.643433 0.002287
vt 0.775467 0.002352
vt 0.802186 0.002408
vt 0.835641 0.002439
vt 0.775459 0.002592
vt 0.807194 0.002600
vt 0.830637 0.002623
vt 0.812150 0.002720
vt 0.825683 0.002734
vt 0.775503 0.002806
vt 0.775605 0.002984
vt 0.775745 0.003141
vt 0.488088 0.003209
vt 0.775893 0.003299
vt 0.776058 0.003442
vt 0.776246 0.003528
vt 0.776474 0.003539
vt 0.796001 0.006675
vt 0.841816 0.006709
vt 0.616083 0.006849
vt 0.818913 0.007472
vt 0.803286 0.007892
vt 0.834535 0.007918
vt 0.806901 0.008039
vt 0.830921 0.008060
vt 0.810576 0.008229
vt 0.827246 0.008245
vt 0.329252 0.009196
vt 0.400533 0.009196
vt 0.016829 0.009351
vt 0.038864 0.009358
vt 0.939094 0.009418
vt 0.023166 0.009462
vt 0.926057 0.009477
vt 0.950918 0.009524
vt 0.114261 0.009679
vt 0.964043 0.009887
vt 0.001144 0.010001
vt 0.794887 0.011920
vt 0.842922 0.011950
vt 0.592467 0.013397
vt 0.802764 0.013630
vt 0.835051 0.013654
vt 0.806675 0.014213
vt 0.831141 0.014234
vt 0.810591 0.014863
vt 0.827218 0.014880
vt 0.818909 0.015129
vt 0.130138 0.017575
vt 0.411939 0.018600
vt 0.951287 0.019422
vt 0.935783 0.019449
vt 0.968069 0.020458
vt 0.038972 0.020531
vt 0.023274 0.020634
vt 0.570974 0.021002
vt 0.919211 0.021268
vt 0.426295 0.021413
vt 0.695084 0.022467
vt 0.510149 0.022730
vt 0.014088 0.022824
vt 0.001633 0.023340
vt 0.311623 0.023480
vt 0.297803 0.023480
vt 0.495988 0.023667
vt 0.086656 0.024155
vt 0.552474 0.027261
vt 0.105523 0.029780
vt 0.896078 0.030096
vt 0.421394 0.030268
vt 0.871654 0.030860
vt 0.906761 0.032216
vt 0.523705 0.034278
vt 0.119803 0.036091
vt 0.430379 0.036484
vt 0.653044 0.037461
vt 0.014739 0.039601
vt 0.002279 0.039855
vt 0.702796 0.040048
vt 0.885074 0.040667
vt 0.503010 0.042785
vt 0.920130 0.043325
vt 0.513859 0.043706
vt 0.913302 0.043792
vt 0.297803 0.044030
vt 0.311623 0.044030
vt 0.329252 0.044030
vt 0.402430 0.044030
vt 0.424714 0.044030
vt 0.850237 0.045545
vt 0.787565 0.045562
vt 0.950165 0.045855
vt 0.938220 0.045874
vt 0.897658 0.046191
vt 0.925872 0.046834
vt 0.962797 0.046948
vt 0.167730 0.047167
vt 0.038578 0.047856
vt 0.032444 0.047897
vt 0.084547 0.048332
vt 0.630153 0.048733
vt 0.969082 0.049281
vt 0.798499 0.049769
vt 0.839345 0.049957
vt 0.434235 0.050903
vt 0.938427 0.051457
vt 0.950121 0.051457
vt 0.926491 0.052138
vt 0.962210 0.052291
vt 0.803866 0.052383
vt 0.095184 0.052461
vt 0.834002 0.052571
vt 0.712025 0.052808
vt 0.903431 0.053475
vt 0.809029 0.054865
vt 0.828809 0.055125
vt 0.014874 0.056227
vt 0.002413 0.056481
vt 0.818872 0.056732
vt 0.421394 0.057793
vt 0.110198 0.058060
vt 0.609319 0.058823
vt 0.038270 0.058851
vt 0.032888 0.058887
vt 0.968385 0.060338
vt 0.158414 0.060921
vt 0.017029 0.062832
vt 0.722490 0.062934
vt 0.962355 0.062979
vt 0.009002 0.062995
vt 0.668723 0.064183
vt 0.297803 0.064581
vt 0.311623 0.064581
vt 0.950317 0.065692
vt 0.937350 0.066074
vt 0.960948 0.066425
vt 0.928997 0.066551
vt 0.588433 0.068975
vt 0.939801 0.069109
vt 0.949475 0.069109
vt 0.411939 0.069460
vt 0.734069 0.071740
vt 0.169311 0.072071
vt 0.183131 0.072071
vt 0.037786 0.072974
vt 0.033555 0.073002
vt 0.149112 0.073819
vt 0.968023 0.074566
vt 0.856618 0.074570
vt 0.520817 0.075274
vt 0.510167 0.075909
vt 0.017617 0.076603
vt 0.009590 0.076767
vt 0.876662 0.076905
vt 0.962030 0.077218
vt 0.567387 0.077528
vt 0.329252 0.078865
vt 0.400533 0.078865
vt 0.036985 0.079170
vt 0.034436 0.079187
vt 0.746523 0.079358
vt 0.896078 0.079875
vt 0.949940 0.079978
vt 0.648420 0.080254
vt 0.938204 0.080319
vt 0.851950 0.080433
vt 0.786941 0.080584
vt 0.960452 0.080667
vt 0.929940 0.080765
vt 0.967970 0.080859
vt 0.797717 0.081304
vt 0.683574 0.081563
vt 0.802667 0.081638
vt 0.835513 0.081951
vt 0.807572 0.082083
vt 0.818557 0.082122
vt 0.940098 0.083406
vt 0.949772 0.083406
vt 0.962032 0.083559
vt 0.017358 0.083581
vt 0.009327 0.083586
vt 0.440196 0.083800
vt 0.840781 0.084622
vt 0.761683 0.084684
vt 0.830185 0.084737
vt 0.534299 0.085083
vt 0.037438 0.085624
vt 0.033976 0.085647
vt 0.781765 0.086136
vt 0.950021 0.086515
vt 0.938387 0.086747
vt 0.169311 0.086854
vt 0.183131 0.086855
vt 0.960416 0.087012
vt 0.930211 0.087066
vt 0.297803 0.087270
vt 0.311623 0.087270
vt 0.852367 0.088215
vt 0.818437 0.088526
vt 0.786901 0.088640
vt 0.806823 0.088699
vt 0.802352 0.088727
vt 0.830194 0.088742
vt 0.797948 0.088784
vt 0.841356 0.088815
vt 0.835820 0.088938
vt 0.940239 0.089915
vt 0.949912 0.089915
vt 0.924619 0.091495
vt 0.937663 0.091682
vt 0.038622 0.091808
vt 0.949507 0.091836
vt 0.032874 0.091846
vt 0.962532 0.091973
vt 0.874207 0.092497
vt 0.071618 0.092657
vt 0.628892 0.093623
vt 0.841268 0.093672
vt 0.830532 0.094033
vt 0.697215 0.094082
vt 0.010740 0.094451
vt 0.019074 0.094506
vt 0.082425 0.094914
vt 0.853125 0.095029
vt 0.857162 0.095208
vt 0.786190 0.095215
vt 0.797024 0.096542
vt 0.835983 0.096584
vt 0.802200 0.097038
vt 0.807369 0.097585
vt 0.818578 0.097731
vt 0.097742 0.098011
vt 0.889292 0.099490
vt 0.924653 0.100103
vt 0.937708 0.100290
vt 0.664766 0.100401
vt 0.949575 0.100409
vt 0.962600 0.100543
vt 0.889292 0.101070
vt 0.169311 0.101872
vt 0.183131 0.101872
vt 0.710242 0.104830
vt 0.857162 0.105352
vt 0.039499 0.105921
vt 0.032187 0.105969
vt 0.607617 0.107431
vt 0.139313 0.107786
vt 0.517762 0.107881
vt 0.874207 0.108063
vt 0.011908 0.108918
vt 0.017740 0.108956
vt 0.934209 0.110363
vt 0.950045 0.110466
vt 0.966919 0.110867
vt 0.916113 0.111001
vt 0.679800 0.114520
vt 0.725835 0.115208
vt 0.783346 0.115376
vt 0.855038 0.115510
vt 0.169311 0.116030
vt 0.183131 0.116030
vt 0.505368 0.116107
vt 0.646555 0.116256
vt 0.441491 0.116365
vt 0.040078 0.116518
vt 0.031744 0.116573
vt 0.842622 0.117439
vt 0.795685 0.117685
vt 0.836693 0.119189
vt 0.801506 0.119413
vt 0.896078 0.120685
vt 0.830828 0.120914
vt 0.807349 0.121139
vt 0.581659 0.121443
vt 0.819049 0.122822
vt 0.904290 0.122946
vt 0.012437 0.123041
vt 0.017021 0.123071
vt 0.876662 0.123654
vt 0.747590 0.125515
vt 0.856618 0.125989
vt 0.694512 0.126622
vt 0.013307 0.129238
vt 0.016068 0.129256
vt 0.924532 0.129296
vt 0.936356 0.129489
vt 0.948205 0.129617
vt 0.960177 0.129804
vt 0.169311 0.130187
vt 0.183131 0.130187
vt 0.039660 0.130593
vt 0.032332 0.130641
vt 0.917944 0.132051
vt 0.662994 0.132419
vt 0.066538 0.132562
vt 0.910974 0.132578
vt 0.626122 0.132986
vt 0.077469 0.133316
vt 0.538023 0.133334
vt 0.092981 0.134300
vt 0.780091 0.134463
vt 0.012365 0.137301
vt 0.017032 0.137331
vt 0.966866 0.138208
vt 0.897658 0.138210
vt 0.711311 0.138505
vt 0.924624 0.140924
vt 0.936554 0.141055
vt 0.948163 0.141196
vt 0.960165 0.141457
vt 0.132637 0.142516
vt 0.819104 0.142996
vt 0.830938 0.143100
vt 0.807262 0.143177
vt 0.836661 0.143267
vt 0.902347 0.143347
vt 0.801519 0.143352
vt 0.842322 0.143379
vt 0.795865 0.143455
vt 0.010785 0.143482
vt 0.018532 0.143533
vt 0.784013 0.143802
vt 0.854082 0.143802
vt 0.038968 0.144717
vt 0.033207 0.144755
vt 0.169311 0.145205
vt 0.183131 0.145205
vt 0.819463 0.145382
vt 0.842995 0.145415
vt 0.795948 0.145456
vt 0.679852 0.146050
vt 0.836197 0.147000
vt 0.802742 0.147031
vt 0.831189 0.147192
vt 0.807746 0.147215
vt 0.826233 0.147312
vt 0.812700 0.147326
vt 0.440658 0.147910
vt 0.492847 0.148522
vt 0.521084 0.148586
vt 0.966583 0.149225
vt 0.735956 0.150601
vt 0.037862 0.150915
vt 0.034393 0.150938
vt 0.842382 0.151267
vt 0.796567 0.151302
vt 0.644371 0.151640
vt 0.819470 0.152064
vt 0.960703 0.152076
vt 0.598943 0.152264
vt 0.835097 0.152484
vt 0.803848 0.152510
vt 0.831482 0.152631
vt 0.807462 0.152652
vt 0.827807 0.152821
vt 0.811137 0.152837
vt 0.949015 0.155325
vt 0.926114 0.155392
vt 0.934464 0.155484
vt 0.959569 0.155555
vt 0.843496 0.156512
vt 0.795461 0.156543
vt 0.009639 0.157593
vt 0.019496 0.157658
vt 0.835619 0.158222
vt 0.803332 0.158246
vt 0.297803 0.158552
vt 0.311623 0.158552
vt 0.937687 0.158597
vt 0.947291 0.158714
vt 0.831708 0.158805
vt 0.807242 0.158827
vt 0.827792 0.159455
vt 0.811165 0.159472
vt 0.819474 0.159721
vt 0.698894 0.159739
vt 0.885074 0.159893
vt 0.169311 0.159988
vt 0.183131 0.159988
vt 0.039045 0.161154
vt 0.033182 0.161193
vt 0.966748 0.163382
vt 0.776750 0.163939
vt 0.960902 0.166242
vt 0.664048 0.167181
vt 0.041023 0.167333
vt 0.031288 0.167397
vt 0.949292 0.169533
vt 0.926078 0.169556
vt 0.966919 0.169639
vt 0.934330 0.169673
vt 0.871654 0.169699
vt 0.959734 0.169724
vt 0.896078 0.170464
vt 0.007447 0.171969
vt 0.021530 0.172062
vt 0.961125 0.172546
vt 0.937790 0.172794
vt 0.552231 0.172817
vt 0.947393 0.172910
vt 0.311623 0.173335
vt 0.297803 0.173335
vt 0.045430 0.173366
vt 0.726481 0.173782
vt 0.092670 0.173960
vt 0.132464 0.174045
vt 0.076925 0.174056
vt 0.925906 0.175825
vt 0.949652 0.176023
vt 0.959980 0.176028
vt 0.934053 0.176061
vt 0.619067 0.177583
vt 0.937822 0.179258
vt 0.947425 0.179374
vt 0.440740 0.179476
vt 0.505270 0.181430
vt 0.042442 0.181442
vt 0.030058 0.181524
vt 0.686088 0.182174
vt 0.297803 0.188352
vt 0.311623 0.188352
vt 0.768866 0.188905
vt 0.517886 0.189357
vt 0.008553 0.189485
vt 0.020204 0.189562
vt 0.788146 0.190137
vt 0.850818 0.190154
vt 0.839884 0.194361
vt 0.799038 0.194550
vt 0.645163 0.195140
vt 0.043381 0.195537
vt 0.029298 0.195630
vt 0.717127 0.196798
vt 0.834517 0.196975
vt 0.804382 0.197164
vt 0.829355 0.199457
vt 0.809574 0.199717
vt 0.895875 0.199769
vt 0.819511 0.201324
vt 0.863000 0.201350
vt 0.950762 0.201350
vt 0.941159 0.201466
vt 0.311623 0.202510
vt 0.297803 0.202510
vt 0.009705 0.203612
vt 0.018863 0.203672
vt 0.937390 0.204663
vt 0.963317 0.204696
vt 0.952988 0.204701
vt 0.929242 0.204899
vt 0.132168 0.205188
vt 0.950730 0.207814
vt 0.941126 0.207930
vt 0.964461 0.208178
vt 0.860760 0.209663
vt 0.011484 0.209815
vt 0.017000 0.209851
vt 0.672919 0.209892
vt 0.761423 0.210871
vt 0.963071 0.211000
vt 0.937667 0.211051
vt 0.970255 0.211085
vt 0.899415 0.211131
vt 0.929414 0.211168
vt 0.952629 0.211191
vt 0.042269 0.213013
vt 0.030619 0.213089
vt 0.093186 0.213527
vt 0.964239 0.214482
vt 0.077663 0.215052
vt 0.438510 0.215127
vt 0.067664 0.216033
vt 0.297803 0.216667
vt 0.311623 0.216667
vt 0.897766 0.217267
vt 0.970085 0.217342
vt 0.858607 0.217628
vt 0.011497 0.219403
vt 0.017013 0.219440
vt 0.709071 0.221330
vt 0.511369 0.221361
vt 0.522125 0.221675
vt 0.950627 0.222010
vt 0.941024 0.222127
vt 0.896193 0.223149
vt 0.786434 0.225025
vt 0.856990 0.225081
vt 0.962905 0.225169
vt 0.851443 0.225176
vt 0.937801 0.225240
vt 0.929451 0.225332
vt 0.952352 0.225399
vt 0.009636 0.225583
vt 0.018794 0.225643
vt 0.840667 0.225896
vt 0.835716 0.226230
vt 0.802870 0.226543
vt 0.830811 0.226675
vt 0.819827 0.226715
vt 0.041114 0.227140
vt 0.031956 0.227200
vt 0.964040 0.228648
vt 0.797602 0.229214
vt 0.808198 0.229329
vt 0.756731 0.229823
vt 0.894812 0.230073
vt 0.169311 0.231269
vt 0.183131 0.231269
vt 0.969919 0.231499
vt 0.297803 0.231685
vt 0.311623 0.231685
vt 0.856618 0.232699
vt 0.786016 0.232807
vt 0.819947 0.233118
vt 0.851482 0.233232
vt 0.831560 0.233291
vt 0.836031 0.233319
vt 0.808190 0.233334
vt 0.039333 0.233342
vt 0.840435 0.233376
vt 0.033817 0.233379
vt 0.797027 0.233407
vt 0.802564 0.233531
vt 0.587009 0.236836
vt 0.894350 0.237118
vt 0.905683 0.237377
vt 0.797116 0.238264
vt 0.138646 0.238610
vt 0.807851 0.238625
vt 0.963502 0.239267
vt 0.951500 0.239528
vt 0.785258 0.239621
vt 0.939891 0.239669
vt 0.200760 0.239675
vt 0.272041 0.239675
vt 0.008299 0.239693
vt 0.019949 0.239770
vt 0.927960 0.239800
vt 0.852193 0.239807
vt 0.841360 0.241134
vt 0.802400 0.241176
vt 0.836183 0.241630
vt 0.831015 0.242177
vt 0.819806 0.242323
vt 0.900995 0.242514
vt 0.970203 0.242516
vt 0.039320 0.242931
vt 0.033804 0.242968
vt 0.615435 0.245318
vt 0.297803 0.246468
vt 0.311623 0.246468
vt 0.914311 0.248146
vt 0.921281 0.248673
vt 0.283447 0.249079
vt 0.041183 0.249110
vt 0.032025 0.249171
vt 0.098891 0.249407
vt 0.433487 0.249410
vt 0.856644 0.249559
vt 0.894350 0.249559
vt 0.963513 0.250920
vt 0.951541 0.251107
vt 0.939692 0.251235
vt 0.927869 0.251428
vt 0.084466 0.253410
vt 0.169311 0.253958
vt 0.183131 0.253958
vt 0.516081 0.254196
vt 0.504952 0.255503
vt 0.074981 0.256064
vt 0.006978 0.257152
vt 0.021061 0.257245
vt 0.907626 0.257778
vt 0.704196 0.259330
vt 0.662636 0.259584
vt 0.754734 0.259584
vt 0.855038 0.259968
vt 0.783345 0.260102
vt 0.292902 0.260746
vt 0.553659 0.261164
vt 0.573008 0.261164
vt 0.611707 0.261164
vt 0.614794 0.261164
vt 0.767888 0.261164
vt 0.662623 0.261164
vt 0.731565 0.261164
vt 0.682389 0.261611
vt 0.894350 0.262001
vt 0.795761 0.262031
vt 0.768785 0.262240
vt 0.842698 0.262277
vt 0.764392 0.262318
vt 0.768538 0.262359
vt 0.767311 0.262654
vt 0.764802 0.262782
vt 0.534575 0.263133
vt 0.042524 0.263221
vt 0.030873 0.263297
vt 0.801690 0.263781
vt 0.836877 0.264005
vt 0.730780 0.264558
vt 0.769842 0.264827
vt 0.429899 0.264887
vt 0.769262 0.264926
vt 0.807556 0.265506
vt 0.831035 0.265731
vt 0.710458 0.266093
vt 0.856618 0.266420
vt 0.819335 0.267414
vt 0.765917 0.267908
vt 0.712653 0.268807
vt 0.894812 0.269046
vt 0.665505 0.269607
vt 0.919450 0.269723
vt 0.756736 0.269792
vt 0.970255 0.269857
vt 0.953381 0.270258
vt 0.758172 0.270340
vt 0.149143 0.270356
vt 0.937546 0.270361
vt 0.007738 0.271258
vt 0.020122 0.271340
vt 0.540495 0.271347
vt 0.770507 0.271370
vt 0.771637 0.271386
vt 0.550565 0.271567
vt 0.648991 0.272177
vt 0.677591 0.272352
vt 0.856990 0.274037
vt 0.273938 0.274509
vt 0.296222 0.274509
vt 0.169311 0.274509
vt 0.183131 0.274509
vt 0.200760 0.274509
vt 0.697695 0.274609
vt 0.748492 0.274975
vt 0.896193 0.275970
vt 0.498150 0.276033
vt 0.745331 0.276476
vt 0.512894 0.276541
vt 0.658009 0.277167
vt 0.764133 0.277651
vt 0.687697 0.279354
vt 0.965937 0.280181
vt 0.426295 0.280212
vt 0.571428 0.280314
vt 0.952912 0.280316
vt 0.941044 0.280435
vt 0.927989 0.280621
vt 0.523705 0.280631
vt 0.043850 0.280720
vt 0.029767 0.280813
vt 0.858607 0.281490
vt 0.897810 0.282014
vt 0.158657 0.282279
vt 0.533855 0.283012
vt 0.750482 0.283126
vt 0.752661 0.283252
vt 0.560861 0.284115
vt 0.772652 0.285296
vt 0.008968 0.285386
vt 0.018703 0.285450
vt 0.774590 0.285509
vt 0.701064 0.286051
vt 0.704567 0.286051
vt 0.113144 0.287261
vt 0.819279 0.287588
vt 0.807445 0.287692
vt 0.831121 0.287769
vt 0.801722 0.287859
vt 0.836864 0.287944
vt 0.796061 0.287971
vt 0.899415 0.287987
vt 0.842518 0.288047
vt 0.292902 0.288272
vt 0.784302 0.288394
vt 0.854370 0.288394
vt 0.965868 0.288751
vt 0.952843 0.288888
vt 0.941000 0.289043
vt 0.927956 0.289229
vt 0.860819 0.289675
vt 0.689152 0.290275
vt 0.812099 0.290358
vt 0.833445 0.290358
vt 0.785458 0.290358
vt 0.906588 0.290809
vt 0.792498 0.290889
vt 0.914497 0.290973
vt 0.010862 0.291589
vt 0.016726 0.291628
vt 0.762776 0.292216
vt 0.817040 0.293129
vt 0.838387 0.293129
vt 0.658882 0.293210
vt 0.099866 0.293620
vt 0.167730 0.294316
vt 0.908051 0.294447
vt 0.913034 0.294550
vt 0.699484 0.294566
vt 0.169311 0.295059
vt 0.183131 0.295059
vt 0.041816 0.295124
vt 0.031959 0.295189
vt 0.780480 0.295365
vt 0.533559 0.295455
vt 0.796480 0.295495
vt 0.745331 0.295626
vt 0.821982 0.295900
vt 0.843328 0.295900
vt 0.802216 0.296400
vt 0.823562 0.296400
vt 0.900995 0.296405
vt 0.920090 0.296799
vt 0.752366 0.296886
vt 0.490886 0.296898
vt 0.748492 0.297126
vt 0.750072 0.297265
vt 0.559495 0.297395
vt 0.863000 0.297769
vt 0.648991 0.297811
vt 0.904528 0.297972
vt 0.091121 0.298174
vt 0.916558 0.298220
vt 0.524229 0.298670
vt 0.508817 0.298788
vt 0.681643 0.299551
vt 0.283447 0.299939
vt 0.800635 0.300301
vt 0.669579 0.300995
vt 0.772540 0.301408
vt 0.012073 0.301844
vt 0.015542 0.301867
vt 0.812099 0.301941
vt 0.833445 0.301942
vt 0.774590 0.302491
vt 0.570919 0.302925
vt 0.904527 0.303060
vt 0.712653 0.303295
vt 0.916558 0.303308
vt 0.790558 0.304053
vt 0.900995 0.304481
vt 0.540838 0.304674
vt 0.920090 0.304876
vt 0.764474 0.304894
vt 0.551734 0.305648
vt 0.710458 0.306008
vt 0.758140 0.306446
vt 0.800635 0.306486
vt 0.908051 0.306731
vt 0.913034 0.306833
vt 0.765600 0.306982
vt 0.123731 0.307473
vt 0.821982 0.307483
vt 0.843328 0.307483
vt 0.730780 0.307543
vt 0.780480 0.307806
vt 0.802216 0.307983
vt 0.823562 0.307983
vt 0.010887 0.308028
vt 0.016648 0.308066
vt 0.756921 0.308309
vt 0.040852 0.309250
vt 0.033105 0.309301
vt 0.200760 0.309343
vt 0.272041 0.309343
vt 0.686264 0.310082
vt 0.906588 0.310307
vt 0.914497 0.310471
vt 0.807157 0.310754
vt 0.828504 0.310754
vt 0.731565 0.310937
vt 0.665873 0.311835
vt 0.800635 0.312742
vt 0.812099 0.313525
vt 0.833445 0.313525
vt 0.111432 0.314746
vt 0.591862 0.314943
vt 0.613288 0.315138
vt 0.647411 0.315138
vt 0.535219 0.315447
vt 0.555200 0.315447
vt 0.039352 0.315451
vt 0.034685 0.315482
vt 0.788617 0.317218
vt 0.183131 0.317749
vt 0.297803 0.317749
vt 0.311623 0.317749
vt 0.169311 0.317749
vt 0.795657 0.317749
vt 0.935370 0.319329
vt 0.710916 0.319329
vt 0.906281 0.319329
vt 0.569797 0.319329
vt 0.342169 0.319329
vt 0.393582 0.319329
vt 0.521549 0.319787
vt 0.095319 0.321277
vt 0.912960 0.321940
vt 0.010012 0.322141
vt 0.017340 0.322189
vt 0.867994 0.322303
vt 0.597860 0.322345
vt 0.038388 0.323526
vt 0.035627 0.323545
vt 0.134280 0.323627
vt 0.437132 0.324484
vt 0.437153 0.324721
vt 0.437118 0.324940
vt 0.437019 0.325128
vt 0.436882 0.325289
vt 0.436735 0.325446
vt 0.436567 0.325586
vt 0.436372 0.325671
vt 0.436144 0.325697
vt 0.956890 0.325872
vt 0.622718 0.327593
vt 0.935226 0.328052
vt 0.954526 0.329248
vt 0.039341 0.329711
vt 0.034757 0.329742
vt 0.300497 0.330739
vt 0.120531 0.331610
vt 0.646248 0.334079
vt 0.009424 0.336210
vt 0.017758 0.336265
vt 0.918068 0.339414
vt 0.667720 0.341084
vt 0.518982 0.341324
vt 0.097447 0.342569
vt 0.908363 0.343096
vt 0.040060 0.343826
vt 0.034228 0.343864
vt 0.156558 0.344149
vt 0.162720 0.344149
vt 0.096857 0.344149
vt 0.872047 0.346141
vt 0.009867 0.346813
vt 0.017179 0.346861
vt 0.699632 0.346912
vt 0.780480 0.349194
vt 0.156620 0.352226
vt 0.162782 0.352226
vt 0.698052 0.352828
vt 0.397100 0.353462
vt 0.562412 0.354573
vt 0.117685 0.356611
vt 0.041394 0.358277
vt 0.033060 0.358332
vt 0.247711 0.359045
vt 0.912960 0.359167
vt 0.511771 0.359434
vt 0.756106 0.359712
vt 0.156770 0.360135
vt 0.162932 0.360135
vt 0.010554 0.360937
vt 0.016302 0.360974
vt 0.349528 0.364182
vt 0.784543 0.364387
vt 0.586819 0.364824
vt 0.917970 0.366445
vt 0.973806 0.366769
vt 0.968862 0.366841
vt 0.910352 0.366946
vt 0.011656 0.367135
vt 0.015118 0.367158
vt 0.156920 0.368045
vt 0.163081 0.368045
vt 0.874096 0.368964
vt 0.031648 0.369197
vt 0.039678 0.369201
vt 0.080910 0.369425
vt 0.763534 0.369851
vt 0.502698 0.372874
vt 0.012116 0.373595
vt 0.014665 0.373612
vt 0.609227 0.373678
vt 0.403525 0.375575
vt 0.031910 0.376015
vt 0.156982 0.376121
vt 0.163144 0.376121
vt 0.039937 0.376179
vt 0.136834 0.376992
vt 0.733378 0.377178
vt 0.316095 0.378047
vt 0.011235 0.379781
vt 0.015466 0.379809
vt 0.787051 0.379989
vt 0.770391 0.380622
vt 0.103016 0.381754
vt 0.547380 0.382259
vt 0.630815 0.382345
vt 0.492593 0.383338
vt 0.163081 0.384198
vt 0.156920 0.384198
vt 0.738593 0.384297
vt 0.031322 0.389787
vt 0.139559 0.389847
vt 0.650076 0.389858
vt 0.039349 0.389951
vt 0.128739 0.390648
vt 0.911379 0.391004
vt 0.775189 0.391661
vt 0.361106 0.392095
vt 0.162932 0.392107
vt 0.156770 0.392107
vt 0.743678 0.392285
vt 0.481439 0.392331
vt 0.867669 0.392361
vt 0.010568 0.393895
vt 0.070914 0.393927
vt 0.015951 0.393931
vt 0.918676 0.394353
vt 0.788183 0.395468
vt 0.024733 0.396301
vt 0.037194 0.396556
vt 0.292581 0.396779
vt 0.569212 0.397935
vt 0.412109 0.398818
vt 0.679640 0.399145
vt 0.913062 0.399293
vt 0.162782 0.400017
vt 0.156620 0.400017
vt 0.469129 0.400328
vt 0.747237 0.400472
vt 0.532532 0.400524
vt 0.092977 0.401181
vt 0.958017 0.402654
vt 0.777977 0.403371
vt 0.149967 0.403758
vt 0.982039 0.404235
vt 0.942674 0.404235
vt 0.010124 0.404886
vt 0.016258 0.404926
vt 0.936467 0.405874
vt 0.944335 0.406265
vt 0.943954 0.406453
vt 0.116317 0.406576
vt 0.453899 0.406588
vt 0.937032 0.406642
vt 0.941651 0.406744
vt 0.333021 0.407271
vt 0.156558 0.408093
vt 0.162720 0.408093
vt 0.964266 0.408668
vt 0.749304 0.409156
vt 0.433671 0.409221
vt 0.156558 0.409674
vt 0.162720 0.409674
vt 0.946291 0.410944
vt 0.590173 0.411016
vt 0.945395 0.411127
vt 0.788183 0.411225
vt 0.136227 0.412737
vt 0.024599 0.412927
vt 0.037059 0.413181
vt 0.519189 0.413455
vt 0.066781 0.413784
vt 0.860050 0.414068
vt 0.911169 0.415254
vt 0.372907 0.415460
vt 0.996291 0.415511
vt 0.939328 0.415746
vt 0.778883 0.416107
vt 0.271557 0.416688
vt 0.923706 0.417548
vt 0.156620 0.417750
vt 0.162782 0.417750
vt 0.925837 0.418488
vt 0.749976 0.418602
vt 0.552526 0.419161
vt 0.083237 0.419792
vt 0.205045 0.422148
vt 0.949573 0.422781
vt 0.947827 0.422826
vt 0.312886 0.422930
vt 0.422607 0.423047
vt 0.103310 0.423459
vt 0.611627 0.423998
vt 0.506649 0.424480
vt 0.977364 0.425096
vt 0.956357 0.425472
vt 0.156770 0.425660
vt 0.162932 0.425660
vt 0.786773 0.427142
vt 0.749988 0.427923
vt 0.054497 0.428097
vt 0.778899 0.428676
vt 0.119384 0.429061
vt 0.023953 0.429442
vt 0.150572 0.429599
vt 0.347094 0.429947
vt 0.036408 0.429959
vt 0.000954 0.432148
vt 0.016652 0.432252
vt 0.936562 0.432563
vt 0.537533 0.433482
vt 0.156920 0.433570
vt 0.163081 0.433570
vt 0.996291 0.434005
vt 0.134171 0.434070
vt 0.571623 0.435356
vt 0.491395 0.435548
vt 0.858985 0.436100
vt 0.634724 0.436360
vt 0.074552 0.436721
vt 0.383998 0.438042
vt 0.909830 0.439370
vt 0.295628 0.439542
vt 0.913538 0.439727
vt 0.916839 0.439979
vt 0.094310 0.440757
vt 0.156982 0.441646
vt 0.163144 0.441646
vt 0.964266 0.441993
vt 0.252925 0.442103
vt 0.023464 0.442781
vt 0.784220 0.442787
vt 0.000846 0.443321
vt 0.016544 0.443424
vt 0.039149 0.443431
vt 0.328943 0.443938
vt 0.982039 0.445791
vt 0.523455 0.446124
vt 0.112040 0.446918
vt 0.982039 0.447371
vt 0.470012 0.447536
vt 0.951807 0.447924
vt 0.954777 0.448155
vt 0.671260 0.448343
vt 0.046387 0.449468
vt 0.156920 0.449722
vt 0.163081 0.449722
vt 0.132649 0.449894
vt 0.360378 0.451054
vt 0.964266 0.451168
vt 0.023110 0.451342
vt 0.554741 0.451804
vt 0.000790 0.451889
vt 0.038795 0.451992
vt 0.016488 0.451992
vt 0.592075 0.452181
vt 0.427924 0.452489
vt 0.000790 0.453572
vt 0.021511 0.453572
vt 0.025017 0.453658
vt 0.068505 0.453996
vt 0.154977 0.454008
vt 0.022520 0.454589
vt 0.021273 0.454746
vt 0.021523 0.457290
vt 0.162932 0.457632
vt 0.156770 0.457632
vt 0.780480 0.458046
vt 0.089087 0.458171
vt 0.934717 0.458356
vt 0.313372 0.458552
vt 0.506982 0.458587
vt 0.996291 0.459157
vt 0.025678 0.459246
vt 0.436618 0.459408
vt 0.864080 0.459421
vt 0.277056 0.459484
vt 0.033760 0.460155
vt 0.109182 0.462227
vt 0.397064 0.462655
vt 0.908457 0.463287
vt 0.022173 0.463463
vt 0.343923 0.463709
vt 0.916463 0.464349
vt 0.197967 0.464445
vt 0.019408 0.464707
vt 0.912960 0.464877
vt 0.156620 0.465542
vt 0.162782 0.465542
vt 0.538615 0.466017
vt 0.130639 0.466552
vt 0.956357 0.467690
vt 0.977364 0.468065
vt 0.029402 0.468494
vt 0.617170 0.469867
vt 0.152337 0.471067
vt 0.573659 0.471629
vt 0.739997 0.471744
vt 0.067309 0.472297
vt 0.045430 0.472324
vt 0.483386 0.472403
vt 0.040578 0.472577
vt 0.156558 0.473618
vt 0.162720 0.473618
vt 0.376125 0.474196
vt 0.161340 0.475198
vt 0.297164 0.475770
vt 0.001106 0.475792
vt 0.235117 0.475848
vt 0.022768 0.475976
vt 0.087188 0.476305
vt 0.330084 0.476725
vt 0.951678 0.476875
vt 0.106055 0.477405
vt 0.996291 0.477651
vt 0.954777 0.478645
vt 0.520282 0.479784
vt 0.166123 0.480140
vt 0.156558 0.480140
vt 0.937770 0.481733
vt 0.031847 0.482284
vt 0.126368 0.482386
vt 0.926114 0.483202
vt 0.733453 0.484467
vt 0.964266 0.484494
vt 0.161340 0.485082
vt 0.166123 0.485082
vt 0.156558 0.485082
vt 0.939249 0.485122
vt 0.360878 0.485606
vt 0.042109 0.485725
vt 0.868519 0.485812
vt 0.924066 0.486036
vt 0.019693 0.486667
vt 0.148648 0.486806
vt 0.907377 0.486869
vt 0.554817 0.487469
vt 0.924066 0.487617
vt 0.765427 0.487764
vt 0.258039 0.487894
vt 0.907377 0.488450
vt 0.939249 0.488531
vt 0.445947 0.488751
vt 0.982039 0.488927
vt 0.868519 0.489506
vt 0.156558 0.490024
vt 0.166123 0.490024
vt 0.051064 0.490350
vt 0.926114 0.490451
vt 0.985633 0.490507
vt 0.664447 0.490530
vt 0.971223 0.490602
vt 0.068644 0.491415
vt 0.315955 0.491614
vt 0.937770 0.491920
vt 0.021273 0.492572
vt 0.723412 0.492658
vt 0.494907 0.494944
vt 0.161340 0.494965
vt 0.954777 0.495008
vt 0.598985 0.495396
vt 0.981801 0.495484
vt 0.973166 0.495609
vt 0.088837 0.496007
vt 0.030495 0.496028
vt 0.161340 0.496546
vt 0.951678 0.496778
vt 0.106131 0.496946
vt 0.030185 0.497047
vt 0.348357 0.497083
vt 0.001236 0.497557
vt 0.121910 0.497742
vt 0.039648 0.498569
vt 0.039651 0.500149
vt 0.432091 0.500335
vt 0.279368 0.500469
vt 0.977776 0.500703
vt 0.975190 0.500759
vt 0.713372 0.500849
vt 0.156558 0.501487
vt 0.166123 0.501487
vt 0.030192 0.501652
vt 0.030497 0.502669
vt 0.534537 0.502728
vt 0.412981 0.502907
vt 0.956357 0.504282
vt 0.699632 0.504837
vt 0.756603 0.504918
vt 0.989965 0.506010
vt 0.021273 0.506108
vt 0.961379 0.506376
vt 0.156558 0.506429
vt 0.161340 0.506429
vt 0.166123 0.506429
vt 0.984819 0.506712
vt 0.979471 0.507431
vt 0.135610 0.507857
vt 0.966659 0.508568
vt 0.019629 0.508573
vt 0.912960 0.508776
vt 0.398432 0.509289
vt 0.916463 0.509304
vt 0.335894 0.509660
vt 0.046731 0.510249
vt 0.973618 0.510823
vt 0.156558 0.511371
vt 0.166123 0.511371
vt 0.908457 0.512032
vt 0.070157 0.512715
vt 0.042112 0.513036
vt 0.300181 0.513046
vt 0.456253 0.513375
vt 0.189038 0.513603
vt 0.576434 0.514839
vt 0.934717 0.515298
vt 0.966698 0.515860
vt 0.864080 0.515898
vt 0.743065 0.515963
vt 0.979420 0.516001
vt 0.161340 0.516313
vt 0.031849 0.516448
vt 0.780480 0.517273
vt 0.094569 0.517312
vt 0.386365 0.517613
vt 0.961443 0.517863
vt 0.984675 0.518155
vt 0.507070 0.518332
vt 0.116069 0.518749
vt 0.001033 0.519743
vt 0.956357 0.519808
vt 0.970324 0.520018
vt 0.975258 0.520022
vt 0.989689 0.520228
vt 0.022768 0.522710
vt 0.218863 0.523065
vt 0.967861 0.525187
vt 0.977340 0.525207
vt 0.954777 0.525498
vt 0.951807 0.525729
vt 0.040581 0.526186
vt 0.375394 0.526808
vt 0.729526 0.527008
vt 0.321851 0.528093
vt 0.965510 0.530135
vt 0.238476 0.530215
vt 0.029404 0.530218
vt 0.979355 0.530244
vt 0.019356 0.530792
vt 0.126158 0.531809
vt 0.977783 0.531824
vt 0.962074 0.531899
vt 0.551561 0.532272
vt 0.711000 0.532386
vt 0.784220 0.532532
vt 0.916839 0.533674
vt 0.913538 0.533926
vt 0.711000 0.533966
vt 0.071344 0.535160
vt 0.022172 0.535208
vt 0.467302 0.535793
vt 0.909830 0.535949
vt 0.045430 0.536926
vt 0.365715 0.537045
vt 0.992255 0.537836
vt 0.260327 0.538358
vt 0.033763 0.538571
vt 0.100597 0.538697
vt 0.858985 0.539219
vt 0.729526 0.539344
vt 0.126804 0.539438
vt 0.025678 0.539442
vt 0.936562 0.541090
vt 0.021523 0.541377
vt 0.000790 0.541704
vt 0.636744 0.543451
vt 0.021273 0.543921
vt 0.022521 0.544084
vt 0.025018 0.545026
vt 0.021512 0.545096
vt 0.519062 0.545772
vt 0.109128 0.545882
vt 0.282828 0.546583
vt 0.026866 0.546676
vt 0.956357 0.546814
vt 0.034776 0.546839
vt 0.786773 0.548177
vt 0.357184 0.550197
vt 0.028330 0.550313
vt 0.974403 0.550357
vt 0.743065 0.550388
vt 0.033313 0.550416
vt 0.947828 0.550828
vt 0.949573 0.550873
vt 0.021273 0.552271
vt 0.019269 0.552558
vt 0.040369 0.552666
vt 0.024806 0.553838
vt 0.992387 0.553915
vt 0.036836 0.554087
vt 0.925837 0.555165
vt 0.100524 0.555516
vt 0.307141 0.556082
vt 0.923706 0.556105
vt 0.475655 0.556936
vt 0.939328 0.557907
vt 0.024806 0.558926
vt 0.036836 0.559175
vt 0.612238 0.559631
vt 0.911169 0.560065
vt 0.021273 0.560348
vt 0.040369 0.560742
vt 0.860050 0.561251
vt 0.756603 0.561433
vt 0.699632 0.561514
vt 0.169311 0.562403
vt 0.945395 0.562526
vt 0.028330 0.562597
vt 0.033313 0.562700
vt 0.946291 0.562709
vt 0.956357 0.562919
vt 0.000897 0.563609
vt 0.788183 0.564094
vt 0.073458 0.565290
vt 0.713372 0.565503
vt 0.026866 0.566174
vt 0.034776 0.566338
vt 0.941651 0.566909
vt 0.937032 0.567012
vt 0.943954 0.567200
vt 0.048692 0.567353
vt 0.944335 0.567389
vt 0.936467 0.567779
vt 0.350183 0.568270
vt 0.986535 0.568861
vt 0.970958 0.568903
vt 0.121236 0.568934
vt 0.942674 0.569419
vt 0.962800 0.570999
vt 0.934924 0.570999
vt 0.977211 0.571094
vt 0.926246 0.573093
vt 0.943602 0.573093
vt 0.723412 0.573694
vt 0.201244 0.573928
vt 0.019514 0.574743
vt 0.966633 0.575976
vt 0.975267 0.576100
vt 0.019364 0.576324
vt 0.765427 0.578588
vt 0.918889 0.579054
vt 0.950959 0.579054
vt 0.568295 0.579631
vt 0.788183 0.579851
vt 0.093628 0.579972
vt 0.222937 0.579979
vt 0.970658 0.581195
vt 0.973244 0.581251
vt 0.733453 0.581885
vt 0.431677 0.582272
vt 0.431460 0.582301
vt 0.431281 0.582402
vt 0.431125 0.582555
vt 0.430990 0.582717
vt 0.430865 0.582872
vt 0.867669 0.582958
vt 0.430775 0.583051
vt 0.430740 0.583265
vt 0.430759 0.583496
vt 0.911379 0.584315
vt 0.992077 0.584773
vt 0.934924 0.585050
vt 0.246661 0.585380
vt 0.956573 0.585864
vt 0.137174 0.586009
vt 0.912960 0.586246
vt 0.958469 0.586501
vt 0.987055 0.586867
vt 0.963615 0.587203
vt 0.000790 0.587414
vt 0.968963 0.587923
vt 0.981775 0.589059
vt 0.271610 0.589534
vt 0.347602 0.589611
vt 0.479788 0.589739
vt 0.527633 0.589739
vt 0.974816 0.591315
vt 0.517060 0.591320
vt 0.561239 0.591320
vt 0.299639 0.591429
vt 0.584688 0.591517
vt 0.598005 0.592126
vt 0.063224 0.592131
vt 0.418550 0.593010
vt 0.244517 0.593010
vt 0.363459 0.593010
vt 0.617104 0.594061
vt 0.739997 0.594607
vt 0.787050 0.595330
vt 0.053338 0.596329
vt 0.981735 0.596352
vt 0.969014 0.596493
vt 0.106553 0.597287
vt 0.019242 0.598328
vt 0.986991 0.598355
vt 0.963758 0.598647
vt 0.992077 0.600299
vt 0.978110 0.600510
vt 0.973176 0.600513
vt 0.958744 0.600719
vt 0.043821 0.601483
vt 0.149534 0.602656
vt 0.381786 0.603991
vt 0.639802 0.604095
vt 0.980573 0.605679
vt 0.971093 0.605698
vt 0.028990 0.606300
vt 0.874096 0.606354
vt 0.492250 0.607595
vt 0.586409 0.608176
vt 0.910352 0.608373
vt 0.070251 0.608622
vt 0.000836 0.609189
vt 0.564294 0.609694
vt 0.597806 0.609811
vt 0.982924 0.610627
vt 0.969079 0.610735
vt 0.784543 0.610932
vt 0.614224 0.610969
vt 0.059609 0.611580
vt 0.968583 0.612316
vt 0.982102 0.612398
vt 0.275059 0.612765
vt 0.118667 0.612934
vt 0.969393 0.614302
vt 0.981157 0.614377
vt 0.363145 0.615072
vt 0.626648 0.615119
vt 0.048194 0.615907
vt 0.970417 0.616816
vt 0.979977 0.616852
vt 0.527466 0.617279
vt 0.019446 0.620196
vt 0.033305 0.620242
vt 0.958572 0.622221
vt 0.654367 0.622339
vt 0.991009 0.622491
vt 0.960585 0.623025
vt 0.988999 0.623255
vt 0.081834 0.623571
vt 0.422565 0.623757
vt 0.223310 0.623971
vt 0.963107 0.624033
vt 0.986454 0.624222
vt 0.396575 0.624386
vt 0.570634 0.624785
vt 0.071434 0.625526
vt 0.780480 0.626125
vt 0.381453 0.626239
vt 0.586397 0.626794
vt 0.272243 0.628013
vt 0.467149 0.628111
vt 0.500580 0.628995
vt 0.872047 0.629178
vt 0.051753 0.629911
vt 0.912960 0.631192
vt 0.934924 0.631192
vt 0.956889 0.631192
vt 0.001141 0.631342
vt 0.597418 0.631603
vt 0.908363 0.632223
vt 0.457494 0.632895
vt 0.410208 0.633789
vt 0.640280 0.633882
vt 0.036395 0.633935
vt 0.225351 0.634193
vt 0.963039 0.635480
vt 0.612647 0.635568
vt 0.986476 0.635797
vt 0.960483 0.635816
vt 0.958469 0.636081
vt 0.988997 0.636845
vt 0.362906 0.637175
vt 0.778899 0.637676
vt 0.991009 0.637681
vt 0.447915 0.638084
vt 0.312560 0.638247
vt 0.749988 0.638429
vt 0.921966 0.642308
vt 0.934924 0.642308
vt 0.947882 0.642308
vt 0.019715 0.642432
vt 0.538008 0.643087
vt 0.627377 0.643813
vt 0.669824 0.643884
vt 0.151124 0.644315
vt 0.433671 0.644496
vt 0.270299 0.644848
vt 0.118710 0.645465
vt 0.974626 0.646717
vt 0.473781 0.646723
vt 0.965875 0.646845
vt 0.749976 0.647750
vt 0.381406 0.648063
vt 0.083032 0.648474
vt 0.975614 0.649214
vt 0.963903 0.649346
vt 0.072904 0.649424
vt 0.229734 0.649758
vt 0.778883 0.650245
vt 0.463821 0.650294
vt 0.509048 0.650628
vt 0.189485 0.651138
vt 0.976394 0.651182
vt 0.962323 0.651351
vt 0.568208 0.651424
vt 0.056662 0.651715
vt 0.652899 0.652740
vt 0.040985 0.653012
vt 0.867993 0.653015
vt 0.302906 0.653071
vt 0.588178 0.653304
vt 0.001264 0.653346
vt 0.598404 0.653492
vt 0.455817 0.653777
vt 0.439723 0.655505
vt 0.906281 0.655990
vt 0.611777 0.656167
vt 0.749304 0.657195
vt 0.812542 0.657570
vt 0.973862 0.657570
vt 0.942840 0.657570
vt 0.633362 0.657926
vt 0.363036 0.658973
vt 0.784820 0.659045
vt 0.974385 0.659766
vt 0.984955 0.660377
vt 0.478588 0.660520
vt 0.549120 0.661239
vt 0.965481 0.661508
vt 0.119361 0.661794
vt 0.983664 0.662642
vt 0.777977 0.662981
vt 0.967061 0.663027
vt 0.468192 0.663065
vt 0.842796 0.663162
vt 0.043341 0.663261
vt 0.919860 0.663580
vt 0.153209 0.663593
vt 0.019669 0.664207
vt 0.969639 0.664323
vt 0.203295 0.664516
vt 0.081923 0.664779
vt 0.071871 0.664897
vt 0.461722 0.664916
vt 0.059245 0.665726
vt 0.942659 0.665795
vt 0.747237 0.665879
vt 0.445817 0.666612
vt 0.922091 0.666915
vt 0.517983 0.667195
vt 0.383367 0.668729
vt 0.564984 0.669779
vt 0.993867 0.669867
vt 0.680965 0.670088
vt 0.381633 0.670126
vt 0.991545 0.670897
vt 0.403220 0.671273
vt 0.618842 0.672790
vt 0.483381 0.672954
vt 0.602169 0.673144
vt 0.657301 0.673203
vt 0.979732 0.673271
vt 0.045624 0.673468
vt 0.637829 0.673617
vt 0.743678 0.674066
vt 0.422565 0.674143
vt 0.775189 0.674690
vt 0.471334 0.674904
vt 0.589395 0.674924
vt 0.001059 0.675214
vt 0.061298 0.675833
vt 0.460106 0.675963
vt 0.868801 0.675988
vt 0.069670 0.676635
vt 0.080280 0.676882
vt 0.341273 0.677638
vt 0.444335 0.677898
vt 0.120010 0.678387
vt 0.960744 0.678644
vt 0.969360 0.678938
vt 0.559659 0.679080
vt 0.809557 0.680028
vt 0.991527 0.680029
vt 0.967061 0.680061
vt 0.994033 0.680921
vt 0.363282 0.681222
vt 0.783508 0.681599
vt 0.738593 0.682054
vt 0.154977 0.682780
vt 0.321711 0.683123
vt 0.524692 0.683473
vt 0.039654 0.683962
vt 0.835780 0.684966
vt 0.484962 0.684978
vt 0.474352 0.685225
vt 0.770391 0.685730
vt 0.055424 0.685898
vt 0.985477 0.686002
vt 0.465980 0.686027
vt 0.976773 0.686091
vt 0.019364 0.686361
vt 0.400911 0.686589
vt 0.066652 0.686956
vt 0.975900 0.688285
vt 0.450305 0.688392
vt 0.986607 0.688684
vt 0.078700 0.688906
vt 0.384088 0.689011
vt 0.733377 0.689173
vt 0.643162 0.690705
vt 0.626265 0.691062
vt 0.171805 0.691769
vt 0.381786 0.692230
vt 0.188346 0.692805
vt 0.415944 0.693399
vt 0.856845 0.693504
vt 0.609148 0.693679
vt 0.659902 0.693949
vt 0.113302 0.694665
vt 0.888641 0.694907
vt 0.418195 0.694979
vt 0.041135 0.695248
vt 0.463926 0.696134
vt 0.763534 0.696500
vt 0.057040 0.696944
vt 0.476553 0.696963
vt 0.486604 0.697081
vt 0.585515 0.697398
vt 0.000790 0.697451
vt 0.557890 0.698267
vt 0.788481 0.698351
vt 0.448022 0.698599
vt 0.965481 0.698662
vt 0.384719 0.698698
vt 0.063510 0.698795
vt 0.025882 0.699031
vt 0.680522 0.699460
vt 0.808120 0.699686
vt 0.524042 0.700065
vt 0.144439 0.700621
vt 0.073906 0.701340
vt 0.561239 0.701530
vt 0.401911 0.702189
vt 0.363244 0.703047
vt 0.643423 0.703191
vt 0.831490 0.704198
vt 0.901870 0.705463
vt 0.906634 0.705591
vt 0.960523 0.705848
vt 0.873126 0.706156
vt 0.035041 0.706355
vt 0.756106 0.706639
vt 0.630461 0.707576
vt 0.051136 0.708083
vt 0.445666 0.708848
vt 0.849735 0.709602
vt 0.461343 0.710145
vt 0.653840 0.711009
vt 0.104367 0.711232
vt 0.059140 0.711567
vt 0.477586 0.712436
vt 0.612229 0.712986
vt 0.487713 0.713386
vt 0.008991 0.713714
vt 0.862706 0.713983
vt 0.381572 0.714028
vt 0.012067 0.714953
vt 0.069100 0.715137
vt 0.364834 0.715608
vt 0.424729 0.715656
vt 0.780480 0.715681
vt 0.523392 0.716395
vt 0.194198 0.716481
vt 0.372655 0.717010
vt 0.028990 0.717364
vt 0.588873 0.717506
vt 0.555805 0.717545
vt 0.899829 0.717697
vt 0.372388 0.717851
vt 0.403910 0.718631
vt 0.133326 0.718773
vt 0.569244 0.718848
vt 0.316957 0.718962
vt 0.699632 0.719439
vt 0.804770 0.719805
vt 0.383367 0.720247
vt 0.380017 0.720862
vt 0.344817 0.721344
vt 0.180290 0.722069
vt 0.669353 0.722243
vt 0.879200 0.723222
vt 0.828416 0.723516
vt 0.637575 0.723661
vt 0.043234 0.723776
vt 0.332998 0.724648
vt 0.845545 0.726127
vt 0.362906 0.726331
vt 0.862451 0.726476
vt 0.441076 0.727925
vt 0.052812 0.728965
vt 0.371367 0.729333
vt 0.456435 0.731949
vt 0.616525 0.732205
vt 0.095899 0.732865
vt 0.169311 0.733609
vt 0.062468 0.733750
vt 0.959334 0.734056
vt 0.378804 0.734680
vt 0.003660 0.734829
vt 0.006922 0.735330
vt 0.564281 0.735595
vt 0.476116 0.736335
vt 0.590318 0.737153
vt 0.364193 0.737320
vt 0.486516 0.738289
vt 0.965079 0.738784
vt 0.373361 0.740843
vt 0.649533 0.741163
vt 0.437987 0.741618
vt 0.808661 0.742290
vt 0.917794 0.742543
vt 0.857123 0.743578
vt 0.876608 0.743983
vt 0.821442 0.744065
vt 0.933980 0.744123
vt 0.958601 0.744123
vt 0.838125 0.744413
vt 0.122785 0.744581
vt 0.917815 0.744860
vt 0.379276 0.745102
vt 0.218347 0.745710
vt 0.452875 0.745954
vt 0.918033 0.746482
vt 0.710916 0.747022
vt 0.900290 0.747085
vt 0.784240 0.747446
vt 0.369779 0.747741
vt 0.376406 0.748584
vt 0.772279 0.748603
vt 0.720333 0.748603
vt 0.523349 0.748926
vt 0.004153 0.749636
vt 0.000790 0.749652
vt 0.719434 0.749683
vt 0.723841 0.749750
vt 0.719680 0.749803
vt 0.720913 0.750096
vt 0.723432 0.750217
vt 0.901870 0.750243
vt 0.379809 0.750255
vt 0.464290 0.750280
vt 0.718375 0.752274
vt 0.718955 0.752377
vt 0.380017 0.752381
vt 0.378997 0.752501
vt 0.740423 0.752991
vt 0.361326 0.753169
vt 0.474933 0.753238
vt 0.376947 0.753249
vt 0.379823 0.753358
vt 0.299873 0.753491
vt 0.623547 0.753994
vt 0.087568 0.754265
vt 0.939524 0.754603
vt 0.722309 0.755357
vt 0.757246 0.755412
vt 0.433671 0.755560
vt 0.977426 0.755931
vt 0.206517 0.756972
vt 0.731503 0.757210
vt 0.407903 0.757381
vt 0.730069 0.757765
vt 0.565603 0.758136
vt 0.717706 0.758830
vt 0.716576 0.758837
vt 0.554216 0.759204
vt 0.852659 0.759280
vt 0.593312 0.759598
vt 0.448503 0.760377
vt 0.831062 0.761048
vt 0.655988 0.761178
vt 0.006922 0.763037
vt 0.003660 0.763539
vt 0.817682 0.763729
vt 0.312023 0.763846
vt 0.807451 0.763921
vt 0.618799 0.764431
vt 0.872213 0.764465
vt 0.511234 0.764573
vt 0.724087 0.765098
vt 0.458020 0.765531
vt 0.787472 0.765809
vt 0.958339 0.766043
vt 0.423779 0.766117
vt 0.251695 0.767216
vt 0.328882 0.767633
vt 0.937944 0.767857
vt 0.778899 0.767859
vt 0.396895 0.768484
vt 0.205295 0.769112
vt 0.283933 0.769142
vt 0.467905 0.769729
vt 0.169311 0.769753
vt 0.737739 0.770525
vt 0.112378 0.770540
vt 0.735562 0.770662
vt 0.759555 0.770728
vt 0.920058 0.771656
vt 0.123995 0.772121
vt 0.715551 0.772755
vt 0.713613 0.772953
vt 0.889014 0.773237
vt 0.739701 0.773272
vt 0.846675 0.773404
vt 0.541856 0.775851
vt 0.089368 0.776211
vt 0.939524 0.776789
vt 0.691388 0.777409
vt 0.976760 0.777827
vt 0.725425 0.779654
vt 0.122010 0.780450
vt 0.904395 0.780778
vt 0.831940 0.781657
vt 0.653995 0.781672
vt 0.498309 0.781888
vt 0.859587 0.783338
vt 0.012067 0.783414
vt 0.424729 0.783526
vt 0.626863 0.783680
vt 0.290614 0.783981
vt 0.092038 0.784005
vt 0.735829 0.784299
vt 0.008991 0.784653
vt 0.738121 0.784668
vt 0.816704 0.785632
vt 0.246137 0.785808
vt 0.187172 0.787388
vt 0.299196 0.787388
vt 0.345556 0.787388
vt 0.957130 0.787676
vt 0.278648 0.787702
vt 0.207720 0.787702
vt 0.258100 0.788015
vt 0.228268 0.788015
vt 0.366171 0.788087
vt 0.387681 0.788815
vt 0.715663 0.788864
vt 0.948577 0.789257
vt 0.959117 0.789344
vt 0.713613 0.789937
vt 0.579027 0.790133
vt 0.805678 0.790448
vt 0.935234 0.791444
vt 0.958001 0.791672
vt 0.949402 0.791717
vt 0.723713 0.792343
vt 0.789906 0.792460
vt 0.155029 0.792492
vt 0.525917 0.792926
vt 0.730027 0.793882
vt 0.722586 0.794428
vt 0.470264 0.794507
vt 0.487743 0.794507
vt 0.526998 0.794507
vt 0.677818 0.794547
vt 0.873328 0.794618
vt 0.520925 0.795248
vt 0.731246 0.795736
vt 0.915889 0.796014
vt 0.966278 0.796594
vt 0.296260 0.796725
vt 0.190108 0.796725
vt 0.522667 0.796826
vt 0.278790 0.796992
vt 0.207578 0.796992
vt 0.051698 0.797109
vt 0.261319 0.797259
vt 0.225049 0.797259
vt 0.728202 0.797316
vt 0.147738 0.797345
vt 0.520524 0.797439
vt 0.963870 0.797486
vt 0.939524 0.797738
vt 0.502606 0.798154
vt 0.721116 0.798427
vt 0.453745 0.798672
vt 0.727210 0.798846
vt 0.941806 0.798887
vt 0.025882 0.799336
vt 0.722099 0.800129
vt 0.021903 0.800916
vt 0.006205 0.801041
vt 0.520985 0.801991
vt 0.845952 0.802110
vt 0.713613 0.802176
vt 0.715333 0.803060
vt 0.903457 0.803222
vt 0.057240 0.803302
vt 0.594596 0.803623
vt 0.542120 0.804033
vt 0.319221 0.804048
vt 0.952249 0.804379
vt 0.528145 0.804461
vt 0.313857 0.804705
vt 0.172511 0.804705
vt 0.243974 0.805772
vt 0.242394 0.805772
vt 0.440207 0.805793
vt 0.833534 0.806269
vt 0.733802 0.806431
vt 0.964110 0.806522
vt 0.731906 0.806720
vt 0.317057 0.807331
vt 0.169311 0.807331
vt 0.817103 0.807446
vt 0.966450 0.807489
vt 0.783558 0.807555
vt 0.766542 0.808212
vt 0.805692 0.809085
vt 0.359896 0.810039
vt 0.370965 0.810414
vt 0.723372 0.810694
vt 0.382515 0.810806
vt 0.308725 0.811448
vt 0.177643 0.811448
vt 0.909491 0.811778
vt 0.923466 0.812206
vt 0.472538 0.812229
vt 0.237058 0.812355
vt 0.249310 0.812355
vt 0.858292 0.812486
vt 0.027319 0.812632
vt 0.000790 0.812843
vt 0.522110 0.813017
vt 0.941873 0.813368
vt 0.311446 0.813681
vt 0.174922 0.813681
vt 0.902331 0.814248
vt 0.939524 0.814318
vt 0.956404 0.815037
vt 0.713613 0.816396
vt 0.715225 0.816560
vt 0.957760 0.817351
vt 0.752910 0.817616
vt 0.711555 0.817671
vt 0.946883 0.817938
vt 0.731642 0.818105
vt 0.733451 0.818231
vt 0.778899 0.818245
vt 0.489679 0.818248
vt 0.480507 0.818348
vt 0.901870 0.818800
vt 0.345755 0.818985
vt 0.904013 0.819413
vt 0.466523 0.820064
vt 0.561317 0.820089
vt 0.534543 0.820225
vt 0.946062 0.820412
vt 0.514885 0.820475
vt 0.902272 0.820991
vt 0.908344 0.821732
vt 0.836332 0.822146
vt 0.457594 0.822175
vt 0.473906 0.822723
vt 0.722231 0.822865
vt 0.031186 0.823659
vt 0.027319 0.824454
vt 0.817268 0.824548
vt 0.000790 0.824664
vt 0.803925 0.824720
vt 0.553888 0.824795
vt 0.690234 0.825013
vt 0.780480 0.825477
vt 0.424218 0.826043
vt 0.579487 0.826471
vt 0.039228 0.826613
vt 0.786962 0.827057
vt 0.913233 0.827057
vt 0.922907 0.827057
vt 0.963912 0.827057
vt 0.862590 0.827057
vt 0.716042 0.828158
vt 0.716982 0.828164
vt 0.727124 0.828961
vt 0.728318 0.829427
vt 0.903206 0.829906
vt 0.933410 0.829960
vt 0.911381 0.830225
vt 0.493921 0.830359
vt 0.433671 0.830399
vt 0.923016 0.830457
vt 0.822167 0.830591
vt 0.827386 0.830591
vt 0.163650 0.830756
vt 0.402135 0.830796
vt 0.720760 0.831038
vt 0.155449 0.831567
vt 0.475060 0.831944
vt 0.935027 0.833413
vt 0.718001 0.833563
vt 0.913093 0.833566
vt 0.922767 0.833566
vt 0.717517 0.833649
vt 0.803682 0.834410
vt 0.845870 0.834410
vt 0.456387 0.834944
vt 0.318638 0.835204
vt 0.721675 0.835358
vt 0.523049 0.835461
vt 0.719609 0.835470
vt 0.345442 0.835715
vt 0.718594 0.835727
vt 0.722016 0.835750
vt 0.718388 0.835826
vt 0.940965 0.836113
vt 0.902935 0.836207
vt 0.933446 0.836305
vt 0.021903 0.836381
vt 0.006205 0.836506
vt 0.911198 0.836653
vt 0.719132 0.836733
vt 0.944241 0.836918
vt 0.518943 0.836976
vt 0.922934 0.836994
vt 0.981665 0.837780
vt 0.637658 0.838021
vt 0.006205 0.838086
vt 0.021903 0.838210
vt 0.723050 0.838313
vt 0.935024 0.839755
vt 0.731697 0.841284
vt 0.402305 0.842046
vt 0.941018 0.842406
vt 0.713614 0.843488
vt 0.538712 0.844582
vt 0.724237 0.846650
vt 0.726994 0.846977
vt 0.424535 0.846994
vt 0.433700 0.847383
vt 0.912796 0.847863
vt 0.922470 0.847863
vt 0.780480 0.848142
vt 0.869072 0.848142
vt 0.556598 0.848382
vt 0.735224 0.848431
vt 0.722151 0.848477
vt 0.962929 0.848744
vt 0.774884 0.848992
vt 0.728584 0.849437
vt 0.000790 0.849927
vt 0.027319 0.850138
vt 0.901991 0.850421
vt 0.933942 0.850547
vt 0.778899 0.850572
vt 0.910344 0.850898
vt 0.923312 0.851280
vt 0.721590 0.851316
vt 0.801389 0.851596
vt 0.848163 0.851597
vt 0.728396 0.852448
vt 0.402478 0.853426
vt 0.723240 0.853701
vt 0.823986 0.853779
vt 0.825566 0.853779
vt 0.935350 0.853993
vt 0.581012 0.854132
vt 0.726054 0.854193
vt 0.713614 0.854251
vt 0.357830 0.854656
vt 0.733528 0.855393
vt 0.941380 0.856634
vt 0.561239 0.856998
vt 0.037331 0.857882
vt 0.943657 0.858779
vt 0.981665 0.859935
vt 0.028990 0.859968
vt 0.728373 0.860413
vt 0.720269 0.860585
vt 0.000790 0.861749
vt 0.027319 0.861959
vt 0.720269 0.862165
vt 0.689376 0.862232
vt 0.728373 0.862337
vt 0.876426 0.863497
vt 0.935205 0.864681
vt 0.899486 0.864834
vt 0.911421 0.865515
vt 0.923115 0.865515
vt 0.751065 0.865614
vt 0.520524 0.865996
vt 0.518558 0.866097
vt 0.711555 0.866728
vt 0.733528 0.867358
vt 0.376536 0.867397
vt 0.393269 0.867397
vt 0.942077 0.867691
vt 0.777949 0.867981
vt 0.424856 0.868187
vt 0.499846 0.868484
vt 0.713614 0.868500
vt 0.726054 0.868557
vt 0.723240 0.869049
vt 0.155438 0.869554
vt 0.536687 0.869757
vt 0.935791 0.870024
vt 0.898866 0.870138
vt 0.728396 0.870302
vt 0.962592 0.870441
vt 0.341708 0.870479
vt 0.870653 0.870781
vt 0.163650 0.870991
vt 0.911215 0.871098
vt 0.923159 0.871117
vt 0.479870 0.871308
vt 0.536469 0.871379
vt 0.721590 0.871435
vt 0.592018 0.871955
vt 0.969732 0.872021
vt 0.552634 0.872116
vt 0.249310 0.872960
vt 0.237058 0.872960
vt 0.886296 0.873180
vt 0.728584 0.873313
vt 0.459804 0.873369
vt 0.006206 0.873551
vt 0.893125 0.873647
vt 0.021903 0.873675
vt 0.534026 0.873696
vt 0.526117 0.873860
vt 0.308861 0.874230
vt 0.177507 0.874230
vt 0.722151 0.874274
vt 0.735224 0.874320
vt 0.021916 0.875256
vt 0.012431 0.875518
vt 0.441070 0.875549
vt 0.726994 0.875773
vt 0.968815 0.876044
vt 0.724237 0.876100
vt 0.951706 0.876213
vt 0.762073 0.876717
vt 0.243974 0.877053
vt 0.242394 0.877053
vt 0.020551 0.877253
vt 0.532563 0.877334
vt 0.527580 0.877437
vt 0.013343 0.877701
vt 0.050385 0.877720
vt 0.680458 0.878326
vt 0.314017 0.878548
vt 0.172351 0.878548
vt 0.713614 0.879263
vt 0.539619 0.879291
vt 0.954249 0.879496
vt 0.520524 0.879686
vt 0.536087 0.880859
vt 0.524056 0.881107
vt 0.731697 0.881467
vt 0.257197 0.882746
vt 0.229171 0.882746
vt 0.517244 0.883564
vt 0.300564 0.883671
vt 0.185804 0.883671
vt 0.044621 0.883730
vt 0.984181 0.883905
vt 0.574591 0.884247
vt 0.723050 0.884437
vt 0.879755 0.884756
vt 0.980432 0.885722
vt 0.536086 0.885947
vt 0.727116 0.886018
vt 0.719206 0.886181
vt 0.524056 0.886195
vt 0.026331 0.887010
vt 0.539619 0.887368
vt 0.024025 0.887395
vt 0.000790 0.887420
vt 0.520524 0.887762
vt 0.002828 0.888217
vt 0.253251 0.888563
vt 0.233117 0.888563
vt 0.806009 0.889033
vt 0.843543 0.889033
vt 0.148383 0.889202
vt 0.502218 0.889357
vt 0.532563 0.889617
vt 0.304258 0.889651
vt 0.182110 0.889651
vt 0.725653 0.889655
vt 0.527580 0.889720
vt 0.720670 0.889758
vt 0.623081 0.890658
vt 0.267005 0.890921
vt 0.219363 0.890921
vt 0.290416 0.891420
vt 0.195952 0.891420
vt 0.732709 0.891613
vt 0.713614 0.892008
vt 0.446543 0.892186
vt 0.729176 0.893180
vt 0.534026 0.893194
vt 0.526117 0.893358
vt 0.947821 0.893415
vt 0.943657 0.893418
vt 0.717146 0.893429
vt 0.658328 0.893495
vt 0.278651 0.893964
vt 0.207717 0.893964
vt 0.698241 0.893967
vt 0.462518 0.894198
vt 0.376545 0.894206
vt 0.407707 0.894206
vt 0.155015 0.894985
vt 0.482828 0.895555
vt 0.892206 0.895704
vt 0.344476 0.895786
vt 0.420261 0.895786
vt 0.083936 0.896162
vt 0.941063 0.896514
vt 0.482563 0.897136
vt 0.514905 0.897136
vt 0.527863 0.897136
vt 0.540821 0.897136
vt 0.908777 0.897523
vt 0.924281 0.897550
vt 0.451520 0.898074
vt 0.264787 0.898178
vt 0.221581 0.898178
vt 0.729176 0.898268
vt 0.717146 0.898517
vt 0.023789 0.898600
vt 0.292322 0.898766
vt 0.194046 0.898766
vt 0.003000 0.898929
vt 0.025855 0.899446
vt 0.732709 0.899689
vt 0.813155 0.899783
vt 0.836397 0.899783
vt 0.000790 0.899785
vt 0.713614 0.900084
vt 0.404334 0.900917
vt 0.980492 0.901140
vt 0.780480 0.901725
vt 0.869072 0.901725
vt 0.278484 0.901757
vt 0.207884 0.901757
vt 0.725653 0.901939
vt 0.376756 0.902009
vt 0.720670 0.902042
vt 0.120535 0.902637
vt 0.984181 0.902968
vt 0.259468 0.903338
vt 0.289174 0.903338
vt 0.188744 0.903338
vt 0.081181 0.903827
vt 0.218673 0.904880
vt 0.017226 0.905346
vt 0.727116 0.905516
vt 0.008789 0.905591
vt 0.719206 0.905679
vt 0.417555 0.905939
vt 0.937038 0.907085
vt 0.954273 0.907337
vt 0.923913 0.907448
vt 0.899052 0.907495
vt 0.018188 0.907540
vt 0.912089 0.907554
vt 0.007883 0.907613
vt 0.431523 0.908162
vt 0.505899 0.908252
vt 0.527863 0.908252
vt 0.549828 0.908252
vt 0.410296 0.908278
vt 0.005206 0.909193
vt 0.286521 0.909222
vt 0.191099 0.909390
vt 0.014690 0.909455
vt 0.262479 0.909620
vt 0.951731 0.910624
vt 0.614213 0.910701
vt 0.968855 0.910796
vt 0.121802 0.911016
vt 0.215257 0.911070
vt 0.006570 0.911191
vt 0.422688 0.911580
vt 0.013778 0.911638
vt 0.050929 0.912596
vt 0.076654 0.912596
vt 0.155706 0.912596
vt 0.070165 0.913518
vt 0.737537 0.913851
vt 0.969768 0.914815
vt 0.034367 0.914977
vt 0.098442 0.915455
vt 0.758080 0.915467
vt 0.661408 0.915658
vt 0.937105 0.915726
vt 0.066884 0.915938
vt 0.318638 0.915999
vt 0.923898 0.916044
vt 0.898887 0.916175
vt 0.911964 0.916182
vt 0.036812 0.917031
vt 0.708472 0.917239
vt 0.589751 0.917239
vt 0.649446 0.917239
vt 0.672373 0.917239
vt 0.901579 0.917762
vt 0.938143 0.917762
vt 0.963389 0.917762
vt 0.977460 0.917931
vt 0.046455 0.918141
vt 0.778899 0.918442
vt 0.431523 0.919238
vt 0.964969 0.919767
vt 0.422688 0.919831
vt 0.976680 0.919899
vt 0.462834 0.919929
vt 0.433671 0.920490
vt 0.393072 0.920548
vt 0.000790 0.920947
vt 0.504318 0.921111
vt 0.900865 0.921179
vt 0.472678 0.921246
vt 0.003096 0.921332
vt 0.026331 0.921358
vt 0.280528 0.921473
vt 0.102379 0.921640
vt 0.785459 0.921983
vt 0.864094 0.921983
vt 0.196449 0.922014
vt 0.024293 0.922155
vt 0.966941 0.922268
vt 0.975692 0.922396
vt 0.117606 0.922422
vt 0.349718 0.922454
vt 0.359416 0.922621
vt 0.611406 0.922632
vt 0.268339 0.922830
vt 0.401906 0.922902
vt 0.880178 0.923101
vt 0.838743 0.923564
vt 0.799202 0.923564
vt 0.169311 0.923654
vt 0.208594 0.924056
vt 0.307506 0.924537
vt 0.882392 0.925815
vt 0.174876 0.925874
vt 0.301837 0.926467
vt 0.456242 0.926534
vt 0.571241 0.926915
vt 0.957450 0.927830
vt 0.727401 0.928049
vt 0.239316 0.928338
vt 0.920323 0.928354
vt 0.422688 0.928440
vt 0.689644 0.928819
vt 0.342264 0.928941
vt 0.478582 0.929299
vt 0.246681 0.929901
vt 0.630497 0.929999
vt 0.289992 0.930449
vt 0.186498 0.930481
vt 0.364392 0.930639
vt 0.431523 0.930794
vt 0.591687 0.930937
vt 0.918742 0.931000
vt 0.654538 0.931422
vt 0.992075 0.931432
vt 0.237736 0.931503
vt 0.391491 0.931676
vt 0.756081 0.931909
vt 0.071114 0.932256
vt 0.990063 0.932268
vt 0.229890 0.932497
vt 0.915616 0.932537
vt 0.003332 0.932537
vt 0.687833 0.932610
vt 0.074655 0.932864
vt 0.024121 0.932867
vt 0.076235 0.932877
vt 0.959535 0.933032
vt 0.961550 0.933297
vt 0.261837 0.933300
vt 0.987542 0.933316
vt 0.001266 0.933384
vt 0.964106 0.933633
vt 0.026331 0.933723
vt 0.819728 0.934156
vt 0.053624 0.934200
vt 0.818148 0.934396
vt 0.670554 0.934588
vt 0.603711 0.934924
vt 0.214487 0.934960
vt 0.276000 0.935077
vt 0.780480 0.935240
vt 0.857538 0.935353
vt 0.738889 0.935400
vt 0.458792 0.935402
vt 0.092473 0.935598
vt 0.418518 0.935711
vt 0.579986 0.935804
vt 0.200217 0.935884
vt 0.591686 0.936927
vt 0.642948 0.937542
vt 0.655659 0.937706
vt 0.476034 0.938157
vt 0.028990 0.938211
vt 0.343381 0.938371
vt 0.031905 0.938922
vt 0.708666 0.939055
vt 0.772366 0.939119
vt 0.009896 0.939284
vt 0.938973 0.939445
vt 0.018332 0.939528
vt 0.583853 0.939729
vt 0.401906 0.939763
vt 0.360996 0.939910
vt 0.599445 0.940003
vt 0.425924 0.940554
vt 0.751986 0.940699
vt 0.664467 0.940738
vt 0.467027 0.940798
vt 0.008933 0.941477
vt 0.019239 0.941550
vt 0.623861 0.941651
vt 0.648096 0.941737
vt 0.110276 0.942930
vt 0.874143 0.942981
vt 0.870653 0.942996
vt 0.414299 0.943065
vt 0.393072 0.943181
vt 0.351667 0.943269
vt 0.287821 0.943350
vt 0.187968 0.943472
vt 0.591734 0.944392
vt 0.266215 0.944714
vt 0.752903 0.944722
vt 0.770011 0.944891
vt 0.987520 0.944891
vt 0.964173 0.945080
vt 0.594576 0.945106
vt 0.561239 0.945276
vt 0.407039 0.945404
vt 0.838436 0.945581
vt 0.656165 0.945628
vt 0.799413 0.945641
vt 0.589746 0.945650
vt 0.990065 0.945858
vt 0.591726 0.945951
vt 0.961651 0.946088
vt 0.209402 0.946098
vt 0.590540 0.946429
vt 0.653224 0.946493
vt 0.609668 0.946552
vt 0.992075 0.946622
vt 0.592979 0.946696
vt 0.658428 0.946852
vt 0.959638 0.946892
vt 0.656269 0.947341
vt 0.574940 0.947424
vt 0.580947 0.947514
vt 0.603381 0.947596
vt 0.588481 0.947690
vt 0.590104 0.947699
vt 0.657560 0.947729
vt 0.595454 0.948010
vt 0.654895 0.948038
vt 0.593762 0.948100
vt 0.767469 0.948174
vt 0.657964 0.949006
vt 0.590693 0.949069
vt 0.659656 0.949096
vt 0.175275 0.949156
vt 0.318638 0.949344
vt 0.593357 0.949377
vt 0.654306 0.949407
vt 0.652683 0.949417
vt 0.277168 0.949479
vt 0.667583 0.949510
vt 0.645150 0.949593
vt 0.639142 0.949682
vt 0.300242 0.949744
vt 0.592067 0.949766
vt 0.957955 0.949980
vt 0.198229 0.950166
vt 0.594226 0.950255
vt 0.727401 0.950300
vt 0.657182 0.950410
vt 0.420261 0.950426
vt 0.673870 0.950554
vt 0.920323 0.950593
vt 0.589021 0.950613
vt 0.654742 0.950678
vt 0.690022 0.950880
vt 0.655929 0.951155
vt 0.915582 0.951346
vt 0.653948 0.951457
vt 0.591963 0.951478
vt 0.625441 0.951831
vt 0.169311 0.951995
vt 0.658778 0.952000
vt 0.063228 0.952015
vt 0.981043 0.952261
vt 0.971484 0.952297
vt 0.737537 0.952583
vt 0.082550 0.952605
vt 0.655936 0.952714
vt 0.918742 0.952846
vt 0.306080 0.952909
vt 0.505899 0.953197
vt 0.066353 0.953354
vt 0.549512 0.953580
vt 0.499109 0.954187
vt 0.433671 0.954335
vt 0.043354 0.954376
vt 0.527863 0.954394
vt 0.741286 0.954400
vt 0.982223 0.954736
vt 0.970459 0.954811
vt 0.583894 0.955369
vt 0.688063 0.955455
vt 0.404334 0.955557
vt 0.100882 0.955560
vt 0.600265 0.956368
vt 0.819728 0.956377
vt 0.818148 0.956646
vt 0.983168 0.956715
vt 0.119186 0.956781
vt 0.969649 0.956797
vt 0.253871 0.956804
vt 0.663648 0.957104
vt 0.407673 0.957137
vt 0.423250 0.957179
vt 0.856895 0.957307
vt 0.780997 0.957338
vt 0.648055 0.957377
vt 0.970208 0.958378
vt 0.220938 0.958920
vt 0.591457 0.959400
vt 0.578746 0.959565
vt 0.882311 0.959712
vt 0.029426 0.960073
vt 0.655888 0.960179
vt 0.511829 0.960389
vt 0.543898 0.960389
vt 0.031076 0.960555
vt 0.982267 0.960852
vt 0.113216 0.960935
vt 0.708455 0.961132
vt 0.644188 0.961302
vt 0.939243 0.961559
vt 0.377047 0.961940
vt 0.773896 0.962093
vt 0.778061 0.962096
vt 0.667913 0.962183
vt 0.880178 0.962466
vt 0.606351 0.962519
vt 0.247927 0.962661
vt 0.704072 0.962712
vt 0.393072 0.963122
vt 0.900744 0.963453
vt 0.280143 0.964468
vt 0.623630 0.964496
vt 0.994023 0.964781
vt 0.194443 0.964828
vt 0.226033 0.964912
vt 0.590335 0.965684
vt 0.655890 0.966170
vt 0.713819 0.966269
vt 0.519185 0.966351
vt 0.536541 0.966351
vt 0.901579 0.966850
vt 0.566295 0.967107
vt 0.837327 0.967152
vt 0.800361 0.967348
vt 0.036054 0.967877
vt 0.959535 0.967916
vt 0.048331 0.968044
vt 0.527863 0.968445
vt 0.109414 0.968465
vt 0.096980 0.969558
vt 0.050136 0.969561
vt 0.155706 0.969584
vt 0.344705 0.969587
vt 0.723519 0.969741
vt 0.741226 0.969818
vt 0.116309 0.970183
vt 0.635444 0.970191
vt 0.467591 0.970495
vt 0.028990 0.970537
vt 0.029871 0.970675
vt 0.737537 0.971646
vt 0.281496 0.971772
vt 0.192694 0.971932
vt 0.429101 0.972126
vt 0.117559 0.973998
vt 0.675608 0.974475
vt 0.115746 0.974620
vt 0.029664 0.974738
vt 0.029252 0.974784
vt 0.031545 0.974879
vt 0.411118 0.975683
vt 0.035132 0.975861
vt 0.117606 0.975867
vt 0.689987 0.975896
vt 0.977606 0.975970
vt 0.994023 0.975984
vt 0.767445 0.976015
vt 0.035500 0.976731
vt 0.030013 0.976765
vt 0.112318 0.976816
vt 0.393072 0.979226
vt 0.769987 0.979302
vt 0.752863 0.979474
vt 0.585244 0.979868
vt 0.608171 0.979868
vt 0.653953 0.979868
vt 0.724132 0.981604
vt 0.707714 0.981617
vt 0.959878 0.981692
vt 0.751950 0.983493
vt 0.993411 0.987846
vt 0.428970 0.988204
vt 0.689644 0.989671
vt 0.983711 0.991319
vt 0.724132 0.992806
vt 0.398788 0.994141
vt 0.414498 0.994216
vt 0.973963 0.994875
vt 0.712375 0.996735
vt 0.700317 0.999210
vn 0.505425 0.680540 -0.530481
vn 0.505425 0.680540 -0.530481
vn 0.505425 0.680540 -0.530481
vn -0.885266 0.361855 0.292172
vn -0.885266 0.361855 0.292172
vn -0.885266 0.361855 0.292172
vn -0.885266 0.361855 0.292172
vn -0.717517 0.692336 0.076418
vn -0.717517 0.692336 0.076418
vn -0.717517 0.692336 0.076418
vn -0.717517 0.692336 0.076418
vn -0.876408 0.476523 -0.069538
vn -0.876408 0.476523 -0.069538
vn -0.876408 0.476523 -0.069538
vn -0.876408 0.476523 -0.069538
vn -0.975943 0.032299 -0.215620
vn -0.975943 0.032299 -0.215620
vn -0.975943 0.032299 -0.215620
vn -0.975943 0.032299 -0.215620
vn -0.541743 -0.561349 -0.625621
vn -0.541743 -0.561349 -0.625621
vn -0.541743 -0.561349 -0.625621
vn -0.541743 -0.561349 -0.625621
vn -0.373888 -0.266626 -0.888324
vn -0.373888 -0.266626 -0.888324
vn -0.373888 -0.266626 -0.888324
vn -0.373888 -0.266626 -0.888324
vn 0.170004 -0.570331 -0.803630
vn 0.170004 -0.570331 -0.803630
vn 0.170004 -0.570331 -0.803630
vn 0.170004 -0.570331 -0.803630
vn -0.004692 -0.842085 -0.539325
vn -0.004692 -0.842085 -0.539325
vn -0.004692 -0.842085 -0.539325
vn -0.004692 -0.842085 -0.539325
vn 0.605916 -0.794594 0.038559
vn 0.605916 -0.794594 0.038559
vn 0.605916 -0.794594 0.038559
vn 0.605916 -0.794594 0.038559
vn 0.848007 -0.513417 -0.131484
vn 0.848007 -0.513417 -0.131484
vn 0.848007 -0.513417 -0.131484
vn 0.848007 -0.513417 -0.131484
vn 0.919724 -0.092720 0.381458
vn 0.919724 -0.092720 0.381458
vn 0.919724 -0.092720 0.381458
vn 0.919724 -0.092720 0.381458
vn 0.696592 -0.465038 0.546351
vn 0.696592 -0.465038 0.546351
vn 0.696592 -0.465038 0.546351
vn 0.696592 -0.465038 0.546351
vn 0.262392 0.128611 0.956352
vn 0.262392 0.128611 0.956352
vn 0.262392 0.128611 0.956352
vn 0.262392 0.128611 0.956352
vn 0.528048 0.489432 0.693990
vn 0.528048 0.489432 0.693990
vn 0.528048 0.489432 0.693990
vn 0.528048 0.489432 0.693990
vn -0.064696 0.787254 0.613225
vn -0.064696 0.787254 0.613225
vn -0.064696 0.787254 0.613225
vn -0.064696 0.787254 0.613225
vn -0.274658 0.409345 0.870057
vn -0.274658 0.409345 0.870057
vn -0.274658 0.409345 0.870057
vn -0.274658 0.409345 0.870057
vn -0.605252 -0.701958 0.375400
vn -0.605252 -0.701958 0.375400
vn -0.605252 -0.701958 0.375400
vn -0.605252 -0.701958 0.375400
vn -0.331219 -0.845204 0.419433
vn -0.331219 -0.845204 0.419433
vn -0.331219 -0.845204 0.419433
vn -0.331219 -0.845204 0.419433
vn -0.284950 -0.677046 0.678537
vn -0.284950 -0.677046 0.678537
vn -0.284950 -0.677046 0.678537
vn -0.284950 -0.677046 0.678537
vn -0.558984 -0.533799 0.634504
vn -0.558984 -0.533799 0.634504
vn -0.558984 -0.533799 0.634504
vn -0.558984 -0.533799 0.634504
vn 0.673282 -0.270740 -0.688034
vn 0.673282 -0.270740 -0.688034
vn 0.673282 -0.270740 -0.688034
vn 0.673282 -0.270740 -0.688034
vn -0.286921 0.394055 -0.873154
vn -0.286921 0.394055 -0.873154
vn -0.286921 0.394055 -0.873154
vn -0.286921 0.394055 -0.873154
vn 0.167087 0.984502 0.053276
vn 0.167087 0.984502 0.053276
vn 0.167087 0.984502 0.053276
vn 0.167087 0.984502 0.053276
vn 0.670546 0.728564 0.139866
vn 0.670546 0.728564 0.139866
vn 0.670546 0.728564 0.139866
vn 0.670546 0.728564 0.139866
vn 0.001618 -0.639656 -0.768659
vn 0.001618 -0.639656 -0.768659
vn 0.001618 -0.639656 -0.768659
vn 0.001618 -0.639656 -0.768659
vn 0.615115 -0.721292 -0.318389
vn 0.615115 -0.721292 -0.318389
vn 0.615115 -0.721292 -0.318389
vn 0.615115 -0.721292 -0.318389
vn 0.868286 -0.380404 0.318389
vn 0.868286 -0.380404 0.318389
vn 0.868286 -0.380404 0.318389
vn 0.868286 -0.380404 0.318389
vn 0.612827 0.183318 0.768659
vn 0.612827 0.183318 0.768659
vn 0.612827 0.183318 0.768659
vn 0.612827 0.183318 0.768659
vn -0.001618 0.639657 0.768659
vn -0.001618 0.639657 0.768659
vn -0.001618 0.639657 0.768659
vn -0.001618 0.639657 0.768659
vn -0.615115 0.721292 0.318389
vn -0.615115 0.721292 0.318389
vn -0.615115 0.721292 0.318389
vn -0.615115 0.721292 0.318389
vn -0.868286 0.380404 -0.318389
vn -0.868286 0.380404 -0.318389
vn -0.868286 0.380404 -0.318389
vn -0.868286 0.380404 -0.318389
vn -0.612827 -0.183319 -0.768660
vn -0.612827 -0.183319 -0.768660
vn -0.612827 -0.183319 -0.768660
vn -0.612827 -0.183319 -0.768660
vn -0.001619 0.639656 0.768660
vn -0.001619 0.639656 0.768660
vn -0.001619 0.639656 0.768660
vn -0.001619 0.639656 0.768660
vn -0.615115 0.721292 0.318390
vn -0.615115 0.721292 0.318390
vn -0.615115 0.721292 0.318390
vn -0.615115 0.721292 0.318390
vn -0.868286 0.380404 -0.318389
vn -0.868286 0.380404 -0.318389
vn -0.868286 0.380404 -0.318389
vn -0.868286 0.380404 -0.318389
vn -0.612827 -0.183317 -0.768660
vn -0.612827 -0.183317 -0.768660
vn -0.612827 -0.183317 -0.768660
vn -0.612827 -0.183317 -0.768660
vn 0.001619 -0.639656 -0.768660
vn 0.001619 -0.639656 -0.768660
vn 0.001619 -0.639656 -0.768660
vn 0.001619 -0.639656 -0.768660
vn 0.615115 -0.721292 -0.318389
vn 0.615115 -0.721292 -0.318389
vn 0.615115 -0.721292 -0.318389
vn 0.615115 -0.721292 -0.318389
vn 0.868286 -0.380404 0.318389
vn 0.868286 -0.380404 0.318389
vn 0.868286 -0.380404 0.318389
vn 0.868286 -0.380404 0.318389
vn 0.612827 0.183318 0.768660
vn 0.612827 0.183318 0.768660
vn 0.612827 0.183318 0.768660
vn 0.612827 0.183318 0.768660
vn -0.496061 -0.667932 0.554789
vn -0.496061 -0.667932 0.554789
vn -0.496061 -0.667932 0.554789
vn -0.496061 -0.667932 0.554789
vn 0.496061 0.667931 -0.554789
vn 0.496061 0.667931 -0.554789
vn 0.496061 0.667931 -0.554789
vn 0.496061 0.667931 -0.554789
vn -0.496062 -0.667932 0.554788
vn -0.496062 -0.667932 0.554788
vn -0.496062 -0.667932 0.554788
vn -0.496062 -0.667932 0.554788
vn 0.496061 0.667931 -0.554789
vn 0.496061 0.667931 -0.554789
vn 0.496061 0.667931 -0.554789
vn 0.496061 0.667931 -0.554789
vn -0.496062 -0.667931 0.554789
vn -0.496062 -0.667931 0.554789
vn -0.496062 -0.667931 0.554789
vn -0.496062 -0.667931 0.554789
vn 0.496061 0.667932 -0.554788
vn 0.496061 0.667932 -0.554788
vn 0.496061 0.667932 -0.554788
vn 0.496061 0.667932 -0.554788
vn -0.496062 -0.667932 0.554788
vn -0.496062 -0.667932 0.554788
vn -0.496062 -0.667932 0.554788
vn -0.496062 -0.667932 0.554788
vn 0.496061 0.667932 -0.554789
vn 0.496061 0.667932 -0.554789
vn 0.496061 0.667932 -0.554789
vn 0.496061 0.667932 -0.554789
vn -0.496061 -0.667933 0.554788
vn -0.496061 -0.667933 0.554788
vn -0.496061 -0.667933 0.554788
vn -0.496061 -0.667933 0.554788
vn 0.496061 0.667932 -0.554789
vn 0.496061 0.667932 -0.554789
vn 0.496061 0.667932 -0.554789
vn 0.496061 0.667932 -0.554789
vn -0.496060 -0.667932 0.554790
vn -0.496060 -0.667932 0.554790
vn -0.496060 -0.667932 0.554790
vn -0.496060 -0.667932 0.554790
vn 0.496061 0.667932 -0.554788
vn 0.496061 0.667932 -0.554788
vn 0.496061 0.667932 -0.554788
vn 0.496061 0.667932 -0.554788
vn -0.496061 -0.667932 0.554788
vn -0.496061 -0.667932 0.554788
vn -0.496061 -0.667932 0.554788
vn -0.496061 -0.667932 0.554788
vn 0.496061 0.667931 -0.554790
vn 0.496061 0.667931 -0.554790
vn 0.496061 0.667931 -0.554790
vn 0.496061 0.667931 -0.554790
vn -0.496061 -0.667931 0.554789
vn -0.496061 -0.667931 0.554789
vn -0.496061 -0.667931 0.554789
vn -0.496061 -0.667931 0.554789
vn 0.496061 0.667932 -0.554789
vn 0.496061 0.667932 -0.554789
vn 0.496061 0.667932 -0.554789
vn 0.496061 0.667932 -0.554789
vn 0.138161 -0.645783 -0.750917
vn 0.138161 -0.645783 -0.750917
vn 0.138161 -0.645783 -0.750917
vn 0.138161 -0.645783 -0.750917
vn 0.819040 -0.573227 -0.024180
vn 0.818853 -0.573496 -0.024110
vn 0.818853 -0.573496 -0.024110
vn 0.818853 -0.573496 -0.024110
vn 0.693368 0.094672 0.714337
vn 0.693368 0.094672 0.714337
vn 0.693368 0.094672 0.714337
vn 0.693368 0.094672 0.714337
vn -0.109759 0.691141 0.714337
vn -0.109759 0.691141 0.714337
vn -0.109759 0.691141 0.714337
vn -0.109759 0.691141 0.714337
vn -0.505409 -0.680536 0.530502
vn -0.505409 -0.680536 0.530502
vn -0.505409 -0.680536 0.530502
vn -0.787196 0.616186 -0.025266
vn -0.786902 0.616670 -0.022440
vn -0.786902 0.616670 -0.022440
vn -0.786902 0.616670 -0.022440
vn -0.658155 -0.054374 -0.750916
vn -0.658155 -0.054374 -0.750916
vn -0.658155 -0.054374 -0.750916
vn -0.658155 -0.054374 -0.750916
vn -0.691652 -0.123348 -0.711620
vn -0.691652 -0.123348 -0.711620
vn -0.691652 -0.123348 -0.711620
vn -0.691652 -0.123348 -0.711620
vn -0.813745 0.580806 0.021980
vn -0.815342 0.578550 0.022285
vn -0.813745 0.580806 0.021980
vn -0.813745 0.580806 0.021980
vn -0.124565 0.624595 0.770951
vn -0.124565 0.624595 0.770951
vn -0.124565 0.624595 0.770951
vn -0.124565 0.624595 0.770951
vn 0.640082 0.036147 0.767456
vn 0.640082 0.036147 0.767456
vn 0.640082 0.036147 0.767456
vn 0.640082 0.036147 0.767456
vn 0.767818 -0.639619 0.036645
vn 0.767964 -0.639402 0.037372
vn 0.767818 -0.639619 0.036645
vn 0.767818 -0.639619 0.036645
vn 0.097751 -0.717393 -0.689777
vn 0.097751 -0.717393 -0.689777
vn 0.097751 -0.717393 -0.689777
vn 0.097751 -0.717393 -0.689777
vn 0.227811 -0.633024 -0.739853
vn 0.227811 -0.633024 -0.739853
vn 0.227811 -0.633024 -0.739853
vn 0.227811 -0.633024 -0.739853
vn 0.820186 -0.535510 -0.201306
vn 0.820186 -0.535510 -0.201306
vn 0.820186 -0.535510 -0.201306
vn 0.820186 -0.535510 -0.201306
vn 0.785374 0.121399 0.607001
vn 0.785374 0.121399 0.607001
vn 0.785374 0.121399 0.607001
vn 0.785374 0.121399 0.607001
vn -0.048803 0.697210 0.715203
vn -0.048803 0.697210 0.715203
vn -0.048803 0.697210 0.715203
vn -0.950162 0.273381 -0.149850
vn -0.950162 0.273381 -0.149850
vn -0.950162 0.273381 -0.149850
vn -0.950162 0.273381 -0.149850
vn -0.664559 -0.089927 -0.741805
vn -0.664559 -0.089927 -0.741805
vn -0.664559 -0.089927 -0.741805
vn -0.619184 0.178631 -0.764658
vn -0.619184 0.178631 -0.764658
vn -0.619184 0.178631 -0.764658
vn -0.619184 0.178631 -0.764658
vn -0.911744 0.381733 0.151668
vn -0.911744 0.381733 0.151668
vn -0.911744 0.381733 0.151668
vn -0.911744 0.381733 0.151668
vn -0.133263 0.832828 0.537251
vn -0.133263 0.832828 0.537251
vn -0.133263 0.832828 0.537251
vn -0.133263 0.832828 0.537251
vn 0.835803 0.113123 0.537250
vn 0.835803 0.113123 0.537250
vn 0.835803 0.113123 0.537250
vn 0.835803 0.113123 0.537250
vn 0.627161 -0.764896 0.146978
vn 0.627161 -0.764896 0.146978
vn 0.627161 -0.764896 0.146978
vn 0.627161 -0.764896 0.146978
vn 0.349960 -0.541133 -0.764659
vn 0.349960 -0.541133 -0.764659
vn 0.349960 -0.541133 -0.764659
vn 0.349960 -0.541133 -0.764659
vn -0.727184 -0.070112 -0.682852
vn -0.727184 -0.070112 -0.682852
vn -0.727184 -0.070112 -0.682852
vn -0.727184 -0.070112 -0.682852
vn -0.829019 0.556157 0.058456
vn -0.831431 0.552667 0.057295
vn -0.829019 0.556157 0.058456
vn -0.829019 0.556157 0.058456
vn -0.163490 0.591050 0.789893
vn -0.163490 0.591050 0.789893
vn -0.163490 0.591050 0.789893
vn -0.163490 0.591050 0.789893
vn 0.613078 0.014307 0.789893
vn 0.613078 0.014307 0.789893
vn 0.613078 0.014307 0.789893
vn 0.613078 0.014307 0.789893
vn 0.771839 -0.633753 0.051208
vn 0.772690 -0.632578 0.052882
vn 0.771839 -0.633753 0.051208
vn 0.771839 -0.633753 0.051208
vn 0.143044 -0.716416 -0.682852
vn 0.143044 -0.716416 -0.682852
vn 0.143044 -0.716416 -0.682852
vn 0.143044 -0.716416 -0.682852
vn -0.829778 0.555740 0.051209
vn -0.829778 0.555740 0.051209
vn -0.830683 0.554004 0.055182
vn -0.827560 0.558845 0.053265
vn -0.913511 0.379334 0.146978
vn -0.913511 0.379334 0.146978
vn -0.913511 0.379334 0.146978
vn -0.913511 0.379334 0.146978
vn -0.744213 0.562957 0.359481
vn -0.744213 0.562957 0.359481
vn -0.744213 0.562957 0.359481
vn -0.744213 0.562957 0.359481
vn -0.815529 0.578554 0.013683
vn -0.815529 0.578554 0.013683
vn -0.815169 0.578988 0.016512
vn -0.815529 0.578554 0.013683
vn -0.785680 0.618163 -0.024110
vn -0.785680 0.618163 -0.024110
vn -0.785680 0.618163 -0.024110
vn -0.783907 0.620398 -0.024424
vn -0.806252 0.591477 0.010607
vn -0.806252 0.591477 0.010607
vn -0.806252 0.591477 0.010607
vn -0.803731 0.594879 0.011647
vn -0.694151 -0.064060 -0.716973
vn -0.694151 -0.064060 -0.716973
vn -0.694151 -0.064060 -0.716973
vn -0.694151 -0.064060 -0.716973
vn -0.807619 0.589704 -0.000853
vn -0.808586 0.588369 0.003122
vn -0.808586 0.588369 0.003122
vn -0.808586 0.588369 0.003122
vn -0.078481 0.699325 0.710482
vn -0.078481 0.699325 0.710482
vn -0.078481 0.699325 0.710482
vn -0.078481 0.699325 0.710482
vn 0.719327 0.109756 0.685946
vn 0.719327 0.109756 0.685946
vn 0.719327 0.109756 0.685946
vn 0.719327 0.109756 0.685946
vn 0.805409 -0.591517 -0.037730
vn 0.804304 -0.593077 -0.036805
vn 0.804304 -0.593077 -0.036805
vn 0.804304 -0.593077 -0.036805
vn 0.161104 -0.683019 -0.712412
vn 0.161104 -0.683019 -0.712412
vn 0.161104 -0.683019 -0.712412
vn 0.161104 -0.683019 -0.712412
vn -0.623593 0.759030 0.187098
vn -0.623593 0.759030 0.187098
vn -0.623593 0.759030 0.187098
vn -0.623593 0.759030 0.187098
vn 0.104101 -0.786192 -0.609151
vn 0.104101 -0.786192 -0.609151
vn 0.104101 -0.786192 -0.609151
vn 0.104101 -0.786192 -0.609151
vn 0.651386 -0.758505 0.019147
vn 0.651386 -0.758505 0.019147
vn 0.651386 -0.758505 0.019147
vn 0.651386 -0.758505 0.019147
vn 0.629825 -0.067861 0.773767
vn 0.629825 -0.067861 0.773767
vn 0.629825 -0.067861 0.773767
vn 0.629825 -0.067861 0.773767
vn -0.107835 0.611579 0.783800
vn -0.107835 0.611579 0.783800
vn -0.107835 0.611579 0.783800
vn -0.801927 0.515731 -0.301553
vn -0.801927 0.515731 -0.301553
vn -0.801927 0.515731 -0.301553
vn -0.801927 0.515731 -0.301553
vn -0.712189 -0.169024 -0.681335
vn -0.712189 -0.169024 -0.681335
vn -0.712189 -0.169024 -0.681335
vn -0.037685 0.737996 0.673752
vn -0.037685 0.737996 0.673752
vn -0.037685 0.737996 0.673752
vn -0.681822 -0.153531 -0.715225
vn -0.681822 -0.153531 -0.715225
vn -0.681822 -0.153531 -0.715225
vn -0.155818 0.580754 0.799028
vn -0.155818 0.580754 0.799028
vn -0.155818 0.580754 0.799028
vn -0.669474 -0.106497 -0.735162
vn -0.669474 -0.106497 -0.735162
vn -0.669474 -0.106497 -0.735162
vn 0.713122 -0.668036 0.212569
vn 0.713122 -0.668036 0.212569
vn 0.713122 -0.668036 0.212569
vn 0.713122 -0.668036 0.212569
vn 0.820540 -0.571559 0.005855
vn 0.820540 -0.571559 0.005855
vn 0.820540 -0.571559 0.005855
vn 0.819701 -0.572776 0.004186
vn 0.772019 -0.632905 0.058456
vn 0.772019 -0.632905 0.058456
vn 0.770713 -0.634423 0.059243
vn 0.771557 -0.633644 0.056526
vn 0.628947 -0.762510 0.151669
vn 0.628947 -0.762510 0.151669
vn 0.628947 -0.762510 0.151669
vn 0.628947 -0.762510 0.151669
vn 0.906653 -0.421392 0.020226
vn 0.906653 -0.421392 0.020226
vn 0.906653 -0.421392 0.020226
vn 0.906653 -0.421392 0.020226
vn 0.772629 -0.632174 0.058317
vn 0.772629 -0.632174 0.058317
vn 0.772266 -0.632605 0.058438
vn 0.772629 -0.632174 0.058317
vn 0.817777 -0.575097 -0.022440
vn 0.817777 -0.575097 -0.022440
vn 0.817777 -0.575097 -0.022440
vn 0.817676 -0.575224 -0.022892
vn 0.505425 0.680540 -0.530481
vn 0.505425 0.680540 -0.530481
vn 0.505425 0.680540 -0.530481
vn 0.505425 0.680540 -0.530482
vn 0.505425 0.680540 -0.530482
vn 0.505425 0.680540 -0.530482
vn 0.505426 0.680540 -0.530481
vn 0.505426 0.680540 -0.530481
vn 0.505426 0.680540 -0.530481
vn 0.505425 0.680540 -0.530482
vn 0.505425 0.680540 -0.530482
vn 0.505425 0.680540 -0.530482
vn 0.505425 0.680540 -0.530481
vn 0.505425 0.680540 -0.530481
vn 0.505425 0.680540 -0.530481
vn 0.505425 0.680541 -0.530481
vn 0.505425 0.680541 -0.530481
vn 0.505425 0.680541 -0.530481
vn 0.505425 0.680540 -0.530482
vn 0.505425 0.680540 -0.530482
vn 0.505425 0.680540 -0.530482
vn -0.505410 -0.680537 0.530500
vn -0.505410 -0.680537 0.530500
vn -0.505410 -0.680537 0.530500
vn -0.505409 -0.680537 0.530500
vn -0.505409 -0.680537 0.530500
vn -0.505409 -0.680537 0.530500
vn -0.505410 -0.680539 0.530498
vn -0.505410 -0.680539 0.530498
vn -0.505410 -0.680539 0.530498
vn -0.505428 -0.680524 0.530499
vn -0.505428 -0.680524 0.530499
vn -0.505428 -0.680524 0.530499
vn -0.505429 -0.680524 0.530498
vn -0.505429 -0.680524 0.530498
vn -0.505429 -0.680524 0.530498
vn -0.505427 -0.680524 0.530500
vn -0.505427 -0.680524 0.530500
vn -0.505427 -0.680524 0.530500
vn -0.505424 -0.680524 0.530503
vn -0.505424 -0.680524 0.530503
vn -0.505424 -0.680524 0.530503
vn 0.768139 -0.638545 0.047141
vn 0.768139 -0.638545 0.047141
vn 0.766869 -0.640021 0.047810
vn 0.768139 -0.638545 0.047141
vn -0.836351 0.547283 0.031590
vn -0.836351 0.547283 0.031590
vn -0.837509 0.545279 0.035354
vn -0.836351 0.547283 0.031590
vn 0.107115 -0.703980 -0.702096
vn 0.107115 -0.703980 -0.702096
vn 0.107115 -0.703980 -0.702096
vn 0.107115 -0.703980 -0.702096
vn 0.765643 -0.642490 0.031589
vn 0.765643 -0.642490 0.031589
vn 0.765643 -0.642490 0.031589
vn 0.765643 -0.642490 0.031589
vn 0.620524 0.004700 0.784173
vn 0.620524 0.004700 0.784173
vn 0.620524 0.004700 0.784173
vn 0.620524 0.004700 0.784173
vn -0.174838 0.595403 0.784173
vn -0.174838 0.595403 0.784173
vn -0.174838 0.595403 0.784173
vn -0.174838 0.595403 0.784173
vn -0.833296 0.550813 0.047141
vn -0.833296 0.550813 0.047141
vn -0.833296 0.550813 0.047141
vn -0.833296 0.550813 0.047141
vn -0.704895 -0.100913 -0.702096
vn -0.704895 -0.100913 -0.702096
vn -0.704895 -0.100913 -0.702096
vn -0.704895 -0.100913 -0.702096
vn 0.015008 -0.621628 -0.783168
vn 0.015008 -0.621628 -0.783168
vn 0.015008 -0.621628 -0.783168
vn 0.015008 -0.621628 -0.783168
vn 0.620661 -0.713825 -0.324399
vn 0.620661 -0.713825 -0.324399
vn 0.620661 -0.713825 -0.324399
vn 0.620661 -0.713825 -0.324399
vn 0.862741 -0.387871 0.324399
vn 0.862741 -0.387871 0.324399
vn 0.862741 -0.387871 0.324399
vn 0.862741 -0.387871 0.324399
vn 0.599437 0.165294 0.783169
vn 0.599437 0.165294 0.783169
vn 0.599437 0.165294 0.783169
vn 0.599437 0.165294 0.783169
vn -0.015004 0.621628 0.783169
vn -0.015004 0.621628 0.783169
vn -0.015004 0.621628 0.783169
vn -0.015004 0.621628 0.783169
vn -0.620661 0.713825 0.324399
vn -0.620661 0.713825 0.324399
vn -0.620661 0.713825 0.324399
vn -0.620661 0.713825 0.324399
vn -0.862741 0.387871 -0.324399
vn -0.862741 0.387871 -0.324399
vn -0.862741 0.387871 -0.324399
vn -0.862741 0.387871 -0.324399
vn -0.599438 -0.165290 -0.783169
vn -0.599438 -0.165290 -0.783169
vn -0.599438 -0.165290 -0.783169
vn -0.599438 -0.165290 -0.783169
vn -0.015011 0.621629 0.783168
vn -0.015011 0.621629 0.783168
vn -0.015011 0.621629 0.783168
vn -0.015011 0.621629 0.783168
vn -0.620662 0.713824 0.324399
vn -0.620662 0.713824 0.324399
vn -0.620662 0.713824 0.324399
vn -0.620662 0.713824 0.324399
vn -0.862740 0.387872 -0.324399
vn -0.862740 0.387872 -0.324399
vn -0.862740 0.387872 -0.324399
vn -0.862740 0.387872 -0.324399
vn -0.599438 -0.165289 -0.783169
vn -0.599438 -0.165289 -0.783169
vn -0.599438 -0.165289 -0.783169
vn -0.599438 -0.165289 -0.783169
vn 0.015009 -0.621628 -0.783169
vn 0.015009 -0.621628 -0.783169
vn 0.015009 -0.621628 -0.783169
vn 0.015009 -0.621628 -0.783169
vn 0.620661 -0.713824 -0.324400
vn 0.620661 -0.713824 -0.324400
vn 0.620661 -0.713824 -0.324400
vn 0.620661 -0.713824 -0.324400
vn 0.862740 -0.387873 0.324399
vn 0.862740 -0.387873 0.324399
vn 0.862740 -0.387873 0.324399
vn 0.862740 -0.387873 0.324399
vn 0.599440 0.165287 0.783168
vn 0.599440 0.165287 0.783168
vn 0.599440 0.165287 0.783168
vn 0.599440 0.165287 0.783168
vn -0.505426 -0.680539 0.530482
vn -0.505426 -0.680539 0.530482
vn -0.505426 -0.680539 0.530482
vn -0.505426 -0.680539 0.530482
vn 0.505424 0.680545 -0.530476
vn 0.505424 0.680545 -0.530476
vn 0.505424 0.680545 -0.530476
vn 0.505424 0.680545 -0.530476
vn -0.505424 -0.680541 0.530481
vn -0.505424 -0.680541 0.530481
vn -0.505424 -0.680541 0.530481
vn -0.505424 -0.680541 0.530481
vn 0.505422 0.680542 -0.530482
vn 0.505422 0.680542 -0.530482
vn 0.505422 0.680542 -0.530482
vn 0.505422 0.680542 -0.530482
vn -0.505426 -0.680539 0.530482
vn -0.505426 -0.680539 0.530482
vn -0.505426 -0.680539 0.530482
vn -0.505426 -0.680539 0.530482
vn 0.505426 0.680541 -0.530479
vn 0.505426 0.680541 -0.530479
vn 0.505426 0.680541 -0.530479
vn 0.505426 0.680541 -0.530479
vn -0.505429 -0.680541 0.530477
vn -0.505429 -0.680541 0.530477
vn -0.505429 -0.680541 0.530477
vn -0.505429 -0.680541 0.530477
vn 0.505424 0.680541 -0.530481
vn 0.505424 0.680541 -0.530481
vn 0.505424 0.680541 -0.530481
vn 0.505424 0.680541 -0.530481
vn -0.505425 -0.680543 0.530478
vn -0.505425 -0.680543 0.530478
vn -0.505425 -0.680543 0.530478
vn -0.505425 -0.680543 0.530478
vn 0.505427 0.680539 -0.530481
vn 0.505427 0.680539 -0.530481
vn 0.505427 0.680539 -0.530481
vn 0.505427 0.680539 -0.530481
vn -0.505424 -0.680540 0.530483
vn -0.505424 -0.680540 0.530483
vn -0.505424 -0.680540 0.530483
vn -0.505424 -0.680540 0.530483
vn 0.505422 0.680544 -0.530480
vn 0.505422 0.680544 -0.530480
vn 0.505422 0.680544 -0.530480
vn 0.505422 0.680544 -0.530480
vn -0.505424 -0.680541 0.530481
vn -0.505424 -0.680541 0.530481
vn -0.505424 -0.680541 0.530481
vn -0.505424 -0.680541 0.530481
vn 0.505422 0.680542 -0.530482
vn 0.505422 0.680542 -0.530482
vn 0.505422 0.680542 -0.530482
vn 0.505422 0.680542 -0.530482
vn -0.505424 -0.680541 0.530481
vn -0.505424 -0.680541 0.530481
vn -0.505424 -0.680541 0.530481
vn -0.505424 -0.680541 0.530481
vn 0.505428 0.680541 -0.530477
vn 0.505428 0.680541 -0.530477
vn 0.505428 0.680541 -0.530477
vn 0.505428 0.680541 -0.530477
vn 0.485683 0.713966 -0.504347
vn 0.485683 0.713966 -0.504347
vn 0.485683 0.713966 -0.504347
vn 0.485683 0.713966 -0.504347
vn 0.422097 0.313695 0.850546
vn 0.422097 0.313695 0.850546
vn 0.422097 0.313695 0.850546
vn 0.422097 0.313695 0.850546
vn -0.754469 0.601158 -0.263411
vn -0.754469 0.601158 -0.263411
vn -0.754469 0.601158 -0.263411
vn -0.754469 0.601158 -0.263411
vn -0.422096 -0.313695 -0.850547
vn -0.422096 -0.313695 -0.850547
vn -0.422096 -0.313695 -0.850547
vn -0.422096 -0.313695 -0.850547
vn -0.871149 0.442986 -0.211810
vn -0.871149 0.442986 -0.211810
vn -0.871149 0.442986 -0.211810
vn -0.871149 0.442986 -0.211810
vn 0.525959 -0.699524 -0.483769
vn 0.525959 -0.699524 -0.483769
vn 0.525959 -0.699524 -0.483769
vn 0.525959 -0.699524 -0.483769
vn 0.870857 -0.445122 0.208505
vn 0.870857 -0.445122 0.208505
vn 0.870857 -0.445122 0.208505
vn 0.870857 -0.445122 0.208505
vn 0.765472 -0.625979 -0.149006
vn 0.765472 -0.625979 -0.149006
vn 0.765472 -0.625979 -0.149006
vn 0.765472 -0.625979 -0.149006
vn -0.528710 0.699399 0.480943
vn -0.528710 0.699399 0.480943
vn -0.528710 0.699399 0.480943
vn -0.528710 0.699399 0.480943
vn -0.765472 0.625979 0.149006
vn -0.765472 0.625979 0.149006
vn -0.765472 0.625979 0.149006
vn -0.765472 0.625979 0.149006
vn -0.523872 0.754898 0.394572
vn -0.523872 0.754898 0.394572
vn -0.523872 0.754898 0.394572
vn -0.523872 0.754898 0.394572
vn 0.903509 -0.412369 0.116720
vn 0.903509 -0.412369 0.116720
vn 0.903509 -0.412369 0.116720
vn 0.903509 -0.412369 0.116720
vn 0.485683 0.713965 -0.504347
vn 0.485683 0.713965 -0.504347
vn 0.485683 0.713965 -0.504347
vn 0.485683 0.713965 -0.504347
vn 0.485683 0.713965 -0.504347
vn 0.485683 0.713965 -0.504347
vn 0.485683 0.713965 -0.504347
vn 0.485683 0.713965 -0.504347
vn -0.969795 0.237526 0.055487
vn -0.969795 0.237526 0.055487
vn -0.969795 0.237526 0.055487
vn -0.969795 0.237526 0.055487
vn 0.817543 -0.570945 0.075142
vn 0.817543 -0.570945 0.075142
vn 0.817543 -0.570945 0.075142
vn 0.817543 -0.570945 0.075142
vn -0.721773 0.423222 0.547655
vn -0.721773 0.423222 0.547655
vn -0.721773 0.423222 0.547655
vn -0.721773 0.423222 0.547655
vn 0.765472 -0.625979 -0.149006
vn 0.765472 -0.625979 -0.149006
vn 0.765472 -0.625979 -0.149006
vn 0.765472 -0.625979 -0.149006
vn 0.548727 -0.614924 -0.566363
vn 0.548727 -0.614924 -0.566363
vn 0.548727 -0.614924 -0.566363
vn 0.548727 -0.614924 -0.566363
vn -0.765472 0.625979 0.149006
vn -0.765472 0.625979 0.149006
vn -0.765472 0.625979 0.149006
vn -0.765472 0.625979 0.149006
vn 0.584010 0.578631 0.569315
vn 0.584010 0.578631 0.569315
vn 0.584010 0.578631 0.569315
vn 0.584010 0.578631 0.569315
vn -0.058223 0.163238 -0.984867
vn -0.058223 0.163238 -0.984867
vn -0.058223 0.163238 -0.984867
vn -0.058223 0.163238 -0.984867
vn -0.796623 0.451584 0.401826
vn -0.796623 0.451584 0.401826
vn -0.796623 0.451584 0.401826
vn -0.796623 0.451584 0.401826
vn -0.856700 0.435731 0.276049
vn -0.856700 0.435731 0.276049
vn -0.856700 0.435731 0.276049
vn -0.856700 0.435731 0.276049
vn 0.793184 -0.608032 0.034007
vn 0.793184 -0.608032 0.034007
vn 0.793184 -0.608032 0.034007
vn 0.793184 -0.608032 0.034007
vn 0.584354 -0.690324 -0.426595
vn 0.584354 -0.690324 -0.426595
vn 0.584354 -0.690324 -0.426595
vn 0.584354 -0.690324 -0.426595
vn 0.646170 -0.716902 -0.261755
vn 0.646170 -0.716902 -0.261755
vn 0.646170 -0.716902 -0.261755
vn 0.646170 -0.716902 -0.261755
vn 0.713230 -0.694049 -0.097975
vn 0.713230 -0.694049 -0.097975
vn 0.713230 -0.694049 -0.097975
vn 0.713230 -0.694049 -0.097975
vn -0.880254 0.366160 0.301793
vn -0.880254 0.366160 0.301793
vn -0.880254 0.366160 0.301793
vn -0.880254 0.366160 0.301793
vn -0.869596 0.405254 0.282085
vn -0.869596 0.405254 0.282085
vn -0.869596 0.405254 0.282085
vn -0.869596 0.405254 0.282085
vn -0.891361 0.453294 -0.000356
vn -0.891361 0.453294 -0.000356
vn -0.891361 0.453294 -0.000356
vn -0.891361 0.453294 -0.000356
vn 0.397627 0.278097 0.874388
vn 0.397627 0.278097 0.874388
vn 0.397627 0.278097 0.874388
vn 0.397627 0.278097 0.874388
vn -0.448903 -0.353593 -0.820645
vn -0.448903 -0.353593 -0.820645
vn -0.448903 -0.353593 -0.820645
vn -0.448903 -0.353593 -0.820645
vn -0.696013 0.643749 0.318046
vn -0.696013 0.643749 0.318046
vn -0.696013 0.643749 0.318046
vn -0.696013 0.643749 0.318046
vn -0.624408 -0.660891 -0.416339
vn -0.624408 -0.660891 -0.416339
vn -0.624408 -0.660891 -0.416339
vn -0.624408 -0.660891 -0.416339
vn 0.764706 -0.627103 -0.148211
vn 0.764706 -0.627103 -0.148211
vn 0.764706 -0.627103 -0.148211
vn 0.764706 -0.627103 -0.148211
vn 0.471599 -0.698339 -0.538439
vn 0.471599 -0.698339 -0.538439
vn 0.471599 -0.698339 -0.538439
vn 0.471599 -0.698339 -0.538439
vn -0.478310 -0.709845 0.517049
vn -0.478310 -0.709845 0.517049
vn -0.478310 -0.709845 0.517049
vn -0.478310 -0.709845 0.517049
vn -0.928157 0.372153 0.005182
vn -0.928157 0.372153 0.005182
vn -0.928157 0.372153 0.005182
vn -0.928157 0.372153 0.005182
vn 0.833383 -0.531078 0.153067
vn 0.833383 -0.531078 0.153067
vn 0.833383 -0.531078 0.153067
vn 0.833383 -0.531078 0.153067
vn 0.422066 0.313649 0.850579
vn 0.422066 0.313649 0.850579
vn 0.422066 0.313649 0.850579
vn 0.422066 0.313649 0.850579
vn -0.702378 0.539303 0.464561
vn -0.702378 0.539303 0.464561
vn -0.702378 0.539303 0.464561
vn -0.702378 0.539303 0.464561
vn 0.422095 0.313695 0.850548
vn 0.422095 0.313695 0.850548
vn 0.422095 0.313695 0.850548
vn 0.422095 0.313695 0.850548
vn 0.587548 -0.756112 -0.288239
vn 0.587548 -0.756112 -0.288239
vn 0.587548 -0.756112 -0.288239
vn 0.587548 -0.756112 -0.288239
vn 0.361530 0.226827 0.904348
vn 0.361530 0.226827 0.904348
vn 0.361530 0.226827 0.904348
vn 0.361530 0.226827 0.904348
vn -0.476702 -0.396137 -0.784749
vn -0.476702 -0.396137 -0.784749
vn -0.476702 -0.396137 -0.784749
vn -0.476702 -0.396137 -0.784749
vn -0.422096 -0.313694 -0.850547
vn -0.422096 -0.313694 -0.850547
vn -0.422096 -0.313694 -0.850547
vn -0.422096 -0.313694 -0.850547
vn 0.731292 -0.672307 -0.114957
vn 0.731292 -0.672307 -0.114957
vn 0.731292 -0.672307 -0.114957
vn 0.731292 -0.672307 -0.114957
vn -0.796228 0.576850 0.182388
vn -0.796228 0.576850 0.182388
vn -0.796228 0.576850 0.182388
vn -0.796228 0.576850 0.182388
vn 0.393937 0.272790 0.877724
vn 0.393937 0.272790 0.877724
vn 0.393937 0.272790 0.877724
vn 0.393937 0.272790 0.877724
vn -0.803807 0.563352 0.191128
vn -0.803807 0.563352 0.191128
vn -0.803807 0.563352 0.191128
vn -0.803807 0.563352 0.191128
vn -0.666964 0.649168 0.365705
vn -0.666964 0.649168 0.365705
vn -0.666964 0.649168 0.365705
vn -0.666964 0.649168 0.365705
vn -0.445537 -0.348527 -0.824637
vn -0.445537 -0.348527 -0.824637
vn -0.445537 -0.348527 -0.824637
vn -0.445537 -0.348527 -0.824637
vn 0.820195 -0.566984 0.076216
vn 0.820195 -0.566984 0.076216
vn 0.820195 -0.566984 0.076216
vn 0.820195 -0.566984 0.076216
vn 0.630637 -0.716966 -0.297079
vn 0.630637 -0.716966 -0.297079
vn 0.630637 -0.716966 -0.297079
vn 0.630637 -0.716966 -0.297079
vn 0.809123 -0.587105 0.025057
vn 0.809123 -0.587105 0.025057
vn 0.809123 -0.587105 0.025057
vn 0.809123 -0.587105 0.025057
vn 0.404110 0.287459 0.868368
vn 0.404110 0.287459 0.868368
vn 0.404110 0.287459 0.868368
vn 0.404110 0.287459 0.868368
vn -0.440183 -0.340499 -0.830843
vn -0.440183 -0.340499 -0.830843
vn -0.440183 -0.340499 -0.830843
vn -0.440183 -0.340499 -0.830843
vn 0.422096 0.313693 0.850548
vn 0.422096 0.313693 0.850548
vn 0.422096 0.313693 0.850548
vn 0.422096 0.313693 0.850548
vn 0.746082 -0.661036 0.079958
vn 0.746082 -0.661036 0.079958
vn 0.746082 -0.661036 0.079958
vn 0.746082 -0.661036 0.079958
vn 0.591141 -0.786752 -0.177688
vn 0.591141 -0.786752 -0.177688
vn 0.591141 -0.786752 -0.177688
vn 0.591141 -0.786752 -0.177688
vn -0.422096 -0.313694 -0.850547
vn -0.422096 -0.313694 -0.850547
vn -0.422096 -0.313694 -0.850547
vn -0.422096 -0.313694 -0.850547
vn 0.721652 -0.684121 -0.105816
vn 0.721652 -0.684121 -0.105816
vn 0.721652 -0.684121 -0.105816
vn 0.721652 -0.684121 -0.105816
vn 0.422095 0.313695 0.850548
vn 0.422095 0.313695 0.850548
vn 0.422095 0.313695 0.850548
vn 0.422095 0.313695 0.850548
vn -0.863270 0.504703 -0.006277
vn -0.863270 0.504703 -0.006277
vn -0.863270 0.504703 -0.006277
vn -0.863270 0.504703 -0.006277
vn -0.692399 0.626151 0.358495
vn -0.692399 0.626151 0.358495
vn -0.692399 0.626151 0.358495
vn -0.692399 0.626151 0.358495
vn 0.422096 0.313693 0.850548
vn 0.422096 0.313693 0.850548
vn 0.422096 0.313693 0.850548
vn 0.422096 0.313693 0.850548
vn -0.706433 0.636056 0.310460
vn -0.706433 0.636056 0.310460
vn -0.706433 0.636056 0.310460
vn -0.706433 0.636056 0.310460
vn 0.422094 0.313693 0.850549
vn 0.422094 0.313693 0.850549
vn 0.422094 0.313693 0.850549
vn 0.422094 0.313693 0.850549
vn 0.800865 -0.594993 0.067818
vn 0.800865 -0.594993 0.067818
vn 0.800865 -0.594993 0.067818
vn 0.800865 -0.594993 0.067818
vn -0.422095 -0.313693 -0.850548
vn -0.422095 -0.313693 -0.850548
vn -0.422095 -0.313693 -0.850548
vn -0.422095 -0.313693 -0.850548
vn -0.422097 -0.313692 -0.850547
vn -0.422097 -0.313692 -0.850547
vn -0.422097 -0.313692 -0.850547
vn -0.422097 -0.313692 -0.850547
vn -0.422095 -0.313693 -0.850548
vn -0.422095 -0.313693 -0.850548
vn -0.422095 -0.313693 -0.850548
vn -0.422095 -0.313693 -0.850548
vn 0.801811 -0.597339 0.016867
vn 0.801811 -0.597339 0.016867
vn 0.801811 -0.597339 0.016867
vn 0.801811 -0.597339 0.016867
vn -0.485684 -0.713963 0.504349
vn -0.485684 -0.713963 0.504349
vn -0.485684 -0.713963 0.504349
vn -0.485684 -0.713963 0.504349
vn -0.485681 -0.713968 0.504345
vn -0.485681 -0.713968 0.504345
vn -0.485681 -0.713968 0.504345
vn -0.485681 -0.713968 0.504345
vn -0.485682 -0.713966 0.504348
vn -0.485682 -0.713966 0.504348
vn -0.485682 -0.713966 0.504348
vn -0.485682 -0.713966 0.504348
vn -0.240551 -0.493159 0.836020
vn -0.240551 -0.493159 0.836020
vn -0.240551 -0.493159 0.836020
vn -0.240551 -0.493159 0.836020
vn -0.422098 -0.313691 -0.850548
vn -0.422098 -0.313691 -0.850548
vn -0.422098 -0.313691 -0.850548
vn -0.422098 -0.313691 -0.850548
vn -0.786964 0.483580 0.383194
vn -0.786964 0.483580 0.383194
vn -0.786964 0.483580 0.383194
vn -0.786964 0.483580 0.383194
vn -0.896124 0.429486 0.111821
vn -0.896124 0.429486 0.111821
vn -0.896124 0.429486 0.111821
vn -0.896124 0.429486 0.111821
vn 0.686124 -0.721064 0.096445
vn 0.686124 -0.721064 0.096445
vn 0.686124 -0.721064 0.096445
vn 0.686124 -0.721064 0.096445
vn 0.422100 0.313696 0.850545
vn 0.422100 0.313696 0.850545
vn 0.422100 0.313696 0.850545
vn 0.422100 0.313696 0.850545
vn -0.422096 -0.313689 -0.850549
vn -0.422096 -0.313689 -0.850549
vn -0.422096 -0.313689 -0.850549
vn -0.422096 -0.313689 -0.850549
vn -0.868755 0.408056 0.280634
vn -0.868755 0.408056 0.280634
vn -0.868755 0.408056 0.280634
vn -0.868755 0.408056 0.280634
vn 0.422094 0.313694 0.850548
vn 0.422094 0.313694 0.850548
vn 0.422094 0.313694 0.850548
vn 0.422094 0.313694 0.850548
vn 0.604408 -0.796651 -0.006130
vn 0.604408 -0.796651 -0.006130
vn 0.604408 -0.796651 -0.006130
vn 0.604408 -0.796651 -0.006130
vn -0.743504 0.557101 0.369919
vn -0.743504 0.557101 0.369919
vn -0.743504 0.557101 0.369919
vn -0.743504 0.557101 0.369919
vn 0.422096 0.313694 0.850548
vn 0.422096 0.313694 0.850548
vn 0.422096 0.313694 0.850548
vn 0.422096 0.313694 0.850548
vn -0.422096 -0.313691 -0.850549
vn -0.422096 -0.313691 -0.850549
vn -0.422096 -0.313691 -0.850549
vn -0.422096 -0.313691 -0.850549
vn -0.523510 0.432967 0.733810
vn -0.523510 0.432967 0.733810
vn -0.523510 0.432967 0.733810
vn -0.523510 0.432967 0.733810
vn -0.788606 0.394646 0.471546
vn -0.788606 0.394646 0.471546
vn -0.788606 0.394646 0.471546
vn -0.788606 0.394646 0.471546
vn 0.059631 0.313037 -0.947867
vn 0.059631 0.313037 -0.947867
vn 0.059631 0.313037 -0.947867
vn 0.059631 0.313037 -0.947867
vn 0.793374 -0.552094 -0.256416
vn 0.793374 -0.552094 -0.256416
vn 0.793374 -0.552094 -0.256416
vn 0.793374 -0.552094 -0.256416
vn -0.651032 -0.678332 -0.340621
vn -0.651032 -0.678332 -0.340621
vn -0.651032 -0.678332 -0.340621
vn -0.651032 -0.678332 -0.340621
vn -0.191953 0.038400 -0.980653
vn -0.191953 0.038400 -0.980653
vn -0.191953 0.038400 -0.980653
vn -0.191953 0.038400 -0.980653
vn 0.697521 -0.594906 -0.399440
vn 0.697521 -0.594906 -0.399440
vn 0.697521 -0.594906 -0.399440
vn 0.697521 -0.594906 -0.399440
vn 0.019629 -0.239665 0.970657
vn 0.019629 -0.239665 0.970657
vn 0.019629 -0.239665 0.970657
vn 0.019629 -0.239665 0.970657
vn 0.505425 0.680540 0.530481
vn 0.505425 0.680540 0.530481
vn 0.505425 0.680540 0.530481
vn -0.885266 0.361855 -0.292172
vn -0.885266 0.361855 -0.292172
vn -0.885266 0.361855 -0.292172
vn -0.885266 0.361855 -0.292172
vn -0.717517 0.692336 -0.076419
vn -0.717517 0.692336 -0.076419
vn -0.717517 0.692336 -0.076419
vn -0.717517 0.692336 -0.076419
vn -0.876408 0.476523 0.069538
vn -0.876408 0.476523 0.069538
vn -0.876408 0.476523 0.069538
vn -0.876408 0.476523 0.069538
vn -0.975943 0.032299 0.215620
vn -0.975943 0.032299 0.215620
vn -0.975943 0.032299 0.215620
vn -0.975943 0.032299 0.215620
vn -0.541743 -0.561349 0.625621
vn -0.541743 -0.561349 0.625621
vn -0.541743 -0.561349 0.625621
vn -0.541743 -0.561349 0.625621
vn -0.373888 -0.266625 0.888324
vn -0.373888 -0.266625 0.888324
vn -0.373888 -0.266625 0.888324
vn -0.373888 -0.266625 0.888324
vn 0.170004 -0.570331 0.803630
vn 0.170004 -0.570331 0.803630
vn 0.170004 -0.570331 0.803630
vn 0.170004 -0.570331 0.803630
vn -0.004692 -0.842084 0.539325
vn -0.004692 -0.842084 0.539325
vn -0.004692 -0.842084 0.539325
vn -0.004692 -0.842084 0.539325
vn 0.605916 -0.794594 -0.038559
vn 0.605916 -0.794594 -0.038559
vn 0.605916 -0.794594 -0.038559
vn 0.605916 -0.794594 -0.038559
vn 0.848007 -0.513417 0.131484
vn 0.848007 -0.513417 0.131484
vn 0.848007 -0.513417 0.131484
vn 0.848007 -0.513417 0.131484
vn 0.919724 -0.092720 -0.381459
vn 0.919724 -0.092720 -0.381459
vn 0.919724 -0.092720 -0.381459
vn 0.919724 -0.092720 -0.381459
vn 0.696592 -0.465038 -0.546351
vn 0.696592 -0.465038 -0.546351
vn 0.696592 -0.465038 -0.546351
vn 0.696592 -0.465038 -0.546351
vn 0.262392 0.128610 -0.956352
vn 0.262392 0.128610 -0.956352
vn 0.262392 0.128610 -0.956352
vn 0.262392 0.128610 -0.956352
vn 0.528048 0.489432 -0.693990
vn 0.528048 0.489432 -0.693990
vn 0.528048 0.489432 -0.693990
vn 0.528048 0.489432 -0.693990
vn -0.064696 0.787254 -0.613225
vn -0.064696 0.787254 -0.613225
vn -0.064696 0.787254 -0.613225
vn -0.064696 0.787254 -0.613225
vn -0.274658 0.409345 -0.870057
vn -0.274658 0.409345 -0.870057
vn -0.274658 0.409345 -0.870057
vn -0.274658 0.409345 -0.870057
vn -0.605252 -0.701958 -0.375400
vn -0.605252 -0.701958 -0.375400
vn -0.605252 -0.701958 -0.375400
vn -0.605252 -0.701958 -0.375400
vn -0.331219 -0.845204 -0.419433
vn -0.331219 -0.845204 -0.419433
vn -0.331219 -0.845204 -0.419433
vn -0.331219 -0.845204 -0.419433
vn -0.284950 -0.677046 -0.678537
vn -0.284950 -0.677046 -0.678537
vn -0.284950 -0.677046 -0.678537
vn -0.284950 -0.677046 -0.678537
vn -0.558984 -0.533799 -0.634504
vn -0.558984 -0.533799 -0.634504
vn -0.558984 -0.533799 -0.634504
vn -0.558984 -0.533799 -0.634504
vn 0.673282 -0.270740 0.688034
vn 0.673282 -0.270740 0.688034
vn 0.673282 -0.270740 0.688034
vn 0.673282 -0.270740 0.688034
vn -0.286921 0.394055 0.873153
vn -0.286921 0.394055 0.873153
vn -0.286921 0.394055 0.873153
vn -0.286921 0.394055 0.873153
vn 0.167087 0.984502 -0.053277
vn 0.167087 0.984502 -0.053277
vn 0.167087 0.984502 -0.053277
vn 0.167087 0.984502 -0.053277
vn 0.670546 0.728564 -0.139866
vn 0.670546 0.728564 -0.139866
vn 0.670546 0.728564 -0.139866
vn 0.670546 0.728564 -0.139866
vn 0.001618 -0.639656 0.768660
vn 0.001618 -0.639656 0.768660
vn 0.001618 -0.639656 0.768660
vn 0.001618 -0.639656 0.768660
vn 0.615115 -0.721292 0.318389
vn 0.615115 -0.721292 0.318389
vn 0.615115 -0.721292 0.318389
vn 0.615115 -0.721292 0.318389
vn 0.868286 -0.380404 -0.318389
vn 0.868286 -0.380404 -0.318389
vn 0.868286 -0.380404 -0.318389
vn 0.868286 -0.380404 -0.318389
vn 0.612827 0.183318 -0.768659
vn 0.612827 0.183318 -0.768659
vn 0.612827 0.183318 -0.768659
vn 0.612827 0.183318 -0.768659
vn -0.001619 0.639656 -0.768659
vn -0.001619 0.639656 -0.768659
vn -0.001619 0.639656 -0.768659
vn -0.001619 0.639656 -0.768659
vn -0.615115 0.721292 -0.318389
vn -0.615115 0.721292 -0.318389
vn -0.615115 0.721292 -0.318389
vn -0.615115 0.721292 -0.318389
vn -0.868286 0.380404 0.318389
vn -0.868286 0.380404 0.318389
vn -0.868286 0.380404 0.318389
vn -0.868286 0.380404 0.318389
vn -0.612827 -0.183319 0.768660
vn -0.612827 -0.183319 0.768660
vn -0.612827 -0.183319 0.768660
vn -0.612827 -0.183319 0.768660
vn -0.001619 0.639656 -0.768660
vn -0.001619 0.639656 -0.768660
vn -0.001619 0.639656 -0.768660
vn -0.001619 0.639656 -0.768660
vn -0.615115 0.721292 -0.318390
vn -0.615115 0.721292 -0.318390
vn -0.615115 0.721292 -0.318390
vn -0.615115 0.721292 -0.318390
vn -0.868286 0.380404 0.318389
vn -0.868286 0.380404 0.318389
vn -0.868286 0.380404 0.318389
vn -0.868286 0.380404 0.318389
vn -0.612827 -0.183317 0.768660
vn -0.612827 -0.183317 0.768660
vn -0.612827 -0.183317 0.768660
vn -0.612827 -0.183317 0.768660
vn 0.001619 -0.639656 0.768660
vn 0.001619 -0.639656 0.768660
vn 0.001619 -0.639656 0.768660
vn 0.001619 -0.639656 0.768660
vn 0.615115 -0.721292 0.318389
vn 0.615115 -0.721292 0.318389
vn 0.615115 -0.721292 0.318389
vn 0.615115 -0.721292 0.318389
vn 0.868286 -0.380404 -0.318390
vn 0.868286 -0.380404 -0.318390
vn 0.868286 -0.380404 -0.318390
vn 0.868286 -0.380404 -0.318390
vn 0.612827 0.183318 -0.768660
vn 0.612827 0.183318 -0.768660
vn 0.612827 0.183318 -0.768660
vn 0.612827 0.183318 -0.768660
vn -0.496061 -0.667932 -0.554789
vn -0.496061 -0.667932 -0.554789
vn -0.496061 -0.667932 -0.554789
vn -0.496061 -0.667932 -0.554789
vn 0.496061 0.667932 0.554789
vn 0.496061 0.667932 0.554789
vn 0.496061 0.667932 0.554789
vn 0.496061 0.667932 0.554789
vn -0.496062 -0.667932 -0.554788
vn -0.496062 -0.667932 -0.554788
vn -0.496062 -0.667932 -0.554788
vn -0.496062 -0.667932 -0.554788
vn 0.496061 0.667932 0.554789
vn 0.496061 0.667932 0.554789
vn 0.496061 0.667932 0.554789
vn 0.496061 0.667932 0.554789
vn -0.496062 -0.667931 -0.554789
vn -0.496062 -0.667931 -0.554789
vn -0.496062 -0.667931 -0.554789
vn -0.496062 -0.667931 -0.554789
vn 0.496062 0.667932 0.554788
vn 0.496062 0.667932 0.554788
vn 0.496062 0.667932 0.554788
vn 0.496062 0.667932 0.554788
vn -0.496062 -0.667932 -0.554788
vn -0.496062 -0.667932 -0.554788
vn -0.496062 -0.667932 -0.554788
vn -0.496062 -0.667932 -0.554788
vn 0.496061 0.667932 0.554789
vn 0.496061 0.667932 0.554789
vn 0.496061 0.667932 0.554789
vn 0.496061 0.667932 0.554789
vn -0.496061 -0.667932 -0.554788
vn -0.496061 -0.667932 -0.554788
vn -0.496061 -0.667932 -0.554788
vn -0.496061 -0.667932 -0.554788
vn 0.496061 0.667932 0.554789
vn 0.496061 0.667932 0.554789
vn 0.496061 0.667932 0.554789
vn 0.496061 0.667932 0.554789
vn -0.496060 -0.667932 -0.554790
vn -0.496060 -0.667932 -0.554790
vn -0.496060 -0.667932 -0.554790
vn -0.496060 -0.667932 -0.554790
vn 0.496061 0.667932 0.554788
vn 0.496061 0.667932 0.554788
vn 0.496061 0.667932 0.554788
vn 0.496061 0.667932 0.554788
vn -0.496061 -0.667932 -0.554788
vn -0.496061 -0.667932 -0.554788
vn -0.496061 -0.667932 -0.554788
vn -0.496061 -0.667932 -0.554788
vn 0.496061 0.667931 0.554789
vn 0.496061 0.667931 0.554789
vn 0.496061 0.667931 0.554789
vn 0.496061 0.667931 0.554789
vn -0.496061 -0.667931 -0.554789
vn -0.496061 -0.667931 -0.554789
vn -0.496061 -0.667931 -0.554789
vn -0.496061 -0.667931 -0.554789
vn 0.496061 0.667932 0.554789
vn 0.496061 0.667932 0.554789
vn 0.496061 0.667932 0.554789
vn 0.496061 0.667932 0.554789
vn 0.138161 -0.645783 0.750917
vn 0.138161 -0.645783 0.750917
vn 0.138161 -0.645783 0.750917
vn 0.138161 -0.645783 0.750917
vn 0.819333 -0.572804 0.024291
vn 0.818853 -0.573496 0.024110
vn 0.818853 -0.573496 0.024110
vn 0.818853 -0.573496 0.024110
vn 0.693368 0.094672 -0.714337
vn 0.693368 0.094672 -0.714337
vn 0.693368 0.094672 -0.714337
vn 0.693368 0.094672 -0.714337
vn -0.109759 0.691141 -0.714337
vn -0.109759 0.691141 -0.714337
vn -0.109759 0.691141 -0.714337
vn -0.109759 0.691141 -0.714337
vn -0.505408 -0.680536 -0.530503
vn -0.505408 -0.680536 -0.530503
vn -0.505408 -0.680536 -0.530503
vn -0.787196 0.616186 0.025266
vn -0.786902 0.616670 0.022440
vn -0.786902 0.616670 0.022440
vn -0.786902 0.616670 0.022440
vn -0.658155 -0.054374 0.750917
vn -0.658155 -0.054374 0.750917
vn -0.658155 -0.054374 0.750917
vn -0.658155 -0.054374 0.750917
vn -0.691652 -0.123348 0.711620
vn -0.691652 -0.123348 0.711620
vn -0.691652 -0.123348 0.711620
vn -0.691652 -0.123348 0.711620
vn -0.813745 0.580806 -0.021980
vn -0.813745 0.580806 -0.021980
vn -0.813745 0.580806 -0.021980
vn -0.815342 0.578550 -0.022285
vn -0.124565 0.624595 -0.770951
vn -0.124565 0.624595 -0.770951
vn -0.124565 0.624595 -0.770951
vn -0.124565 0.624595 -0.770951
vn 0.640082 0.036147 -0.767456
vn 0.640082 0.036147 -0.767456
vn 0.640082 0.036147 -0.767456
vn 0.640082 0.036147 -0.767456
vn 0.767818 -0.639619 -0.036645
vn 0.767818 -0.639619 -0.036645
vn 0.767818 -0.639619 -0.036645
vn 0.767991 -0.639361 -0.037508
vn 0.097751 -0.717393 0.689777
vn 0.097751 -0.717393 0.689777
vn 0.097751 -0.717393 0.689777
vn 0.097751 -0.717393 0.689777
vn 0.227810 -0.633025 0.739853
vn 0.227810 -0.633025 0.739853
vn 0.227810 -0.633025 0.739853
vn 0.227810 -0.633025 0.739853
vn 0.820186 -0.535510 0.201306
vn 0.820186 -0.535510 0.201306
vn 0.820186 -0.535510 0.201306
vn 0.820186 -0.535510 0.201306
vn 0.785374 0.121398 -0.607001
vn 0.785374 0.121398 -0.607001
vn 0.785374 0.121398 -0.607001
vn 0.785374 0.121398 -0.607001
vn -0.048803 0.697210 -0.715204
vn -0.048803 0.697210 -0.715204
vn -0.048803 0.697210 -0.715204
vn -0.950162 0.273381 0.149850
vn -0.950162 0.273381 0.149850
vn -0.950162 0.273381 0.149850
vn -0.950162 0.273381 0.149850
vn -0.664559 -0.089927 0.741805
vn -0.664559 -0.089927 0.741805
vn -0.664559 -0.089927 0.741805
vn -0.619185 0.178630 0.764658
vn -0.619185 0.178630 0.764658
vn -0.619185 0.178630 0.764658
vn -0.619185 0.178630 0.764658
vn -0.911744 0.381733 -0.151669
vn -0.911744 0.381733 -0.151669
vn -0.911744 0.381733 -0.151669
vn -0.911744 0.381733 -0.151669
vn -0.133267 0.832826 -0.537252
vn -0.133267 0.832826 -0.537252
vn -0.133267 0.832826 -0.537252
vn -0.133267 0.832826 -0.537252
vn 0.835802 0.113118 -0.537251
vn 0.835802 0.113118 -0.537251
vn 0.835802 0.113118 -0.537251
vn 0.835802 0.113118 -0.537251
vn 0.627162 -0.764895 -0.146977
vn 0.627162 -0.764895 -0.146977
vn 0.627162 -0.764895 -0.146977
vn 0.627162 -0.764895 -0.146977
vn 0.349959 -0.541135 0.764658
vn 0.349959 -0.541135 0.764658
vn 0.349959 -0.541135 0.764658
vn 0.349959 -0.541135 0.764658
vn -0.727184 -0.070112 0.682852
vn -0.727184 -0.070112 0.682852
vn -0.727184 -0.070112 0.682852
vn -0.727184 -0.070112 0.682852
vn -0.829019 0.556157 -0.058456
vn -0.829019 0.556157 -0.058456
vn -0.829019 0.556157 -0.058456
vn -0.831431 0.552667 -0.057294
vn -0.163490 0.591050 -0.789893
vn -0.163490 0.591050 -0.789893
vn -0.163490 0.591050 -0.789893
vn -0.163490 0.591050 -0.789893
vn 0.613077 0.014307 -0.789893
vn 0.613077 0.014307 -0.789893
vn 0.613077 0.014307 -0.789893
vn 0.613077 0.014307 -0.789893
vn 0.771839 -0.633752 -0.051208
vn 0.771839 -0.633752 -0.051208
vn 0.771839 -0.633752 -0.051208
vn 0.772708 -0.632552 -0.052918
vn 0.143044 -0.716415 0.682852
vn 0.143044 -0.716415 0.682852
vn 0.143044 -0.716415 0.682852
vn 0.143044 -0.716415 0.682852
vn -0.829778 0.555740 -0.051209
vn -0.827511 0.558913 -0.053310
vn -0.830683 0.554004 -0.055182
vn -0.829778 0.555740 -0.051209
vn -0.913511 0.379335 -0.146978
vn -0.913511 0.379335 -0.146978
vn -0.913511 0.379335 -0.146978
vn -0.913511 0.379335 -0.146978
vn -0.744213 0.562957 -0.359481
vn -0.744213 0.562957 -0.359481
vn -0.744213 0.562957 -0.359481
vn -0.744213 0.562957 -0.359481
vn -0.815529 0.578554 -0.013683
vn -0.815529 0.578554 -0.013683
vn -0.815181 0.578974 -0.016418
vn -0.815529 0.578554 -0.013683
vn -0.785680 0.618163 0.024110
vn -0.783907 0.620398 0.024424
vn -0.785680 0.618163 0.024110
vn -0.785680 0.618163 0.024110
vn -0.806252 0.591477 -0.010607
vn -0.803731 0.594879 -0.011647
vn -0.806252 0.591477 -0.010607
vn -0.806252 0.591477 -0.010607
vn -0.694151 -0.064060 0.716973
vn -0.694151 -0.064060 0.716973
vn -0.694151 -0.064060 0.716973
vn -0.694151 -0.064060 0.716973
vn -0.807630 0.589689 0.000809
vn -0.808586 0.588369 -0.003122
vn -0.808586 0.588369 -0.003122
vn -0.808586 0.588369 -0.003122
vn -0.078481 0.699325 -0.710482
vn -0.078481 0.699325 -0.710482
vn -0.078481 0.699325 -0.710482
vn -0.078481 0.699325 -0.710482
vn 0.719327 0.109756 -0.685946
vn 0.719327 0.109756 -0.685946
vn 0.719327 0.109756 -0.685946
vn 0.719327 0.109756 -0.685946
vn 0.805409 -0.591517 0.037730
vn 0.804304 -0.593077 0.036805
vn 0.804304 -0.593077 0.036805
vn 0.804304 -0.593077 0.036805
vn 0.161104 -0.683019 0.712412
vn 0.161104 -0.683019 0.712412
vn 0.161104 -0.683019 0.712412
vn 0.161104 -0.683019 0.712412
vn -0.623593 0.759030 -0.187098
vn -0.623593 0.759030 -0.187098
vn -0.623593 0.759030 -0.187098
vn -0.623593 0.759030 -0.187098
vn 0.104101 -0.786192 0.609152
vn 0.104101 -0.786192 0.609152
vn 0.104101 -0.786192 0.609152
vn 0.104101 -0.786192 0.609152
vn 0.651386 -0.758505 -0.019147
vn 0.651386 -0.758505 -0.019147
vn 0.651386 -0.758505 -0.019147
vn 0.651386 -0.758505 -0.019147
vn 0.629825 -0.067860 -0.773767
vn 0.629825 -0.067860 -0.773767
vn 0.629825 -0.067860 -0.773767
vn 0.629825 -0.067860 -0.773767
vn -0.107835 0.611579 -0.783800
vn -0.107835 0.611579 -0.783800
vn -0.107835 0.611579 -0.783800
vn -0.801927 0.515731 0.301553
vn -0.801927 0.515731 0.301553
vn -0.801927 0.515731 0.301553
vn -0.801927 0.515731 0.301553
vn -0.712189 -0.169024 0.681335
vn -0.712189 -0.169024 0.681335
vn -0.712189 -0.169024 0.681335
vn -0.037685 0.737996 -0.673752
vn -0.037685 0.737996 -0.673752
vn -0.037685 0.737996 -0.673752
vn -0.681822 -0.153531 0.715225
vn -0.681822 -0.153531 0.715225
vn -0.681822 -0.153531 0.715225
vn -0.155818 0.580754 -0.799028
vn -0.155818 0.580754 -0.799028
vn -0.155818 0.580754 -0.799028
vn -0.669474 -0.106497 0.735162
vn -0.669474 -0.106497 0.735162
vn -0.669474 -0.106497 0.735162
vn 0.713122 -0.668036 -0.212568
vn 0.713122 -0.668036 -0.212568
vn 0.713122 -0.668036 -0.212568
vn 0.713122 -0.668036 -0.212568
vn 0.820540 -0.571559 -0.005854
vn 0.819701 -0.572776 -0.004186
vn 0.820540 -0.571559 -0.005854
vn 0.820540 -0.571559 -0.005854
vn 0.772020 -0.632905 -0.058456
vn 0.771557 -0.633643 -0.056526
vn 0.770713 -0.634423 -0.059243
vn 0.772020 -0.632905 -0.058456
vn 0.628947 -0.762511 -0.151669
vn 0.628947 -0.762511 -0.151669
vn 0.628947 -0.762511 -0.151669
vn 0.628947 -0.762511 -0.151669
vn 0.906653 -0.421391 -0.020226
vn 0.906653 -0.421391 -0.020226
vn 0.906653 -0.421391 -0.020226
vn 0.906653 -0.421391 -0.020226
vn 0.772629 -0.632174 -0.058317
vn 0.772629 -0.632174 -0.058317
vn 0.772266 -0.632605 -0.058438
vn 0.772629 -0.632174 -0.058317
vn 0.817777 -0.575097 0.022440
vn 0.817676 -0.575224 0.022892
vn 0.817777 -0.575097 0.022440
vn 0.817777 -0.575097 0.022440
vn 0.505425 0.680540 0.530481
vn 0.505425 0.680540 0.530481
vn 0.505425 0.680540 0.530481
vn 0.505425 0.680540 0.530482
vn 0.505425 0.680540 0.530482
vn 0.505425 0.680540 0.530482
vn 0.505425 0.680541 0.530481
vn 0.505425 0.680541 0.530481
vn 0.505425 0.680541 0.530481
vn 0.505425 0.680540 0.530482
vn 0.505425 0.680540 0.530482
vn 0.505425 0.680540 0.530482
vn 0.505426 0.680540 0.530481
vn 0.505426 0.680540 0.530481
vn 0.505426 0.680540 0.530481
vn 0.505425 0.680541 0.530481
vn 0.505425 0.680541 0.530481
vn 0.505425 0.680541 0.530481
vn 0.505425 0.680540 0.530482
vn 0.505425 0.680540 0.530482
vn 0.505425 0.680540 0.530482
vn -0.505408 -0.680538 -0.530500
vn -0.505408 -0.680538 -0.530500
vn -0.505408 -0.680538 -0.530500
vn -0.505409 -0.680537 -0.530500
vn -0.505409 -0.680537 -0.530500
vn -0.505409 -0.680537 -0.530500
vn -0.505408 -0.680540 -0.530498
vn -0.505408 -0.680540 -0.530498
vn -0.505408 -0.680540 -0.530498
vn -0.505429 -0.680523 -0.530500
vn -0.505429 -0.680523 -0.530500
vn -0.505429 -0.680523 -0.530500
vn -0.505429 -0.680524 -0.530498
vn -0.505429 -0.680524 -0.530498
vn -0.505429 -0.680524 -0.530498
vn -0.505429 -0.680523 -0.530500
vn -0.505429 -0.680523 -0.530500
vn -0.505429 -0.680523 -0.530500
vn -0.505426 -0.680523 -0.530503
vn -0.505426 -0.680523 -0.530503
vn -0.505426 -0.680523 -0.530503
vn 0.768139 -0.638545 -0.047141
vn 0.768139 -0.638545 -0.047141
vn 0.766869 -0.640021 -0.047809
vn 0.768139 -0.638545 -0.047141
vn -0.836352 0.547283 -0.031590
vn -0.836352 0.547283 -0.031590
vn -0.837509 0.545279 -0.035354
vn -0.836352 0.547283 -0.031590
vn 0.107116 -0.703977 0.702098
vn 0.107116 -0.703977 0.702098
vn 0.107116 -0.703977 0.702098
vn 0.107116 -0.703977 0.702098
vn 0.765642 -0.642490 -0.031589
vn 0.765642 -0.642490 -0.031589
vn 0.765642 -0.642490 -0.031589
vn 0.765642 -0.642490 -0.031589
vn 0.620524 0.004700 -0.784173
vn 0.620524 0.004700 -0.784173
vn 0.620524 0.004700 -0.784173
vn 0.620524 0.004700 -0.784173
vn -0.174838 0.595404 -0.784172
vn -0.174838 0.595404 -0.784172
vn -0.174838 0.595404 -0.784172
vn -0.174838 0.595404 -0.784172
vn -0.833296 0.550813 -0.047141
vn -0.833296 0.550813 -0.047141
vn -0.833296 0.550813 -0.047141
vn -0.833296 0.550813 -0.047141
vn -0.704893 -0.100910 0.702099
vn -0.704893 -0.100910 0.702099
vn -0.704893 -0.100910 0.702099
vn -0.704893 -0.100910 0.702099
vn 0.015008 -0.621628 0.783169
vn 0.015008 -0.621628 0.783169
vn 0.015008 -0.621628 0.783169
vn 0.015008 -0.621628 0.783169
vn 0.620662 -0.713824 0.324399
vn 0.620662 -0.713824 0.324399
vn 0.620662 -0.713824 0.324399
vn 0.620662 -0.713824 0.324399
vn 0.862740 -0.387872 -0.324400
vn 0.862740 -0.387872 -0.324400
vn 0.862740 -0.387872 -0.324400
vn 0.862740 -0.387872 -0.324400
vn 0.599437 0.165291 -0.783169
vn 0.599437 0.165291 -0.783169
vn 0.599437 0.165291 -0.783169
vn 0.599437 0.165291 -0.783169
vn -0.015006 0.621627 -0.783169
vn -0.015006 0.621627 -0.783169
vn -0.015006 0.621627 -0.783169
vn -0.015006 0.621627 -0.783169
vn -0.620661 0.713824 -0.324399
vn -0.620661 0.713824 -0.324399
vn -0.620661 0.713824 -0.324399
vn -0.620661 0.713824 -0.324399
vn -0.862740 0.387872 0.324398
vn -0.862740 0.387872 0.324398
vn -0.862740 0.387872 0.324398
vn -0.862740 0.387872 0.324398
vn -0.599438 -0.165290 0.783169
vn -0.599438 -0.165290 0.783169
vn -0.599438 -0.165290 0.783169
vn -0.599438 -0.165290 0.783169
vn -0.015013 0.621629 -0.783168
vn -0.015013 0.621629 -0.783168
vn -0.015013 0.621629 -0.783168
vn -0.015013 0.621629 -0.783168
vn -0.620662 0.713824 -0.324398
vn -0.620662 0.713824 -0.324398
vn -0.620662 0.713824 -0.324398
vn -0.620662 0.713824 -0.324398
vn -0.862739 0.387873 0.324400
vn -0.862739 0.387873 0.324400
vn -0.862739 0.387873 0.324400
vn -0.862739 0.387873 0.324400
vn -0.599436 -0.165287 0.783171
vn -0.599436 -0.165287 0.783171
vn -0.599436 -0.165287 0.783171
vn -0.599436 -0.165287 0.783171
vn 0.015009 -0.621626 0.783171
vn 0.015009 -0.621626 0.783171
vn 0.015009 -0.621626 0.783171
vn 0.015009 -0.621626 0.783171
vn 0.620662 -0.713823 0.324400
vn 0.620662 -0.713823 0.324400
vn 0.620662 -0.713823 0.324400
vn 0.620662 -0.713823 0.324400
vn 0.862740 -0.387872 -0.324398
vn 0.862740 -0.387872 -0.324398
vn 0.862740 -0.387872 -0.324398
vn 0.862740 -0.387872 -0.324398
vn 0.599440 0.165288 -0.783168
vn 0.599440 0.165288 -0.783168
vn 0.599440 0.165288 -0.783168
vn 0.599440 0.165288 -0.783168
vn -0.505426 -0.680539 -0.530482
vn -0.505426 -0.680539 -0.530482
vn -0.505426 -0.680539 -0.530482
vn -0.505426 -0.680539 -0.530482
vn 0.505428 0.680542 0.530476
vn 0.505428 0.680542 0.530476
vn 0.505428 0.680542 0.530476
vn 0.505428 0.680542 0.530476
vn -0.505426 -0.680540 -0.530481
vn -0.505426 -0.680540 -0.530481
vn -0.505426 -0.680540 -0.530481
vn -0.505426 -0.680540 -0.530481
vn 0.505421 0.680542 0.530482
vn 0.505421 0.680542 0.530482
vn 0.505421 0.680542 0.530482
vn 0.505421 0.680542 0.530482
vn -0.505427 -0.680539 -0.530482
vn -0.505427 -0.680539 -0.530482
vn -0.505427 -0.680539 -0.530482
vn -0.505427 -0.680539 -0.530482
vn 0.505427 0.680540 0.530480
vn 0.505427 0.680540 0.530480
vn 0.505427 0.680540 0.530480
vn 0.505427 0.680540 0.530480
vn -0.505429 -0.680542 -0.530476
vn -0.505429 -0.680542 -0.530476
vn -0.505429 -0.680542 -0.530476
vn -0.505429 -0.680542 -0.530476
vn 0.505425 0.680540 0.530481
vn 0.505425 0.680540 0.530481
vn 0.505425 0.680540 0.530481
vn 0.505425 0.680540 0.530481
vn -0.505425 -0.680544 -0.530477
vn -0.505425 -0.680544 -0.530477
vn -0.505425 -0.680544 -0.530477
vn -0.505425 -0.680544 -0.530477
vn 0.505425 0.680540 0.530481
vn 0.505425 0.680540 0.530481
vn 0.505425 0.680540 0.530481
vn 0.505425 0.680540 0.530481
vn -0.505424 -0.680543 -0.530479
vn -0.505424 -0.680543 -0.530479
vn -0.505424 -0.680543 -0.530479
vn -0.505424 -0.680543 -0.530479
vn 0.505423 0.680543 0.530480
vn 0.505423 0.680543 0.530480
vn 0.505423 0.680543 0.530480
vn 0.505423 0.680543 0.530480
vn -0.505422 -0.680542 -0.530481
vn -0.505422 -0.680542 -0.530481
vn -0.505422 -0.680542 -0.530481
vn -0.505422 -0.680542 -0.530481
vn 0.505423 0.680541 0.530482
vn 0.505423 0.680541 0.530482
vn 0.505423 0.680541 0.530482
vn 0.505423 0.680541 0.530482
vn -0.505425 -0.680541 -0.530481
vn -0.505425 -0.680541 -0.530481
vn -0.505425 -0.680541 -0.530481
vn -0.505425 -0.680541 -0.530481
vn 0.505428 0.680542 0.530477
vn 0.505428 0.680542 0.530477
vn 0.505428 0.680542 0.530477
vn 0.505428 0.680542 0.530477
vn 0.485683 0.713966 0.504346
vn 0.485683 0.713966 0.504346
vn 0.485683 0.713966 0.504346
vn 0.485683 0.713966 0.504346
vn 0.422096 0.313692 -0.850548
vn 0.422096 0.313692 -0.850548
vn 0.422096 0.313692 -0.850548
vn 0.422096 0.313692 -0.850548
vn -0.754469 0.601158 0.263411
vn -0.754469 0.601158 0.263411
vn -0.754469 0.601158 0.263411
vn -0.754469 0.601158 0.263411
vn -0.422096 -0.313695 0.850547
vn -0.422096 -0.313695 0.850547
vn -0.422096 -0.313695 0.850547
vn -0.422096 -0.313695 0.850547
vn -0.871149 0.442986 0.211810
vn -0.871149 0.442986 0.211810
vn -0.871149 0.442986 0.211810
vn -0.871149 0.442986 0.211810
vn 0.525960 -0.699524 0.483769
vn 0.525960 -0.699524 0.483769
vn 0.525960 -0.699524 0.483769
vn 0.525960 -0.699524 0.483769
vn 0.870857 -0.445122 -0.208505
vn 0.870857 -0.445122 -0.208505
vn 0.870857 -0.445122 -0.208505
vn 0.870857 -0.445122 -0.208505
vn 0.765472 -0.625979 0.149006
vn 0.765472 -0.625979 0.149006
vn 0.765472 -0.625979 0.149006
vn 0.765472 -0.625979 0.149006
vn -0.528710 0.699399 -0.480943
vn -0.528710 0.699399 -0.480943
vn -0.528710 0.699399 -0.480943
vn -0.528710 0.699399 -0.480943
vn -0.765472 0.625979 -0.149006
vn -0.765472 0.625979 -0.149006
vn -0.765472 0.625979 -0.149006
vn -0.765472 0.625979 -0.149006
vn -0.523872 0.754898 -0.394572
vn -0.523872 0.754898 -0.394572
vn -0.523872 0.754898 -0.394572
vn -0.523872 0.754898 -0.394572
vn 0.903509 -0.412369 -0.116720
vn 0.903509 -0.412369 -0.116720
vn 0.903509 -0.412369 -0.116720
vn 0.903509 -0.412369 -0.116720
vn 0.485683 0.713965 0.504346
vn 0.485683 0.713965 0.504346
vn 0.485683 0.713965 0.504346
vn 0.485683 0.713965 0.504346
vn 0.485682 0.713965 0.504348
vn 0.485682 0.713965 0.504348
vn 0.485682 0.713965 0.504348
vn 0.485682 0.713965 0.504348
vn -0.969795 0.237526 -0.055487
vn -0.969795 0.237526 -0.055487
vn -0.969795 0.237526 -0.055487
vn -0.969795 0.237526 -0.055487
vn 0.817543 -0.570945 -0.075142
vn 0.817543 -0.570945 -0.075142
vn 0.817543 -0.570945 -0.075142
vn 0.817543 -0.570945 -0.075142
vn -0.721774 0.423222 -0.547655
vn -0.721774 0.423222 -0.547655
vn -0.721774 0.423222 -0.547655
vn -0.721774 0.423222 -0.547655
vn 0.765472 -0.625979 0.149006
vn 0.765472 -0.625979 0.149006
vn 0.765472 -0.625979 0.149006
vn 0.765472 -0.625979 0.149006
vn 0.548727 -0.614924 0.566363
vn 0.548727 -0.614924 0.566363
vn 0.548727 -0.614924 0.566363
vn 0.548727 -0.614924 0.566363
vn -0.765472 0.625979 -0.149006
vn -0.765472 0.625979 -0.149006
vn -0.765472 0.625979 -0.149006
vn -0.765472 0.625979 -0.149006
vn 0.584010 0.578631 -0.569314
vn 0.584010 0.578631 -0.569314
vn 0.584010 0.578631 -0.569314
vn 0.584010 0.578631 -0.569314
vn -0.058223 0.163238 0.984867
vn -0.058223 0.163238 0.984867
vn -0.058223 0.163238 0.984867
vn -0.058223 0.163238 0.984867
vn -0.796623 0.451583 -0.401826
vn -0.796623 0.451583 -0.401826
vn -0.796623 0.451583 -0.401826
vn -0.796623 0.451583 -0.401826
vn -0.856701 0.435730 -0.276049
vn -0.856701 0.435730 -0.276049
vn -0.856701 0.435730 -0.276049
vn -0.856701 0.435730 -0.276049
vn 0.793184 -0.608032 -0.034007
vn 0.793184 -0.608032 -0.034007
vn 0.793184 -0.608032 -0.034007
vn 0.793184 -0.608032 -0.034007
vn 0.584354 -0.690324 0.426595
vn 0.584354 -0.690324 0.426595
vn 0.584354 -0.690324 0.426595
vn 0.584354 -0.690324 0.426595
vn 0.646170 -0.716902 0.261755
vn 0.646170 -0.716902 0.261755
vn 0.646170 -0.716902 0.261755
vn 0.646170 -0.716902 0.261755
vn 0.713230 -0.694048 0.097975
vn 0.713230 -0.694048 0.097975
vn 0.713230 -0.694048 0.097975
vn 0.713230 -0.694048 0.097975
vn -0.880254 0.366161 -0.301792
vn -0.880254 0.366161 -0.301792
vn -0.880254 0.366161 -0.301792
vn -0.880254 0.366161 -0.301792
vn -0.869596 0.405254 -0.282085
vn -0.869596 0.405254 -0.282085
vn -0.869596 0.405254 -0.282085
vn -0.869596 0.405254 -0.282085
vn -0.891361 0.453294 0.000356
vn -0.891361 0.453294 0.000356
vn -0.891361 0.453294 0.000356
vn -0.891361 0.453294 0.000356
vn 0.397627 0.278097 -0.874388
vn 0.397627 0.278097 -0.874388
vn 0.397627 0.278097 -0.874388
vn 0.397627 0.278097 -0.874388
vn -0.448903 -0.353593 0.820645
vn -0.448903 -0.353593 0.820645
vn -0.448903 -0.353593 0.820645
vn -0.448903 -0.353593 0.820645
vn -0.696013 0.643749 -0.318046
vn -0.696013 0.643749 -0.318046
vn -0.696013 0.643749 -0.318046
vn -0.696013 0.643749 -0.318046
vn -0.624409 -0.660890 0.416339
vn -0.624409 -0.660890 0.416339
vn -0.624409 -0.660890 0.416339
vn -0.624409 -0.660890 0.416339
vn 0.764706 -0.627103 0.148211
vn 0.764706 -0.627103 0.148211
vn 0.764706 -0.627103 0.148211
vn 0.764706 -0.627103 0.148211
vn 0.471600 -0.698339 0.538438
vn 0.471600 -0.698339 0.538438
vn 0.471600 -0.698339 0.538438
vn 0.471600 -0.698339 0.538438
vn -0.478312 -0.709844 -0.517048
vn -0.478312 -0.709844 -0.517048
vn -0.478312 -0.709844 -0.517048
vn -0.478312 -0.709844 -0.517048
vn -0.928157 0.372154 -0.005182
vn -0.928157 0.372154 -0.005182
vn -0.928157 0.372154 -0.005182
vn -0.928157 0.372154 -0.005182
vn 0.833383 -0.531077 -0.153067
vn 0.833383 -0.531077 -0.153067
vn 0.833383 -0.531077 -0.153067
vn 0.833383 -0.531077 -0.153067
vn 0.422066 0.313649 -0.850579
vn 0.422066 0.313649 -0.850579
vn 0.422066 0.313649 -0.850579
vn 0.422066 0.313649 -0.850579
vn -0.702379 0.539302 -0.464562
vn -0.702379 0.539302 -0.464562
vn -0.702379 0.539302 -0.464562
vn -0.702379 0.539302 -0.464562
vn 0.422095 0.313695 -0.850548
vn 0.422095 0.313695 -0.850548
vn 0.422095 0.313695 -0.850548
vn 0.422095 0.313695 -0.850548
vn 0.587548 -0.756112 0.288239
vn 0.587548 -0.756112 0.288239
vn 0.587548 -0.756112 0.288239
vn 0.587548 -0.756112 0.288239
vn 0.361529 0.226827 -0.904348
vn 0.361529 0.226827 -0.904348
vn 0.361529 0.226827 -0.904348
vn 0.361529 0.226827 -0.904348
vn -0.476703 -0.396135 0.784749
vn -0.476703 -0.396135 0.784749
vn -0.476703 -0.396135 0.784749
vn -0.476703 -0.396135 0.784749
vn -0.422096 -0.313694 0.850547
vn -0.422096 -0.313694 0.850547
vn -0.422096 -0.313694 0.850547
vn -0.422096 -0.313694 0.850547
vn 0.731292 -0.672307 0.114957
vn 0.731292 -0.672307 0.114957
vn 0.731292 -0.672307 0.114957
vn 0.731292 -0.672307 0.114957
vn -0.796228 0.576850 -0.182388
vn -0.796228 0.576850 -0.182388
vn -0.796228 0.576850 -0.182388
vn -0.796228 0.576850 -0.182388
vn 0.393936 0.272789 -0.877725
vn 0.393936 0.272789 -0.877725
vn 0.393936 0.272789 -0.877725
vn 0.393936 0.272789 -0.877725
vn -0.803807 0.563351 -0.191128
vn -0.803807 0.563351 -0.191128
vn -0.803807 0.563351 -0.191128
vn -0.803807 0.563351 -0.191128
vn -0.666964 0.649168 -0.365705
vn -0.666964 0.649168 -0.365705
vn -0.666964 0.649168 -0.365705
vn -0.666964 0.649168 -0.365705
vn -0.445537 -0.348527 0.824637
vn -0.445537 -0.348527 0.824637
vn -0.445537 -0.348527 0.824637
vn -0.445537 -0.348527 0.824637
vn 0.820195 -0.566984 -0.076216
vn 0.820195 -0.566984 -0.076216
vn 0.820195 -0.566984 -0.076216
vn 0.820195 -0.566984 -0.076216
vn 0.630637 -0.716966 0.297079
vn 0.630637 -0.716966 0.297079
vn 0.630637 -0.716966 0.297079
vn 0.630637 -0.716966 0.297079
vn 0.809123 -0.587105 -0.025057
vn 0.809123 -0.587105 -0.025057
vn 0.809123 -0.587105 -0.025057
vn 0.809123 -0.587105 -0.025057
vn 0.404110 0.287459 -0.868368
vn 0.404110 0.287459 -0.868368
vn 0.404110 0.287459 -0.868368
vn 0.404110 0.287459 -0.868368
vn -0.440183 -0.340499 0.830843
vn -0.440183 -0.340499 0.830843
vn -0.440183 -0.340499 0.830843
vn -0.440183 -0.340499 0.830843
vn 0.422094 0.313689 -0.850550
vn 0.422094 0.313689 -0.850550
vn 0.422094 0.313689 -0.850550
vn 0.422094 0.313689 -0.850550
vn 0.746082 -0.661036 -0.079958
vn 0.746082 -0.661036 -0.079958
vn 0.746082 -0.661036 -0.079958
vn 0.746082 -0.661036 -0.079958
vn 0.591141 -0.786752 0.177688
vn 0.591141 -0.786752 0.177688
vn 0.591141 -0.786752 0.177688
vn 0.591141 -0.786752 0.177688
vn -0.422096 -0.313692 0.850548
vn -0.422096 -0.313692 0.850548
vn -0.422096 -0.313692 0.850548
vn -0.422096 -0.313692 0.850548
vn 0.721652 -0.684121 0.105816
vn 0.721652 -0.684121 0.105816
vn 0.721652 -0.684121 0.105816
vn 0.721652 -0.684121 0.105816
vn 0.422095 0.313694 -0.850548
vn 0.422095 0.313694 -0.850548
vn 0.422095 0.313694 -0.850548
vn 0.422095 0.313694 -0.850548
vn -0.863270 0.504703 0.006277
vn -0.863270 0.504703 0.006277
vn -0.863270 0.504703 0.006277
vn -0.863270 0.504703 0.006277
vn -0.692399 0.626151 -0.358495
vn -0.692399 0.626151 -0.358495
vn -0.692399 0.626151 -0.358495
vn -0.692399 0.626151 -0.358495
vn 0.422096 0.313693 -0.850548
vn 0.422096 0.313693 -0.850548
vn 0.422096 0.313693 -0.850548
vn 0.422096 0.313693 -0.850548
vn -0.706433 0.636056 -0.310460
vn -0.706433 0.636056 -0.310460
vn -0.706433 0.636056 -0.310460
vn -0.706433 0.636056 -0.310460
vn 0.422095 0.313693 -0.850549
vn 0.422095 0.313693 -0.850549
vn 0.422095 0.313693 -0.850549
vn 0.422095 0.313693 -0.850549
vn 0.800865 -0.594993 -0.067818
vn 0.800865 -0.594993 -0.067818
vn 0.800865 -0.594993 -0.067818
vn 0.800865 -0.594993 -0.067818
vn -0.422096 -0.313693 0.850548
vn -0.422096 -0.313693 0.850548
vn -0.422096 -0.313693 0.850548
vn -0.422096 -0.313693 0.850548
vn -0.422096 -0.313693 0.850548
vn -0.422096 -0.313693 0.850548
vn -0.422096 -0.313693 0.850548
vn -0.422096 -0.313693 0.850548
vn -0.422095 -0.313692 0.850549
vn -0.422095 -0.313692 0.850549
vn -0.422095 -0.313692 0.850549
vn -0.422095 -0.313692 0.850549
vn 0.801811 -0.597339 -0.016867
vn 0.801811 -0.597339 -0.016867
vn 0.801811 -0.597339 -0.016867
vn 0.801811 -0.597339 -0.016867
vn -0.485684 -0.713963 -0.504349
vn -0.485684 -0.713963 -0.504349
vn -0.485684 -0.713963 -0.504349
vn -0.485684 -0.713963 -0.504349
vn -0.485683 -0.713966 -0.504346
vn -0.485683 -0.713966 -0.504346
vn -0.485683 -0.713966 -0.504346
vn -0.485683 -0.713966 -0.504346
vn -0.485683 -0.713965 -0.504348
vn -0.485683 -0.713965 -0.504348
vn -0.485683 -0.713965 -0.504348
vn -0.485683 -0.713965 -0.504348
vn -0.240547 -0.493161 -0.836020
vn -0.240547 -0.493161 -0.836020
vn -0.240547 -0.493161 -0.836020
vn -0.240547 -0.493161 -0.836020
vn -0.422096 -0.313693 0.850548
vn -0.422096 -0.313693 0.850548
vn -0.422096 -0.313693 0.850548
vn -0.422096 -0.313693 0.850548
vn -0.786965 0.483580 -0.383194
vn -0.786965 0.483580 -0.383194
vn -0.786965 0.483580 -0.383194
vn -0.786965 0.483580 -0.383194
vn -0.896124 0.429487 -0.111821
vn -0.896124 0.429487 -0.111821
vn -0.896124 0.429487 -0.111821
vn -0.896124 0.429487 -0.111821
vn 0.686123 -0.721064 -0.096445
vn 0.686123 -0.721064 -0.096445
vn 0.686123 -0.721064 -0.096445
vn 0.686123 -0.721064 -0.096445
vn 0.422100 0.313696 -0.850545
vn 0.422100 0.313696 -0.850545
vn 0.422100 0.313696 -0.850545
vn 0.422100 0.313696 -0.850545
vn -0.422095 -0.313689 0.850550
vn -0.422095 -0.313689 0.850550
vn -0.422095 -0.313689 0.850550
vn -0.422095 -0.313689 0.850550
vn -0.868755 0.408056 -0.280634
vn -0.868755 0.408056 -0.280634
vn -0.868755 0.408056 -0.280634
vn -0.868755 0.408056 -0.280634
vn 0.422095 0.313692 -0.850549
vn 0.422095 0.313692 -0.850549
vn 0.422095 0.313692 -0.850549
vn 0.422095 0.313692 -0.850549
vn 0.604408 -0.796651 0.006130
vn 0.604408 -0.796651 0.006130
vn 0.604408 -0.796651 0.006130
vn 0.604408 -0.796651 0.006130
vn -0.743504 0.557101 -0.369919
vn -0.743504 0.557101 -0.369919
vn -0.743504 0.557101 -0.369919
vn -0.743504 0.557101 -0.369919
vn 0.422096 0.313690 -0.850549
vn 0.422096 0.313690 -0.850549
vn 0.422096 0.313690 -0.850549
vn 0.422096 0.313690 -0.850549
vn -0.422097 -0.313693 0.850547
vn -0.422097 -0.313693 0.850547
vn -0.422097 -0.313693 0.850547
vn -0.422097 -0.313693 0.850547
vn -0.523510 0.432967 -0.733810
vn -0.523510 0.432967 -0.733810
vn -0.523510 0.432967 -0.733810
vn -0.523510 0.432967 -0.733810
vn -0.788606 0.394646 -0.471546
vn -0.788606 0.394646 -0.471546
vn -0.788606 0.394646 -0.471546
vn -0.788606 0.394646 -0.471546
vn 0.059630 0.313036 0.947867
vn 0.059630 0.313036 0.947867
vn 0.059630 0.313036 0.947867
vn 0.059630 0.313036 0.947867
vn 0.793374 -0.552094 0.256416
vn 0.793374 -0.552094 0.256416
vn 0.793374 -0.552094 0.256416
vn 0.793374 -0.552094 0.256416
vn -0.651031 -0.678333 0.340621
vn -0.651031 -0.678333 0.340621
vn -0.651031 -0.678333 0.340621
vn -0.651031 -0.678333 0.340621
vn -0.191953 0.038399 0.980653
vn -0.191953 0.038399 0.980653
vn -0.191953 0.038399 0.980653
vn -0.191953 0.038399 0.980653
vn 0.697521 -0.594905 0.399440
vn 0.697521 -0.594905 0.399440
vn 0.697521 -0.594905 0.399440
vn 0.697521 -0.594905 0.399440
vn 0.019629 -0.239665 -0.970657
vn 0.019629 -0.239665 -0.970657
vn 0.019629 -0.239665 -0.970657
vn 0.019629 -0.239665 -0.970657
vn 0.440929 -0.171558 -0.880994
vn 0.440929 -0.171558 -0.880994
vn 0.440929 -0.171558 -0.880994
vn 0.440929 -0.171558 -0.880994
vn 0.993061 -0.065133 -0.097917
vn 0.993061 -0.065133 -0.097917
vn 0.993061 -0.065133 -0.097917
vn 0.993061 -0.065133 -0.097917
vn 0.993061 -0.065133 0.097917
vn 0.993061 -0.065133 0.097917
vn 0.993061 -0.065133 0.097917
vn 0.993061 -0.065133 0.097917
vn 0.440929 -0.171558 0.880993
vn 0.440929 -0.171558 0.880993
vn 0.440929 -0.171558 0.880993
vn 0.440929 -0.171558 0.880993
vn -0.454963 0.255756 0.852993
vn -0.454963 0.255756 0.852993
vn -0.454963 0.255756 0.852993
vn -0.454963 0.255756 0.852993
vn -0.571526 0.783014 0.245453
vn -0.571526 0.783014 0.245453
vn -0.571526 0.783014 0.245453
vn -0.571526 0.783014 0.245453
vn 0.741280 0.481883 0.467219
vn 0.741280 0.481883 0.467219
vn 0.741280 0.481883 0.467219
vn 0.741280 0.481883 0.467219
vn -0.583032 0.773810 -0.247570
vn -0.583032 0.773810 -0.247570
vn -0.583032 0.773810 -0.247570
vn -0.583032 0.773810 -0.247570
vn -0.454964 0.255755 -0.852993
vn -0.454964 0.255755 -0.852993
vn -0.454964 0.255755 -0.852993
vn -0.454964 0.255755 -0.852993
vn -0.645048 0.479066 -0.595323
vn -0.645048 0.479066 -0.595323
vn -0.645048 0.479066 -0.595323
vn -0.645048 0.479066 -0.595323
vn -0.074541 0.509115 -0.857465
vn -0.074541 0.509115 -0.857465
vn -0.074541 0.509115 -0.857465
vn -0.074541 0.509115 -0.857465
vn -0.369516 0.839237 -0.398924
vn -0.369516 0.839237 -0.398924
vn -0.369516 0.839237 -0.398924
vn -0.369516 0.839237 -0.398924
vn -0.367948 0.924986 0.094950
vn -0.367948 0.924986 0.094950
vn -0.367948 0.924986 0.094950
vn -0.367948 0.924986 0.094950
vn -0.074541 0.509115 0.857465
vn -0.074541 0.509115 0.857465
vn -0.074541 0.509115 0.857465
vn -0.074541 0.509115 0.857465
vn 0.518330 0.038074 0.854333
vn 0.518330 0.038074 0.854333
vn 0.518330 0.038074 0.854333
vn 0.518330 0.038074 0.854333
vn 0.910914 -0.390876 0.132104
vn 0.910914 -0.390876 0.132104
vn 0.910914 -0.390876 0.132104
vn 0.910914 -0.390876 0.132104
vn 0.910914 -0.390876 -0.132104
vn 0.910914 -0.390876 -0.132104
vn 0.910914 -0.390876 -0.132104
vn 0.910914 -0.390876 -0.132104
vn 0.518330 0.038074 -0.854333
vn 0.518330 0.038074 -0.854333
vn 0.518330 0.038074 -0.854333
vn 0.518330 0.038074 -0.854333
vn -0.443761 0.134959 -0.885925
vn -0.443761 0.134959 -0.885925
vn -0.443761 0.134959 -0.885925
vn -0.443761 0.134959 -0.885925
vn -0.811927 0.528223 -0.248507
vn -0.811927 0.528223 -0.248507
vn -0.811927 0.528223 -0.248507
vn -0.811927 0.528223 -0.248507
vn -0.832757 0.493507 0.250932
vn -0.832757 0.493507 0.250932
vn -0.832757 0.493507 0.250932
vn -0.832757 0.493507 0.250932
vn -0.443760 0.134959 0.885925
vn -0.443760 0.134959 0.885925
vn -0.443760 0.134959 0.885925
vn -0.443760 0.134959 0.885925
vn 0.197286 -0.377464 0.904765
vn 0.197286 -0.377464 0.904765
vn 0.197286 -0.377464 0.904765
vn 0.197286 -0.377464 0.904765
vn 0.626157 -0.748326 0.218943
vn 0.626157 -0.748326 0.218943
vn 0.626157 -0.748326 0.218943
vn 0.626157 -0.748326 0.218943
vn 0.626157 -0.748326 -0.218943
vn 0.626157 -0.748326 -0.218943
vn 0.626157 -0.748326 -0.218943
vn 0.626157 -0.748326 -0.218943
vn 0.197286 -0.377464 -0.904765
vn 0.197286 -0.377464 -0.904765
vn 0.197286 -0.377464 -0.904765
vn 0.197286 -0.377464 -0.904765
vn 0.778468 -0.556431 0.290468
vn 0.778468 -0.556431 0.290468
vn 0.778468 -0.556431 0.290468
vn 0.778468 -0.556431 0.290468
vn -0.090605 0.981047 -0.171285
vn -0.090605 0.981047 -0.171285
vn -0.090605 0.981047 -0.171285
vn -0.090605 0.981047 -0.171285
vn 0.965367 0.196795 -0.171285
vn 0.965367 0.196795 -0.171285
vn 0.965367 0.196795 -0.171285
vn 0.965367 0.196795 -0.171285
vn 0.247081 0.848916 0.467219
vn 0.247081 0.848916 0.467219
vn 0.247081 0.848916 0.467219
vn 0.247081 0.848916 0.467219
vn 0.247081 0.848916 -0.467219
vn 0.247081 0.848916 -0.467219
vn 0.247081 0.848916 -0.467219
vn 0.247081 0.848916 -0.467219
vn 0.741280 0.481883 -0.467219
vn 0.741280 0.481883 -0.467219
vn 0.741280 0.481883 -0.467219
vn 0.741280 0.481883 -0.467219
vn 0.965367 0.196795 0.171285
vn 0.965367 0.196795 0.171285
vn 0.965367 0.196795 0.171285
vn 0.965367 0.196795 0.171285
vn -0.090604 0.981047 0.171285
vn -0.090604 0.981047 0.171285
vn -0.090604 0.981047 0.171285
vn -0.090604 0.981047 0.171285
vn 0.596234 0.802811 0.000000
vn 0.596234 0.802811 0.000000
vn 0.596234 0.802811 0.000000
vn 0.596234 0.802811 0.000000
vn 0.596233 0.802811 0.000000
vn 0.596233 0.802811 0.000000
vn 0.596233 0.802811 0.000000
vn 0.596233 0.802811 0.000000
vn 0.596234 0.802811 0.000000
vn 0.596234 0.802811 0.000000
vn 0.596234 0.802811 0.000000
vn 0.596234 0.802811 0.000000
vn 0.596234 0.802811 0.000000
vn 0.596234 0.802811 0.000000
vn 0.596234 0.802811 0.000000
vn 0.596234 0.802811 0.000000
vn 0.596233 0.802811 0.000000
vn 0.596233 0.802811 0.000000
vn 0.596233 0.802811 0.000000
vn 0.596233 0.802811 0.000000
vn 0.596234 0.802811 0.000000
vn 0.596234 0.802811 0.000000
vn 0.596234 0.802811 0.000000
vn 0.596234 0.802811 0.000000
vn 0.596234 0.802811 0.000000
vn 0.596234 0.802811 0.000000
vn 0.596234 0.802811 0.000000
vn 0.596234 0.802811 0.000000
vn 0.596234 0.802811 0.000000
vn 0.596234 0.802811 0.000000
vn 0.596234 0.802811 0.000000
vn 0.596234 0.802811 0.000000
vn -0.802811 0.596234 0.000000
vn -0.802811 0.596234 0.000000
vn -0.802811 0.596234 0.000000
vn 0.462010 -0.197415 -0.864624
vn 0.462010 -0.197415 -0.864624
vn 0.462010 -0.197415 -0.864624
vn 0.462010 -0.197415 -0.864624
vn -0.322517 0.385239 -0.864624
vn -0.322517 0.385239 -0.864624
vn -0.322517 0.385239 -0.864624
vn -0.322517 0.385239 -0.864624
vn -0.752361 0.591281 0.290413
vn -0.752361 0.591281 0.290413
vn -0.752361 0.591281 0.290413
vn -0.752361 0.591281 0.290413
vn 0.462010 -0.197415 0.864624
vn 0.462010 -0.197415 0.864624
vn 0.462010 -0.197415 0.864624
vn 0.462010 -0.197415 0.864624
vn 0.778468 -0.556431 -0.290468
vn 0.778468 -0.556431 -0.290468
vn 0.778468 -0.556431 -0.290468
vn 0.778468 -0.556431 -0.290468
vn -0.762846 0.577646 -0.290501
vn -0.762846 0.577646 -0.290501
vn -0.762846 0.577646 -0.290501
vn -0.762846 0.577646 -0.290501
vn -0.322517 0.385239 0.864624
vn -0.322517 0.385239 0.864624
vn -0.322517 0.385239 0.864624
vn -0.322517 0.385239 0.864624
vn 0.415149 -0.179671 0.891835
vn 0.415149 -0.179671 0.891835
vn 0.415149 -0.179671 0.891835
vn 0.415149 -0.179671 0.891835
vn 0.790191 -0.586861 -0.176611
vn 0.790191 -0.586861 -0.176611
vn 0.790191 -0.586861 -0.176611
vn 0.790191 -0.586861 -0.176611
vn -0.302108 0.247386 0.920614
vn -0.302108 0.247386 0.920614
vn -0.302108 0.247386 0.920614
vn -0.302108 0.247386 0.920614
vn -0.313261 0.232653 -0.920728
vn -0.313261 0.232653 -0.920728
vn -0.313261 0.232653 -0.920728
vn -0.313261 0.232653 -0.920728
vn 0.353824 -0.262780 -0.897639
vn 0.353824 -0.262780 -0.897639
vn 0.353824 -0.262780 -0.897639
vn 0.353824 -0.262780 -0.897639
vn 0.794115 -0.582249 0.174265
vn 0.794115 -0.582249 0.174265
vn 0.794115 -0.582249 0.174265
vn 0.794115 -0.582249 0.174265
vn -0.800622 0.594608 0.073800
vn -0.800622 0.594608 0.073800
vn -0.800622 0.594608 0.073800
vn -0.800622 0.594608 0.073800
vn 0.363777 -0.250300 0.897227
vn 0.363777 -0.250300 0.897227
vn 0.363777 -0.250300 0.897227
vn 0.363777 -0.250300 0.897227
vn 0.620806 -0.777072 -0.103729
vn 0.620806 -0.777072 -0.103729
vn 0.620806 -0.777072 -0.103729
vn 0.620806 -0.777072 -0.103729
vn -0.809116 0.316910 -0.494872
vn -0.809116 0.316910 -0.494872
vn -0.809116 0.316910 -0.494872
vn -0.809116 0.316910 -0.494872
vn -0.247592 0.317860 0.915239
vn -0.247592 0.317860 0.915239
vn -0.247592 0.317860 0.915239
vn -0.247592 0.317860 0.915239
vn 0.631475 -0.770255 0.089141
vn 0.631475 -0.770255 0.089141
vn 0.631475 -0.770255 0.089141
vn 0.631475 -0.770255 0.089141
vn 0.353825 -0.262779 -0.897639
vn 0.353825 -0.262779 -0.897639
vn 0.353825 -0.262779 -0.897639
vn 0.353825 -0.262779 -0.897639
vn -0.313261 0.232653 -0.920728
vn -0.313261 0.232653 -0.920728
vn -0.313261 0.232653 -0.920728
vn -0.313261 0.232653 -0.920728
vn -0.974532 0.220370 0.041515
vn -0.974532 0.220370 0.041515
vn -0.974532 0.220370 0.041515
vn -0.974532 0.220370 0.041515
vn -0.975646 0.209692 -0.064377
vn -0.975646 0.209692 -0.064377
vn -0.975646 0.209692 -0.064377
vn -0.975646 0.209692 -0.064377
vn -0.752216 0.591466 -0.290412
vn -0.752216 0.591466 -0.290412
vn -0.752216 0.591466 -0.290412
vn -0.752216 0.591466 -0.290412
vn 0.596234 0.802811 0.000000
vn 0.596234 0.802811 0.000000
vn 0.596234 0.802811 0.000000
vn 0.596234 0.802811 0.000000
vn -0.090604 0.981046 -0.171285
vn -0.090604 0.981046 -0.171285
vn -0.090604 0.981046 -0.171285
vn -0.090604 0.981046 -0.171285
vn -0.832479 0.493991 -0.250902
vn -0.832479 0.493991 -0.250902
vn -0.832479 0.493991 -0.250902
vn -0.832479 0.493991 -0.250902
vn -0.368751 0.924210 -0.099285
vn -0.368751 0.924210 -0.099285
vn -0.368751 0.924210 -0.099285
vn -0.368751 0.924210 -0.099285
vn -0.800077 0.594203 -0.082466
vn -0.800077 0.594203 -0.082466
vn -0.800077 0.594203 -0.082466
vn -0.800077 0.594203 -0.082466
vn -0.571649 0.782917 -0.245476
vn -0.571649 0.782917 -0.245476
vn -0.571649 0.782917 -0.245476
vn -0.571649 0.782917 -0.245476
vn -0.796479 0.375247 0.474142
vn -0.796479 0.375247 0.474142
vn -0.796479 0.375247 0.474142
vn -0.796479 0.375247 0.474142
vn -0.644830 0.491523 0.585320
vn -0.644830 0.491523 0.585320
vn -0.644830 0.491523 0.585320
vn -0.644830 0.491523 0.585320
vn -0.762988 0.577458 0.290502
vn -0.762988 0.577458 0.290502
vn -0.762988 0.577458 0.290502
vn -0.762988 0.577458 0.290502
vn 0.596233 0.802811 0.000000
vn 0.596233 0.802811 0.000000
vn 0.596233 0.802811 0.000000
vn 0.596233 0.802811 0.000000
vn -0.090604 0.981047 0.171285
vn -0.090604 0.981047 0.171285
vn -0.090604 0.981047 0.171285
vn -0.090604 0.981047 0.171285
vn -0.812204 0.527781 0.248541
vn -0.812204 0.527781 0.248541
vn -0.812204 0.527781 0.248541
vn -0.812204 0.527781 0.248541
vn -0.370219 0.840586 0.395414
vn -0.370219 0.840586 0.395414
vn -0.370219 0.840586 0.395414
vn -0.370219 0.840586 0.395414
vn -0.582841 0.773966 0.247534
vn -0.582841 0.773966 0.247534
vn -0.582841 0.773966 0.247534
vn -0.582841 0.773966 0.247534
vn -0.399018 -0.840014 -0.367643
vn -0.399018 -0.840014 -0.367643
vn -0.399018 -0.840014 -0.367643
vn -0.463814 -0.779257 -0.421468
vn -0.463814 -0.779257 -0.421468
vn -0.463814 -0.779257 -0.421468
vn -0.550249 -0.690728 0.469171
vn -0.550249 -0.690728 0.469171
vn -0.550249 -0.690728 0.469171
vn -0.550249 -0.690728 0.469171
vn -0.802687 -0.544925 -0.242386
vn -0.802687 -0.544925 -0.242386
vn -0.802687 -0.544925 -0.242386
vn -0.802687 -0.544925 -0.242386
vn -0.711699 -0.561355 -0.422332
vn -0.711699 -0.561355 -0.422332
vn -0.711699 -0.561355 -0.422332
vn -0.711699 -0.561355 -0.422332
vn -0.672595 -0.670656 -0.312787
vn -0.672595 -0.670656 -0.312787
vn -0.672595 -0.670656 -0.312787
vn -0.672595 -0.670656 -0.312787
vn -0.630417 -0.768830 0.107122
vn -0.630417 -0.768830 0.107122
vn -0.630417 -0.768830 0.107122
vn -0.630417 -0.768830 0.107122
vn -0.492665 -0.756729 0.429701
vn -0.492746 -0.756769 0.429538
vn -0.492713 -0.756752 0.429604
vn -0.418730 -0.841841 0.340542
vn -0.418720 -0.841848 0.340537
vn -0.418680 -0.841833 0.340624
vn -0.668211 -0.688823 0.281098
vn -0.668211 -0.688823 0.281098
vn -0.668211 -0.688823 0.281098
vn -0.668211 -0.688823 0.281098
vn -0.695818 -0.583132 0.419279
vn -0.695818 -0.583132 0.419279
vn -0.695818 -0.583132 0.419279
vn -0.695818 -0.583132 0.419279
vn -0.792359 -0.554297 0.254799
vn -0.792359 -0.554297 0.254799
vn -0.792359 -0.554297 0.254799
vn -0.792359 -0.554297 0.254799
vn -0.552944 -0.688183 -0.469742
vn -0.552944 -0.688183 -0.469742
vn -0.552944 -0.688183 -0.469742
vn -0.552944 -0.688183 -0.469742
vn -0.633201 -0.771243 -0.065121
vn -0.633201 -0.771243 -0.065121
vn -0.633201 -0.771243 -0.065121
vn -0.633201 -0.771243 -0.065121
vn -0.974313 -0.055617 -0.218220
vn -0.974313 -0.055617 -0.218220
vn -0.974313 -0.055617 -0.218220
vn -0.974313 -0.055617 -0.218220
vn -0.893757 0.395074 -0.212402
vn -0.893757 0.395074 -0.212402
vn -0.893757 0.395074 -0.212402
vn -0.893757 0.395074 -0.212402
vn -0.474887 0.856536 -0.202061
vn -0.474887 0.856536 -0.202061
vn -0.474887 0.856536 -0.202061
vn -0.474887 0.856536 -0.202061
vn -0.440707 0.715400 -0.542199
vn -0.440707 0.715400 -0.542199
vn -0.440707 0.715400 -0.542199
vn -0.440707 0.715400 -0.542199
vn -0.745021 0.308550 -0.591389
vn -0.745021 0.308550 -0.591389
vn -0.745021 0.308550 -0.591389
vn -0.745021 0.308550 -0.591389
vn -0.851731 -0.164056 -0.497635
vn -0.851731 -0.164056 -0.497635
vn -0.851731 -0.164056 -0.497635
vn -0.851731 -0.164056 -0.497635
vn -0.842042 -0.267309 -0.468520
vn -0.842042 -0.267309 -0.468520
vn -0.842042 -0.267309 -0.468520
vn -0.842042 -0.267309 -0.468520
vn -0.923926 -0.280186 -0.260492
vn -0.923926 -0.280186 -0.260492
vn -0.923926 -0.280186 -0.260492
vn -0.923926 -0.280186 -0.260492
vn -0.450898 -0.206630 -0.868329
vn -0.450898 -0.206630 -0.868329
vn -0.450898 -0.206630 -0.868329
vn -0.450898 -0.206630 -0.868329
vn -0.099770 0.173251 -0.979811
vn -0.099770 0.173251 -0.979811
vn -0.099770 0.173251 -0.979811
vn -0.099770 0.173251 -0.979811
vn 0.093372 -0.414690 -0.905160
vn 0.093372 -0.414690 -0.905160
vn 0.093372 -0.414690 -0.905160
vn 0.093372 -0.414690 -0.905160
vn 0.223900 0.020310 -0.974400
vn 0.223900 0.020310 -0.974400
vn 0.223900 0.020310 -0.974400
vn 0.223900 0.020310 -0.974400
vn -0.746273 -0.145350 -0.649577
vn -0.746273 -0.145350 -0.649577
vn -0.746273 -0.145350 -0.649577
vn -0.746273 -0.145350 -0.649577
vn -0.686430 -0.231262 -0.689443
vn -0.686430 -0.231262 -0.689443
vn -0.686430 -0.231262 -0.689443
vn -0.686430 -0.231262 -0.689443
vn -0.426395 0.230057 -0.874792
vn -0.426395 0.230057 -0.874792
vn -0.426395 0.230057 -0.874792
vn -0.426395 0.230057 -0.874792
vn -0.140427 0.537454 -0.831519
vn -0.140427 0.537454 -0.831519
vn -0.140427 0.537454 -0.831519
vn -0.140427 0.537454 -0.831519
vn 0.112883 0.472782 -0.873919
vn 0.112883 0.472782 -0.873919
vn 0.112883 0.472782 -0.873919
vn 0.112883 0.472782 -0.873919
vn 0.355177 0.316552 -0.879570
vn 0.355177 0.316552 -0.879570
vn 0.355177 0.316552 -0.879570
vn 0.355177 0.316552 -0.879570
vn 0.569642 0.097959 -0.816034
vn 0.569642 0.097959 -0.816034
vn 0.569642 0.097959 -0.816034
vn 0.569642 0.097959 -0.816034
vn 0.366359 -0.378641 -0.849948
vn 0.366359 -0.378641 -0.849948
vn 0.366359 -0.378641 -0.849948
vn 0.366359 -0.378641 -0.849948
vn 0.298722 -0.533113 -0.791553
vn 0.298722 -0.533113 -0.791553
vn 0.298722 -0.533113 -0.791553
vn 0.298722 -0.533113 -0.791553
vn 0.137760 -0.524797 -0.840006
vn 0.137760 -0.524797 -0.840006
vn 0.137760 -0.524797 -0.840006
vn 0.137760 -0.524797 -0.840006
vn -0.009708 -0.563148 -0.826299
vn -0.009708 -0.563148 -0.826299
vn -0.009708 -0.563148 -0.826299
vn -0.009708 -0.563148 -0.826299
vn -0.602572 -0.157847 -0.782299
vn -0.602572 -0.157847 -0.782299
vn -0.602572 -0.157847 -0.782299
vn -0.602572 -0.157847 -0.782299
vn 0.777352 -0.438188 -0.451348
vn 0.777352 -0.438188 -0.451348
vn 0.777352 -0.438188 -0.451348
vn 0.777352 -0.438188 -0.451348
vn 0.748860 -0.592125 -0.297653
vn 0.748860 -0.592125 -0.297653
vn 0.748860 -0.592125 -0.297653
vn 0.748860 -0.592125 -0.297653
vn 0.364023 -0.622842 -0.692499
vn 0.364023 -0.622842 -0.692499
vn 0.364023 -0.622842 -0.692499
vn 0.364023 -0.622842 -0.692499
vn 0.494717 -0.533686 -0.685882
vn 0.494717 -0.533686 -0.685882
vn 0.494717 -0.533686 -0.685882
vn 0.494717 -0.533686 -0.685882
vn 0.568198 -0.618385 -0.542910
vn 0.568198 -0.618385 -0.542910
vn 0.568198 -0.618385 -0.542910
vn 0.568198 -0.618385 -0.542910
vn 0.874683 -0.169390 -0.454132
vn 0.874683 -0.169390 -0.454132
vn 0.874683 -0.169390 -0.454132
vn 0.874683 -0.169390 -0.454132
vn 0.984489 -0.142413 -0.102472
vn 0.984489 -0.142413 -0.102472
vn 0.984489 -0.142413 -0.102472
vn 0.984489 -0.142413 -0.102472
vn 0.313428 -0.722026 -0.616799
vn 0.313428 -0.722026 -0.616799
vn 0.313428 -0.722026 -0.616799
vn -0.820677 -0.540284 -0.185966
vn -0.820677 -0.540284 -0.185966
vn -0.820677 -0.540284 -0.185966
vn -0.820677 -0.540284 -0.185966
vn -0.604048 -0.778573 -0.170148
vn -0.604048 -0.778573 -0.170148
vn -0.604048 -0.778573 -0.170148
vn -0.604048 -0.778573 -0.170148
vn -0.899098 -0.178000 -0.399923
vn -0.899098 -0.178000 -0.399923
vn -0.899098 -0.178000 -0.399923
vn -0.899098 -0.178000 -0.399923
vn -0.848542 -0.397453 -0.349297
vn -0.848542 -0.397453 -0.349297
vn -0.848542 -0.397453 -0.349297
vn -0.848542 -0.397453 -0.349297
vn -0.579927 -0.745188 -0.329210
vn -0.579927 -0.745188 -0.329210
vn -0.579927 -0.745188 -0.329210
vn -0.579927 -0.745188 -0.329210
vn -0.492266 -0.753100 -0.436481
vn -0.492266 -0.753100 -0.436481
vn -0.492266 -0.753100 -0.436481
vn -0.492266 -0.753100 -0.436481
vn -0.623833 -0.762129 -0.173179
vn -0.623833 -0.762129 -0.173179
vn -0.623833 -0.762129 -0.173179
vn -0.623833 -0.762129 -0.173179
vn -0.938183 -0.245794 -0.243717
vn -0.938183 -0.245794 -0.243717
vn -0.938183 -0.245794 -0.243717
vn -0.938183 -0.245794 -0.243717
vn 0.652041 0.732456 -0.195832
vn 0.652041 0.732456 -0.195832
vn 0.652041 0.732456 -0.195832
vn 0.652041 0.732456 -0.195832
vn 0.376488 0.904792 -0.199019
vn 0.376488 0.904792 -0.199019
vn 0.376488 0.904792 -0.199019
vn 0.376488 0.904792 -0.199019
vn 0.782070 0.342136 -0.520874
vn 0.782070 0.342136 -0.520874
vn 0.782070 0.342136 -0.520874
vn 0.782070 0.342136 -0.520874
vn 0.544838 0.600450 -0.585330
vn 0.544838 0.600450 -0.585330
vn 0.544838 0.600450 -0.585330
vn 0.544838 0.600450 -0.585330
vn 0.296343 0.760565 -0.577686
vn 0.296343 0.760565 -0.577686
vn 0.296343 0.760565 -0.577686
vn 0.296343 0.760565 -0.577686
vn 0.067501 0.847940 -0.525777
vn 0.067501 0.847940 -0.525777
vn 0.067501 0.847940 -0.525777
vn 0.067501 0.847940 -0.525777
vn 0.079936 0.977648 -0.194458
vn 0.079936 0.977648 -0.194458
vn 0.079936 0.977648 -0.194458
vn 0.079936 0.977648 -0.194458
vn 0.921056 0.371023 -0.118316
vn 0.921056 0.371023 -0.118316
vn 0.921056 0.371023 -0.118316
vn 0.921056 0.371023 -0.118316
vn 0.237430 -0.960244 -0.146830
vn 0.237430 -0.960244 -0.146830
vn 0.237430 -0.960244 -0.146830
vn 0.746242 -0.172619 -0.642905
vn 0.746242 -0.172619 -0.642905
vn 0.746242 -0.172619 -0.642905
vn 0.270446 -0.940085 -0.207604
vn 0.270446 -0.940085 -0.207604
vn 0.270446 -0.940085 -0.207604
vn 0.270446 -0.940085 -0.207604
vn -0.974153 -0.054973 0.219100
vn -0.974153 -0.054973 0.219100
vn -0.974153 -0.054973 0.219100
vn -0.974153 -0.054973 0.219100
vn -0.893757 0.395074 0.212402
vn -0.893757 0.395074 0.212402
vn -0.893757 0.395074 0.212402
vn -0.893757 0.395074 0.212402
vn -0.474887 0.856536 0.202061
vn -0.474887 0.856536 0.202061
vn -0.474887 0.856536 0.202061
vn -0.474887 0.856536 0.202061
vn -0.440706 0.715401 0.542199
vn -0.440706 0.715401 0.542199
vn -0.440706 0.715401 0.542199
vn -0.440706 0.715401 0.542199
vn -0.745021 0.308550 0.591389
vn -0.745021 0.308550 0.591389
vn -0.745021 0.308550 0.591389
vn -0.745021 0.308550 0.591389
vn -0.851730 -0.164057 0.497635
vn -0.851730 -0.164057 0.497635
vn -0.851730 -0.164057 0.497635
vn -0.851730 -0.164057 0.497635
vn -0.842042 -0.267309 0.468520
vn -0.842042 -0.267309 0.468520
vn -0.842042 -0.267309 0.468520
vn -0.842042 -0.267309 0.468520
vn -0.923210 -0.278514 0.264790
vn -0.923210 -0.278514 0.264790
vn -0.923210 -0.278514 0.264790
vn -0.923210 -0.278514 0.264790
vn -0.450898 -0.206630 0.868329
vn -0.450898 -0.206630 0.868329
vn -0.450898 -0.206630 0.868329
vn -0.450898 -0.206630 0.868329
vn -0.099769 0.173251 0.979811
vn -0.099769 0.173251 0.979811
vn -0.099769 0.173251 0.979811
vn -0.099769 0.173251 0.979811
vn 0.093372 -0.414690 0.905159
vn 0.093372 -0.414690 0.905159
vn 0.093372 -0.414690 0.905159
vn 0.093372 -0.414690 0.905159
vn 0.223900 0.020310 0.974400
vn 0.223900 0.020310 0.974400
vn 0.223900 0.020310 0.974400
vn 0.223900 0.020310 0.974400
vn -0.746273 -0.145349 0.649577
vn -0.746273 -0.145349 0.649577
vn -0.746273 -0.145349 0.649577
vn -0.746273 -0.145349 0.649577
vn -0.686430 -0.231262 0.689443
vn -0.686430 -0.231262 0.689443
vn -0.686430 -0.231262 0.689443
vn -0.686430 -0.231262 0.689443
vn -0.426395 0.230057 0.874792
vn -0.426395 0.230057 0.874792
vn -0.426395 0.230057 0.874792
vn -0.426395 0.230057 0.874792
vn -0.140427 0.537454 0.831519
vn -0.140427 0.537454 0.831519
vn -0.140427 0.537454 0.831519
vn -0.140427 0.537454 0.831519
vn 0.112883 0.472782 0.873919
vn 0.112883 0.472782 0.873919
vn 0.112883 0.472782 0.873919
vn 0.112883 0.472782 0.873919
vn 0.355177 0.316552 0.879570
vn 0.355177 0.316552 0.879570
vn 0.355177 0.316552 0.879570
vn 0.355177 0.316552 0.879570
vn 0.569642 0.097959 0.816034
vn 0.569642 0.097959 0.816034
vn 0.569642 0.097959 0.816034
vn 0.569642 0.097959 0.816034
vn 0.366359 -0.378641 0.849948
vn 0.366359 -0.378641 0.849948
vn 0.366359 -0.378641 0.849948
vn 0.366359 -0.378641 0.849948
vn 0.298722 -0.533113 0.791553
vn 0.298722 -0.533113 0.791553
vn 0.298722 -0.533113 0.791553
vn 0.298722 -0.533113 0.791553
vn 0.137760 -0.524796 0.840007
vn 0.137760 -0.524796 0.840007
vn 0.137760 -0.524796 0.840007
vn 0.137760 -0.524796 0.840007
vn -0.009707 -0.563148 0.826299
vn -0.009707 -0.563148 0.826299
vn -0.009707 -0.563148 0.826299
vn -0.009707 -0.563148 0.826299
vn -0.602572 -0.157847 0.782299
vn -0.602572 -0.157847 0.782299
vn -0.602572 -0.157847 0.782299
vn -0.602572 -0.157847 0.782299
vn 0.777352 -0.438188 0.451349
vn 0.777352 -0.438188 0.451349
vn 0.777352 -0.438188 0.451349
vn 0.777352 -0.438188 0.451349
vn 0.748860 -0.592125 0.297653
vn 0.748860 -0.592125 0.297653
vn 0.748860 -0.592125 0.297653
vn 0.748860 -0.592125 0.297653
vn 0.364024 -0.622842 0.692499
vn 0.364024 -0.622842 0.692499
vn 0.364024 -0.622842 0.692499
vn 0.364024 -0.622842 0.692499
vn 0.494717 -0.533686 0.685882
vn 0.494717 -0.533686 0.685882
vn 0.494717 -0.533686 0.685882
vn 0.494717 -0.533686 0.685882
vn 0.568198 -0.618385 0.542910
vn 0.568198 -0.618385 0.542910
vn 0.568198 -0.618385 0.542910
vn 0.568198 -0.618385 0.542910
vn 0.874683 -0.169390 0.454132
vn 0.874683 -0.169390 0.454132
vn 0.874683 -0.169390 0.454132
vn 0.874683 -0.169390 0.454132
vn 0.984489 -0.142413 0.102472
vn 0.984489 -0.142413 0.102472
vn 0.984489 -0.142413 0.102472
vn 0.984489 -0.142413 0.102472
vn 0.313428 -0.722026 0.616799
vn 0.313428 -0.722026 0.616799
vn 0.313428 -0.722026 0.616799
vn -0.818047 -0.540979 0.195299
vn -0.818047 -0.540979 0.195299
vn -0.818047 -0.540979 0.195299
vn -0.818047 -0.540979 0.195299
vn -0.605228 -0.775792 0.178452
vn -0.605228 -0.775792 0.178452
vn -0.605228 -0.775792 0.178452
vn -0.605228 -0.775792 0.178452
vn -0.899098 -0.178000 0.399923
vn -0.899098 -0.178000 0.399923
vn -0.899098 -0.178000 0.399923
vn -0.899098 -0.178000 0.399923
vn -0.848542 -0.397453 0.349297
vn -0.848542 -0.397453 0.349297
vn -0.848542 -0.397453 0.349297
vn -0.848542 -0.397453 0.349297
vn -0.579927 -0.745188 0.329210
vn -0.579927 -0.745188 0.329210
vn -0.579927 -0.745188 0.329210
vn -0.579927 -0.745188 0.329210
vn -0.492266 -0.753100 0.436480
vn -0.492266 -0.753100 0.436480
vn -0.492266 -0.753100 0.436480
vn -0.492266 -0.753100 0.436480
vn -0.621371 -0.762270 0.181226
vn -0.621371 -0.762270 0.181226
vn -0.621371 -0.762270 0.181226
vn -0.621371 -0.762270 0.181226
vn -0.936279 -0.242385 0.254226
vn -0.936279 -0.242385 0.254226
vn -0.936279 -0.242385 0.254226
vn -0.936279 -0.242385 0.254226
vn 0.652041 0.732456 0.195832
vn 0.652041 0.732456 0.195832
vn 0.652041 0.732456 0.195832
vn 0.652041 0.732456 0.195832
vn 0.376487 0.904792 0.199019
vn 0.376487 0.904792 0.199019
vn 0.376487 0.904792 0.199019
vn 0.376487 0.904792 0.199019
vn 0.782070 0.342136 0.520874
vn 0.782070 0.342136 0.520874
vn 0.782070 0.342136 0.520874
vn 0.782070 0.342136 0.520874
vn 0.544838 0.600450 0.585330
vn 0.544838 0.600450 0.585330
vn 0.544838 0.600450 0.585330
vn 0.544838 0.600450 0.585330
vn 0.296343 0.760565 0.577686
vn 0.296343 0.760565 0.577686
vn 0.296343 0.760565 0.577686
vn 0.296343 0.760565 0.577686
vn 0.067501 0.847940 0.525777
vn 0.067501 0.847940 0.525777
vn 0.067501 0.847940 0.525777
vn 0.067501 0.847940 0.525777
vn 0.079936 0.977648 0.194458
vn 0.079936 0.977648 0.194458
vn 0.079936 0.977648 0.194458
vn 0.079936 0.977648 0.194458
vn 0.921056 0.371021 0.118316
vn 0.921056 0.371021 0.118316
vn 0.921056 0.371021 0.118316
vn 0.921056 0.371021 0.118316
vn 0.238384 -0.959456 0.150391
vn 0.238384 -0.959456 0.150391
vn 0.238384 -0.959456 0.150391
vn 0.741489 -0.162642 0.650955
vn 0.741489 -0.162642 0.650955
vn 0.741489 -0.162642 0.650955
vn 0.271637 -0.938603 0.212693
vn 0.271637 -0.938603 0.212693
vn 0.271637 -0.938603 0.212693
vn 0.271637 -0.938603 0.212693
vn 0.091708 0.123482 -0.988100
vn 0.091708 0.123482 -0.988100
vn 0.091708 0.123482 -0.988100
vn 0.091708 0.123482 -0.988100
vn -0.550848 -0.741701 -0.382683
vn -0.550848 -0.741701 -0.382683
vn -0.550848 -0.741701 -0.382683
vn -0.550848 -0.741701 -0.382683
vn -0.559103 -0.752815 0.347380
vn -0.559103 -0.752815 0.347380
vn -0.559103 -0.752815 0.347380
vn -0.559103 -0.752815 0.347380
vn -0.225988 -0.304286 0.925386
vn -0.225988 -0.304286 0.925386
vn -0.225988 -0.304286 0.925386
vn -0.225988 -0.304286 0.925386
vn 0.187785 0.252847 0.949108
vn 0.187785 0.252847 0.949108
vn 0.187785 0.252847 0.949108
vn 0.187785 0.252847 0.949108
vn 0.546929 0.736424 0.398182
vn 0.546929 0.736424 0.398182
vn 0.546929 0.736424 0.398182
vn 0.546929 0.736424 0.398182
vn 0.550848 0.741701 -0.382683
vn 0.550848 0.741701 -0.382683
vn 0.550848 0.741701 -0.382683
vn 0.550848 0.741701 -0.382683
vn 0.228169 0.307222 -0.923880
vn 0.228169 0.307222 -0.923880
vn 0.228169 0.307222 -0.923880
vn 0.228169 0.307222 -0.923880
vn 0.802811 -0.596234 0.000000
vn 0.802811 -0.596234 0.000000
vn 0.802811 -0.596234 0.000000
vn -0.692790 0.593852 -0.409124
vn -0.692790 0.593852 -0.409124
vn -0.692790 0.593852 -0.409124
vn -0.692790 0.593852 -0.409124
vn -0.958841 0.235622 -0.158451
vn -0.958841 0.235622 -0.158451
vn -0.958841 0.235622 -0.158451
vn -0.958841 0.235622 -0.158451
vn -0.962259 0.231018 0.143834
vn -0.962259 0.231018 0.143834
vn -0.962259 0.231018 0.143834
vn -0.962259 0.231018 0.143834
vn -0.824332 0.416733 0.383157
vn -0.824332 0.416733 0.383157
vn -0.824332 0.416733 0.383157
vn -0.824332 0.416733 0.383157
vn -0.653009 0.647415 0.392979
vn -0.653009 0.647415 0.392979
vn -0.653009 0.647415 0.392979
vn -0.653009 0.647415 0.392979
vn -0.504306 0.847640 0.164867
vn -0.504306 0.847640 0.164867
vn -0.504306 0.847640 0.164867
vn -0.504306 0.847640 0.164867
vn -0.502683 0.849825 -0.158450
vn -0.502683 0.849825 -0.158450
vn -0.502683 0.849825 -0.158450
vn -0.502683 0.849825 -0.158450
vn -0.636288 0.669930 -0.382534
vn -0.636288 0.669930 -0.382534
vn -0.636288 0.669930 -0.382534
vn -0.636288 0.669930 -0.382534
vn -0.740411 0.606194 -0.290380
vn -0.740411 0.606194 -0.290380
vn -0.740411 0.606194 -0.290380
vn -0.740411 0.606194 -0.290380
vn -0.929243 0.351938 -0.112462
vn -0.929243 0.351938 -0.112462
vn -0.929243 0.351938 -0.112462
vn -0.929243 0.351938 -0.112462
vn -0.931669 0.348671 0.102087
vn -0.931669 0.348671 0.102087
vn -0.931669 0.348671 0.102087
vn -0.931669 0.348671 0.102087
vn -0.833774 0.480483 0.271949
vn -0.833774 0.480483 0.271949
vn -0.833774 0.480483 0.271949
vn -0.833774 0.480483 0.271949
vn -0.712176 0.644212 0.278920
vn -0.712176 0.644212 0.278920
vn -0.712176 0.644212 0.278920
vn -0.712176 0.644212 0.278920
vn -0.606632 0.786324 0.117017
vn -0.606632 0.786324 0.117017
vn -0.606632 0.786324 0.117017
vn -0.606632 0.786324 0.117017
vn -0.605479 0.787875 -0.112462
vn -0.605479 0.787875 -0.112462
vn -0.605479 0.787875 -0.112462
vn -0.605479 0.787875 -0.112462
vn -0.700308 0.660191 -0.271507
vn -0.700308 0.660191 -0.271507
vn -0.700308 0.660191 -0.271507
vn -0.700308 0.660191 -0.271507
vn 0.741417 -0.606370 0.287430
vn 0.741417 -0.606370 0.287430
vn 0.741417 -0.606370 0.287430
vn 0.741417 -0.606370 0.287430
vn 0.325854 -0.407427 0.853125
vn 0.325854 -0.407427 0.853125
vn 0.325854 -0.407427 0.853125
vn 0.325854 -0.407427 0.853125
vn 0.928331 -0.354695 0.111319
vn 0.928331 -0.354695 0.111319
vn 0.928331 -0.354695 0.111319
vn 0.928331 -0.354695 0.111319
vn 0.880638 0.339570 0.330409
vn 0.880638 0.339570 0.330409
vn 0.880638 0.339570 0.330409
vn 0.880638 0.339570 0.330409
vn 0.930733 -0.351462 -0.101050
vn 0.930733 -0.351462 -0.101050
vn 0.930733 -0.351462 -0.101050
vn 0.930733 -0.351462 -0.101050
vn 0.887765 0.349165 -0.299927
vn 0.887765 0.349165 -0.299927
vn 0.887765 0.349165 -0.299927
vn 0.887765 0.349165 -0.299927
vn 0.833832 -0.481936 -0.269186
vn 0.833832 -0.481936 -0.269186
vn 0.833832 -0.481936 -0.269186
vn 0.833832 -0.481936 -0.269186
vn 0.600155 -0.038093 -0.798977
vn 0.600155 -0.038093 -0.798977
vn 0.600155 -0.038093 -0.798977
vn 0.600155 -0.038093 -0.798977
vn 0.713469 -0.644001 -0.276089
vn 0.713469 -0.644001 -0.276089
vn 0.713469 -0.644001 -0.276089
vn 0.713469 -0.644001 -0.276089
vn 0.242906 -0.519122 -0.819457
vn 0.242906 -0.519122 -0.819457
vn 0.242906 -0.519122 -0.819457
vn 0.242906 -0.519122 -0.819457
vn 0.608996 -0.784671 -0.115828
vn 0.608996 -0.784671 -0.115828
vn 0.608996 -0.784671 -0.115828
vn 0.608996 -0.784671 -0.115828
vn -0.067181 -0.936641 -0.343789
vn -0.067181 -0.936641 -0.343789
vn -0.067181 -0.936641 -0.343789
vn -0.067181 -0.936641 -0.343789
vn 0.607856 -0.786205 0.111320
vn 0.607856 -0.786205 0.111320
vn 0.607856 -0.786205 0.111320
vn 0.607856 -0.786205 0.111320
vn -0.070562 -0.941197 0.330407
vn -0.070562 -0.941197 0.330407
vn -0.070562 -0.941197 0.330407
vn -0.070562 -0.941197 0.330407
vn 0.701722 -0.659819 0.268749
vn 0.701722 -0.659819 0.268749
vn 0.701722 -0.659819 0.268749
vn 0.701722 -0.659819 0.268749
vn 0.208033 -0.566067 0.797678
vn 0.208033 -0.566067 0.797678
vn 0.208033 -0.566067 0.797678
vn 0.208033 -0.566067 0.797678
vn -0.091708 -0.123482 0.988100
vn -0.091708 -0.123482 0.988100
vn -0.091708 -0.123482 0.988100
vn -0.091708 -0.123482 0.988100
vn 0.773542 -0.608700 0.176401
vn 0.773542 -0.608700 0.176401
vn 0.773542 -0.608700 0.176401
vn 0.773542 -0.608700 0.176401
vn -0.228168 -0.307222 0.923880
vn -0.228168 -0.307222 0.923880
vn -0.228168 -0.307222 0.923880
vn -0.228168 -0.307222 0.923880
vn 0.749180 -0.641502 0.164936
vn 0.749180 -0.641502 0.164936
vn 0.749180 -0.641502 0.164936
vn 0.749180 -0.641502 0.164936
vn 0.888254 -0.454243 0.068319
vn 0.888254 -0.454243 0.068319
vn 0.888254 -0.454243 0.068319
vn 0.888254 -0.454243 0.068319
vn 0.550848 0.741700 0.382685
vn 0.550848 0.741700 0.382685
vn 0.550848 0.741700 0.382685
vn 0.550848 0.741700 0.382685
vn 0.889728 -0.452258 -0.062016
vn 0.889728 -0.452258 -0.062016
vn 0.889728 -0.452258 -0.062016
vn 0.889728 -0.452258 -0.062016
vn 0.559103 0.752815 -0.347381
vn 0.559103 0.752815 -0.347381
vn 0.559103 0.752815 -0.347381
vn 0.559103 0.752815 -0.347381
vn 0.830259 -0.532332 -0.165206
vn 0.830259 -0.532332 -0.165206
vn 0.830259 -0.532332 -0.165206
vn 0.830259 -0.532332 -0.165206
vn 0.225988 0.304287 -0.925386
vn 0.225988 0.304287 -0.925386
vn 0.225988 0.304287 -0.925386
vn 0.225988 0.304287 -0.925386
vn 0.756390 -0.631795 -0.169440
vn 0.756390 -0.631795 -0.169440
vn 0.756390 -0.631795 -0.169440
vn 0.756390 -0.631795 -0.169440
vn -0.187785 -0.252847 -0.949108
vn -0.187785 -0.252847 -0.949108
vn -0.187785 -0.252847 -0.949108
vn -0.187785 -0.252847 -0.949108
vn 0.692275 -0.718124 -0.071085
vn 0.692275 -0.718124 -0.071085
vn 0.692275 -0.718124 -0.071085
vn 0.692275 -0.718124 -0.071085
vn -0.546929 -0.736424 -0.398181
vn -0.546929 -0.736424 -0.398181
vn -0.546929 -0.736424 -0.398181
vn -0.546929 -0.736424 -0.398181
vn 0.691575 -0.719067 0.068318
vn 0.691575 -0.719067 0.068318
vn 0.691575 -0.719067 0.068318
vn 0.691575 -0.719067 0.068318
vn -0.550848 -0.741701 0.382682
vn -0.550848 -0.741701 0.382682
vn -0.550848 -0.741701 0.382682
vn -0.550848 -0.741701 0.382682
vn -0.802811 0.596233 0.000000
vn -0.802811 0.596233 0.000000
vn -0.802811 0.596233 0.000000
vn 0.129709 -0.986000 -0.104780
vn 0.129709 -0.986000 -0.104780
vn 0.129709 -0.986000 -0.104780
vn -0.391483 -0.750919 -0.531847
vn -0.391483 -0.750919 -0.531847
vn -0.391483 -0.750919 -0.531847
vn -0.045241 -0.822188 0.567415
vn -0.045241 -0.822188 0.567415
vn -0.045241 -0.822188 0.567415
vn -0.674570 -0.485858 0.555785
vn -0.674570 -0.485858 0.555785
vn -0.674570 -0.485858 0.555785
vn -0.888552 -0.441814 -0.123597
vn -0.888552 -0.441814 -0.123597
vn -0.888552 -0.441814 -0.123597
vn -0.116541 -0.251292 -0.960870
vn -0.116541 -0.251292 -0.960870
vn -0.116541 -0.251292 -0.960870
vn 0.726763 -0.631655 -0.269866
vn 0.726763 -0.631655 -0.269866
vn 0.726763 -0.631655 -0.269866
vn 0.443690 -0.366602 0.817767
vn 0.443690 -0.366602 0.817767
vn 0.443690 -0.366602 0.817767
vn -0.574580 0.177590 0.798949
vn -0.574580 0.177590 0.798949
vn -0.574580 0.177590 0.798949
vn -0.920808 0.248852 -0.300310
vn -0.920808 0.248852 -0.300310
vn -0.920808 0.248852 -0.300310
vn 0.574580 -0.177590 -0.798949
vn 0.574580 -0.177590 -0.798949
vn 0.574580 -0.177590 -0.798949
vn 0.920807 -0.248851 0.300311
vn 0.920807 -0.248851 0.300311
vn 0.920807 -0.248851 0.300311
vn 0.116542 0.251292 0.960870
vn 0.116542 0.251292 0.960870
vn 0.116542 0.251292 0.960870
vn -0.726763 0.631655 0.269865
vn -0.726763 0.631655 0.269865
vn -0.726763 0.631655 0.269865
vn -0.443692 0.366602 -0.817765
vn -0.443692 0.366602 -0.817765
vn -0.443692 0.366602 -0.817765
vn 0.674569 0.485858 -0.555786
vn 0.674569 0.485858 -0.555786
vn 0.674569 0.485858 -0.555786
vn 0.888551 0.441814 0.123598
vn 0.888551 0.441814 0.123598
vn 0.888551 0.441814 0.123598
vn 0.391483 0.750919 0.531847
vn 0.391483 0.750919 0.531847
vn 0.391483 0.750919 0.531847
vn -0.129710 0.986000 0.104781
vn -0.129710 0.986000 0.104781
vn -0.129710 0.986000 0.104781
vn 0.045242 0.822189 -0.567414
vn 0.045242 0.822189 -0.567414
vn 0.045242 0.822189 -0.567414
vn -0.783538 -0.520584 -0.339206
vn -0.783538 -0.520584 -0.339206
vn -0.783538 -0.520584 -0.339206
vn -0.828910 -0.422810 0.366251
vn -0.828910 -0.422810 0.366251
vn -0.828910 -0.422810 0.366251
vn -0.172240 -0.862651 -0.475570
vn -0.172240 -0.862651 -0.475570
vn -0.172240 -0.862651 -0.475570
vn 0.160195 -0.976285 0.145623
vn 0.160195 -0.976285 0.145623
vn 0.160195 -0.976285 0.145623
vn -0.245654 -0.704443 0.665894
vn -0.245654 -0.704443 0.665894
vn -0.245654 -0.704443 0.665894
vn -0.824310 0.279596 0.492280
vn -0.824310 0.279596 0.492280
vn -0.824310 0.279596 0.492280
vn -0.750894 0.121400 -0.649169
vn -0.750894 0.121400 -0.649169
vn -0.750894 0.121400 -0.649169
vn 0.238203 -0.432072 -0.869812
vn 0.238203 -0.432072 -0.869812
vn 0.238203 -0.432072 -0.869812
vn 0.776095 -0.615932 0.135296
vn 0.776095 -0.615932 0.135296
vn 0.776095 -0.615932 0.135296
vn 0.119415 -0.176090 0.977104
vn 0.119415 -0.176090 0.977104
vn 0.119415 -0.176090 0.977104
vn -0.776095 0.615931 -0.135297
vn -0.776095 0.615931 -0.135297
vn -0.776095 0.615931 -0.135297
vn -0.119418 0.176090 -0.977104
vn -0.119418 0.176090 -0.977104
vn -0.119418 0.176090 -0.977104
vn 0.824310 -0.279596 -0.492280
vn 0.824310 -0.279596 -0.492280
vn 0.824310 -0.279596 -0.492280
vn 0.750893 -0.121399 0.649170
vn 0.750893 -0.121399 0.649170
vn 0.750893 -0.121399 0.649170
vn -0.238204 0.432068 0.869814
vn -0.238204 0.432068 0.869814
vn -0.238204 0.432068 0.869814
vn -0.160194 0.976285 -0.145623
vn -0.160194 0.976285 -0.145623
vn -0.160194 0.976285 -0.145623
vn 0.245655 0.704445 -0.665891
vn 0.245655 0.704445 -0.665891
vn 0.245655 0.704445 -0.665891
vn 0.828910 0.422810 -0.366252
vn 0.828910 0.422810 -0.366252
vn 0.828910 0.422810 -0.366252
vn 0.783537 0.520585 0.339207
vn 0.783537 0.520585 0.339207
vn 0.783537 0.520585 0.339207
vn 0.172242 0.862651 0.475569
vn 0.172242 0.862651 0.475569
vn 0.172242 0.862651 0.475569
vn -0.468252 -0.585481 0.661780
vn -0.468252 -0.585481 0.661780
vn -0.468252 -0.585481 0.661780
vn 0.098310 -0.918341 0.383386
vn 0.098310 -0.918341 0.383386
vn 0.098310 -0.918341 0.383386
vn -0.904600 -0.407230 0.125948
vn -0.904600 -0.407230 0.125948
vn -0.904600 -0.407230 0.125948
vn -0.607708 -0.629926 -0.483616
vn -0.607708 -0.629926 -0.483616
vn -0.607708 -0.629926 -0.483616
vn 0.012125 -0.945807 -0.324503
vn 0.012125 -0.945807 -0.324503
vn 0.012125 -0.945807 -0.324503
vn 0.675958 -0.522185 0.520004
vn 0.675958 -0.522185 0.520004
vn 0.675958 -0.522185 0.520004
vn -0.240754 0.016394 0.970448
vn -0.240754 0.016394 0.970448
vn -0.240754 0.016394 0.970448
vn -0.946776 0.304815 0.103459
vn -0.946776 0.304815 0.103459
vn -0.946776 0.304815 0.103459
vn -0.466395 -0.055514 -0.882833
vn -0.466395 -0.055514 -0.882833
vn -0.466395 -0.055514 -0.882833
vn 0.536507 -0.566623 -0.625379
vn 0.536507 -0.566623 -0.625379
vn 0.536507 -0.566623 -0.625379
vn 0.466395 0.055514 0.882833
vn 0.466395 0.055514 0.882833
vn 0.466395 0.055514 0.882833
vn -0.536509 0.566620 0.625380
vn -0.536509 0.566620 0.625380
vn -0.536509 0.566620 0.625380
vn -0.675957 0.522186 -0.520004
vn -0.675957 0.522186 -0.520004
vn -0.675957 0.522186 -0.520004
vn 0.240754 -0.016394 -0.970448
vn 0.240754 -0.016394 -0.970448
vn 0.240754 -0.016394 -0.970448
vn 0.946776 -0.304816 -0.103457
vn 0.946776 -0.304816 -0.103457
vn 0.946776 -0.304816 -0.103457
vn 0.607707 0.629926 0.483616
vn 0.607707 0.629926 0.483616
vn 0.607707 0.629926 0.483616
vn -0.012123 0.945807 0.324502
vn -0.012123 0.945807 0.324502
vn -0.012123 0.945807 0.324502
vn -0.098309 0.918341 -0.383387
vn -0.098309 0.918341 -0.383387
vn -0.098309 0.918341 -0.383387
vn 0.468252 0.585482 -0.661779
vn 0.468252 0.585482 -0.661779
vn 0.468252 0.585482 -0.661779
vn 0.904600 0.407229 -0.125945
vn 0.904600 0.407229 -0.125945
vn 0.904600 0.407229 -0.125945
vn 0.091708 0.123482 0.988100
vn 0.091708 0.123482 0.988100
vn 0.091708 0.123482 0.988100
vn 0.091708 0.123482 0.988100
vn -0.550848 -0.741701 0.382683
vn -0.550848 -0.741701 0.382683
vn -0.550848 -0.741701 0.382683
vn -0.550848 -0.741701 0.382683
vn -0.559103 -0.752816 -0.347380
vn -0.559103 -0.752816 -0.347380
vn -0.559103 -0.752816 -0.347380
vn -0.559103 -0.752816 -0.347380
vn -0.225988 -0.304287 -0.925386
vn -0.225988 -0.304287 -0.925386
vn -0.225988 -0.304287 -0.925386
vn -0.225988 -0.304287 -0.925386
vn 0.187785 0.252847 -0.949108
vn 0.187785 0.252847 -0.949108
vn 0.187785 0.252847 -0.949108
vn 0.187785 0.252847 -0.949108
vn 0.546929 0.736424 -0.398182
vn 0.546929 0.736424 -0.398182
vn 0.546929 0.736424 -0.398182
vn 0.546929 0.736424 -0.398182
vn 0.550848 0.741701 0.382683
vn 0.550848 0.741701 0.382683
vn 0.550848 0.741701 0.382683
vn 0.550848 0.741701 0.382683
vn 0.228169 0.307222 0.923880
vn 0.228169 0.307222 0.923880
vn 0.228169 0.307222 0.923880
vn 0.228169 0.307222 0.923880
vn 0.802811 -0.596233 -0.000000
vn 0.802811 -0.596233 -0.000000
vn 0.802811 -0.596233 -0.000000
vn -0.692789 0.593852 0.409125
vn -0.692789 0.593852 0.409125
vn -0.692789 0.593852 0.409125
vn -0.692789 0.593852 0.409125
vn -0.958841 0.235621 0.158451
vn -0.958841 0.235621 0.158451
vn -0.958841 0.235621 0.158451
vn -0.958841 0.235621 0.158451
vn -0.962259 0.231019 -0.143833
vn -0.962259 0.231019 -0.143833
vn -0.962259 0.231019 -0.143833
vn -0.962259 0.231019 -0.143833
vn -0.824332 0.416733 -0.383157
vn -0.824332 0.416733 -0.383157
vn -0.824332 0.416733 -0.383157
vn -0.824332 0.416733 -0.383157
vn -0.653009 0.647415 -0.392980
vn -0.653009 0.647415 -0.392980
vn -0.653009 0.647415 -0.392980
vn -0.653009 0.647415 -0.392980
vn -0.504307 0.847640 -0.164867
vn -0.504307 0.847640 -0.164867
vn -0.504307 0.847640 -0.164867
vn -0.504307 0.847640 -0.164867
vn -0.502683 0.849825 0.158450
vn -0.502683 0.849825 0.158450
vn -0.502683 0.849825 0.158450
vn -0.502683 0.849825 0.158450
vn -0.636288 0.669929 0.382533
vn -0.636288 0.669929 0.382533
vn -0.636288 0.669929 0.382533
vn -0.636288 0.669929 0.382533
vn -0.740411 0.606195 0.290379
vn -0.740411 0.606195 0.290379
vn -0.740411 0.606195 0.290379
vn -0.740411 0.606195 0.290379
vn -0.929243 0.351938 0.112461
vn -0.929243 0.351938 0.112461
vn -0.929243 0.351938 0.112461
vn -0.929243 0.351938 0.112461
vn -0.931669 0.348671 -0.102086
vn -0.931669 0.348671 -0.102086
vn -0.931669 0.348671 -0.102086
vn -0.931669 0.348671 -0.102086
vn -0.833774 0.480483 -0.271949
vn -0.833774 0.480483 -0.271949
vn -0.833774 0.480483 -0.271949
vn -0.833774 0.480483 -0.271949
vn -0.712176 0.644212 -0.278921
vn -0.712176 0.644212 -0.278921
vn -0.712176 0.644212 -0.278921
vn -0.712176 0.644212 -0.278921
vn -0.606632 0.786324 -0.117017
vn -0.606632 0.786324 -0.117017
vn -0.606632 0.786324 -0.117017
vn -0.606632 0.786324 -0.117017
vn -0.605480 0.787874 0.112462
vn -0.605480 0.787874 0.112462
vn -0.605480 0.787874 0.112462
vn -0.605480 0.787874 0.112462
vn -0.700308 0.660191 0.271507
vn -0.700308 0.660191 0.271507
vn -0.700308 0.660191 0.271507
vn -0.700308 0.660191 0.271507
vn 0.741417 -0.606370 -0.287430
vn 0.741417 -0.606370 -0.287430
vn 0.741417 -0.606370 -0.287430
vn 0.741417 -0.606370 -0.287430
vn 0.325854 -0.407427 -0.853125
vn 0.325854 -0.407427 -0.853125
vn 0.325854 -0.407427 -0.853125
vn 0.325854 -0.407427 -0.853125
vn 0.928331 -0.354695 -0.111319
vn 0.928331 -0.354695 -0.111319
vn 0.928331 -0.354695 -0.111319
vn 0.928331 -0.354695 -0.111319
vn 0.880637 0.339571 -0.330409
vn 0.880637 0.339571 -0.330409
vn 0.880637 0.339571 -0.330409
vn 0.880637 0.339571 -0.330409
vn 0.930733 -0.351462 0.101050
vn 0.930733 -0.351462 0.101050
vn 0.930733 -0.351462 0.101050
vn 0.930733 -0.351462 0.101050
vn 0.887764 0.349169 0.299927
vn 0.887764 0.349169 0.299927
vn 0.887764 0.349169 0.299927
vn 0.887764 0.349169 0.299927
vn 0.833832 -0.481936 0.269186
vn 0.833832 -0.481936 0.269186
vn 0.833832 -0.481936 0.269186
vn 0.833832 -0.481936 0.269186
vn 0.600153 -0.038092 0.798978
vn 0.600153 -0.038092 0.798978
vn 0.600153 -0.038092 0.798978
vn 0.600153 -0.038092 0.798978
vn 0.713469 -0.644001 0.276088
vn 0.713469 -0.644001 0.276088
vn 0.713469 -0.644001 0.276088
vn 0.713469 -0.644001 0.276088
vn 0.242904 -0.519120 0.819458
vn 0.242904 -0.519120 0.819458
vn 0.242904 -0.519120 0.819458
vn 0.242904 -0.519120 0.819458
vn 0.608995 -0.784671 0.115829
vn 0.608995 -0.784671 0.115829
vn 0.608995 -0.784671 0.115829
vn 0.608995 -0.784671 0.115829
vn -0.067176 -0.936641 0.343788
vn -0.067176 -0.936641 0.343788
vn -0.067176 -0.936641 0.343788
vn -0.067176 -0.936641 0.343788
vn 0.607857 -0.786205 -0.111320
vn 0.607857 -0.786205 -0.111320
vn 0.607857 -0.786205 -0.111320
vn 0.607857 -0.786205 -0.111320
vn -0.070571 -0.941196 -0.330409
vn -0.070571 -0.941196 -0.330409
vn -0.070571 -0.941196 -0.330409
vn -0.070571 -0.941196 -0.330409
vn 0.701722 -0.659819 -0.268749
vn 0.701722 -0.659819 -0.268749
vn 0.701722 -0.659819 -0.268749
vn 0.701722 -0.659819 -0.268749
vn 0.208033 -0.566067 -0.797678
vn 0.208033 -0.566067 -0.797678
vn 0.208033 -0.566067 -0.797678
vn 0.208033 -0.566067 -0.797678
vn -0.091708 -0.123482 -0.988100
vn -0.091708 -0.123482 -0.988100
vn -0.091708 -0.123482 -0.988100
vn -0.091708 -0.123482 -0.988100
vn 0.773542 -0.608700 -0.176401
vn 0.773542 -0.608700 -0.176401
vn 0.773542 -0.608700 -0.176401
vn 0.773542 -0.608700 -0.176401
vn -0.228169 -0.307223 -0.923880
vn -0.228169 -0.307223 -0.923880
vn -0.228169 -0.307223 -0.923880
vn -0.228169 -0.307223 -0.923880
vn 0.749180 -0.641502 -0.164936
vn 0.749180 -0.641502 -0.164936
vn 0.749180 -0.641502 -0.164936
vn 0.749180 -0.641502 -0.164936
vn 0.888255 -0.454243 -0.068319
vn 0.888255 -0.454243 -0.068319
vn 0.888255 -0.454243 -0.068319
vn 0.888255 -0.454243 -0.068319
vn 0.550848 0.741700 -0.382684
vn 0.550848 0.741700 -0.382684
vn 0.550848 0.741700 -0.382684
vn 0.550848 0.741700 -0.382684
vn 0.889728 -0.452259 0.062016
vn 0.889728 -0.452259 0.062016
vn 0.889728 -0.452259 0.062016
vn 0.889728 -0.452259 0.062016
vn 0.559103 0.752816 0.347380
vn 0.559103 0.752816 0.347380
vn 0.559103 0.752816 0.347380
vn 0.559103 0.752816 0.347380
vn 0.830259 -0.532332 0.165205
vn 0.830259 -0.532332 0.165205
vn 0.830259 -0.532332 0.165205
vn 0.830259 -0.532332 0.165205
vn 0.225988 0.304286 0.925386
vn 0.225988 0.304286 0.925386
vn 0.225988 0.304286 0.925386
vn 0.225988 0.304286 0.925386
vn 0.756390 -0.631795 0.169440
vn 0.756390 -0.631795 0.169440
vn 0.756390 -0.631795 0.169440
vn 0.756390 -0.631795 0.169440
vn -0.187785 -0.252846 0.949108
vn -0.187785 -0.252846 0.949108
vn -0.187785 -0.252846 0.949108
vn -0.187785 -0.252846 0.949108
vn 0.692275 -0.718124 0.071085
vn 0.692275 -0.718124 0.071085
vn 0.692275 -0.718124 0.071085
vn 0.692275 -0.718124 0.071085
vn -0.546929 -0.736424 0.398181
vn -0.546929 -0.736424 0.398181
vn -0.546929 -0.736424 0.398181
vn -0.546929 -0.736424 0.398181
vn 0.691575 -0.719067 -0.068318
vn 0.691575 -0.719067 -0.068318
vn 0.691575 -0.719067 -0.068318
vn 0.691575 -0.719067 -0.068318
vn -0.550848 -0.741701 -0.382682
vn -0.550848 -0.741701 -0.382682
vn -0.550848 -0.741701 -0.382682
vn -0.550848 -0.741701 -0.382682
vn -0.757369 0.599960 0.257760
vn -0.757369 0.599960 0.257760
vn -0.757369 0.599960 0.257760
vn 0.263413 0.354678 0.897116
vn 0.263413 0.354678 0.897116
vn 0.263413 0.354678 0.897116
vn 0.785906 -0.541078 0.299310
vn 0.785906 -0.541078 0.299310
vn 0.785906 -0.541078 0.299310
vn 0.669070 -0.692443 0.269941
vn 0.669070 -0.692443 0.269941
vn 0.669070 -0.692443 0.269941
vn -0.478851 -0.644759 0.595808
vn -0.478851 -0.644759 0.595808
vn -0.478851 -0.644759 0.595808
vn -0.898268 0.383071 0.215339
vn -0.898268 0.383071 0.215339
vn -0.898268 0.383071 0.215339
vn -0.729605 0.681912 0.051698
vn -0.729605 0.681912 0.051698
vn -0.729605 0.681912 0.051698
vn -0.729605 0.681912 0.051698
vn 0.406831 0.547786 0.731040
vn 0.406831 0.547786 0.731040
vn 0.406831 0.547786 0.731040
vn 0.406831 0.547786 0.731040
vn 0.820393 -0.511734 0.255115
vn 0.820393 -0.511734 0.255115
vn 0.820393 -0.511734 0.255115
vn 0.820393 -0.511734 0.255115
vn 0.732720 -0.643457 0.221551
vn 0.732720 -0.643457 0.221551
vn 0.732720 -0.643457 0.221551
vn 0.732720 -0.643457 0.221551
vn -0.596217 -0.802803 0.005634
vn -0.596217 -0.802803 0.005634
vn -0.596217 -0.802803 0.005634
vn -0.596217 -0.802803 0.005634
vn -0.880027 0.459291 -0.120845
vn -0.880027 0.459291 -0.120845
vn -0.880027 0.459291 -0.120845
vn -0.880027 0.459291 -0.120845
vn -0.675565 0.734817 -0.060470
vn -0.675565 0.734817 -0.060470
vn -0.675565 0.734817 -0.060470
vn -0.675565 0.734817 -0.060470
vn 0.400319 0.539017 0.741084
vn 0.400319 0.539017 0.741084
vn 0.400319 0.539017 0.741084
vn 0.400319 0.539017 0.741084
vn 0.749343 -0.584818 0.310600
vn 0.749343 -0.584818 0.310600
vn 0.749343 -0.584818 0.310600
vn 0.749343 -0.584818 0.310600
vn 0.692743 -0.680119 0.239887
vn 0.692743 -0.680119 0.239887
vn 0.692743 -0.680119 0.239887
vn 0.692743 -0.680119 0.239887
vn -0.539387 -0.726269 -0.426138
vn -0.539387 -0.726269 -0.426138
vn -0.539387 -0.726269 -0.426138
vn -0.539387 -0.726269 -0.426138
vn -0.797777 0.547124 -0.253389
vn -0.797777 0.547124 -0.253389
vn -0.797777 0.547124 -0.253389
vn -0.797777 0.547124 -0.253389
vn -0.635452 0.768973 -0.069870
vn -0.635452 0.768973 -0.069870
vn -0.635452 0.768973 -0.069870
vn -0.635452 0.768973 -0.069870
vn 0.306772 0.413060 0.857480
vn 0.306772 0.413060 0.857480
vn 0.306772 0.413060 0.857480
vn 0.306772 0.413060 0.857480
vn 0.676121 -0.683760 0.274468
vn 0.676121 -0.683760 0.274468
vn 0.676121 -0.683760 0.274468
vn 0.676121 -0.683760 0.274468
vn 0.706090 -0.698059 0.118962
vn 0.706090 -0.698059 0.118962
vn 0.706090 -0.698059 0.118962
vn 0.706090 -0.698059 0.118962
vn -0.404331 -0.544415 -0.734935
vn -0.404331 -0.544415 -0.734935
vn -0.404331 -0.544415 -0.734935
vn -0.404331 -0.544415 -0.734935
vn -0.788461 0.579570 -0.205981
vn -0.788461 0.579570 -0.205981
vn -0.788461 0.579570 -0.205981
vn -0.788461 0.579570 -0.205981
vn -0.907405 0.402858 0.119674
vn -0.907405 0.402858 0.119674
vn -0.907405 0.402858 0.119674
vn -0.907405 0.402858 0.119674
vn 0.026110 0.035157 0.999041
vn 0.026110 0.035157 0.999041
vn 0.026110 0.035157 0.999041
vn 0.026110 0.035157 0.999041
vn 0.826470 -0.518265 0.219886
vn 0.826470 -0.518265 0.219886
vn 0.826470 -0.518265 0.219886
vn 0.826470 -0.518265 0.219886
vn 0.888566 -0.438777 -0.133882
vn 0.888566 -0.438777 -0.133882
vn 0.888566 -0.438777 -0.133882
vn 0.888566 -0.438777 -0.133882
vn -0.459420 -0.200667 -0.865255
vn -0.459420 -0.200667 -0.865255
vn -0.459420 -0.200667 -0.865255
vn -0.459420 -0.200667 -0.865255
vn -0.948736 0.310133 -0.060976
vn -0.948736 0.310133 -0.060976
vn -0.948736 0.310133 -0.060976
vn -0.948736 0.310133 -0.060976
vn 0.483230 0.837261 -0.255895
vn 0.483230 0.837261 -0.255895
vn 0.483230 0.837261 -0.255895
vn -0.793942 0.352293 0.495526
vn -0.793942 0.352293 0.495526
vn -0.793942 0.352293 0.495526
vn 0.329733 0.120056 0.936409
vn 0.329733 0.120056 0.936409
vn 0.329733 0.120056 0.936409
vn 0.889864 -0.453723 0.047729
vn 0.889864 -0.453723 0.047729
vn 0.889864 -0.453723 0.047729
vn 0.793386 -0.608487 -0.016793
vn 0.793386 -0.608487 -0.016793
vn 0.793386 -0.608487 -0.016793
vn -0.293526 -0.865363 0.406189
vn -0.293526 -0.865363 0.406189
vn -0.293526 -0.865363 0.406189
vn -0.906258 0.135407 0.400452
vn -0.906258 0.135407 0.400452
vn -0.906258 0.135407 0.400452
vn -0.806977 0.494192 0.323360
vn -0.806977 0.494192 0.323360
vn -0.806977 0.494192 0.323360
vn -0.806977 0.494192 0.323360
vn 0.419312 0.375651 0.826476
vn 0.419312 0.375651 0.826476
vn 0.419312 0.375651 0.826476
vn 0.419312 0.375651 0.826476
vn 0.913315 -0.407077 0.011962
vn 0.913315 -0.407077 0.011962
vn 0.913315 -0.407077 0.011962
vn 0.913315 -0.407077 0.011962
vn 0.841973 -0.536911 -0.052981
vn 0.841973 -0.536911 -0.052981
vn 0.841973 -0.536911 -0.052981
vn 0.841973 -0.536911 -0.052981
vn -0.466579 -0.863523 -0.191396
vn -0.466579 -0.863523 -0.191396
vn -0.466579 -0.863523 -0.191396
vn -0.466579 -0.863523 -0.191396
vn -0.945665 0.308020 0.104125
vn -0.945665 0.308020 0.104125
vn -0.945665 0.308020 0.104125
vn -0.945665 0.308020 0.104125
vn -0.777095 0.586090 0.229394
vn -0.777095 0.586090 0.229394
vn -0.777095 0.586090 0.229394
vn -0.777095 0.586090 0.229394
vn 0.415595 0.363313 0.833837
vn 0.415595 0.363313 0.833837
vn 0.415595 0.363313 0.833837
vn 0.415595 0.363313 0.833837
vn 0.862480 -0.504120 0.044619
vn 0.862480 -0.504120 0.044619
vn 0.862480 -0.504120 0.044619
vn 0.862480 -0.504120 0.044619
vn 0.812873 -0.580895 -0.042418
vn 0.812873 -0.580895 -0.042418
vn 0.812873 -0.580895 -0.042418
vn 0.812873 -0.580895 -0.042418
vn -0.481327 -0.655886 -0.581496
vn -0.481327 -0.655886 -0.581496
vn -0.481327 -0.655886 -0.581496
vn -0.481327 -0.655886 -0.581496
vn -0.897504 0.441000 -0.002287
vn -0.897504 0.441000 -0.002287
vn -0.897504 0.441000 -0.002287
vn -0.897504 0.441000 -0.002287
vn -0.751235 0.622130 0.220454
vn -0.751235 0.622130 0.220454
vn -0.751235 0.622130 0.220454
vn -0.751235 0.622130 0.220454
vn 0.394674 0.297645 0.869276
vn 0.394674 0.297645 0.869276
vn 0.394674 0.297645 0.869276
vn 0.394674 0.297645 0.869276
vn 0.820718 -0.571101 0.016329
vn 0.820718 -0.571101 0.016329
vn 0.820718 -0.571101 0.016329
vn 0.820718 -0.571101 0.016329
vn 0.809971 -0.563159 -0.163702
vn 0.809971 -0.563159 -0.163702
vn 0.809971 -0.563159 -0.163702
vn 0.809971 -0.563159 -0.163702
vn -0.417891 -0.370897 -0.829339
vn -0.417891 -0.370897 -0.829339
vn -0.417891 -0.370897 -0.829339
vn -0.417891 -0.370897 -0.829339
vn -0.885476 0.461859 0.051167
vn -0.885476 0.461859 0.051167
vn -0.885476 0.461859 0.051167
vn -0.885476 0.461859 0.051167
vn -0.812286 0.447302 0.374315
vn -0.812286 0.447302 0.374315
vn -0.812286 0.447302 0.374315
vn -0.812286 0.447302 0.374315
vn 0.358859 0.195866 0.912610
vn 0.358859 0.195866 0.912610
vn 0.358859 0.195866 0.912610
vn 0.358859 0.195866 0.912610
vn 0.891103 -0.401616 -0.211284
vn 0.891103 -0.401616 -0.211284
vn 0.891103 -0.401616 -0.211284
vn 0.891103 -0.401616 -0.211284
vn 0.911905 -0.219682 -0.346653
vn 0.911905 -0.219682 -0.346653
vn 0.911905 -0.219682 -0.346653
vn 0.911905 -0.219682 -0.346653
vn -0.325462 -0.109396 -0.939205
vn -0.325462 -0.109396 -0.939205
vn -0.325462 -0.109396 -0.939205
vn -0.325462 -0.109396 -0.939205
vn -0.948024 0.231544 0.218260
vn -0.948024 0.231544 0.218260
vn -0.948024 0.231544 0.218260
vn -0.948024 0.231544 0.218260
vn 0.468965 0.870620 -0.148639
vn 0.468965 0.870620 -0.148639
vn 0.468965 0.870620 -0.148639
vn -0.263991 -0.021525 -0.964285
vn -0.263991 -0.021525 -0.964285
vn -0.263991 -0.021525 -0.964285
vn 0.721137 -0.542667 -0.430668
vn 0.721137 -0.542667 -0.430668
vn 0.721137 -0.542667 -0.430668
vn 0.539918 -0.383502 0.749276
vn 0.539918 -0.383502 0.749276
vn 0.539918 -0.383502 0.749276
vn 0.403508 -0.446689 0.798530
vn 0.403508 -0.446689 0.798530
vn 0.403508 -0.446689 0.798530
vn -0.304624 -0.951447 -0.044193
vn -0.304624 -0.951447 -0.044193
vn -0.304624 -0.951447 -0.044193
vn -0.445934 -0.107060 -0.888640
vn -0.445934 -0.107060 -0.888640
vn -0.445934 -0.107060 -0.888640
vn -0.309627 0.180621 -0.933545
vn -0.309627 0.180621 -0.933545
vn -0.309627 0.180621 -0.933545
vn -0.309627 0.180621 -0.933545
vn 0.846110 -0.299724 -0.440753
vn 0.846110 -0.299724 -0.440753
vn 0.846110 -0.299724 -0.440753
vn 0.846110 -0.299724 -0.440753
vn 0.553504 -0.330901 0.764289
vn 0.553504 -0.330901 0.764289
vn 0.553504 -0.330901 0.764289
vn 0.553504 -0.330901 0.764289
vn 0.439911 -0.376275 0.815411
vn 0.439911 -0.376275 0.815411
vn 0.439911 -0.376275 0.815411
vn 0.439911 -0.376275 0.815411
vn -0.792908 -0.554294 0.253091
vn -0.792908 -0.554294 0.253091
vn -0.792908 -0.554294 0.253091
vn -0.792908 -0.554294 0.253091
vn -0.553357 0.194259 -0.809975
vn -0.553357 0.194259 -0.809975
vn -0.553357 0.194259 -0.809975
vn -0.553357 0.194259 -0.809975
vn -0.305573 0.300136 -0.903628
vn -0.305573 0.300136 -0.903628
vn -0.305573 0.300136 -0.903628
vn -0.305573 0.300136 -0.903628
vn 0.841044 -0.313254 -0.441040
vn 0.841044 -0.313254 -0.441040
vn 0.841044 -0.313254 -0.441040
vn 0.841044 -0.313254 -0.441040
vn 0.505710 -0.414757 0.756462
vn 0.505710 -0.414757 0.756462
vn 0.505710 -0.414757 0.756462
vn 0.505710 -0.414757 0.756462
vn 0.412915 -0.412208 0.812149
vn 0.412915 -0.412208 0.812149
vn 0.412915 -0.412208 0.812149
vn 0.412915 -0.412208 0.812149
vn -0.913605 -0.083557 0.397924
vn -0.913605 -0.083557 0.397924
vn -0.913605 -0.083557 0.397924
vn -0.913605 -0.083557 0.397924
vn -0.528634 0.347122 -0.774631
vn -0.528634 0.347122 -0.774631
vn -0.528634 0.347122 -0.774631
vn -0.528634 0.347122 -0.774631
vn -0.282191 0.330016 -0.900809
vn -0.282191 0.330016 -0.900809
vn -0.282191 0.330016 -0.900809
vn -0.282191 0.330016 -0.900809
vn 0.812187 -0.381819 -0.441096
vn 0.812187 -0.381819 -0.441096
vn 0.812187 -0.381819 -0.441096
vn 0.812187 -0.381819 -0.441096
vn 0.446586 -0.441897 0.778003
vn 0.446586 -0.441897 0.778003
vn 0.446586 -0.441897 0.778003
vn 0.446586 -0.441897 0.778003
vn 0.362745 -0.325435 0.873217
vn 0.362745 -0.325435 0.873217
vn 0.362745 -0.325435 0.873217
vn 0.362745 -0.325435 0.873217
vn -0.844176 0.304959 0.440872
vn -0.844176 0.304959 0.440872
vn -0.844176 0.304959 0.440872
vn -0.844176 0.304959 0.440872
vn -0.490952 0.327826 -0.807153
vn -0.490952 0.327826 -0.807153
vn -0.490952 0.327826 -0.807153
vn -0.490952 0.327826 -0.807153
vn -0.303711 0.117842 -0.945449
vn -0.303711 0.117842 -0.945449
vn -0.303711 0.117842 -0.945449
vn -0.303711 0.117842 -0.945449
vn 0.762091 -0.477930 -0.436807
vn 0.762091 -0.477930 -0.436807
vn 0.762091 -0.477930 -0.436807
vn 0.762091 -0.477930 -0.436807
vn 0.441361 -0.189366 0.877121
vn 0.441361 -0.189366 0.877121
vn 0.441361 -0.189366 0.877121
vn 0.441361 -0.189366 0.877121
vn 0.448519 0.015678 0.893636
vn 0.448519 0.015678 0.893636
vn 0.448519 0.015678 0.893636
vn 0.448519 0.015678 0.893636
vn -0.715155 0.551356 0.429604
vn -0.715155 0.551356 0.429604
vn -0.715155 0.551356 0.429604
vn -0.715155 0.551356 0.429604
vn -0.527223 0.072653 -0.846615
vn -0.527223 0.072653 -0.846615
vn -0.527223 0.072653 -0.846615
vn -0.527223 0.072653 -0.846615
vn 0.603912 0.797027 -0.006164
vn 0.603912 0.797027 -0.006164
vn 0.603912 0.797027 -0.006164
vn -0.263992 -0.021532 0.964285
vn -0.263992 -0.021532 0.964285
vn -0.263992 -0.021532 0.964285
vn 0.721140 -0.542667 0.430662
vn 0.721140 -0.542667 0.430662
vn 0.721140 -0.542667 0.430662
vn 0.539917 -0.383502 -0.749277
vn 0.539917 -0.383502 -0.749277
vn 0.539917 -0.383502 -0.749277
vn 0.403510 -0.446682 -0.798533
vn 0.403510 -0.446682 -0.798533
vn 0.403510 -0.446682 -0.798533
vn -0.304624 -0.951447 0.044193
vn -0.304624 -0.951447 0.044193
vn -0.304624 -0.951447 0.044193
vn -0.445936 -0.107063 0.888638
vn -0.445936 -0.107063 0.888638
vn -0.445936 -0.107063 0.888638
vn -0.309629 0.180620 0.933545
vn -0.309629 0.180620 0.933545
vn -0.309629 0.180620 0.933545
vn -0.309629 0.180620 0.933545
vn 0.846111 -0.299723 0.440753
vn 0.846111 -0.299723 0.440753
vn 0.846111 -0.299723 0.440753
vn 0.846111 -0.299723 0.440753
vn 0.553504 -0.330901 -0.764289
vn 0.553504 -0.330901 -0.764289
vn 0.553504 -0.330901 -0.764289
vn 0.553504 -0.330901 -0.764289
vn 0.439911 -0.376276 -0.815411
vn 0.439911 -0.376276 -0.815411
vn 0.439911 -0.376276 -0.815411
vn 0.439911 -0.376276 -0.815411
vn -0.792911 -0.554290 -0.253089
vn -0.792911 -0.554290 -0.253089
vn -0.792911 -0.554290 -0.253089
vn -0.792911 -0.554290 -0.253089
vn -0.553358 0.194259 0.809974
vn -0.553358 0.194259 0.809974
vn -0.553358 0.194259 0.809974
vn -0.553358 0.194259 0.809974
vn -0.305572 0.300137 0.903628
vn -0.305572 0.300137 0.903628
vn -0.305572 0.300137 0.903628
vn -0.305572 0.300137 0.903628
vn 0.841044 -0.313253 0.441041
vn 0.841044 -0.313253 0.441041
vn 0.841044 -0.313253 0.441041
vn 0.841044 -0.313253 0.441041
vn 0.505710 -0.414757 -0.756462
vn 0.505710 -0.414757 -0.756462
vn 0.505710 -0.414757 -0.756462
vn 0.505710 -0.414757 -0.756462
vn 0.412915 -0.412208 -0.812149
vn 0.412915 -0.412208 -0.812149
vn 0.412915 -0.412208 -0.812149
vn 0.412915 -0.412208 -0.812149
vn -0.913606 -0.083557 -0.397923
vn -0.913606 -0.083557 -0.397923
vn -0.913606 -0.083557 -0.397923
vn -0.913606 -0.083557 -0.397923
vn -0.528633 0.347122 0.774631
vn -0.528633 0.347122 0.774631
vn -0.528633 0.347122 0.774631
vn -0.528633 0.347122 0.774631
vn -0.282192 0.330016 0.900809
vn -0.282192 0.330016 0.900809
vn -0.282192 0.330016 0.900809
vn -0.282192 0.330016 0.900809
vn 0.812188 -0.381820 0.441095
vn 0.812188 -0.381820 0.441095
vn 0.812188 -0.381820 0.441095
vn 0.812188 -0.381820 0.441095
vn 0.446586 -0.441896 -0.778003
vn 0.446586 -0.441896 -0.778003
vn 0.446586 -0.441896 -0.778003
vn 0.446586 -0.441896 -0.778003
vn 0.362745 -0.325435 -0.873217
vn 0.362745 -0.325435 -0.873217
vn 0.362745 -0.325435 -0.873217
vn 0.362745 -0.325435 -0.873217
vn -0.844175 0.304959 -0.440872
vn -0.844175 0.304959 -0.440872
vn -0.844175 0.304959 -0.440872
vn -0.844175 0.304959 -0.440872
vn -0.490952 0.327826 0.807153
vn -0.490952 0.327826 0.807153
vn -0.490952 0.327826 0.807153
vn -0.490952 0.327826 0.807153
vn -0.303711 0.117842 0.945449
vn -0.303711 0.117842 0.945449
vn -0.303711 0.117842 0.945449
vn -0.303711 0.117842 0.945449
vn 0.762091 -0.477930 0.436807
vn 0.762091 -0.477930 0.436807
vn 0.762091 -0.477930 0.436807
vn 0.762091 -0.477930 0.436807
vn 0.441361 -0.189366 -0.877121
vn 0.441361 -0.189366 -0.877121
vn 0.441361 -0.189366 -0.877121
vn 0.441361 -0.189366 -0.877121
vn 0.448519 0.015677 -0.893636
vn 0.448519 0.015677 -0.893636
vn 0.448519 0.015677 -0.893636
vn 0.448519 0.015677 -0.893636
vn -0.715155 0.551356 -0.429604
vn -0.715155 0.551356 -0.429604
vn -0.715155 0.551356 -0.429604
vn -0.715155 0.551356 -0.429604
vn -0.527222 0.072653 0.846616
vn -0.527222 0.072653 0.846616
vn -0.527222 0.072653 0.846616
vn -0.527222 0.072653 0.846616
vn 0.603909 0.797030 0.006159
vn 0.603909 0.797030 0.006159
vn 0.603909 0.797030 0.006159
vn -0.936300 0.291658 0.195648
vn -0.936300 0.291658 0.195648
vn -0.936300 0.291658 0.195648
vn -0.413377 0.117108 -0.902998
vn -0.413377 0.117108 -0.902998
vn -0.413377 0.117108 -0.902998
vn 0.637875 -0.400197 -0.657995
vn 0.637875 -0.400197 -0.657995
vn 0.637875 -0.400197 -0.657995
vn 0.621878 -0.558904 -0.548539
vn 0.621878 -0.558904 -0.548539
vn 0.621878 -0.558904 -0.548539
vn -0.439515 -0.891054 -0.113356
vn -0.439515 -0.891054 -0.113356
vn -0.439515 -0.891054 -0.113356
vn -0.938965 0.070753 0.336658
vn -0.938965 0.070753 0.336658
vn -0.938965 0.070753 0.336658
vn -0.835792 0.436633 0.332871
vn -0.835792 0.436633 0.332871
vn -0.835792 0.436633 0.332871
vn -0.835792 0.436633 0.332871
vn -0.288375 0.380213 -0.878794
vn -0.288375 0.380213 -0.878794
vn -0.288375 0.380213 -0.878794
vn -0.288375 0.380213 -0.878794
vn 0.676616 -0.351377 -0.647089
vn 0.676616 -0.351377 -0.647089
vn 0.676616 -0.351377 -0.647089
vn 0.676616 -0.351377 -0.647089
vn 0.677580 -0.483676 -0.554024
vn 0.677580 -0.483676 -0.554024
vn 0.677580 -0.483676 -0.554024
vn 0.677580 -0.483676 -0.554024
vn -0.153421 -0.885248 0.439087
vn -0.153421 -0.885248 0.439087
vn -0.153421 -0.885248 0.439087
vn -0.153421 -0.885248 0.439087
vn -0.773923 0.247776 0.582794
vn -0.773923 0.247776 0.582794
vn -0.773923 0.247776 0.582794
vn -0.773923 0.247776 0.582794
vn -0.755065 0.532409 0.382645
vn -0.755065 0.532409 0.382645
vn -0.755065 0.532409 0.382645
vn -0.755065 0.532409 0.382645
vn -0.295389 0.367502 -0.881866
vn -0.295389 0.367502 -0.881866
vn -0.295389 0.367502 -0.881866
vn -0.295389 0.367502 -0.881866
vn 0.623251 -0.452073 -0.638113
vn 0.623251 -0.452073 -0.638113
vn 0.623251 -0.452073 -0.638113
vn 0.623251 -0.452073 -0.638113
vn 0.651927 -0.529577 -0.542715
vn 0.651927 -0.529577 -0.542715
vn 0.651927 -0.529577 -0.542715
vn 0.651927 -0.529577 -0.542715
vn 0.091851 -0.669512 0.737101
vn 0.091851 -0.669512 0.737101
vn 0.091851 -0.669512 0.737101
vn 0.091851 -0.669512 0.737101
vn -0.673896 0.385951 0.630005
vn -0.673896 0.385951 0.630005
vn -0.673896 0.385951 0.630005
vn -0.673896 0.385951 0.630005
vn -0.732393 0.570150 0.372197
vn -0.732393 0.570150 0.372197
vn -0.732393 0.570150 0.372197
vn -0.732393 0.570150 0.372197
vn -0.330942 0.299856 -0.894742
vn -0.330942 0.299856 -0.894742
vn -0.330942 0.299856 -0.894742
vn -0.330942 0.299856 -0.894742
vn 0.616574 -0.520749 -0.590472
vn 0.616574 -0.520749 -0.590472
vn 0.616574 -0.520749 -0.590472
vn 0.616574 -0.520749 -0.590472
vn 0.732235 -0.509128 -0.452351
vn 0.732235 -0.509128 -0.452351
vn 0.732235 -0.509128 -0.452351
vn 0.732235 -0.509128 -0.452351
vn 0.291086 -0.375316 0.880004
vn 0.291086 -0.375316 0.880004
vn 0.291086 -0.375316 0.880004
vn 0.291086 -0.375316 0.880004
vn -0.703250 0.406201 0.583472
vn -0.703250 0.406201 0.583472
vn -0.703250 0.406201 0.583472
vn -0.703250 0.406201 0.583472
vn -0.871871 0.388292 0.298447
vn -0.871871 0.388292 0.298447
vn -0.871871 0.388292 0.298447
vn -0.871871 0.388292 0.298447
vn -0.380511 0.195083 -0.903966
vn -0.380511 0.195083 -0.903966
vn -0.380511 0.195083 -0.903966
vn -0.380511 0.195083 -0.903966
vn 0.813883 -0.341881 -0.469800
vn 0.813883 -0.341881 -0.469800
vn 0.813883 -0.341881 -0.469800
vn 0.813883 -0.341881 -0.469800
vn 0.911108 -0.155808 -0.381583
vn 0.911108 -0.155808 -0.381583
vn 0.911108 -0.155808 -0.381583
vn 0.911108 -0.155808 -0.381583
vn 0.417738 -0.106138 0.902347
vn 0.417738 -0.106138 0.902347
vn 0.417738 -0.106138 0.902347
vn 0.417738 -0.106138 0.902347
vn -0.849567 0.168565 0.499822
vn -0.849567 0.168565 0.499822
vn -0.849567 0.168565 0.499822
vn -0.849567 0.168565 0.499822
vn 0.388867 0.900631 -0.194029
vn 0.388867 0.900631 -0.194029
vn 0.388867 0.900631 -0.194029
vn -0.906802 0.373408 -0.195644
vn -0.906802 0.373408 -0.195644
vn -0.906802 0.373408 -0.195644
vn -0.401394 0.153244 0.902995
vn -0.401394 0.153244 0.902995
vn -0.401394 0.153244 0.902995
vn 0.599947 -0.455109 0.657982
vn 0.599947 -0.455109 0.657982
vn 0.599947 -0.455109 0.657982
vn 0.569949 -0.611765 0.548545
vn 0.569949 -0.611765 0.548545
vn 0.569949 -0.611765 0.548545
vn -0.516650 -0.848657 0.113372
vn -0.516650 -0.848657 0.113372
vn -0.516650 -0.848657 0.113372
vn -0.929017 0.153593 -0.336656
vn -0.929017 0.153593 -0.336656
vn -0.929017 0.153593 -0.336656
vn -0.793853 0.508917 -0.332866
vn -0.793853 0.508917 -0.332866
vn -0.793853 0.508917 -0.332866
vn -0.793853 0.508917 -0.332866
vn -0.253575 0.404247 0.878797
vn -0.253575 0.404247 0.878797
vn -0.253575 0.404247 0.878797
vn -0.253575 0.404247 0.878797
vn 0.642852 -0.409903 0.647086
vn 0.642852 -0.409903 0.647086
vn 0.642852 -0.409903 0.647086
vn 0.642852 -0.409903 0.647086
vn 0.632097 -0.541766 0.554024
vn 0.632097 -0.541766 0.554024
vn 0.632097 -0.541766 0.554024
vn 0.632097 -0.541766 0.554024
vn -0.231192 -0.868189 -0.439088
vn -0.231192 -0.868189 -0.439088
vn -0.231192 -0.868189 -0.439088
vn -0.231192 -0.868189 -0.439088
vn -0.748949 0.315321 -0.582793
vn -0.748949 0.315321 -0.582793
vn -0.748949 0.315321 -0.582793
vn -0.748949 0.315321 -0.582793
vn -0.704964 0.597167 -0.382645
vn -0.704964 0.597167 -0.382645
vn -0.704964 0.597167 -0.382645
vn -0.704964 0.597167 -0.382645
vn -0.261691 0.392208 0.881868
vn -0.261691 0.392208 0.881868
vn -0.261691 0.392208 0.881868
vn -0.261691 0.392208 0.881868
vn 0.580780 -0.505477 0.638113
vn 0.580780 -0.505477 0.638113
vn 0.580780 -0.505477 0.638113
vn 0.580780 -0.505477 0.638113
vn 0.602482 -0.585216 0.542713
vn 0.602482 -0.585216 0.542713
vn 0.602482 -0.585216 0.542713
vn 0.602482 -0.585216 0.542713
vn 0.032220 -0.675016 -0.737099
vn 0.032220 -0.675016 -0.737099
vn 0.032220 -0.675016 -0.737099
vn 0.032220 -0.675016 -0.737099
vn -0.637080 0.444098 -0.630005
vn -0.637080 0.444098 -0.630005
vn -0.637080 0.444098 -0.630005
vn -0.637080 0.444098 -0.630005
vn -0.679039 0.632752 -0.372197
vn -0.679039 0.632752 -0.372197
vn -0.679039 0.632752 -0.372197
vn -0.679039 0.632752 -0.372197
vn -0.303095 0.327978 0.894742
vn -0.303095 0.327978 0.894742
vn -0.303095 0.327978 0.894742
vn -0.303095 0.327978 0.894742
vn 0.568050 -0.573292 0.590471
vn 0.568050 -0.573292 0.590471
vn 0.568050 -0.573292 0.590471
vn 0.568050 -0.573292 0.590471
vn 0.684285 -0.571956 0.452351
vn 0.684285 -0.571956 0.452351
vn 0.684285 -0.571956 0.452351
vn 0.684285 -0.571956 0.452351
vn 0.256716 -0.399614 -0.880003
vn 0.256716 -0.399614 -0.880003
vn 0.256716 -0.399614 -0.880003
vn 0.256716 -0.399614 -0.880003
vn -0.664527 0.466868 -0.583471
vn -0.664527 0.466868 -0.583471
vn -0.664527 0.466868 -0.583471
vn -0.664527 0.466868 -0.583471
vn -0.834070 0.463957 -0.298446
vn -0.834070 0.463957 -0.298446
vn -0.834070 0.463957 -0.298446
vn -0.834070 0.463957 -0.298446
vn -0.361744 0.228003 0.903967
vn -0.361744 0.228003 0.903967
vn -0.361744 0.228003 0.903967
vn -0.361744 0.228003 0.903967
vn 0.780419 -0.412594 0.469800
vn 0.780419 -0.412594 0.469800
vn 0.780419 -0.412594 0.469800
vn 0.780419 -0.412594 0.469800
vn 0.893736 -0.235860 0.381584
vn 0.893736 -0.235860 0.381584
vn 0.893736 -0.235860 0.381584
vn 0.893736 -0.235860 0.381584
vn 0.406700 -0.142706 -0.902347
vn 0.406700 -0.142706 -0.902347
vn 0.406700 -0.142706 -0.902347
vn 0.406700 -0.142706 -0.902347
vn -0.831307 0.243118 -0.499822
vn -0.831307 0.243118 -0.499822
vn -0.831307 0.243118 -0.499822
vn -0.831307 0.243118 -0.499822
vn 0.467079 0.862664 0.194031
vn 0.467079 0.862664 0.194031
vn 0.467079 0.862664 0.194031
vn -0.974313 -0.055617 -0.218220
vn -0.974313 -0.055617 -0.218220
vn -0.974313 -0.055617 -0.218220
vn -0.974313 -0.055617 -0.218220
vn -0.893757 0.395073 -0.212402
vn -0.893757 0.395073 -0.212402
vn -0.893757 0.395073 -0.212402
vn -0.893757 0.395073 -0.212402
vn -0.474886 0.856536 -0.202062
vn -0.474886 0.856536 -0.202062
vn -0.474886 0.856536 -0.202062
vn -0.474886 0.856536 -0.202062
vn -0.440707 0.715400 -0.542199
vn -0.440707 0.715400 -0.542199
vn -0.440707 0.715400 -0.542199
vn -0.440707 0.715400 -0.542199
vn -0.745021 0.308550 -0.591389
vn -0.745021 0.308550 -0.591389
vn -0.745021 0.308550 -0.591389
vn -0.745021 0.308550 -0.591389
vn -0.851731 -0.164057 -0.497635
vn -0.851731 -0.164057 -0.497635
vn -0.851731 -0.164057 -0.497635
vn -0.851731 -0.164057 -0.497635
vn -0.842042 -0.267309 -0.468520
vn -0.842042 -0.267309 -0.468520
vn -0.842042 -0.267309 -0.468520
vn -0.842042 -0.267309 -0.468520
vn -0.923926 -0.280186 -0.260492
vn -0.923926 -0.280186 -0.260492
vn -0.923926 -0.280186 -0.260492
vn -0.923926 -0.280186 -0.260492
vn -0.450899 -0.206631 -0.868328
vn -0.450899 -0.206631 -0.868328
vn -0.450899 -0.206631 -0.868328
vn -0.450899 -0.206631 -0.868328
vn -0.099769 0.173252 -0.979811
vn -0.099769 0.173252 -0.979811
vn -0.099769 0.173252 -0.979811
vn -0.099769 0.173252 -0.979811
vn -0.034187 -0.223372 -0.974133
vn -0.034187 -0.223372 -0.974133
vn -0.034187 -0.223372 -0.974133
vn -0.034187 -0.223372 -0.974133
vn 0.223900 0.020310 -0.974400
vn 0.223900 0.020310 -0.974400
vn 0.223900 0.020310 -0.974400
vn 0.223900 0.020310 -0.974400
vn -0.746273 -0.145349 -0.649577
vn -0.746273 -0.145349 -0.649577
vn -0.746273 -0.145349 -0.649577
vn -0.746273 -0.145349 -0.649577
vn -0.686430 -0.231262 -0.689443
vn -0.686430 -0.231262 -0.689443
vn -0.686430 -0.231262 -0.689443
vn -0.686430 -0.231262 -0.689443
vn -0.426395 0.230057 -0.874792
vn -0.426395 0.230057 -0.874792
vn -0.426395 0.230057 -0.874792
vn -0.426395 0.230057 -0.874792
vn -0.140426 0.537453 -0.831519
vn -0.140426 0.537453 -0.831519
vn -0.140426 0.537453 -0.831519
vn -0.140426 0.537453 -0.831519
vn 0.112882 0.472782 -0.873919
vn 0.112882 0.472782 -0.873919
vn 0.112882 0.472782 -0.873919
vn 0.112882 0.472782 -0.873919
vn 0.355177 0.316552 -0.879570
vn 0.355177 0.316552 -0.879570
vn 0.355177 0.316552 -0.879570
vn 0.355177 0.316552 -0.879570
vn -0.899098 -0.177999 -0.399923
vn -0.899098 -0.177999 -0.399923
vn -0.899098 -0.177999 -0.399923
vn -0.899098 -0.177999 -0.399923
vn -0.938183 -0.245794 -0.243718
vn -0.938183 -0.245794 -0.243718
vn -0.938183 -0.245794 -0.243718
vn -0.938183 -0.245794 -0.243718
vn -0.974153 -0.054972 0.219100
vn -0.974153 -0.054972 0.219100
vn -0.974153 -0.054972 0.219100
vn -0.974153 -0.054972 0.219100
vn -0.893757 0.395074 0.212402
vn -0.893757 0.395074 0.212402
vn -0.893757 0.395074 0.212402
vn -0.893757 0.395074 0.212402
vn -0.474887 0.856536 0.202062
vn -0.474887 0.856536 0.202062
vn -0.474887 0.856536 0.202062
vn -0.474887 0.856536 0.202062
vn -0.440707 0.715401 0.542199
vn -0.440707 0.715401 0.542199
vn -0.440707 0.715401 0.542199
vn -0.440707 0.715401 0.542199
vn -0.745021 0.308550 0.591389
vn -0.745021 0.308550 0.591389
vn -0.745021 0.308550 0.591389
vn -0.745021 0.308550 0.591389
vn -0.851731 -0.164057 0.497635
vn -0.851731 -0.164057 0.497635
vn -0.851731 -0.164057 0.497635
vn -0.851731 -0.164057 0.497635
vn -0.842042 -0.267309 0.468520
vn -0.842042 -0.267309 0.468520
vn -0.842042 -0.267309 0.468520
vn -0.842042 -0.267309 0.468520
vn -0.923210 -0.278514 0.264790
vn -0.923210 -0.278514 0.264790
vn -0.923210 -0.278514 0.264790
vn -0.923210 -0.278514 0.264790
vn -0.450899 -0.206631 0.868328
vn -0.450899 -0.206631 0.868328
vn -0.450899 -0.206631 0.868328
vn -0.450899 -0.206631 0.868328
vn -0.099769 0.173252 0.979811
vn -0.099769 0.173252 0.979811
vn -0.099769 0.173252 0.979811
vn -0.099769 0.173252 0.979811
vn -0.107116 -0.106786 0.988495
vn -0.107116 -0.106786 0.988495
vn -0.107116 -0.106786 0.988495
vn -0.107116 -0.106786 0.988495
vn 0.223900 0.020310 0.974400
vn 0.223900 0.020310 0.974400
vn 0.223900 0.020310 0.974400
vn 0.223900 0.020310 0.974400
vn -0.746273 -0.145349 0.649577
vn -0.746273 -0.145349 0.649577
vn -0.746273 -0.145349 0.649577
vn -0.746273 -0.145349 0.649577
vn -0.686430 -0.231262 0.689443
vn -0.686430 -0.231262 0.689443
vn -0.686430 -0.231262 0.689443
vn -0.686430 -0.231262 0.689443
vn -0.426395 0.230057 0.874792
vn -0.426395 0.230057 0.874792
vn -0.426395 0.230057 0.874792
vn -0.426395 0.230057 0.874792
vn -0.140427 0.537454 0.831519
vn -0.140427 0.537454 0.831519
vn -0.140427 0.537454 0.831519
vn -0.140427 0.537454 0.831519
vn 0.112883 0.472782 0.873919
vn 0.112883 0.472782 0.873919
vn 0.112883 0.472782 0.873919
vn 0.112883 0.472782 0.873919
vn 0.355177 0.316552 0.879570
vn 0.355177 0.316552 0.879570
vn 0.355177 0.316552 0.879570
vn 0.355177 0.316552 0.879570
vn -0.899098 -0.177999 0.399923
vn -0.899098 -0.177999 0.399923
vn -0.899098 -0.177999 0.399923
vn -0.899098 -0.177999 0.399923
vn -0.936279 -0.242385 0.254226
vn -0.936279 -0.242385 0.254226
vn -0.936279 -0.242385 0.254226
vn -0.936279 -0.242385 0.254226
vn -0.597540 -0.180127 0.781345
vn -0.597540 -0.180127 0.781345
vn -0.597540 -0.180127 0.781345
vn -0.597540 -0.180127 -0.781345
vn -0.597540 -0.180127 -0.781345
vn -0.597540 -0.180127 -0.781345
vn -0.455541 -0.887076 0.074686
vn -0.455541 -0.887076 0.074686
vn -0.455541 -0.887076 0.074686
vn 0.455541 0.887076 0.074686
vn 0.455541 0.887076 0.074686
vn 0.455541 0.887076 0.074686
vn 0.465365 0.877508 0.115822
vn 0.465365 0.877508 0.115822
vn 0.465365 0.877508 0.115822
vn 0.596234 0.802811 -0.000000
vn 0.596234 0.802811 -0.000000
vn 0.596234 0.802811 -0.000000
vn 0.596234 0.802811 -0.000000
vn 0.596234 0.802811 -0.000000
vn 0.596234 0.802811 -0.000000
vn 0.596232 0.802812 -0.000000
vn 0.596232 0.802812 -0.000000
vn 0.596232 0.802812 -0.000000
vn 0.596233 0.802811 -0.000000
vn 0.596233 0.802811 -0.000000
vn 0.596233 0.802811 -0.000000
vn 0.596234 0.802811 0.000000
vn 0.596234 0.802811 0.000000
vn 0.596234 0.802811 0.000000
vn 0.596234 0.802811 0.000000
vn 0.596234 0.802811 0.000000
vn 0.596234 0.802811 0.000000
vn 0.596234 0.802811 0.000000
vn 0.596234 0.802811 0.000000
vn 0.596234 0.802811 0.000000
vn 0.596234 0.802811 0.000000
vn 0.596234 0.802811 0.000000
vn 0.596234 0.802811 0.000000
vn 0.596233 0.802811 0.000000
vn 0.596233 0.802811 0.000000
vn 0.596233 0.802811 0.000000
vn 0.596234 0.802811 -0.000000
vn 0.596234 0.802811 -0.000000
vn 0.596234 0.802811 -0.000000
vn -0.802811 0.596234 0.000000
vn -0.802811 0.596234 0.000000
vn -0.802811 0.596234 0.000000
vn -0.802811 0.596233 0.000000
vn -0.802811 0.596233 0.000000
vn -0.802811 0.596233 0.000000
vn -0.802811 0.596233 0.000000
vn -0.802811 0.596233 0.000000
vn -0.802811 0.596233 0.000000
vn -0.802811 0.596234 0.000000
vn -0.802811 0.596234 0.000000
vn -0.802811 0.596234 0.000000
vn -0.802811 0.596234 0.000000
vn -0.802811 0.596234 0.000000
vn -0.802811 0.596234 0.000000
vn -0.802811 0.596234 -0.000000
vn -0.802811 0.596234 -0.000000
vn -0.802811 0.596234 -0.000000
vn -0.802811 0.596234 -0.000000
vn -0.802811 0.596234 -0.000000
vn -0.802811 0.596234 -0.000000
vn 0.802811 -0.596234 0.000000
vn 0.802811 -0.596234 0.000000
vn 0.802811 -0.596234 0.000000
vn 0.802811 -0.596234 0.000000
vn 0.802811 -0.596234 0.000000
vn 0.802811 -0.596234 0.000000
vn 0.802811 -0.596234 -0.000000
vn 0.802811 -0.596234 -0.000000
vn 0.802811 -0.596234 -0.000000
vn 0.802811 -0.596234 0.000000
vn 0.802811 -0.596234 0.000000
vn 0.802811 -0.596234 0.000000
vn 0.802811 -0.596234 0.000000
vn 0.802811 -0.596234 0.000000
vn 0.802811 -0.596234 0.000000
vn 0.802811 -0.596234 0.000000
vn 0.802811 -0.596234 0.000000
vn 0.802811 -0.596234 0.000000
vn 0.802811 -0.596234 0.000000
vn 0.802811 -0.596234 0.000000
vn 0.802811 -0.596234 0.000000
vn -0.802811 0.596233 0.000000
vn -0.802811 0.596233 0.000000
vn -0.802811 0.596233 0.000000
vn -0.802811 0.596233 -0.000000
vn -0.802811 0.596233 -0.000000
vn -0.802811 0.596233 -0.000000
vn -0.802811 0.596233 -0.000000
vn -0.802811 0.596233 -0.000000
vn -0.802811 0.596233 -0.000000
vn -0.802811 0.596233 -0.000000
vn -0.802811 0.596233 -0.000000
vn -0.802811 0.596233 -0.000000
vn -0.802811 0.596233 0.000000
vn -0.802811 0.596233 0.000000
vn -0.802811 0.596233 0.000000
vn -0.802811 0.596233 0.000000
vn -0.802811 0.596233 0.000000
vn -0.802811 0.596233 0.000000
vn -0.802811 0.596233 -0.000000
vn -0.802811 0.596233 -0.000000
vn -0.802811 0.596233 -0.000000
vn 0.802811 -0.596233 0.000000
vn 0.802811 -0.596233 0.000000
vn 0.802811 -0.596233 0.000000
vn 0.802811 -0.596233 0.000000
vn 0.802811 -0.596233 0.000000
vn 0.802811 -0.596233 0.000000
vn 0.802811 -0.596233 -0.000000
vn 0.802811 -0.596233 -0.000000
vn 0.802811 -0.596233 -0.000000
vn 0.802811 -0.596233 0.000000
vn 0.802811 -0.596233 0.000000
vn 0.802811 -0.596233 0.000000
vn 0.802811 -0.596233 0.000000
vn 0.802811 -0.596233 0.000000
vn 0.802811 -0.596233 0.000000
vn 0.802811 -0.596233 0.000000
vn 0.802811 -0.596233 0.000000
vn 0.802811 -0.596233 0.000000
vn 0.802811 -0.596233 -0.000000
vn 0.802811 -0.596233 -0.000000
vn 0.802811 -0.596233 -0.000000
vn 0.577428 0.777510 -0.249108
vn 0.577428 0.777510 -0.249108
vn 0.577428 0.777510 -0.249108
vn 0.670443 0.696238 -0.256435
vn 0.670443 0.696238 -0.256435
vn 0.670443 0.696238 -0.256435
vn 0.629111 0.751582 -0.198353
vn 0.629111 0.751582 -0.198353
vn 0.629111 0.751582 -0.198353
vn 0.480557 0.851134 -0.211275
vn 0.480557 0.851134 -0.211275
vn 0.480557 0.851134 -0.211275
vn 0.524504 0.823442 -0.216423
vn 0.524504 0.823442 -0.216423
vn 0.524504 0.823442 -0.216423
vn 0.398133 0.909593 -0.118874
vn 0.398133 0.909593 -0.118874
vn 0.398133 0.909593 -0.118874
vn 0.262975 0.964542 -0.022436
vn 0.262975 0.964542 -0.022436
vn 0.262975 0.964542 -0.022436
vn 0.227730 0.968638 -0.099392
vn 0.227730 0.968638 -0.099392
vn 0.227730 0.968638 -0.099392
vn 0.389199 0.909063 -0.148758
vn 0.389199 0.909063 -0.148758
vn 0.389199 0.909063 -0.148758
vn 0.458784 0.867728 -0.191219
vn 0.458784 0.867728 -0.191219
vn 0.458784 0.867728 -0.191219
vn 0.572181 0.813580 -0.103425
vn 0.572181 0.813580 -0.103425
vn 0.572181 0.813580 -0.103425
vn 0.522482 0.795731 -0.306308
vn 0.522482 0.795731 -0.306308
vn 0.522482 0.795731 -0.306308
vn 0.450140 0.849409 -0.275462
vn 0.450140 0.849409 -0.275462
vn 0.450140 0.849409 -0.275462
vn 0.546516 0.832800 -0.088114
vn 0.546516 0.832800 -0.088114
vn 0.546516 0.832800 -0.088114
vn 0.568856 0.822252 0.017473
vn 0.568856 0.822252 0.017473
vn 0.568856 0.822252 0.017473
vn 0.572182 0.813579 0.103425
vn 0.572182 0.813579 0.103425
vn 0.572182 0.813579 0.103425
vn 0.522478 0.795731 0.306316
vn 0.522478 0.795731 0.306316
vn 0.522478 0.795731 0.306316
vn 0.450144 0.849403 0.275472
vn 0.450144 0.849403 0.275472
vn 0.450144 0.849403 0.275472
vn 0.546513 0.832802 0.088114
vn 0.546513 0.832802 0.088114
vn 0.546513 0.832802 0.088114
vn 0.568858 0.822250 -0.017477
vn 0.568858 0.822250 -0.017477
vn 0.568858 0.822250 -0.017477
vn 0.314751 0.934561 -0.165916
vn 0.314751 0.934561 -0.165916
vn 0.314751 0.934561 -0.165916
vn 0.146896 0.978996 -0.141378
vn 0.146896 0.978996 -0.141378
vn 0.146896 0.978996 -0.141378
vn 0.175085 0.982628 -0.061534
vn 0.175085 0.982628 -0.061534
vn 0.175085 0.982628 -0.061534
vn 0.328885 0.934219 -0.138093
vn 0.328885 0.934219 -0.138093
vn 0.328885 0.934219 -0.138093
vn 0.410788 0.898257 -0.156168
vn 0.410788 0.898257 -0.156168
vn 0.410788 0.898257 -0.156168
vn 0.396249 0.903027 0.165916
vn 0.396249 0.903027 0.165916
vn 0.396249 0.903027 0.165916
vn 0.232971 0.962153 0.141373
vn 0.232971 0.962153 0.141373
vn 0.232971 0.962153 0.141373
vn 0.261413 0.963263 0.061545
vn 0.261413 0.963263 0.061545
vn 0.261413 0.963263 0.061545
vn 0.410304 0.901433 0.138092
vn 0.410304 0.901433 0.138092
vn 0.410304 0.901433 0.138092
vn 0.488697 0.858363 0.156166
vn 0.488697 0.858363 0.156166
vn 0.488697 0.858363 0.156166
vn -0.071283 -0.947357 -0.312142
vn -0.071283 -0.947357 -0.312142
vn -0.071283 -0.947357 -0.312142
vn -0.045308 -0.928704 -0.368044
vn -0.045308 -0.928704 -0.368044
vn -0.045308 -0.928704 -0.368044
vn -0.045308 -0.928704 -0.368044
vn -0.094087 -0.990669 -0.098608
vn -0.094087 -0.990669 -0.098608
vn -0.094087 -0.990669 -0.098608
vn -0.094087 -0.990669 -0.098608
vn -0.093020 -0.990106 0.105054
vn -0.093020 -0.990106 0.105054
vn -0.093020 -0.990106 0.105054
vn -0.093020 -0.990106 0.105054
vn -0.045306 -0.928704 0.368043
vn -0.045306 -0.928704 0.368043
vn -0.045306 -0.928704 0.368043
vn -0.045306 -0.928704 0.368043
vn -0.071286 -0.947357 0.312143
vn -0.071286 -0.947357 0.312143
vn -0.071286 -0.947357 0.312143
vn 0.940977 0.021679 -0.337777
vn 0.940977 0.021679 -0.337777
vn 0.940977 0.021679 -0.337777
vn 0.940977 0.021679 -0.337777
vn 0.651333 -0.052944 -0.756942
vn 0.651333 -0.052944 -0.756942
vn 0.651333 -0.052944 -0.756942
vn 0.651333 -0.052944 -0.756942
vn -0.188407 -0.031723 -0.981579
vn -0.188407 -0.031723 -0.981579
vn -0.188407 -0.031723 -0.981579
vn -0.188407 -0.031723 -0.981579
vn -0.860270 -0.080695 -0.503412
vn -0.860270 -0.080695 -0.503412
vn -0.860270 -0.080695 -0.503412
vn -0.860270 -0.080695 -0.503412
vn -0.972383 -0.080907 0.218918
vn -0.972383 -0.080907 0.218918
vn -0.972383 -0.080907 0.218918
vn -0.972383 -0.080907 0.218918
vn -0.588568 -0.028168 0.807957
vn -0.588568 -0.028168 0.807957
vn -0.588568 -0.028168 0.807957
vn -0.588568 -0.028168 0.807957
vn 0.312615 -0.031896 0.949344
vn 0.312615 -0.031896 0.949344
vn 0.312615 -0.031896 0.949344
vn 0.312615 -0.031896 0.949344
vn 0.884242 -0.070104 0.461738
vn 0.884242 -0.070104 0.461738
vn 0.884242 -0.070104 0.461738
vn 0.884242 -0.070104 0.461738
vn 0.862350 0.469756 -0.188897
vn 0.862350 0.469756 -0.188897
vn 0.862350 0.469756 -0.188897
vn 0.862350 0.469756 -0.188897
vn 0.464513 0.377773 -0.800947
vn 0.464513 0.377773 -0.800947
vn 0.464513 0.377773 -0.800947
vn 0.464513 0.377773 -0.800947
vn -0.236084 0.060527 -0.969846
vn -0.236084 0.060527 -0.969846
vn -0.236084 0.060527 -0.969846
vn -0.236084 0.060527 -0.969846
vn -0.793356 -0.298262 -0.530684
vn -0.793356 -0.298262 -0.530684
vn -0.793356 -0.298262 -0.530684
vn -0.793356 -0.298262 -0.530684
vn -0.861102 -0.472201 0.188492
vn -0.861102 -0.472201 0.188492
vn -0.861102 -0.472201 0.188492
vn -0.861102 -0.472201 0.188492
vn -0.465292 -0.376386 0.801148
vn -0.465292 -0.376386 0.801148
vn -0.465292 -0.376386 0.801148
vn -0.465292 -0.376386 0.801148
vn 0.227820 -0.046552 0.972590
vn 0.227820 -0.046552 0.972590
vn 0.227820 -0.046552 0.972590
vn 0.227820 -0.046552 0.972590
vn 0.787108 0.310036 0.533234
vn 0.787108 0.310036 0.533234
vn 0.787108 0.310036 0.533234
vn 0.787108 0.310036 0.533234
vn 0.644247 0.756677 -0.111291
vn 0.644247 0.756677 -0.111291
vn 0.644247 0.756677 -0.111291
vn 0.644247 0.756677 -0.111291
vn 0.266117 0.610910 -0.745635
vn 0.266117 0.610910 -0.745635
vn 0.266117 0.610910 -0.745635
vn 0.266117 0.610910 -0.745635
vn -0.296646 0.116651 -0.947836
vn -0.296646 0.116651 -0.947836
vn -0.296646 0.116651 -0.947836
vn -0.296646 0.116651 -0.947836
vn -0.699020 -0.430918 -0.570684
vn -0.699020 -0.430918 -0.570684
vn -0.699020 -0.430918 -0.570684
vn -0.699020 -0.430918 -0.570684
vn -0.701881 -0.700057 0.131463
vn -0.701881 -0.700057 0.131463
vn -0.701881 -0.700057 0.131463
vn -0.701881 -0.700057 0.131463
vn -0.322715 -0.559864 0.763156
vn -0.322715 -0.559864 0.763156
vn -0.322715 -0.559864 0.763156
vn -0.322715 -0.559864 0.763156
vn 0.238441 -0.066272 0.968893
vn 0.238441 -0.066272 0.968893
vn 0.238441 -0.066272 0.968893
vn 0.238441 -0.066272 0.968893
vn 0.640302 0.486440 0.594465
vn 0.640302 0.486440 0.594465
vn 0.640302 0.486440 0.594465
vn 0.640302 0.486440 0.594465
vn 0.342977 0.939306 -0.008393
vn 0.342977 0.939306 -0.008393
vn 0.342977 0.939306 -0.008393
vn 0.342977 0.939306 -0.008393
vn 0.020569 0.747455 -0.663994
vn 0.020569 0.747455 -0.663994
vn 0.020569 0.747455 -0.663994
vn 0.020569 0.747455 -0.663994
vn -0.375863 0.139984 -0.916041
vn -0.375863 0.139984 -0.916041
vn -0.375863 0.139984 -0.916041
vn -0.375863 0.139984 -0.916041
vn -0.624020 -0.509970 -0.592056
vn -0.624020 -0.509970 -0.592056
vn -0.624020 -0.509970 -0.592056
vn -0.624020 -0.509970 -0.592056
vn -0.573753 -0.814466 0.086328
vn -0.573753 -0.814466 0.086328
vn -0.573753 -0.814466 0.086328
vn -0.573753 -0.814466 0.086328
vn -0.230472 -0.648450 0.725531
vn -0.230472 -0.648450 0.725531
vn -0.230472 -0.648450 0.725531
vn -0.230472 -0.648450 0.725531
vn 0.189639 -0.059402 0.980055
vn 0.189639 -0.059402 0.980055
vn 0.189639 -0.059402 0.980055
vn 0.189639 -0.059402 0.980055
vn 0.419739 0.610632 0.671526
vn 0.419739 0.610632 0.671526
vn 0.419739 0.610632 0.671526
vn 0.419739 0.610632 0.671526
vn -0.102193 0.986764 0.125910
vn -0.102193 0.986764 0.125910
vn -0.102193 0.986764 0.125910
vn -0.102193 0.986764 0.125910
vn -0.319876 0.776046 -0.543536
vn -0.319876 0.776046 -0.543536
vn -0.319876 0.776046 -0.543536
vn -0.319876 0.776046 -0.543536
vn -0.475409 0.109872 -0.872877
vn -0.475409 0.109872 -0.872877
vn -0.475409 0.109872 -0.872877
vn -0.475409 0.109872 -0.872877
vn -0.498433 -0.606986 -0.618977
vn -0.498433 -0.606986 -0.618977
vn -0.498433 -0.606986 -0.618977
vn -0.498433 -0.606986 -0.618977
vn -0.372867 -0.927706 0.018198
vn -0.372867 -0.927706 0.018198
vn -0.372867 -0.927706 0.018198
vn -0.372867 -0.927706 0.018198
vn -0.111831 -0.740054 0.663184
vn -0.111831 -0.740054 0.663184
vn -0.111831 -0.740054 0.663184
vn -0.111831 -0.740054 0.663184
vn 0.085718 -0.086891 0.992523
vn 0.085718 -0.086891 0.992523
vn 0.085718 -0.086891 0.992523
vn 0.085718 -0.086891 0.992523
vn 0.071870 0.645013 0.760785
vn 0.071870 0.645013 0.760785
vn 0.071870 0.645013 0.760785
vn 0.071870 0.645013 0.760785
vn -0.574151 0.781445 0.244323
vn -0.574151 0.781445 0.244323
vn -0.574151 0.781445 0.244323
vn -0.574151 0.781445 0.244323
vn -0.672721 0.609718 -0.419154
vn -0.672721 0.609718 -0.419154
vn -0.672721 0.609718 -0.419154
vn -0.672721 0.609718 -0.419154
vn -0.529071 0.013465 -0.848471
vn -0.529071 0.013465 -0.848471
vn -0.529071 0.013465 -0.848471
vn -0.529071 0.013465 -0.848471
vn -0.194946 -0.670838 -0.715523
vn -0.194946 -0.670838 -0.715523
vn -0.194946 -0.670838 -0.715523
vn -0.194946 -0.670838 -0.715523
vn 0.097954 -0.987408 -0.124217
vn 0.097954 -0.987408 -0.124217
vn 0.097954 -0.987408 -0.124217
vn 0.097954 -0.987408 -0.124217
vn 0.192934 -0.800291 0.567725
vn 0.192934 -0.800291 0.567725
vn 0.192934 -0.800291 0.567725
vn 0.192934 -0.800291 0.567725
vn 0.025271 -0.180585 0.983235
vn 0.025271 -0.180585 0.983235
vn 0.025271 -0.180585 0.983235
vn 0.025271 -0.180585 0.983235
vn -0.303176 0.485494 0.819987
vn -0.303176 0.485494 0.819987
vn -0.303176 0.485494 0.819987
vn -0.303176 0.485494 0.819987
vn -0.822574 0.488586 0.290956
vn -0.822574 0.488586 0.290956
vn -0.822574 0.488586 0.290956
vn -0.822574 0.488586 0.290956
vn -0.852881 0.380407 -0.357609
vn -0.852881 0.380407 -0.357609
vn -0.852881 0.380407 -0.357609
vn -0.852881 0.380407 -0.357609
vn -0.514015 -0.057891 -0.855825
vn -0.514015 -0.057891 -0.855825
vn -0.514015 -0.057891 -0.855825
vn -0.514015 -0.057891 -0.855825
vn 0.074370 -0.595944 -0.799575
vn 0.074370 -0.595944 -0.799575
vn 0.074370 -0.595944 -0.799575
vn 0.074370 -0.595944 -0.799575
vn 0.477687 -0.849788 -0.222879
vn 0.477687 -0.849788 -0.222879
vn 0.477687 -0.849788 -0.222879
vn 0.477687 -0.849788 -0.222879
vn 0.477979 -0.720451 0.502480
vn 0.477979 -0.720451 0.502480
vn 0.477979 -0.720451 0.502480
vn 0.477979 -0.720451 0.502480
vn 0.055053 -0.243031 0.968455
vn 0.055053 -0.243031 0.968455
vn 0.055053 -0.243031 0.968455
vn 0.055053 -0.243031 0.968455
vn -0.492963 0.265541 0.828538
vn -0.492963 0.265541 0.828538
vn -0.492963 0.265541 0.828538
vn -0.492963 0.265541 0.828538
vn -0.365634 0.597601 -0.713572
vn -0.365634 0.597601 -0.713572
vn -0.365634 0.597601 -0.713572
vn -0.681146 0.682260 -0.265633
vn -0.681146 0.682260 -0.265633
vn -0.681146 0.682260 -0.265633
vn -0.681146 0.682260 -0.265633
vn -0.660789 0.404212 0.632433
vn -0.660789 0.404212 0.632433
vn -0.660789 0.404212 0.632433
vn -0.660789 0.404212 0.632433
vn -0.240324 -0.253515 0.937003
vn -0.240324 -0.253515 0.937003
vn -0.240324 -0.253515 0.937003
vn -0.240324 -0.253515 0.937003
vn 0.258786 -0.694103 0.671753
vn 0.258786 -0.694103 0.671753
vn 0.258786 -0.694103 0.671753
vn 0.258786 -0.694103 0.671753
vn 0.633403 -0.771081 0.065083
vn 0.633403 -0.771081 0.065083
vn 0.633403 -0.771081 0.065083
vn 0.633403 -0.771081 0.065083
vn 0.587088 -0.374385 -0.717750
vn 0.587088 -0.374385 -0.717750
vn 0.587088 -0.374385 -0.717750
vn 0.587088 -0.374385 -0.717750
vn -0.085833 0.233973 -0.968447
vn -0.085833 0.233973 -0.968447
vn -0.085833 0.233973 -0.968447
vn -0.085833 0.233973 -0.968447
vn 0.052232 0.873549 -0.483925
vn 0.052232 0.873549 -0.483925
vn 0.052232 0.873549 -0.483925
vn 0.052232 0.873549 -0.483925
vn -0.370997 0.921358 0.116018
vn -0.370997 0.921358 0.116018
vn -0.370997 0.921358 0.116018
vn -0.370997 0.921358 0.116018
vn -0.592640 0.424023 0.684824
vn -0.592640 0.424023 0.684824
vn -0.592640 0.424023 0.684824
vn -0.592640 0.424023 0.684824
vn -0.444442 -0.344051 0.827104
vn -0.444442 -0.344051 0.827104
vn -0.444442 -0.344051 0.827104
vn -0.444442 -0.344051 0.827104
vn -0.054433 -0.874264 0.482390
vn -0.054433 -0.874264 0.482390
vn -0.054433 -0.874264 0.482390
vn -0.054433 -0.874264 0.482390
vn 0.372235 -0.920977 -0.115076
vn 0.372235 -0.920977 -0.115076
vn 0.372235 -0.920977 -0.115076
vn 0.372235 -0.920977 -0.115076
vn 0.605697 -0.420782 -0.675332
vn 0.605697 -0.420782 -0.675332
vn 0.605697 -0.420782 -0.675332
vn 0.605697 -0.420782 -0.675332
vn 0.455489 0.347043 -0.819811
vn 0.455489 0.347043 -0.819811
vn 0.455489 0.347043 -0.819811
vn 0.455489 0.347043 -0.819811
vn 0.343252 0.902689 -0.259482
vn 0.343252 0.902689 -0.259482
vn 0.343252 0.902689 -0.259482
vn 0.343252 0.902689 -0.259482
vn -0.136367 0.937680 0.319625
vn -0.136367 0.937680 0.319625
vn -0.136367 0.937680 0.319625
vn -0.136367 0.937680 0.319625
vn -0.527963 0.416444 0.740155
vn -0.527963 0.416444 0.740155
vn -0.527963 0.416444 0.740155
vn -0.527963 0.416444 0.740155
vn -0.580767 -0.358864 0.730703
vn -0.580767 -0.358864 0.730703
vn -0.580767 -0.358864 0.730703
vn -0.580767 -0.358864 0.730703
vn -0.279997 -0.907391 0.313437
vn -0.279997 -0.907391 0.313437
vn -0.279997 -0.907391 0.313437
vn -0.279997 -0.907391 0.313437
vn 0.193709 -0.944075 -0.266832
vn 0.193709 -0.944075 -0.266832
vn 0.193709 -0.944075 -0.266832
vn 0.193709 -0.944075 -0.266832
vn 0.587568 -0.426010 -0.687953
vn 0.587568 -0.426010 -0.687953
vn 0.587568 -0.426010 -0.687953
vn 0.587568 -0.426010 -0.687953
vn 0.645946 0.350953 -0.677928
vn 0.645946 0.350953 -0.677928
vn 0.645946 0.350953 -0.677928
vn 0.645946 0.350953 -0.677928
vn 0.592937 0.805201 -0.008768
vn 0.592937 0.805201 -0.008768
vn 0.592937 0.805201 -0.008768
vn 0.592937 0.805201 -0.008768
vn 0.056992 0.851335 0.521517
vn 0.056992 0.851335 0.521517
vn 0.056992 0.851335 0.521517
vn 0.056992 0.851335 0.521517
vn -0.476264 0.372134 0.796674
vn -0.476264 0.372134 0.796674
vn -0.476264 0.372134 0.796674
vn -0.476264 0.372134 0.796674
vn -0.663441 -0.358840 0.656566
vn -0.663441 -0.358840 0.656566
vn -0.663441 -0.358840 0.656566
vn -0.663441 -0.358840 0.656566
vn -0.412809 -0.889275 0.196923
vn -0.412809 -0.889275 0.196923
vn -0.412809 -0.889275 0.196923
vn -0.412809 -0.889275 0.196923
vn 0.090180 -0.932398 -0.350001
vn 0.090180 -0.932398 -0.350001
vn 0.090180 -0.932398 -0.350001
vn 0.090180 -0.932398 -0.350001
vn 0.608315 -0.453777 -0.651183
vn 0.608315 -0.453777 -0.651183
vn 0.608315 -0.453777 -0.651183
vn 0.608315 -0.453777 -0.651183
vn 0.823299 0.272436 -0.497953
vn 0.823299 0.272436 -0.497953
vn 0.823299 0.272436 -0.497953
vn 0.823299 0.272436 -0.497953
vn 0.794152 0.524803 0.306439
vn 0.794152 0.524803 0.306439
vn 0.794152 0.524803 0.306439
vn 0.794152 0.524803 0.306439
vn 0.217835 0.622483 0.751706
vn 0.217835 0.622483 0.751706
vn 0.217835 0.622483 0.751706
vn 0.217835 0.622483 0.751706
vn -0.450590 0.275818 0.849054
vn -0.450590 0.275818 0.849054
vn -0.450590 0.275818 0.849054
vn -0.450590 0.275818 0.849054
vn -0.771008 -0.340317 0.538267
vn -0.771008 -0.340317 0.538267
vn -0.771008 -0.340317 0.538267
vn -0.771008 -0.340317 0.538267
vn -0.573001 -0.818931 0.031965
vn -0.573001 -0.818931 0.031965
vn -0.573001 -0.818931 0.031965
vn -0.573001 -0.818931 0.031965
vn -0.037081 -0.895383 -0.443750
vn -0.037081 -0.895383 -0.443750
vn -0.037081 -0.895383 -0.443750
vn -0.037081 -0.895383 -0.443750
vn 0.615206 -0.534533 -0.579479
vn 0.615206 -0.534533 -0.579479
vn 0.615206 -0.534533 -0.579479
vn 0.615206 -0.534533 -0.579479
vn 0.967733 0.059833 -0.244770
vn 0.967733 0.059833 -0.244770
vn 0.967733 0.059833 -0.244770
vn 0.967733 0.059833 -0.244770
vn 0.812195 0.072702 0.578839
vn 0.812195 0.072702 0.578839
vn 0.812195 0.072702 0.578839
vn 0.812195 0.072702 0.578839
vn 0.247297 0.257153 0.934193
vn 0.247297 0.257153 0.934193
vn 0.247297 0.257153 0.934193
vn 0.247297 0.257153 0.934193
vn -0.491977 0.170771 0.853695
vn -0.491977 0.170771 0.853695
vn -0.491977 0.170771 0.853695
vn -0.491977 0.170771 0.853695
vn -0.933659 -0.167163 0.316760
vn -0.933659 -0.167163 0.316760
vn -0.933659 -0.167163 0.316760
vn -0.933659 -0.167163 0.316760
vn -0.792715 -0.528409 -0.303953
vn -0.792715 -0.528409 -0.303953
vn -0.792715 -0.528409 -0.303953
vn -0.792715 -0.528409 -0.303953
vn -0.196665 -0.719744 -0.665802
vn -0.196665 -0.719744 -0.665802
vn -0.196665 -0.719744 -0.665802
vn -0.196665 -0.719744 -0.665802
vn 0.553418 -0.623686 -0.552037
vn 0.553418 -0.623686 -0.552037
vn 0.553418 -0.623686 -0.552037
vn 0.553418 -0.623686 -0.552037
vn 0.960345 -0.278626 -0.010249
vn 0.960345 -0.278626 -0.010249
vn 0.960345 -0.278626 -0.010249
vn 0.960345 -0.278626 -0.010249
vn 0.681667 -0.278051 0.676770
vn 0.681667 -0.278051 0.676770
vn 0.681667 -0.278051 0.676770
vn 0.681667 -0.278051 0.676770
vn 0.160091 -0.022940 0.986836
vn 0.160091 -0.022940 0.986836
vn 0.160091 -0.022940 0.986836
vn 0.160091 -0.022940 0.986836
vn -0.549471 0.136040 0.824363
vn -0.549471 0.136040 0.824363
vn -0.549471 0.136040 0.824363
vn -0.549471 0.136040 0.824363
vn -0.984950 0.071826 0.157206
vn -0.984950 0.071826 0.157206
vn -0.984950 0.071826 0.157206
vn -0.984950 0.071826 0.157206
vn -0.828856 -0.180932 -0.529397
vn -0.828856 -0.180932 -0.529397
vn -0.828856 -0.180932 -0.529397
vn -0.828856 -0.180932 -0.529397
vn -0.234059 -0.478937 -0.846071
vn -0.234059 -0.478937 -0.846071
vn -0.234059 -0.478937 -0.846071
vn -0.234059 -0.478937 -0.846071
vn 0.494512 -0.640700 -0.587334
vn 0.494512 -0.640700 -0.587334
vn 0.494512 -0.640700 -0.587334
vn 0.494512 -0.640700 -0.587334
vn 0.844437 -0.529819 0.078855
vn 0.844437 -0.529819 0.078855
vn 0.844437 -0.529819 0.078855
vn 0.844437 -0.529819 0.078855
vn -0.113396 0.745729 0.656529
vn -0.113396 0.745729 0.656529
vn -0.113396 0.745729 0.656529
vn -0.113396 0.745729 0.656529
vn 0.548311 0.165370 0.819761
vn 0.548311 0.165370 0.819761
vn 0.548311 0.165370 0.819761
vn 0.548311 0.165370 0.819761
vn 0.819727 -0.431695 0.376413
vn 0.819727 -0.431695 0.376413
vn 0.819727 -0.431695 0.376413
vn 0.819727 -0.431695 0.376413
vn 0.515705 -0.798597 -0.310309
vn 0.515705 -0.798597 -0.310309
vn 0.515705 -0.798597 -0.310309
vn 0.515705 -0.798597 -0.310309
vn -0.061163 -0.669497 -0.740292
vn -0.061163 -0.669497 -0.740292
vn -0.061163 -0.669497 -0.740292
vn -0.061163 -0.669497 -0.740292
vn -0.599701 -0.197218 -0.775541
vn -0.599701 -0.197218 -0.775541
vn -0.599701 -0.197218 -0.775541
vn -0.599701 -0.197218 -0.775541
vn -0.855125 0.449374 -0.258504
vn -0.855125 0.449374 -0.258504
vn -0.855125 0.449374 -0.258504
vn -0.855125 0.449374 -0.258504
vn -0.547658 0.701496 0.456042
vn -0.547658 0.701496 0.456042
vn -0.547658 0.701496 0.456042
vn -0.547658 0.701496 0.456042
vn 0.265021 0.856007 0.443865
vn 0.265021 0.856007 0.443865
vn 0.265021 0.856007 0.443865
vn 0.265021 0.856007 0.443865
vn 0.786650 0.341894 0.514092
vn 0.786650 0.341894 0.514092
vn 0.786650 0.341894 0.514092
vn 0.786650 0.341894 0.514092
vn 0.871930 -0.403994 0.276636
vn 0.871930 -0.403994 0.276636
vn 0.871930 -0.403994 0.276636
vn 0.871930 -0.403994 0.276636
vn 0.409384 -0.902225 -0.135626
vn 0.409384 -0.902225 -0.135626
vn 0.409384 -0.902225 -0.135626
vn 0.409384 -0.902225 -0.135626
vn -0.266218 -0.856854 -0.441508
vn -0.266218 -0.856854 -0.441508
vn -0.266218 -0.856854 -0.441508
vn -0.266218 -0.856854 -0.441508
vn -0.785936 -0.341473 -0.515462
vn -0.785936 -0.341473 -0.515462
vn -0.785936 -0.341473 -0.515462
vn -0.785936 -0.341473 -0.515462
vn -0.865253 0.408165 -0.291098
vn -0.865253 0.408165 -0.291098
vn -0.865253 0.408165 -0.291098
vn -0.865253 0.408165 -0.291098
vn -0.404075 0.906306 0.123824
vn -0.404075 0.906306 0.123824
vn -0.404075 0.906306 0.123824
vn -0.404075 0.906306 0.123824
vn 0.392677 0.913903 0.102886
vn 0.392677 0.913903 0.102886
vn 0.392677 0.913903 0.102886
vn 0.392677 0.913903 0.102886
vn 0.900315 0.371916 0.226078
vn 0.900315 0.371916 0.226078
vn 0.900315 0.371916 0.226078
vn 0.900315 0.371916 0.226078
vn 0.894271 -0.403212 0.194161
vn 0.894271 -0.403212 0.194161
vn 0.894271 -0.403212 0.194161
vn 0.894271 -0.403212 0.194161
vn 0.354849 -0.934720 0.019509
vn 0.354849 -0.934720 0.019509
vn 0.354849 -0.934720 0.019509
vn 0.354849 -0.934720 0.019509
vn -0.369044 -0.911280 -0.182691
vn -0.369044 -0.911280 -0.182691
vn -0.369044 -0.911280 -0.182691
vn -0.369044 -0.911280 -0.182691
vn -0.877682 -0.372982 -0.300930
vn -0.877682 -0.372982 -0.300930
vn -0.877682 -0.372982 -0.300930
vn -0.877682 -0.372982 -0.300930
vn -0.874645 0.401602 -0.271499
vn -0.874645 0.401602 -0.271499
vn -0.874645 0.401602 -0.271499
vn -0.874645 0.401602 -0.271499
vn -0.334601 0.936905 -0.101248
vn -0.334601 0.936905 -0.101248
vn -0.334601 0.936905 -0.101248
vn -0.334601 0.936905 -0.101248
vn 0.457062 0.852630 -0.253211
vn 0.457062 0.852630 -0.253211
vn 0.457062 0.852630 -0.253211
vn 0.457062 0.852630 -0.253211
vn 0.947976 0.313273 -0.056576
vn 0.947976 0.313273 -0.056576
vn 0.947976 0.313273 -0.056576
vn 0.947976 0.313273 -0.056576
vn 0.893951 -0.434137 0.111250
vn 0.893951 -0.434137 0.111250
vn 0.893951 -0.434137 0.111250
vn 0.893951 -0.434137 0.111250
vn 0.317167 -0.940252 0.123820
vn 0.317167 -0.940252 0.123820
vn 0.317167 -0.940252 0.123820
vn 0.317167 -0.940252 0.123820
vn -0.415149 -0.909685 -0.011183
vn -0.415149 -0.909685 -0.011183
vn -0.415149 -0.909685 -0.011183
vn -0.415149 -0.909685 -0.011183
vn -0.910007 -0.377382 -0.171671
vn -0.910007 -0.377382 -0.171671
vn -0.910007 -0.377382 -0.171671
vn -0.910007 -0.377382 -0.171671
vn -0.871951 0.375213 -0.314509
vn -0.871951 0.375213 -0.314509
vn -0.871951 0.375213 -0.314509
vn -0.871951 0.375213 -0.314509
vn -0.294031 0.886310 -0.357772
vn -0.294031 0.886310 -0.357772
vn -0.294031 0.886310 -0.357772
vn -0.294031 0.886310 -0.357772
vn 0.446631 0.611279 -0.653344
vn 0.446631 0.611279 -0.653344
vn 0.446631 0.611279 -0.653344
vn 0.446631 0.611279 -0.653344
vn 0.921201 0.128754 -0.367166
vn 0.921201 0.128754 -0.367166
vn 0.921201 0.128754 -0.367166
vn 0.921201 0.128754 -0.367166
vn 0.858781 -0.511015 0.036869
vn 0.858781 -0.511015 0.036869
vn 0.858781 -0.511015 0.036869
vn 0.858781 -0.511015 0.036869
vn 0.265873 -0.923803 0.275499
vn 0.265873 -0.923803 0.275499
vn 0.265873 -0.923803 0.275499
vn 0.265873 -0.923803 0.275499
vn -0.453864 -0.863097 0.221520
vn -0.453864 -0.863097 0.221520
vn -0.453864 -0.863097 0.221520
vn -0.453864 -0.863097 0.221520
vn -0.928005 -0.372422 -0.010410
vn -0.928005 -0.372422 -0.010410
vn -0.928005 -0.372422 -0.010410
vn -0.928005 -0.372422 -0.010410
vn -0.879661 0.288178 -0.378352
vn -0.879661 0.288178 -0.378352
vn -0.879661 0.288178 -0.378352
vn -0.879661 0.288178 -0.378352
vn -0.290709 0.691430 -0.661372
vn -0.290709 0.691430 -0.661372
vn -0.290709 0.691430 -0.661372
vn -0.290709 0.691430 -0.661372
vn 0.317178 0.181033 -0.930927
vn 0.317178 0.181033 -0.930927
vn 0.317178 0.181033 -0.930927
vn 0.317178 0.181033 -0.930927
vn 0.787924 -0.191007 -0.585399
vn 0.787924 -0.191007 -0.585399
vn 0.787924 -0.191007 -0.585399
vn 0.787924 -0.191007 -0.585399
vn 0.795554 -0.604656 0.038543
vn 0.795554 -0.604656 0.038543
vn 0.795554 -0.604656 0.038543
vn 0.795554 -0.604656 0.038543
vn 0.260072 -0.781335 0.567342
vn 0.260072 -0.781335 0.567342
vn 0.260072 -0.781335 0.567342
vn 0.260072 -0.781335 0.567342
vn -0.447663 -0.614177 0.649912
vn -0.447663 -0.614177 0.649912
vn -0.447663 -0.614177 0.649912
vn -0.447663 -0.614177 0.649912
vn -0.932961 -0.226381 0.279885
vn -0.932961 -0.226381 0.279885
vn -0.932961 -0.226381 0.279885
vn -0.932961 -0.226381 0.279885
vn -0.912504 0.181888 -0.366405
vn -0.912504 0.181888 -0.366405
vn -0.912504 0.181888 -0.366405
vn -0.912504 0.181888 -0.366405
vn -0.362844 0.341890 -0.866866
vn -0.362844 0.341890 -0.866866
vn -0.362844 0.341890 -0.866866
vn -0.362844 0.341890 -0.866866
vn 0.162108 -0.171011 -0.971842
vn 0.162108 -0.171011 -0.971842
vn 0.162108 -0.171011 -0.971842
vn 0.162108 -0.171011 -0.971842
vn 0.643459 -0.449435 -0.619652
vn 0.643459 -0.449435 -0.619652
vn 0.643459 -0.449435 -0.619652
vn 0.643459 -0.449435 -0.619652
vn 0.760527 -0.643001 0.090265
vn 0.760527 -0.643001 0.090265
vn 0.760527 -0.643001 0.090265
vn 0.760527 -0.643001 0.090265
vn 0.324687 -0.568252 0.756087
vn 0.324687 -0.568252 0.756087
vn 0.324687 -0.568252 0.756087
vn 0.324687 -0.568252 0.756087
vn -0.355614 -0.287046 0.889462
vn -0.355614 -0.287046 0.889462
vn -0.355614 -0.287046 0.889462
vn -0.355614 -0.287046 0.889462
vn -0.883817 0.006338 0.467791
vn -0.883817 0.006338 0.467791
vn -0.883817 0.006338 0.467791
vn -0.883817 0.006338 0.467791
vn -0.939062 0.157537 -0.305523
vn -0.939062 0.157537 -0.305523
vn -0.939062 0.157537 -0.305523
vn -0.939062 0.157537 -0.305523
vn -0.456943 0.067636 -0.886921
vn -0.456943 0.067636 -0.886921
vn -0.456943 0.067636 -0.886921
vn -0.456943 0.067636 -0.886921
vn 0.892485 0.270708 -0.360816
vn 0.892485 0.270708 -0.360816
vn 0.892485 0.270708 -0.360816
vn -0.203901 0.846838 -0.491212
vn -0.203901 0.846838 -0.491212
vn -0.203901 0.846838 -0.491212
vn 0.335033 0.697840 0.633066
vn 0.335033 0.697840 0.633066
vn 0.335033 0.697840 0.633066
vn -0.576539 0.402009 -0.711331
vn -0.576539 0.402009 -0.711331
vn -0.576539 0.402009 -0.711331
vn -0.576539 0.402009 -0.711331
vn 0.790537 -0.596681 0.137924
vn 0.790537 -0.596681 0.137924
vn 0.790537 -0.596681 0.137924
vn -0.534057 0.476340 0.698486
vn -0.534057 0.476340 0.698486
vn -0.534057 0.476340 0.698486
vn -0.148781 0.214170 0.965399
vn -0.148781 0.214170 0.965399
vn -0.148781 0.214170 0.965399
vn -0.148781 0.214170 0.965399
vn 0.113165 0.104914 0.988022
vn 0.113165 0.104914 0.988022
vn 0.113165 0.104914 0.988022
vn 0.677912 -0.710019 -0.190550
vn 0.677912 -0.710019 -0.190550
vn 0.677912 -0.710019 -0.190550
vn 0.677912 -0.710019 -0.190550
vn 0.580145 -0.730440 -0.360402
vn 0.580145 -0.730440 -0.360402
vn 0.580145 -0.730440 -0.360402
vn -0.601444 0.685530 -0.410261
vn -0.601444 0.685530 -0.410261
vn -0.601444 0.685530 -0.410261
vn -0.349422 0.062574 -0.934873
vn -0.349422 0.062574 -0.934873
vn -0.349422 0.062574 -0.934873
vn -0.207196 0.210586 0.955365
vn -0.207196 0.210586 0.955365
vn -0.207196 0.210586 0.955365
vn -0.207196 0.210586 0.955365
vn 0.086468 0.057166 0.994613
vn 0.086468 0.057166 0.994613
vn 0.086468 0.057166 0.994613
vn 0.086468 0.057166 0.994613
vn -0.820154 0.397000 -0.411993
vn -0.820154 0.397000 -0.411993
vn -0.820154 0.397000 -0.411993
vn -0.820154 0.397000 -0.411993
vn -0.587209 0.388855 0.709914
vn -0.587209 0.388855 0.709914
vn -0.587209 0.388855 0.709914
vn -0.587209 0.388855 0.709914
vn -0.863058 0.479448 0.158934
vn -0.863058 0.479448 0.158934
vn -0.863058 0.479448 0.158934
vn -0.863058 0.479448 0.158934
vn -0.626002 0.259190 -0.735487
vn -0.626002 0.259190 -0.735487
vn -0.626002 0.259190 -0.735487
vn -0.626002 0.259190 -0.735487
vn -0.338536 0.084008 -0.937196
vn -0.338536 0.084008 -0.937196
vn -0.338536 0.084008 -0.937196
vn -0.338536 0.084008 -0.937196
vn 0.879979 -0.459405 0.120765
vn 0.879979 -0.459405 0.120765
vn 0.879979 -0.459405 0.120765
vn 0.879979 -0.459405 0.120765
vn 0.272808 -0.243222 -0.930816
vn 0.272808 -0.243222 -0.930816
vn 0.272808 -0.243222 -0.930816
vn 0.272808 -0.243222 -0.930816
vn 0.590250 -0.236226 0.771882
vn 0.590250 -0.236226 0.771882
vn 0.590250 -0.236226 0.771882
vn 0.590250 -0.236226 0.771882
vn 0.779945 -0.462247 -0.421917
vn 0.779945 -0.462247 -0.421917
vn 0.779945 -0.462247 -0.421917
vn 0.779945 -0.462247 -0.421917
vn 0.850945 -0.478872 -0.215812
vn 0.850945 -0.478872 -0.215812
vn 0.850945 -0.478872 -0.215812
vn 0.850945 -0.478872 -0.215812
vn 0.819645 -0.554544 -0.143749
vn 0.819645 -0.554544 -0.143749
vn 0.819645 -0.554544 -0.143749
vn 0.819645 -0.554544 -0.143749
vn -0.456032 -0.875481 0.159898
vn -0.456032 -0.875481 0.159898
vn -0.456032 -0.875481 0.159898
vn -0.456032 -0.875481 0.159898
vn -0.425310 -0.903993 0.043679
vn -0.425310 -0.903993 0.043679
vn -0.425310 -0.903993 0.043679
vn -0.425310 -0.903993 0.043679
vn -0.528549 -0.846499 0.063845
vn -0.528549 -0.846499 0.063845
vn -0.528549 -0.846499 0.063845
vn -0.528549 -0.846499 0.063845
vn -0.453624 -0.887146 0.084835
vn -0.453624 -0.887146 0.084835
vn -0.453624 -0.887146 0.084835
vn -0.453624 -0.887146 0.084835
vn -0.458214 -0.881966 0.110344
vn -0.458214 -0.881966 0.110344
vn -0.458214 -0.881966 0.110344
vn -0.458214 -0.881966 0.110344
vn -0.487902 -0.867971 0.092613
vn -0.487902 -0.867971 0.092613
vn -0.487902 -0.867971 0.092613
vn -0.487902 -0.867971 0.092613
vn -0.486832 -0.870530 0.071912
vn -0.486832 -0.870530 0.071912
vn -0.486832 -0.870530 0.071912
vn -0.486832 -0.870530 0.071912
vn -0.490529 -0.867489 0.082725
vn -0.490529 -0.867489 0.082725
vn -0.490529 -0.867489 0.082725
vn -0.490529 -0.867489 0.082725
vn -0.475368 -0.872043 0.116469
vn -0.475368 -0.872043 0.116469
vn -0.475368 -0.872043 0.116469
vn -0.475368 -0.872043 0.116469
vn -0.465720 -0.877465 0.114714
vn -0.465720 -0.877465 0.114714
vn -0.465720 -0.877465 0.114714
vn -0.465720 -0.877465 0.114714
vn -0.464380 -0.882952 0.068898
vn -0.464380 -0.882952 0.068898
vn -0.464380 -0.882952 0.068898
vn -0.464380 -0.882952 0.068898
vn -0.456696 -0.886483 0.074674
vn -0.456696 -0.886483 0.074674
vn -0.456696 -0.886483 0.074674
vn -0.456696 -0.886483 0.074674
vn 0.222345 -0.183613 -0.957522
vn 0.222345 -0.183613 -0.957522
vn 0.222421 -0.182529 -0.957712
vn 0.222345 -0.183613 -0.957522
vn -0.749204 0.517091 0.413897
vn -0.749204 0.517091 0.413897
vn -0.749204 0.517091 0.413897
vn -0.749204 0.517091 0.413897
vn 0.571447 -0.356295 0.739258
vn 0.571447 -0.356295 0.739258
vn 0.571447 -0.356295 0.739258
vn 0.571447 -0.356295 0.739258
vn -0.540680 0.334496 -0.771866
vn -0.540680 0.334496 -0.771866
vn -0.540680 0.334496 -0.771866
vn -0.540680 0.334496 -0.771866
vn -0.825548 0.548515 -0.132674
vn -0.825548 0.548515 -0.132674
vn -0.825548 0.548515 -0.132674
vn -0.825116 0.548868 -0.133894
vn -0.054050 0.000153 -0.998538
vn -0.054050 0.000153 -0.998538
vn -0.054050 0.000153 -0.998538
vn -0.054050 0.000153 -0.998538
vn -0.284620 0.224430 0.931999
vn -0.284620 0.224430 0.931999
vn -0.284620 0.224430 0.931999
vn -0.284620 0.224430 0.931999
vn -0.809499 0.549976 0.205518
vn -0.809499 0.549976 0.205518
vn -0.808714 0.550947 0.206008
vn -0.809499 0.549976 0.205518
vn 0.574641 -0.410715 -0.707885
vn 0.574641 -0.410715 -0.707885
vn 0.574641 -0.410715 -0.707885
vn 0.575253 -0.410646 -0.707428
vn 0.295987 -0.164388 0.940940
vn 0.295987 -0.164388 0.940940
vn 0.295987 -0.164388 0.940940
vn 0.295987 -0.164388 0.940940
vn 0.761871 -0.495561 0.417100
vn 0.761871 -0.495561 0.417100
vn 0.762480 -0.495132 0.416496
vn 0.761871 -0.495561 0.417100
vn -0.454356 -0.887889 0.072209
vn -0.454446 -0.887869 0.071887
vn -0.453162 -0.888537 0.071740
vn -0.455823 -0.886928 0.074723
vn -0.455526 -0.887083 0.074702
vn -0.454157 -0.887748 0.075131
vn -0.455726 -0.886973 0.074790
vn -0.455726 -0.886973 0.074790
vn -0.454678 -0.887405 0.076027
vn -0.535513 -0.842009 0.065169
vn -0.535513 -0.842009 0.065169
vn -0.535077 -0.842156 0.066833
vn -0.465355 -0.877514 0.115817
vn -0.465355 -0.877514 0.115817
vn -0.465662 -0.877131 0.117472
vn -0.465529 -0.877472 0.115439
vn -0.465009 -0.877599 0.116564
vn -0.466629 -0.876750 0.116479
vn -0.465608 -0.876765 0.120384
vn -0.466401 -0.876305 0.120663
vn -0.467624 -0.875611 0.120966
vn -0.422113 -0.905768 0.037485
vn -0.422113 -0.905768 0.037485
vn -0.423651 -0.905064 0.037147
vn -0.489683 -0.867980 0.082590
vn -0.489683 -0.867980 0.082590
vn -0.490821 -0.867449 0.081406
vn -0.491407 -0.867021 0.082427
vn -0.492492 -0.866411 0.082366
vn -0.491726 -0.866990 0.080829
vn -0.495609 -0.864864 0.079893
vn -0.495340 -0.865140 0.078557
vn -0.494981 -0.865485 0.077005
vn -0.451396 -0.876960 0.164874
vn -0.451396 -0.876960 0.164874
vn -0.450582 -0.877580 0.163796
vn -0.575854 -0.783884 -0.232201
vn -0.575854 -0.783884 -0.232201
vn -0.575854 -0.783884 -0.232201
vn -0.575854 -0.783884 -0.232201
vn -0.535396 -0.723211 -0.436253
vn -0.535396 -0.723211 -0.436253
vn -0.535396 -0.723211 -0.436253
vn -0.535396 -0.723211 -0.436253
vn -0.537167 -0.718496 0.441832
vn -0.537130 -0.718469 0.441920
vn -0.537280 -0.718446 0.441776
vn -0.577330 -0.780807 0.238813
vn -0.577330 -0.780807 0.238813
vn -0.577330 -0.780807 0.238813
vn -0.577330 -0.780807 0.238813
vn -0.596236 -0.802810 0.000003
vn -0.596236 -0.802810 0.000003
vn -0.596236 -0.802810 0.000003
vn 0.374963 -0.222044 -0.900055
vn 0.374963 -0.222044 -0.900055
vn 0.374963 -0.222044 -0.900055
vn 0.374963 -0.222044 -0.900055
vn 0.808760 -0.549913 -0.208575
vn 0.808760 -0.549913 -0.208575
vn 0.808760 -0.549913 -0.208575
vn 0.808760 -0.549913 -0.208575
vn 0.661683 -0.411993 0.626449
vn 0.661683 -0.411993 0.626449
vn 0.661683 -0.411993 0.626449
vn 0.661683 -0.411993 0.626449
vn 0.045731 0.061576 0.997054
vn 0.045731 0.061576 0.997054
vn 0.045731 0.061576 0.997054
vn 0.045731 0.061576 0.997054
vn -0.585645 0.514375 0.626449
vn -0.585645 0.514375 0.626449
vn -0.585645 0.514375 0.626449
vn -0.585645 0.514375 0.626449
vn -0.760186 0.615316 -0.208575
vn -0.760186 0.615316 -0.208575
vn -0.760186 0.615316 -0.208575
vn -0.760186 0.615316 -0.208575
vn -0.320936 0.294789 -0.900055
vn -0.320936 0.294789 -0.900055
vn -0.320936 0.294789 -0.900055
vn -0.320936 0.294789 -0.900055
vn -0.417500 0.160225 -0.894439
vn -0.417500 0.160225 -0.894439
vn -0.417500 0.160225 -0.894439
vn -0.417500 0.160225 -0.894439
vn -0.838282 0.493097 -0.232678
vn -0.838282 0.493097 -0.232678
vn -0.838282 0.493097 -0.232678
vn -0.838282 0.493097 -0.232678
vn -0.698408 0.391553 0.599094
vn -0.698408 0.391553 0.599094
vn -0.698408 0.391553 0.599094
vn -0.698408 0.391553 0.599094
vn -0.062820 -0.084586 0.994434
vn -0.062820 -0.084586 0.994434
vn -0.062820 -0.084586 0.994434
vn -0.062820 -0.084586 0.994434
vn 0.576691 -0.555441 0.599094
vn 0.576691 -0.555441 0.599094
vn 0.576691 -0.555441 0.599094
vn 0.576691 -0.555441 0.599094
vn 0.714327 -0.659998 -0.232678
vn 0.714327 -0.659998 -0.232678
vn 0.714327 -0.659998 -0.232678
vn 0.714327 -0.659998 -0.232678
vn 0.274050 -0.353377 -0.894439
vn 0.274050 -0.353377 -0.894439
vn 0.274050 -0.353377 -0.894439
vn 0.274050 -0.353377 -0.894439
vn 0.831304 0.458475 -0.314220
vn 0.831304 0.458475 -0.314220
vn 0.831304 0.458475 -0.314220
vn 0.831304 0.458475 -0.314220
vn 0.120529 0.986355 0.112144
vn 0.120529 0.986355 0.112144
vn 0.120529 0.986355 0.112144
vn 0.120529 0.986355 0.112144
vn 0.690524 0.563031 0.454062
vn 0.690524 0.563031 0.454062
vn 0.690524 0.563031 0.454062
vn 0.690524 0.563031 0.454062
vn 0.514980 0.693405 -0.503969
vn 0.514980 0.693405 -0.503969
vn 0.514980 0.693405 -0.503969
vn 0.514980 0.693405 -0.503969
vn 0.909429 0.400453 0.112144
vn 0.909429 0.400453 0.112144
vn 0.909429 0.400453 0.112144
vn 0.909429 0.400453 0.112144
vn 0.198655 0.928333 -0.314220
vn 0.198655 0.928333 -0.314220
vn 0.198655 0.928333 -0.314220
vn 0.198655 0.928333 -0.314220
vn 0.339435 0.823779 0.454062
vn 0.339435 0.823779 0.454062
vn 0.339435 0.823779 0.454062
vn 0.339435 0.823779 0.454062
vn 0.782683 -0.581285 -0.222521
vn 0.782683 -0.581285 -0.222521
vn 0.782683 -0.581285 -0.222521
vn 0.782683 -0.581285 -0.222521
vn 0.596234 0.802811 0.000001
vn 0.596234 0.802811 0.000001
vn 0.596234 0.802811 0.000001
vn -0.627663 0.466154 0.623490
vn -0.627663 0.466154 0.623490
vn -0.627663 0.466154 0.623490
vn -0.627663 0.466154 0.623490
vn 0.348327 -0.258696 -0.900969
vn 0.348327 -0.258696 -0.900969
vn 0.348327 -0.258696 -0.900969
vn 0.348327 -0.258696 -0.900969
vn 0.627663 -0.466154 0.623490
vn 0.627663 -0.466154 0.623490
vn 0.627663 -0.466154 0.623490
vn 0.627663 -0.466154 0.623490
vn -0.782683 0.581285 -0.222521
vn -0.782683 0.581285 -0.222521
vn -0.782683 0.581285 -0.222521
vn -0.782683 0.581285 -0.222521
vn -0.000000 -0.000000 1.000000
vn -0.000000 -0.000000 1.000000
vn -0.000000 -0.000000 1.000000
vn -0.000000 -0.000000 1.000000
vn -0.348327 0.258696 -0.900969
vn -0.348327 0.258696 -0.900969
vn -0.348327 0.258696 -0.900969
vn -0.348327 0.258696 -0.900969
vn 0.154003 0.202417 -0.967114
vn 0.154003 0.202417 -0.967114
vn 0.154003 0.202417 -0.967114
vn 0.154003 0.202417 -0.967114
vn 0.167757 0.225880 0.959602
vn 0.167757 0.225880 0.959602
vn 0.167757 0.225880 0.959602
vn 0.167757 0.225880 0.959602
vn -0.222922 0.676178 0.702203
vn -0.222922 0.676178 0.702203
vn -0.222922 0.676178 0.702203
vn -0.222922 0.676178 0.702203
vn -0.460918 0.887443 0.000000
vn -0.460918 0.887443 0.000000
vn -0.460918 0.887443 0.000000
vn -0.460918 0.887443 0.000000
vn -0.460918 0.887443 0.000000
vn -0.460918 0.887443 0.000000
vn -0.460918 0.887443 0.000000
vn -0.460918 0.887443 0.000000
vn 0.596237 0.802808 0.000000
vn 0.596237 0.802808 0.000000
vn 0.596237 0.802808 0.000000
vn 0.596237 0.802808 0.000000
vn 0.596234 0.802811 0.000000
vn 0.596234 0.802811 0.000000
vn 0.596234 0.802811 0.000000
vn 0.596234 0.802811 0.000000
vn 0.596231 0.802813 0.000000
vn 0.596231 0.802813 0.000000
vn 0.596231 0.802813 0.000000
vn 0.596234 0.802811 0.000000
vn 0.596234 0.802811 0.000000
vn 0.596234 0.802811 0.000000
vn 0.596234 0.802811 0.000000
vn 0.596234 0.802811 0.000000
vn 0.596234 0.802811 0.000000
vn 0.596234 0.802811 0.000000
vn 0.596234 0.802811 0.000000
vn 0.596234 0.802811 0.000000
vn 0.692277 0.721632 0.000000
vn 0.692277 0.721632 0.000000
vn 0.692277 0.721632 0.000000
vn 0.692277 0.721632 0.000000
vn 0.676953 -0.116716 -0.726713
vn 0.676953 -0.116716 -0.726713
vn 0.676953 -0.116716 -0.726713
vn 0.676953 -0.116716 -0.726713
vn 0.498880 0.856749 -0.130769
vn 0.498880 0.856749 -0.130769
vn 0.498880 0.856749 -0.130769
vn 0.498880 0.856749 -0.130769
vn 0.582481 0.784294 -0.213539
vn 0.582481 0.784294 -0.213539
vn 0.582481 0.784294 -0.213539
vn 0.582481 0.784294 -0.213539
vn 0.686682 -0.095118 0.720708
vn 0.686682 -0.095118 0.720708
vn 0.686682 -0.095118 0.720708
vn 0.686682 -0.095118 0.720708
vn 0.596234 0.802811 0.000000
vn 0.596234 0.802811 0.000000
vn 0.596234 0.802811 0.000000
vn 0.596233 0.802812 0.000000
vn 0.596233 0.802812 0.000000
vn 0.596233 0.802812 0.000000
vn 0.596233 0.802812 0.000000
vn 0.469184 0.882397 0.035238
vn 0.469184 0.882397 0.035238
vn 0.469184 0.882397 0.035238
vn 0.469184 0.882397 0.035238
vn 0.661676 0.742111 0.107033
vn 0.661676 0.742111 0.107033
vn 0.661676 0.742111 0.107033
vn 0.661676 0.742111 0.107033
vn 0.596234 0.802811 0.000000
vn 0.596234 0.802811 0.000000
vn 0.596234 0.802811 0.000000
vn 0.596234 0.802811 0.000000
vn 0.661678 0.742109 -0.107033
vn 0.661678 0.742109 -0.107033
vn 0.661678 0.742109 -0.107033
vn 0.661678 0.742109 -0.107033
vn 0.596234 0.802811 0.000000
vn 0.596234 0.802811 0.000000
vn 0.596234 0.802811 0.000000
vn 0.484102 0.868981 0.102551
vn 0.484102 0.868981 0.102551
vn 0.484102 0.868981 0.102551
vn 0.484102 0.868981 0.102551
vn 0.787688 -0.184244 -0.587879
vn 0.787688 -0.184244 -0.587879
vn 0.787688 -0.184244 -0.587879
vn 0.787688 -0.184244 -0.587879
vn 0.940398 -0.263450 -0.215049
vn 0.940398 -0.263450 -0.215049
vn 0.940398 -0.263450 -0.215049
vn 0.940398 -0.263450 -0.215049
vn 0.942422 -0.256599 0.214469
vn 0.942422 -0.256599 0.214469
vn 0.942422 -0.256599 0.214469
vn 0.942422 -0.256599 0.214469
vn 0.794673 -0.166260 0.583826
vn 0.794673 -0.166260 0.583826
vn 0.794673 -0.166260 0.583826
vn 0.794673 -0.166260 0.583826
vn -0.240257 0.662702 -0.709297
vn -0.240257 0.662702 -0.709297
vn -0.240257 0.662702 -0.709297
vn -0.240257 0.662702 -0.709297
vn 0.484102 0.868981 -0.102551
vn 0.484102 0.868981 -0.102551
vn 0.484102 0.868981 -0.102551
vn 0.484102 0.868981 -0.102551
vn 0.692274 0.721635 0.000000
vn 0.692274 0.721635 0.000000
vn 0.692274 0.721635 0.000000
vn 0.692274 0.721635 0.000000
vn 0.498882 0.856748 0.130769
vn 0.498882 0.856748 0.130769
vn 0.498882 0.856748 0.130769
vn 0.498882 0.856748 0.130769
vn 0.582481 0.784294 0.213538
vn 0.582481 0.784294 0.213538
vn 0.582481 0.784294 0.213538
vn 0.582481 0.784294 0.213538
vn 0.469188 0.882395 -0.035238
vn 0.469188 0.882395 -0.035238
vn 0.469188 0.882395 -0.035238
vn 0.469188 0.882395 -0.035238
vn -0.596234 -0.802811 0.000000
vn -0.596234 -0.802811 0.000000
vn -0.596234 -0.802811 0.000000
vn -0.596234 -0.802811 0.000000
vn -0.596234 -0.802811 0.000000
vn -0.596234 -0.802811 0.000000
vn -0.596234 -0.802811 0.000000
vn -0.596234 -0.802811 0.000000
vn -0.512363 0.380523 -0.769861
vn -0.512363 0.380523 -0.769861
vn -0.512363 0.380523 -0.769861
vn -0.512363 0.380523 -0.769861
vn -0.596232 -0.802812 0.000000
vn -0.596232 -0.802812 0.000000
vn -0.596232 -0.802812 0.000000
vn -0.596234 -0.802811 0.000000
vn -0.596234 -0.802811 0.000000
vn -0.596234 -0.802811 0.000000
vn -0.596234 -0.802811 0.000000
vn -0.596234 -0.802811 0.000000
vn -0.596234 -0.802811 0.000000
vn -0.596234 -0.802811 0.000000
vn -0.596234 -0.802811 0.000000
vn -0.596234 -0.802811 0.000000
vn 0.629321 -0.467386 0.620891
vn 0.629321 -0.467386 0.620891
vn 0.629321 -0.467386 0.620891
vn 0.629321 -0.467386 0.620891
vn 0.781383 -0.580320 0.229497
vn 0.781383 -0.580320 0.229497
vn 0.781383 -0.580320 0.229497
vn 0.781383 -0.580320 0.229497
vn 0.781383 -0.580320 -0.229497
vn 0.781383 -0.580320 -0.229497
vn 0.781383 -0.580320 -0.229497
vn 0.781383 -0.580320 -0.229497
vn 0.629321 -0.467386 -0.620891
vn 0.629321 -0.467386 -0.620891
vn 0.629321 -0.467386 -0.620891
vn 0.629321 -0.467386 -0.620891
vn -0.596234 -0.802811 0.000000
vn -0.596234 -0.802811 0.000000
vn -0.596234 -0.802811 0.000000
vn -0.596234 -0.802811 0.000000
vn -0.596234 -0.802811 0.000000
vn -0.596234 -0.802811 0.000000
vn -0.596234 -0.802811 0.000000
vn -0.596234 -0.802811 0.000000
vn 0.517655 -0.384453 0.764349
vn 0.517655 -0.384453 0.764349
vn 0.517655 -0.384453 0.764349
vn 0.517655 -0.384453 0.764349
vn -0.596234 -0.802811 0.000000
vn -0.596234 -0.802811 0.000000
vn -0.596234 -0.802811 0.000000
vn -0.596236 -0.802809 0.000000
vn -0.596236 -0.802809 0.000000
vn -0.596236 -0.802809 0.000000
vn 0.517655 -0.384453 -0.764349
vn 0.517655 -0.384453 -0.764349
vn 0.517655 -0.384453 -0.764349
vn 0.517655 -0.384453 -0.764349
vn -0.802811 0.596233 0.000000
vn -0.802811 0.596233 0.000000
vn -0.802811 0.596233 0.000000
vn -0.802811 0.596233 0.000000
vn -0.802811 0.596233 0.000000
vn -0.802811 0.596233 0.000000
vn -0.802811 0.596233 0.000000
vn -0.802811 0.596233 0.000000
vn -0.512364 0.380523 0.769861
vn -0.512364 0.380523 0.769861
vn -0.512364 0.380523 0.769861
vn -0.512364 0.380523 0.769861
vn 0.000000 0.000000 1.000000
vn 0.000000 0.000000 1.000000
vn 0.000000 0.000000 1.000000
vn 0.000000 0.000000 1.000000
vn -0.000000 -0.000000 -1.000000
vn -0.000000 -0.000000 -1.000000
vn -0.000000 -0.000000 -1.000000
vn -0.000000 -0.000000 -1.000000
vn -0.629004 0.462446 -0.624898
vn -0.629004 0.462446 -0.624898
vn -0.629004 0.462446 -0.624898
vn -0.629004 0.462446 -0.624898
vn 0.596236 0.802809 0.000000
vn 0.596236 0.802809 0.000000
vn 0.596236 0.802809 0.000000
vn 0.596236 0.802809 0.000000
vn 0.596231 0.802813 0.000000
vn 0.596231 0.802813 0.000000
vn 0.596231 0.802813 0.000000
vn 0.596231 0.802813 0.000000
vn 0.596236 0.802809 0.000000
vn 0.596236 0.802809 0.000000
vn 0.596236 0.802809 0.000000
vn 0.596236 0.802809 0.000000
vn 0.596236 0.802809 0.000000
vn 0.596236 0.802809 0.000000
vn 0.596236 0.802809 0.000000
vn 0.596236 0.802809 0.000000
vn 0.596234 0.802811 0.000000
vn 0.596234 0.802811 0.000000
vn 0.596234 0.802811 0.000000
vn 0.596234 0.802811 0.000000
vn 0.596234 0.802811 0.000000
vn 0.596234 0.802811 0.000000
vn 0.596234 0.802811 0.000000
vn 0.596234 0.802811 0.000000
vn 0.596228 0.802815 0.000000
vn 0.596228 0.802815 0.000000
vn 0.596228 0.802815 0.000000
vn 0.596228 0.802815 0.000000
vn -0.015927 -0.021445 -0.999643
vn -0.015927 -0.021445 -0.999643
vn -0.015927 -0.021445 -0.999643
vn -0.015927 -0.021445 -0.999643
vn 0.624500 -0.468510 -0.624898
vn 0.624500 -0.468510 -0.624898
vn 0.624500 -0.468510 -0.624898
vn 0.624500 -0.468510 -0.624898
vn 0.350510 -0.253531 0.901590
vn 0.350510 -0.253531 0.901590
vn 0.350510 -0.253531 0.901590
vn 0.350510 -0.253531 0.901590
vn -0.344013 0.262279 0.901590
vn -0.344013 0.262279 0.901590
vn -0.344013 0.262279 0.901590
vn -0.344013 0.262279 0.901590
vn -0.003603 -0.004852 -0.999982
vn -0.003603 -0.004852 -0.999982
vn -0.003603 -0.004852 -0.999982
vn -0.003603 -0.004852 -0.999982
vn 0.783343 -0.580095 0.223301
vn 0.783343 -0.580095 0.223301
vn 0.783343 -0.580095 0.223301
vn 0.783343 -0.580095 0.223301
vn -0.781735 0.582261 0.223301
vn -0.781735 0.582261 0.223301
vn -0.781735 0.582261 0.223301
vn -0.781735 0.582261 0.223301
vn 0.786084 -0.576378 0.223296
vn 0.786084 -0.576378 0.223296
vn 0.786084 -0.576378 0.223296
vn 0.786084 -0.576378 0.223296
vn -0.778968 0.585958 0.223296
vn -0.778968 0.585958 0.223296
vn -0.778968 0.585958 0.223296
vn -0.778968 0.585958 0.223296
vn -0.636624 0.452012 -0.624816
vn -0.636624 0.452012 -0.624816
vn -0.636624 0.452012 -0.624816
vn -0.636624 0.452012 -0.624816
vn 0.616714 -0.478820 -0.624816
vn 0.616714 -0.478820 -0.624816
vn 0.616714 -0.478820 -0.624816
vn 0.616714 -0.478820 -0.624816
vn 0.361528 -0.238498 0.901342
vn 0.361528 -0.238498 0.901342
vn 0.361528 -0.238498 0.901342
vn 0.361528 -0.238498 0.901342
vn -0.332806 0.277171 0.901341
vn -0.332806 0.277171 0.901341
vn -0.332806 0.277171 0.901341
vn -0.332806 0.277171 0.901341
vn -0.596236 -0.802809 0.000001
vn -0.596236 -0.802809 0.000001
vn -0.596236 -0.802809 0.000001
vn -0.596236 -0.802810 -0.000002
vn -0.596236 -0.802810 -0.000002
vn -0.596236 -0.802810 -0.000002
vn -0.596234 -0.802811 -0.000003
vn -0.596234 -0.802811 -0.000003
vn -0.596234 -0.802811 -0.000003
vn -0.596232 -0.802812 -0.000002
vn -0.596232 -0.802812 -0.000002
vn -0.596232 -0.802812 -0.000002
vn -0.596232 -0.802813 0.000001
vn -0.596232 -0.802813 0.000001
vn -0.596232 -0.802813 0.000001
vn -0.596230 -0.802814 0.000003
vn -0.596230 -0.802814 0.000003
vn -0.596230 -0.802814 0.000003
vn 0.596234 0.802811 0.000001
vn 0.596234 0.802811 0.000001
vn 0.596234 0.802811 0.000001
vn 0.596235 0.802810 0.000000
vn 0.596235 0.802810 0.000000
vn 0.596235 0.802810 0.000000
vn 0.596234 0.802811 -0.000001
vn 0.596234 0.802811 -0.000001
vn 0.596234 0.802811 -0.000001
vn 0.596234 0.802811 -0.000001
vn 0.596234 0.802811 -0.000001
vn 0.596234 0.802811 -0.000001
vn 0.596233 0.802812 -0.000001
vn 0.596233 0.802812 -0.000001
vn 0.596233 0.802812 -0.000001
vn 0.596232 0.802812 0.000000
vn 0.596232 0.802812 0.000000
vn 0.596232 0.802812 0.000000
vn -0.596234 -0.802811 -0.000003
vn -0.596234 -0.802811 -0.000003
vn -0.596234 -0.802811 -0.000003
vn 0.374964 -0.222043 0.900055
vn 0.374964 -0.222043 0.900055
vn 0.374964 -0.222043 0.900055
vn 0.374964 -0.222043 0.900055
vn 0.808760 -0.549913 0.208575
vn 0.808760 -0.549913 0.208575
vn 0.808760 -0.549913 0.208575
vn 0.808760 -0.549913 0.208575
vn 0.661683 -0.411993 -0.626449
vn 0.661683 -0.411993 -0.626449
vn 0.661683 -0.411993 -0.626449
vn 0.661683 -0.411993 -0.626449
vn 0.045731 0.061576 -0.997054
vn 0.045731 0.061576 -0.997054
vn 0.045731 0.061576 -0.997054
vn 0.045731 0.061576 -0.997054
vn -0.585645 0.514375 -0.626449
vn -0.585645 0.514375 -0.626449
vn -0.585645 0.514375 -0.626449
vn -0.585645 0.514375 -0.626449
vn -0.760186 0.615316 0.208575
vn -0.760186 0.615316 0.208575
vn -0.760186 0.615316 0.208575
vn -0.760186 0.615316 0.208575
vn -0.320937 0.294789 0.900055
vn -0.320937 0.294789 0.900055
vn -0.320937 0.294789 0.900055
vn -0.320937 0.294789 0.900055
vn -0.417500 0.160225 0.894439
vn -0.417500 0.160225 0.894439
vn -0.417500 0.160225 0.894439
vn -0.417500 0.160225 0.894439
vn -0.838282 0.493097 0.232678
vn -0.838282 0.493097 0.232678
vn -0.838282 0.493097 0.232678
vn -0.838282 0.493097 0.232678
vn -0.698408 0.391553 -0.599094
vn -0.698408 0.391553 -0.599094
vn -0.698408 0.391553 -0.599094
vn -0.698408 0.391553 -0.599094
vn -0.062820 -0.084586 -0.994434
vn -0.062820 -0.084586 -0.994434
vn -0.062820 -0.084586 -0.994434
vn -0.062820 -0.084586 -0.994434
vn 0.576691 -0.555441 -0.599093
vn 0.576691 -0.555441 -0.599093
vn 0.576691 -0.555441 -0.599093
vn 0.576691 -0.555441 -0.599093
vn 0.714327 -0.659998 0.232678
vn 0.714327 -0.659998 0.232678
vn 0.714327 -0.659998 0.232678
vn 0.714327 -0.659998 0.232678
vn 0.274050 -0.353377 0.894439
vn 0.274050 -0.353377 0.894439
vn 0.274050 -0.353377 0.894439
vn 0.274050 -0.353377 0.894439
vn 0.831305 0.458474 0.314220
vn 0.831305 0.458474 0.314220
vn 0.831305 0.458474 0.314220
vn 0.831305 0.458474 0.314220
vn 0.120531 0.986355 -0.112144
vn 0.120531 0.986355 -0.112144
vn 0.120531 0.986355 -0.112144
vn 0.120531 0.986355 -0.112144
vn 0.690525 0.563030 -0.454062
vn 0.690525 0.563030 -0.454062
vn 0.690525 0.563030 -0.454062
vn 0.690525 0.563030 -0.454062
vn 0.514980 0.693405 0.503970
vn 0.514980 0.693405 0.503970
vn 0.514980 0.693405 0.503970
vn 0.514980 0.693405 0.503970
vn 0.909428 0.400456 -0.112144
vn 0.909428 0.400456 -0.112144
vn 0.909428 0.400456 -0.112144
vn 0.909428 0.400456 -0.112144
vn 0.198658 0.928332 0.314220
vn 0.198658 0.928332 0.314220
vn 0.198658 0.928332 0.314220
vn 0.198658 0.928332 0.314220
vn 0.339435 0.823779 -0.454062
vn 0.339435 0.823779 -0.454062
vn 0.339435 0.823779 -0.454062
vn 0.339435 0.823779 -0.454062
vn 0.782683 -0.581285 0.222521
vn 0.782683 -0.581285 0.222521
vn 0.782683 -0.581285 0.222521
vn 0.782683 -0.581285 0.222521
vn 0.596232 0.802812 -0.000001
vn 0.596232 0.802812 -0.000001
vn 0.596232 0.802812 -0.000001
vn -0.627663 0.466154 -0.623490
vn -0.627663 0.466154 -0.623490
vn -0.627663 0.466154 -0.623490
vn -0.627663 0.466154 -0.623490
vn 0.348326 -0.258696 0.900969
vn 0.348326 -0.258696 0.900969
vn 0.348326 -0.258696 0.900969
vn 0.348326 -0.258696 0.900969
vn 0.627663 -0.466154 -0.623490
vn 0.627663 -0.466154 -0.623490
vn 0.627663 -0.466154 -0.623490
vn 0.627663 -0.466154 -0.623490
vn -0.782683 0.581285 0.222521
vn -0.782683 0.581285 0.222521
vn -0.782683 0.581285 0.222521
vn -0.782683 0.581285 0.222521
vn -0.000000 -0.000000 -1.000000
vn -0.000000 -0.000000 -1.000000
vn -0.000000 -0.000000 -1.000000
vn -0.000000 -0.000000 -1.000000
vn -0.348327 0.258696 0.900969
vn -0.348327 0.258696 0.900969
vn -0.348327 0.258696 0.900969
vn -0.348327 0.258696 0.900969
vn 0.154003 0.202417 0.967114
vn 0.154003 0.202417 0.967114
vn 0.154003 0.202417 0.967114
vn 0.154003 0.202417 0.967114
vn 0.167757 0.225880 -0.959602
vn 0.167757 0.225880 -0.959602
vn 0.167757 0.225880 -0.959602
vn 0.167757 0.225880 -0.959602
vn -0.222922 0.676178 -0.702203
vn -0.222922 0.676178 -0.702203
vn -0.222922 0.676178 -0.702203
vn -0.222922 0.676178 -0.702203
vn -0.460918 0.887443 0.000000
vn -0.460918 0.887443 0.000000
vn -0.460918 0.887443 0.000000
vn -0.460918 0.887443 0.000000
vn -0.460918 0.887443 0.000000
vn -0.460918 0.887443 0.000000
vn -0.460918 0.887443 0.000000
vn -0.460918 0.887443 0.000000
vn 0.596237 0.802808 0.000000
vn 0.596237 0.802808 0.000000
vn 0.596237 0.802808 0.000000
vn 0.596237 0.802808 0.000000
vn 0.596234 0.802811 0.000000
vn 0.596234 0.802811 0.000000
vn 0.596234 0.802811 0.000000
vn 0.596234 0.802811 0.000000
vn 0.596231 0.802813 0.000000
vn 0.596231 0.802813 0.000000
vn 0.596231 0.802813 0.000000
vn 0.596234 0.802811 0.000000
vn 0.596234 0.802811 0.000000
vn 0.596234 0.802811 0.000000
vn 0.596234 0.802811 0.000000
vn 0.596234 0.802811 0.000000
vn 0.596234 0.802811 0.000000
vn 0.596234 0.802811 0.000000
vn 0.596234 0.802811 0.000000
vn 0.596234 0.802811 0.000000
vn 0.692275 0.721633 0.000000
vn 0.692275 0.721633 0.000000
vn 0.692275 0.721633 0.000000
vn 0.692275 0.721633 0.000000
vn 0.676953 -0.116716 0.726713
vn 0.676953 -0.116716 0.726713
vn 0.676953 -0.116716 0.726713
vn 0.676953 -0.116716 0.726713
vn 0.498880 0.856749 0.130769
vn 0.498880 0.856749 0.130769
vn 0.498880 0.856749 0.130769
vn 0.498880 0.856749 0.130769
vn 0.582481 0.784294 0.213539
vn 0.582481 0.784294 0.213539
vn 0.582481 0.784294 0.213539
vn 0.582481 0.784294 0.213539
vn 0.686682 -0.095118 -0.720709
vn 0.686682 -0.095118 -0.720709
vn 0.686682 -0.095118 -0.720709
vn 0.686682 -0.095118 -0.720709
vn 0.596234 0.802811 0.000000
vn 0.596234 0.802811 0.000000
vn 0.596234 0.802811 0.000000
vn 0.596233 0.802812 0.000000
vn 0.596233 0.802812 0.000000
vn 0.596233 0.802812 0.000000
vn 0.596233 0.802812 0.000000
vn 0.469184 0.882397 -0.035238
vn 0.469184 0.882397 -0.035238
vn 0.469184 0.882397 -0.035238
vn 0.469184 0.882397 -0.035238
vn 0.661676 0.742112 -0.107033
vn 0.661676 0.742112 -0.107033
vn 0.661676 0.742112 -0.107033
vn 0.661676 0.742112 -0.107033
vn 0.596234 0.802811 0.000000
vn 0.596234 0.802811 0.000000
vn 0.596234 0.802811 0.000000
vn 0.596234 0.802811 0.000000
vn 0.661678 0.742109 0.107033
vn 0.661678 0.742109 0.107033
vn 0.661678 0.742109 0.107033
vn 0.661678 0.742109 0.107033
vn 0.596234 0.802811 0.000000
vn 0.596234 0.802811 0.000000
vn 0.596234 0.802811 0.000000
vn 0.484101 0.868982 -0.102551
vn 0.484101 0.868982 -0.102551
vn 0.484101 0.868982 -0.102551
vn 0.484101 0.868982 -0.102551
vn 0.787688 -0.184244 0.587879
vn 0.787688 -0.184244 0.587879
vn 0.787688 -0.184244 0.587879
vn 0.787688 -0.184244 0.587879
vn 0.940398 -0.263450 0.215049
vn 0.940398 -0.263450 0.215049
vn 0.940398 -0.263450 0.215049
vn 0.940398 -0.263450 0.215049
vn 0.942422 -0.256599 -0.214469
vn 0.942422 -0.256599 -0.214469
vn 0.942422 -0.256599 -0.214469
vn 0.942422 -0.256599 -0.214469
vn 0.794673 -0.166260 -0.583826
vn 0.794673 -0.166260 -0.583826
vn 0.794673 -0.166260 -0.583826
vn 0.794673 -0.166260 -0.583826
vn -0.240256 0.662702 0.709297
vn -0.240256 0.662702 0.709297
vn -0.240256 0.662702 0.709297
vn -0.240256 0.662702 0.709297
vn 0.484102 0.868981 0.102551
vn 0.484102 0.868981 0.102551
vn 0.484102 0.868981 0.102551
vn 0.484102 0.868981 0.102551
vn 0.692274 0.721635 0.000000
vn 0.692274 0.721635 0.000000
vn 0.692274 0.721635 0.000000
vn 0.692274 0.721635 0.000000
vn 0.498882 0.856748 -0.130769
vn 0.498882 0.856748 -0.130769
vn 0.498882 0.856748 -0.130769
vn 0.498882 0.856748 -0.130769
vn 0.582481 0.784294 -0.213538
vn 0.582481 0.784294 -0.213538
vn 0.582481 0.784294 -0.213538
vn 0.582481 0.784294 -0.213538
vn 0.469189 0.882395 0.035238
vn 0.469189 0.882395 0.035238
vn 0.469189 0.882395 0.035238
vn 0.469189 0.882395 0.035238
vn -0.596234 -0.802811 0.000000
vn -0.596234 -0.802811 0.000000
vn -0.596234 -0.802811 0.000000
vn -0.596234 -0.802811 0.000000
vn -0.596234 -0.802810 0.000000
vn -0.596234 -0.802810 0.000000
vn -0.596234 -0.802810 0.000000
vn -0.596234 -0.802810 0.000000
vn -0.512364 0.380524 0.769860
vn -0.512364 0.380524 0.769860
vn -0.512364 0.380524 0.769860
vn -0.512364 0.380524 0.769860
vn -0.596234 -0.802811 0.000000
vn -0.596234 -0.802811 0.000000
vn -0.596234 -0.802811 0.000000
vn -0.596234 -0.802811 0.000000
vn -0.596234 -0.802811 0.000000
vn -0.596234 -0.802811 0.000000
vn -0.596234 -0.802811 0.000000
vn -0.596234 -0.802811 0.000000
vn -0.596234 -0.802811 0.000000
vn -0.596234 -0.802811 0.000000
vn -0.596234 -0.802811 0.000000
vn -0.596234 -0.802811 0.000000
vn 0.629321 -0.467386 -0.620891
vn 0.629321 -0.467386 -0.620891
vn 0.629321 -0.467386 -0.620891
vn 0.629321 -0.467386 -0.620891
vn 0.781383 -0.580320 -0.229497
vn 0.781383 -0.580320 -0.229497
vn 0.781383 -0.580320 -0.229497
vn 0.781383 -0.580320 -0.229497
vn 0.781383 -0.580320 0.229497
vn 0.781383 -0.580320 0.229497
vn 0.781383 -0.580320 0.229497
vn 0.781383 -0.580320 0.229497
vn 0.629322 -0.467386 0.620890
vn 0.629322 -0.467386 0.620890
vn 0.629322 -0.467386 0.620890
vn 0.629322 -0.467386 0.620890
vn -0.596234 -0.802811 0.000000
vn -0.596234 -0.802811 0.000000
vn -0.596234 -0.802811 0.000000
vn -0.596234 -0.802811 0.000000
vn -0.596234 -0.802811 0.000000
vn -0.596234 -0.802811 0.000000
vn -0.596234 -0.802811 0.000000
vn -0.596234 -0.802811 0.000000
vn 0.517655 -0.384453 -0.764349
vn 0.517655 -0.384453 -0.764349
vn 0.517655 -0.384453 -0.764349
vn 0.517655 -0.384453 -0.764349
vn -0.596234 -0.802811 0.000000
vn -0.596234 -0.802811 0.000000
vn -0.596234 -0.802811 0.000000
vn -0.596234 -0.802811 0.000000
vn -0.596234 -0.802811 0.000000
vn -0.596234 -0.802811 0.000000
vn 0.517655 -0.384453 0.764349
vn 0.517655 -0.384453 0.764349
vn 0.517655 -0.384453 0.764349
vn 0.517655 -0.384453 0.764349
vn -0.802811 0.596233 0.000000
vn -0.802811 0.596233 0.000000
vn -0.802811 0.596233 0.000000
vn -0.802811 0.596233 0.000000
vn -0.802811 0.596233 0.000000
vn -0.802811 0.596233 0.000000
vn -0.802811 0.596233 0.000000
vn -0.802811 0.596233 0.000000
vn -0.512363 0.380523 -0.769861
vn -0.512363 0.380523 -0.769861
vn -0.512363 0.380523 -0.769861
vn -0.512363 0.380523 -0.769861
vn 0.000000 0.000000 -1.000000
vn 0.000000 0.000000 -1.000000
vn 0.000000 0.000000 -1.000000
vn 0.000000 0.000000 -1.000000
vn 0.000000 0.000000 1.000000
vn 0.000000 0.000000 1.000000
vn 0.000000 0.000000 1.000000
vn 0.000000 0.000000 1.000000
vn -0.629004 0.462446 0.624898
vn -0.629004 0.462446 0.624898
vn -0.629004 0.462446 0.624898
vn -0.629004 0.462446 0.624898
vn 0.596236 0.802810 0.000000
vn 0.596236 0.802810 0.000000
vn 0.596236 0.802810 0.000000
vn 0.596236 0.802810 0.000000
vn 0.596232 0.802813 0.000000
vn 0.596232 0.802813 0.000000
vn 0.596232 0.802813 0.000000
vn 0.596232 0.802813 0.000000
vn 0.596237 0.802809 0.000000
vn 0.596237 0.802809 0.000000
vn 0.596237 0.802809 0.000000
vn 0.596237 0.802809 0.000000
vn 0.596235 0.802810 0.000000
vn 0.596235 0.802810 0.000000
vn 0.596235 0.802810 0.000000
vn 0.596235 0.802810 0.000000
vn 0.596234 0.802811 0.000000
vn 0.596234 0.802811 0.000000
vn 0.596234 0.802811 0.000000
vn 0.596234 0.802811 0.000000
vn 0.596234 0.802811 0.000000
vn 0.596234 0.802811 0.000000
vn 0.596234 0.802811 0.000000
vn 0.596234 0.802811 0.000000
vn 0.596229 0.802815 0.000000
vn 0.596229 0.802815 0.000000
vn 0.596229 0.802815 0.000000
vn 0.596229 0.802815 0.000000
vn -0.015927 -0.021445 0.999643
vn -0.015927 -0.021445 0.999643
vn -0.015927 -0.021445 0.999643
vn -0.015927 -0.021445 0.999643
vn 0.624501 -0.468509 0.624898
vn 0.624501 -0.468509 0.624898
vn 0.624501 -0.468509 0.624898
vn 0.624501 -0.468509 0.624898
vn 0.350511 -0.253532 -0.901589
vn 0.350511 -0.253532 -0.901589
vn 0.350511 -0.253532 -0.901589
vn 0.350511 -0.253532 -0.901589
vn -0.344014 0.262280 -0.901589
vn -0.344014 0.262280 -0.901589
vn -0.344014 0.262280 -0.901589
vn -0.344014 0.262280 -0.901589
vn -0.003604 -0.004853 0.999982
vn -0.003604 -0.004853 0.999982
vn -0.003604 -0.004853 0.999982
vn -0.003604 -0.004853 0.999982
vn 0.783343 -0.580095 -0.223301
vn 0.783343 -0.580095 -0.223301
vn 0.783343 -0.580095 -0.223301
vn 0.783343 -0.580095 -0.223301
vn -0.781735 0.582261 -0.223301
vn -0.781735 0.582261 -0.223301
vn -0.781735 0.582261 -0.223301
vn -0.781735 0.582261 -0.223301
vn 0.786084 -0.576378 -0.223296
vn 0.786084 -0.576378 -0.223296
vn 0.786084 -0.576378 -0.223296
vn 0.786084 -0.576378 -0.223296
vn -0.778968 0.585959 -0.223296
vn -0.778968 0.585959 -0.223296
vn -0.778968 0.585959 -0.223296
vn -0.778968 0.585959 -0.223296
vn -0.636624 0.452012 0.624816
vn -0.636624 0.452012 0.624816
vn -0.636624 0.452012 0.624816
vn -0.636624 0.452012 0.624816
vn 0.616714 -0.478820 0.624816
vn 0.616714 -0.478820 0.624816
vn 0.616714 -0.478820 0.624816
vn 0.616714 -0.478820 0.624816
vn 0.361527 -0.238498 -0.901342
vn 0.361527 -0.238498 -0.901342
vn 0.361527 -0.238498 -0.901342
vn 0.361527 -0.238498 -0.901342
vn -0.332806 0.277171 -0.901342
vn -0.332806 0.277171 -0.901342
vn -0.332806 0.277171 -0.901342
vn -0.332806 0.277171 -0.901342
vn -0.535869 -0.719292 0.442112
vn -0.536007 -0.719468 0.441659
vn -0.535917 -0.719452 0.441794
vn -0.535916 -0.719453 0.441794
vn -0.537419 -0.718351 -0.441761
vn -0.537419 -0.718351 -0.441761
vn -0.537419 -0.718351 -0.441761
vn -0.596236 -0.802809 -0.000001
vn -0.596236 -0.802809 -0.000001
vn -0.596236 -0.802809 -0.000001
vn -0.596236 -0.802810 0.000002
vn -0.596236 -0.802810 0.000002
vn -0.596236 -0.802810 0.000002
vn -0.596234 -0.802811 0.000003
vn -0.596234 -0.802811 0.000003
vn -0.596234 -0.802811 0.000003
vn -0.596232 -0.802812 0.000002
vn -0.596232 -0.802812 0.000002
vn -0.596232 -0.802812 0.000002
vn -0.596232 -0.802812 -0.000001
vn -0.596232 -0.802812 -0.000001
vn -0.596232 -0.802812 -0.000001
vn -0.596234 -0.802811 -0.000003
vn -0.596234 -0.802811 -0.000003
vn -0.596234 -0.802811 -0.000003
vn 0.596234 0.802810 -0.000001
vn 0.596234 0.802810 -0.000001
vn 0.596234 0.802810 -0.000001
vn 0.596234 0.802810 -0.000000
vn 0.596234 0.802810 -0.000000
vn 0.596234 0.802810 -0.000000
vn 0.596234 0.802811 0.000001
vn 0.596234 0.802811 0.000001
vn 0.596234 0.802811 0.000001
vn 0.596234 0.802811 0.000001
vn 0.596234 0.802811 0.000001
vn 0.596234 0.802811 0.000001
vn 0.596233 0.802812 0.000001
vn 0.596233 0.802812 0.000001
vn 0.596233 0.802812 0.000001
vn 0.596233 0.802812 -0.000000
vn 0.596233 0.802812 -0.000000
vn 0.596233 0.802812 -0.000000
vn -0.490434 -0.871478 -0.000782
vn -0.490434 -0.871478 -0.000782
vn -0.490434 -0.871478 -0.000782
vn 0.282337 -0.326860 0.901914
vn 0.282337 -0.326860 0.901914
vn 0.285418 -0.326668 0.901013
vn 0.282382 -0.323838 0.902989
vn -0.828577 0.340300 -0.444586
vn -0.828577 0.340300 -0.444586
vn -0.828577 0.340300 -0.444586
vn -0.828577 0.340300 -0.444586
vn -0.014819 -0.188610 -0.981940
vn -0.014819 -0.188610 -0.981940
vn -0.015813 -0.188205 -0.982002
vn -0.014819 -0.188610 -0.981940
vn -0.461000 0.159233 0.872997
vn -0.461000 0.159233 0.872997
vn -0.461000 0.159233 0.872997
vn -0.461012 0.162531 0.872383
vn -0.847037 0.225870 -0.481157
vn -0.847037 0.225870 -0.481157
vn -0.847037 0.225870 -0.481157
vn -0.847037 0.225870 -0.481157
vn -0.916429 0.287210 0.278693
vn -0.916429 0.287210 0.278693
vn -0.916429 0.287210 0.278693
vn -0.916429 0.287210 0.278693
vn 0.735245 -0.665650 -0.127769
vn 0.734892 -0.665723 -0.129406
vn 0.734892 -0.665723 -0.129406
vn 0.734892 -0.665723 -0.129406
vn 0.544034 -0.823022 0.163281
vn 0.544034 -0.823022 0.163281
vn 0.544034 -0.823022 0.163281
vn 0.544034 -0.823022 0.163281
vn -0.901140 0.417695 0.116092
vn -0.901140 0.417695 0.116092
vn -0.901140 0.417695 0.116092
vn -0.901140 0.417695 0.116092
vn 0.873925 -0.475695 0.099843
vn 0.873925 -0.475695 0.099843
vn 0.873925 -0.475695 0.099843
vn 0.873925 -0.475695 0.099843
vn 0.289546 -0.319490 0.902269
vn 0.292585 -0.322415 0.900246
vn 0.292659 -0.319337 0.901318
vn 0.292659 -0.319337 0.901318
vn 0.070502 -0.168608 -0.983159
vn 0.069504 -0.168950 -0.983171
vn 0.070863 -0.167780 -0.983274
vn -0.453830 0.240420 0.858042
vn -0.450897 0.240691 0.859511
vn -0.450897 0.240691 0.859511
vn -0.450897 0.240691 0.859511
vn 0.583989 -0.811396 -0.024373
vn 0.583989 -0.811396 -0.024373
vn 0.583989 -0.811396 -0.024373
vn 0.583989 -0.811396 -0.024373
vn 0.075119 -0.190218 -0.978864
vn 0.072368 -0.188938 -0.979319
vn 0.077645 -0.188763 -0.978948
vn -0.806922 0.589348 0.039301
vn -0.806922 0.589348 0.039301
vn -0.806922 0.589348 0.039301
vn -0.806922 0.589348 0.039301
vn 0.320651 -0.282443 0.904107
vn 0.320651 -0.282443 0.904107
vn 0.320651 -0.282443 0.904107
vn 0.320651 -0.282443 0.904107
vn -0.729664 0.459479 -0.506429
vn -0.729664 0.459479 -0.506429
vn -0.729664 0.459479 -0.506429
vn -0.729664 0.459479 -0.506429
vn -0.438799 0.233326 0.867764
vn -0.438799 0.233326 0.867764
vn -0.438799 0.233326 0.867764
vn -0.438799 0.233326 0.867764
vn 0.784439 -0.466488 -0.408710
vn 0.783777 -0.466727 -0.409706
vn 0.783777 -0.466727 -0.409706
vn 0.783777 -0.466727 -0.409706
vn 0.479046 -0.787022 -0.388731
vn 0.479046 -0.787022 -0.388731
vn 0.479046 -0.787022 -0.388731
vn 0.481091 -0.785280 -0.389726
vn 0.738129 -0.643410 -0.202949
vn 0.737026 -0.644655 -0.203011
vn 0.738129 -0.643410 -0.202949
vn 0.738650 -0.642677 -0.203379
vn -0.051513 -0.199749 -0.978492
vn -0.051832 -0.200497 -0.978322
vn -0.052481 -0.196713 -0.979056
vn -0.051513 -0.199749 -0.978492
vn 0.040232 -0.145718 -0.988508
vn 0.040232 -0.145718 -0.988508
vn 0.039453 -0.145357 -0.988592
vn 0.040232 -0.145718 -0.988508
vn 0.000023 -0.151031 -0.988529
vn 0.000023 -0.151031 -0.988529
vn 0.000023 -0.151031 -0.988529
vn 0.000023 -0.151031 -0.988529
vn 0.382359 -0.356357 0.852532
vn 0.382359 -0.356357 0.852532
vn 0.382359 -0.356357 0.852532
vn 0.392533 -0.394949 0.830622
vn 0.392198 -0.397934 0.829355
vn 0.392533 -0.394949 0.830622
vn 0.307821 -0.375543 0.874193
vn 0.307821 -0.375543 0.874193
vn 0.311018 -0.375390 0.873127
vn 0.307821 -0.375543 0.874193
vn 0.071330 -0.162936 -0.984055
vn 0.070133 -0.164036 -0.983958
vn 0.070496 -0.163157 -0.984078
vn 0.034781 -0.204026 -0.978347
vn 0.037042 -0.206480 -0.977749
vn 0.036208 -0.206128 -0.977855
vn 0.424130 -0.349007 0.835648
vn 0.424130 -0.349007 0.835648
vn 0.424130 -0.349007 0.835648
vn 0.398763 -0.342076 0.850865
vn 0.398763 -0.342076 0.850865
vn 0.398763 -0.342076 0.850865
vn 0.317930 -0.213025 0.923873
vn 0.317930 -0.213025 0.923873
vn 0.317930 -0.213025 0.923873
vn 0.317930 -0.213025 0.923873
vn -0.042843 -0.125336 -0.991189
vn -0.042843 -0.125336 -0.991189
vn -0.042843 -0.125336 -0.991189
vn -0.042843 -0.125336 -0.991189
vn 0.682002 -0.714803 -0.154693
vn 0.679474 -0.717156 -0.154928
vn 0.681479 -0.714957 -0.156274
vn 0.682002 -0.714803 -0.154693
vn 0.682118 -0.713984 -0.157931
vn 0.681282 -0.714031 -0.161293
vn 0.681282 -0.714031 -0.161293
vn 0.682485 -0.712872 -0.161333
vn -0.865931 0.448876 0.220621
vn -0.865931 0.448876 0.220621
vn -0.865931 0.448876 0.220621
vn -0.865931 0.448876 0.220621
vn -0.799108 0.328095 -0.503765
vn -0.799108 0.328095 -0.503765
vn -0.799108 0.328095 -0.503765
vn -0.799108 0.328095 -0.503765
vn -0.283251 0.284041 0.916018
vn -0.283251 0.284041 0.916018
vn -0.283251 0.284041 0.916018
vn -0.283251 0.284041 0.916018
vn -0.064099 -0.155345 -0.985779
vn -0.064099 -0.155345 -0.985779
vn -0.064099 -0.155345 -0.985779
vn -0.064099 -0.155345 -0.985779
vn 0.341963 -0.176991 0.922895
vn 0.341963 -0.176991 0.922895
vn 0.341963 -0.176991 0.922895
vn 0.341963 -0.176991 0.922895
vn 0.343294 -0.474923 0.810307
vn 0.343294 -0.474923 0.810307
vn 0.343294 -0.474923 0.810307
vn 0.343294 -0.474923 0.810307
vn 0.328136 -0.364354 0.871535
vn 0.328136 -0.364354 0.871535
vn 0.328136 -0.364354 0.871535
vn 0.328136 -0.364354 0.871535
vn -0.009778 -0.057814 -0.998280
vn -0.012782 -0.058183 -0.998224
vn -0.009778 -0.057814 -0.998280
vn -0.009778 -0.057814 -0.998280
vn 0.081517 -0.182323 -0.979854
vn 0.079262 -0.181202 -0.980247
vn 0.080999 -0.179357 -0.980444
vn 0.080999 -0.179357 -0.980444
vn -0.426413 0.278770 0.860499
vn -0.426413 0.278770 0.860499
vn -0.426413 0.278770 0.860499
vn -0.426413 0.278770 0.860499
vn -0.675488 0.424177 -0.603150
vn -0.675488 0.424177 -0.603150
vn -0.675488 0.424177 -0.603150
vn -0.675488 0.424177 -0.603150
vn 0.564638 -0.788601 -0.243501
vn 0.564384 -0.788007 -0.246001
vn 0.564384 -0.788007 -0.246001
vn 0.564384 -0.788007 -0.246001
vn -0.835990 0.517789 0.181701
vn -0.835990 0.517789 0.181701
vn -0.835990 0.517789 0.181701
vn -0.835990 0.517789 0.181701
vn -0.489688 -0.871898 -0.000675
vn -0.489688 -0.871898 -0.000675
vn -0.489688 -0.871898 -0.000675
vn -0.682887 -0.678562 -0.270590
vn -0.682887 -0.678562 -0.270590
vn -0.682887 -0.678562 -0.270590
vn -0.565385 -0.732569 0.379055
vn -0.565385 -0.732569 0.379055
vn -0.565385 -0.732569 0.379055
vn -0.455803 -0.890043 0.008172
vn -0.455803 -0.890043 0.008172
vn -0.455803 -0.890043 0.008172
vn -0.456818 -0.889515 0.008933
vn -0.456818 -0.889515 0.008933
vn -0.456818 -0.889515 0.008933
vn -0.510609 -0.859754 0.010110
vn -0.510609 -0.859754 0.010110
vn -0.510609 -0.859754 0.010110
vn -0.533872 -0.844700 -0.038250
vn -0.533872 -0.844700 -0.038250
vn -0.533872 -0.844700 -0.038250
vn -0.550359 -0.833743 0.044463
vn -0.550359 -0.833743 0.044463
vn -0.550359 -0.833743 0.044463
vn -0.490433 -0.871479 0.000782
vn -0.490433 -0.871479 0.000782
vn -0.490433 -0.871479 0.000782
vn 0.282337 -0.326860 -0.901914
vn 0.282384 -0.323793 -0.903005
vn 0.285464 -0.326666 -0.900999
vn 0.282337 -0.326860 -0.901914
vn -0.828577 0.340300 0.444586
vn -0.828577 0.340300 0.444586
vn -0.828577 0.340300 0.444586
vn -0.828577 0.340300 0.444586
vn -0.014819 -0.188610 0.981940
vn -0.014819 -0.188610 0.981940
vn -0.015942 -0.188152 0.982010
vn -0.014819 -0.188610 0.981940
vn -0.461000 0.159234 -0.872997
vn -0.461011 0.162579 -0.872374
vn -0.461000 0.159234 -0.872997
vn -0.461000 0.159234 -0.872997
vn -0.847037 0.225870 0.481157
vn -0.847037 0.225870 0.481157
vn -0.847037 0.225870 0.481157
vn -0.847037 0.225870 0.481157
vn -0.916429 0.287209 -0.278692
vn -0.916429 0.287209 -0.278692
vn -0.916429 0.287209 -0.278692
vn -0.916429 0.287209 -0.278692
vn 0.735255 -0.665648 0.127723
vn 0.734892 -0.665723 0.129406
vn 0.734892 -0.665723 0.129406
vn 0.734892 -0.665723 0.129406
vn 0.544034 -0.823022 -0.163281
vn 0.544034 -0.823022 -0.163281
vn 0.544034 -0.823022 -0.163281
vn 0.544034 -0.823022 -0.163281
vn -0.901140 0.417695 -0.116092
vn -0.901140 0.417695 -0.116092
vn -0.901140 0.417695 -0.116092
vn -0.901140 0.417695 -0.116092
vn 0.873925 -0.475695 -0.099843
vn 0.873925 -0.475695 -0.099843
vn 0.873925 -0.475695 -0.099843
vn 0.873925 -0.475695 -0.099843
vn 0.289545 -0.319490 -0.902269
vn 0.292659 -0.319337 -0.901318
vn 0.292659 -0.319337 -0.901318
vn 0.292585 -0.322416 -0.900246
vn 0.070502 -0.168608 0.983159
vn 0.070863 -0.167780 0.983274
vn 0.069459 -0.168965 0.983172
vn -0.453831 0.240420 -0.858042
vn -0.450898 0.240691 -0.859511
vn -0.450898 0.240691 -0.859511
vn -0.450898 0.240691 -0.859511
vn 0.583989 -0.811396 0.024373
vn 0.583989 -0.811396 0.024373
vn 0.583989 -0.811396 0.024373
vn 0.583989 -0.811396 0.024373
vn 0.074921 -0.189955 0.978930
vn 0.077645 -0.188762 0.978949
vn 0.072413 -0.188953 0.979313
vn -0.806922 0.589348 -0.039301
vn -0.806922 0.589348 -0.039301
vn -0.806922 0.589348 -0.039301
vn -0.806922 0.589348 -0.039301
vn 0.320651 -0.282443 -0.904107
vn 0.320651 -0.282443 -0.904107
vn 0.320651 -0.282443 -0.904107
vn 0.320651 -0.282443 -0.904107
vn -0.729664 0.459479 0.506429
vn -0.729664 0.459479 0.506429
vn -0.729664 0.459479 0.506429
vn -0.729664 0.459479 0.506429
vn -0.438799 0.233326 -0.867764
vn -0.438799 0.233326 -0.867764
vn -0.438799 0.233326 -0.867764
vn -0.438799 0.233326 -0.867764
vn 0.784468 -0.466478 0.408667
vn 0.783777 -0.466727 0.409706
vn 0.783777 -0.466727 0.409706
vn 0.783777 -0.466727 0.409706
vn 0.479046 -0.787021 0.388731
vn 0.481091 -0.785280 0.389726
vn 0.479046 -0.787021 0.388731
vn 0.479046 -0.787021 0.388731
vn 0.738130 -0.643410 0.202949
vn 0.738600 -0.642747 0.203338
vn 0.738130 -0.643410 0.202949
vn 0.737026 -0.644655 0.203011
vn -0.051513 -0.199749 0.978492
vn -0.051513 -0.199749 0.978492
vn -0.052481 -0.196713 0.979056
vn -0.051814 -0.200455 0.978332
vn 0.040232 -0.145718 0.988508
vn 0.040232 -0.145718 0.988508
vn 0.039540 -0.145397 0.988583
vn 0.040232 -0.145718 0.988508
vn 0.000023 -0.151031 0.988529
vn 0.000023 -0.151031 0.988529
vn 0.000023 -0.151031 0.988529
vn 0.000023 -0.151031 0.988529
vn 0.382358 -0.356357 -0.852532
vn 0.382358 -0.356357 -0.852532
vn 0.382358 -0.356357 -0.852532
vn 0.392533 -0.394949 -0.830622
vn 0.392533 -0.394949 -0.830622
vn 0.392197 -0.397934 -0.829355
vn 0.307821 -0.375543 -0.874193
vn 0.307821 -0.375543 -0.874193
vn 0.311018 -0.375390 -0.873127
vn 0.307821 -0.375543 -0.874193
vn 0.071608 -0.162861 0.984047
vn 0.070496 -0.163157 0.984078
vn 0.070024 -0.164299 0.983922
vn 0.034781 -0.204026 0.978348
vn 0.036209 -0.206128 0.977855
vn 0.037174 -0.206535 0.977733
vn 0.424130 -0.349007 -0.835648
vn 0.424130 -0.349007 -0.835648
vn 0.424130 -0.349007 -0.835648
vn 0.398763 -0.342076 -0.850866
vn 0.398763 -0.342076 -0.850866
vn 0.398763 -0.342076 -0.850866
vn 0.317930 -0.213025 -0.923873
vn 0.317930 -0.213025 -0.923873
vn 0.317930 -0.213025 -0.923873
vn 0.317930 -0.213025 -0.923873
vn -0.042843 -0.125335 0.991189
vn -0.042843 -0.125335 0.991189
vn -0.042843 -0.125335 0.991189
vn -0.042843 -0.125335 0.991189
vn 0.682002 -0.714803 0.154693
vn 0.682002 -0.714803 0.154693
vn 0.681509 -0.714949 0.156184
vn 0.679438 -0.717189 0.154931
vn 0.682117 -0.713984 0.157931
vn 0.682485 -0.712872 0.161333
vn 0.681282 -0.714031 0.161293
vn 0.681282 -0.714031 0.161293
vn -0.865931 0.448876 -0.220621
vn -0.865931 0.448876 -0.220621
vn -0.865931 0.448876 -0.220621
vn -0.865931 0.448876 -0.220621
vn -0.799108 0.328095 0.503765
vn -0.799108 0.328095 0.503765
vn -0.799108 0.328095 0.503765
vn -0.799108 0.328095 0.503765
vn -0.283251 0.284041 -0.916018
vn -0.283251 0.284041 -0.916018
vn -0.283251 0.284041 -0.916018
vn -0.283251 0.284041 -0.916018
vn -0.064099 -0.155345 0.985779
vn -0.064099 -0.155345 0.985779
vn -0.064099 -0.155345 0.985779
vn -0.064099 -0.155345 0.985779
vn 0.341963 -0.176991 -0.922895
vn 0.341963 -0.176991 -0.922895
vn 0.341963 -0.176991 -0.922895
vn 0.341963 -0.176991 -0.922895
vn 0.343294 -0.474922 -0.810307
vn 0.343294 -0.474922 -0.810307
vn 0.343294 -0.474922 -0.810307
vn 0.343294 -0.474922 -0.810307
vn 0.328136 -0.364354 -0.871535
vn 0.328136 -0.364354 -0.871535
vn 0.328136 -0.364354 -0.871535
vn 0.328136 -0.364354 -0.871535
vn -0.009778 -0.057814 0.998280
vn -0.009778 -0.057814 0.998280
vn -0.009778 -0.057814 0.998280
vn -0.012782 -0.058183 0.998224
vn 0.081518 -0.182323 0.979854
vn 0.080999 -0.179357 0.980444
vn 0.080999 -0.179357 0.980444
vn 0.079230 -0.181237 0.980243
vn -0.426413 0.278771 -0.860499
vn -0.426413 0.278771 -0.860499
vn -0.426413 0.278771 -0.860499
vn -0.426413 0.278771 -0.860499
vn -0.675488 0.424177 0.603150
vn -0.675488 0.424177 0.603150
vn -0.675488 0.424177 0.603150
vn -0.675488 0.424177 0.603150
vn 0.564637 -0.788601 0.243501
vn 0.564383 -0.788007 0.246001
vn 0.564383 -0.788007 0.246001
vn 0.564383 -0.788007 0.246001
vn -0.835990 0.517789 -0.181701
vn -0.835990 0.517789 -0.181701
vn -0.835990 0.517789 -0.181701
vn -0.835990 0.517789 -0.181701
vn -0.489690 -0.871897 0.000675
vn -0.489690 -0.871897 0.000675
vn -0.489690 -0.871897 0.000675
vn -0.682888 -0.678561 0.270590
vn -0.682888 -0.678561 0.270590
vn -0.682888 -0.678561 0.270590
vn -0.565385 -0.732569 -0.379055
vn -0.565385 -0.732569 -0.379055
vn -0.565385 -0.732569 -0.379055
vn -0.455803 -0.890043 -0.008172
vn -0.455803 -0.890043 -0.008172
vn -0.455803 -0.890043 -0.008172
vn -0.456818 -0.889515 -0.008933
vn -0.456818 -0.889515 -0.008933
vn -0.456818 -0.889515 -0.008933
vn -0.510609 -0.859754 -0.010110
vn -0.510609 -0.859754 -0.010110
vn -0.510609 -0.859754 -0.010110
vn -0.533871 -0.844700 0.038250
vn -0.533871 -0.844700 0.038250
vn -0.533871 -0.844700 0.038250
vn -0.550359 -0.833743 -0.044463
vn -0.550359 -0.833743 -0.044463
vn -0.550359 -0.833743 -0.044463
s off
g CylinderFBXASC046001
usemtl initialShadingGroup
f 62/777/1 60/730/2 123/753/3
f 1/234/4 10/173/5 21/181/6 9/252/7
f 10/173/8 2/99/9 11/88/10 21/181/11
f 21/2078/12 11/2252/13 4/2197/14 12/2073/15
f 9/2007/16 21/2078/17 12/2073/18 3/2019/19
f 3/2019/20 12/2073/21 22/2057/22 13/1992/23
f 12/2073/24 4/2197/25 14/2258/26 22/2057/27
f 22/1685/28 14/1809/29 8/1786/30 15/1695/31
f 13/1636/32 22/1685/33 15/1695/34 7/1658/35
f 7/1658/36 15/1695/37 23/1701/38 16/1649/39
f 15/1695/40 8/1786/41 17/1814/42 23/1701/43
f 23/1813/44 17/1964/45 6/1933/46 18/1822/47
f 16/1754/48 23/1813/49 18/1822/50 5/1781/51
f 5/1781/52 18/1822/53 24/1828/54 19/1771/55
f 18/1822/56 6/1933/57 20/1959/58 24/1828/59
f 24/168/60 20/90/61 2/99/62 10/173/63
f 19/244/64 24/168/65 10/173/66 1/234/67
f 3/1325/68 13/1289/69 25/1294/70 9/1340/71
f 13/1289/72 7/1256/73 16/1255/74 25/1294/75
f 25/1294/76 16/1255/77 5/1269/78 19/1303/79
f 9/1340/80 25/1294/81 19/1303/82 1/1339/83
f 8/1786/84 14/1809/85 26/1843/86 17/1814/87
f 14/2258/88 4/2197/89 11/2252/90 26/2344/91
f 26/3/92 11/88/93 2/99/94 20/90/95
f 17/1964/96 26/2063/97 20/1959/98 6/1933/99
f 27/2579/100 28/2573/101 30/2470/102 29/2441/103
f 29/2441/104 30/2470/105 32/2408/106 31/2353/107
f 31/2353/108 32/2408/109 34/2381/110 33/2320/111
f 33/2320/112 34/2381/113 36/2417/114 35/2366/115
f 35/2366/116 36/2417/117 38/2476/118 37/2458/119
f 37/2458/120 38/2476/121 40/2556/122 39/2589/123
f 39/2589/124 40/2556/125 42/2583/126 41/2631/127
f 41/2631/128 42/2583/129 28/2573/130 27/2632/131
f 43/2502/132 45/2482/133 46/2478/134 44/2540/135
f 45/2482/136 47/2457/137 48/2434/138 46/2478/139
f 47/2457/140 49/2451/141 50/2419/142 48/2434/143
f 49/2451/144 51/2463/145 52/2431/146 50/2419/147
f 51/2463/148 53/2479/149 54/2477/150 52/2431/151
f 53/2479/152 55/2508/153 56/2536/154 54/2477/155
f 55/2508/156 57/2514/157 58/2555/158 56/2536/159
f 57/2514/160 43/2502/161 44/2540/162 58/2555/163
f 27/2491/164 29/2484/165 45/2482/166 43/2502/167
f 30/2470/168 28/2573/169 44/2540/170 46/2478/171
f 29/2484/172 31/2472/173 47/2457/174 45/2482/175
f 32/2408/176 30/2470/177 46/2478/178 48/2434/179
f 31/2472/180 33/2465/181 49/2451/182 47/2457/183
f 34/2381/184 32/2408/185 48/2434/186 50/2419/187
f 33/2465/188 35/2468/189 51/2463/190 49/2451/191
f 36/2417/192 34/2381/193 50/2419/194 52/2431/195
f 35/2468/196 37/2480/197 53/2479/198 51/2463/199
f 38/2476/200 36/2417/201 52/2431/202 54/2477/203
f 37/2480/204 39/2487/205 55/2508/206 53/2479/207
f 40/2556/208 38/2476/209 54/2477/210 56/2536/211
f 39/2487/212 41/2499/213 57/2514/214 55/2508/215
f 42/2583/216 40/2556/217 56/2536/218 58/2555/219
f 41/2499/220 27/2491/221 43/2502/222 57/2514/223
f 28/2573/224 42/2583/225 58/2555/226 44/2540/227
f 71/596/228 60/696/229 62/693/230 72/610/231
f 117/619/232 116/690/233 64/688/234 73/625/235
f 73/625/236 64/688/237 66/686/238 74/628/239
f 74/628/240 66/686/241 68/687/242 75/624/243
f 59/1171/244 61/1186/245 124/1198/246
f 97/618/247 96/689/248 70/691/249 76/608/250
f 76/608/251 70/691/252 60/695/253 71/597/254
f 113/546/255 76/608/256 71/597/257 108/551/258
f 114/560/259 97/618/260 76/608/261 113/546/262
f 111/563/263 74/628/264 75/624/265 112/548/266
f 110/562/267 73/625/268 74/628/269 111/563/270
f 122/561/271 117/619/272 73/625/273 110/562/274
f 108/558/275 71/596/276 72/610/277 109/559/278
f 101/508/279 82/534/280 77/539/281 102/514/282
f 121/515/283 118/536/284 78/535/285 103/517/286
f 103/517/287 78/535/288 79/533/289 104/518/290
f 104/518/291 79/533/292 105/523/293
f 107/516/294 98/542/295 81/541/296 106/522/297
f 106/522/298 82/532/299 101/505/300
f 69/352/301 87/371/302 88/365/303 59/349/304
f 95/354/305 99/373/306 87/371/307 69/352/308
f 65/347/309 85/367/310 86/375/311 67/356/312
f 63/355/313 84/374/314 85/367/315 65/347/316
f 115/353/317 119/372/318 84/374/319 63/355/320
f 59/348/321 88/364/322 83/370/323 61/351/324
f 125/385/325 94/448/326 89/445/327 126/381/328
f 127/391/329 100/454/330 94/448/331 125/385/332
f 128/394/333 92/458/334 93/456/335 129/393/336
f 130/392/337 91/455/338 92/458/339 128/394/340
f 131/390/341 120/453/342 91/455/343 130/392/344
f 126/380/345 89/446/346 90/447/347 132/384/348
f 129/393/349 93/456/350 100/454/351 127/391/352
f 67/356/353 86/375/354 99/373/355 95/354/356
f 105/523/357 80/537/358 98/542/359 107/516/360
f 112/548/361 75/624/362 97/618/363 114/560/364
f 75/624/365 68/687/366 96/689/367 97/618/368
f 93/456/369 105/523/370 107/516/371 100/454/372
f 94/448/373 106/522/374 101/505/375 89/445/376
f 100/454/377 107/516/378 106/522/379 94/448/380
f 92/458/381 104/518/382 105/523/383 93/456/384
f 91/455/385 103/517/386 104/518/387 92/458/388
f 120/453/389 121/515/390 103/517/391 91/455/392
f 89/446/393 101/508/394 102/514/395 90/447/396
f 80/537/397 112/548/398 114/560/399 98/542/400
f 82/534/401 108/558/402 109/559/403 77/539/404
f 118/536/405 122/561/406 110/562/407 78/535/408
f 78/535/409 110/562/410 111/563/411 79/533/412
f 79/533/413 111/563/414 112/548/415
f 98/542/416 114/560/417 113/546/418 81/541/419
f 81/541/420 113/546/421 82/532/422
f 105/523/423 79/533/424 80/537/425
f 82/532/426 113/546/427 108/551/428
f 112/548/429 80/537/430 79/533/431
f 82/532/432 106/522/433 81/541/434
f 77/539/435 109/559/436 122/561/437 118/536/438
f 90/447/439 102/514/440 121/515/441 120/453/442
f 132/384/443 90/447/444 120/453/445 131/390/446
f 61/351/447 83/370/448 119/372/449 115/353/450
f 102/514/451 77/539/452 118/536/453 121/515/454
f 109/559/455 72/610/456 117/619/457 122/561/458
f 72/610/459 62/693/460 116/690/461 117/619/462
f 60/730/463 70/703/464 123/753/465
f 70/703/466 96/712/467 123/753/468
f 96/712/469 68/728/470 123/753/471
f 68/728/472 66/773/473 123/753/474
f 66/773/475 64/794/476 123/753/477
f 64/794/478 116/789/479 123/753/480
f 116/789/481 62/777/482 123/753/483
f 61/1186/484 115/1199/485 124/1198/486
f 115/1199/487 63/1212/488 124/1198/489
f 63/1212/490 65/1225/491 124/1198/492
f 65/1225/493 67/1211/494 124/1198/495
f 67/1211/496 95/1197/497 124/1198/498
f 95/1197/499 69/1185/500 124/1198/501
f 69/1185/502 59/1171/503 124/1198/504
f 83/370/505 132/384/506 131/390/507 119/372/508
f 86/375/509 129/393/510 127/391/511 99/373/512
f 88/364/513 126/380/514 132/384/515 83/370/516
f 119/372/517 131/390/518 130/392/519 84/374/520
f 84/374/521 130/392/522 128/394/523 85/367/524
f 85/367/525 128/394/526 129/393/527 86/375/528
f 99/373/529 127/391/530 125/385/531 87/371/532
f 87/371/533 125/385/534 126/381/535 88/365/536
f 133/1109/537 134/1108/538 136/1093/539 135/1094/540
f 135/1094/541 136/1093/542 138/1072/543 137/1071/544
f 137/1071/545 138/1072/546 140/1051/547 139/1052/548
f 139/1052/549 140/1051/550 142/1032/551 141/1033/552
f 141/1033/553 142/1032/554 144/1017/555 143/1018/556
f 143/1018/557 144/1017/558 146/1002/559 145/1003/560
f 145/1003/561 146/1002/562 148/986/563 147/987/564
f 147/987/565 148/986/566 134/967/567 133/968/568
f 149/2122/569 151/2116/570 152/2098/571 150/2108/572
f 151/2116/573 153/2117/574 154/2096/575 152/2098/576
f 153/2117/577 155/2131/578 156/2115/579 154/2096/580
f 155/2131/581 157/2147/582 158/2167/583 156/2115/584
f 157/2147/585 159/2154/586 160/2182/587 158/2167/588
f 159/2154/589 161/2152/590 162/2173/591 160/2182/592
f 161/2152/593 163/2138/594 164/2148/595 162/2173/596
f 163/2138/597 149/2122/598 150/2108/599 164/2148/600
f 133/1301/601 135/1316/602 151/1312/603 149/1304/604
f 136/787/605 134/761/606 150/757/607 152/769/608
f 135/1316/609 137/1331/610 153/1323/611 151/1312/612
f 138/788/613 136/787/614 152/769/615 154/770/616
f 137/1331/617 139/1330/618 155/1322/619 153/1323/620
f 140/763/621 138/788/622 154/770/623 156/759/624
f 139/1330/625 141/1315/626 157/1311/627 155/1322/628
f 142/733/629 140/763/630 156/759/631 158/743/632
f 141/1315/633 143/1299/634 159/1302/635 157/1311/636
f 144/708/637 142/733/638 158/743/639 160/718/640
f 143/1299/641 145/1288/642 161/1293/643 159/1302/644
f 146/706/645 144/708/646 160/718/647 162/717/648
f 145/1288/649 147/1290/650 163/1296/651 161/1293/652
f 148/732/653 146/706/654 162/717/655 164/741/656
f 147/1290/657 133/1301/658 149/1304/659 163/1296/660
f 134/761/661 148/732/662 164/741/663 150/757/664
f 173/1982/665 167/2033/666 168/2034/667 176/1984/668
f 167/1058/669 171/1038/670 172/1039/671 168/1060/672
f 169/2280/673 186/2230/674 187/2239/675 177/2282/676
f 169/57/677 165/19/678 166/12/679 170/49/680
f 174/2317/681 165/2316/682 169/2280/683 177/2282/684
f 180/254/685 170/253/686 166/228/687 175/229/688
f 172/257/689 179/256/690 176/231/691 168/233/692
f 179/256/693 180/254/694 175/229/695 176/231/696
f 167/2312/697 173/2315/698 178/2279/699 171/2277/700
f 173/2315/701 174/2317/702 177/2282/703 178/2279/704
f 178/2279/705 183/2240/706 182/2234/707 171/2277/708
f 172/257/709 181/273/710 188/272/711 179/256/712
f 165/1906/713 174/1947/714 175/1948/715 166/1907/716
f 174/1947/717 173/1982/718 176/1984/719 175/1948/720
f 186/2230/721 194/2121/722 195/2127/723 187/2239/724
f 181/273/725 189/307/726 196/306/727 188/272/728
f 183/2240/729 191/2128/730 190/2120/731 182/2234/732
f 179/256/733 188/272/734 184/271/735 180/254/736
f 180/254/737 184/271/738 185/274/739 170/253/740
f 177/2282/741 187/2239/742 183/2240/743 178/2279/744
f 171/1038/745 182/1013/746 181/1014/747 172/1039/748
f 170/49/749 185/80/750 186/81/751 169/57/752
f 190/2120/753 201/2100/754 198/2111/755 182/2234/756
f 186/2230/757 200/2141/758 206/2101/759 194/2121/760
f 189/307/761 202/329/762 208/328/763 196/306/764
f 184/271/765 192/305/766 193/304/767 185/274/768
f 192/305/769 204/327/770 205/326/771 193/304/772
f 188/272/773 196/306/774 192/305/775 184/271/776
f 187/2239/777 195/2127/778 191/2128/779 183/2240/780
f 195/2127/781 207/2102/782 203/2103/783 191/2128/784
f 206/2101/785 211/2067/786 212/2070/787 207/2102/788
f 201/844/789 218/819/790 217/820/791 202/845/792
f 204/415/793 216/444/794 213/443/795 207/414/796
f 201/2100/797 223/2080/798 222/2086/799 198/2111/800
f 199/199/801 205/241/802 206/240/803 200/200/804
f 196/306/805 208/328/806 204/327/807 192/305/808
f 193/304/809 205/326/810 199/312/811 185/274/812
f 200/200/813 260/172/814 259/171/815 199/199/816
f 194/2121/817 206/2101/818 207/2102/819 195/2127/820
f 181/273/821 197/323/822 202/329/823 189/307/824
f 182/1013/825 198/952/826 197/953/827 181/1014/828
f 191/2128/829 203/2103/830 201/2100/831 190/2120/832
f 218/819/833 234/779/834 233/780/835 217/820/836
f 204/327/837 209/378/838 210/377/839 205/326/840
f 207/414/841 212/382/842 209/383/843 204/415/844
f 205/241/845 210/270/846 211/269/847 206/240/848
f 210/270/849 226/297/850 227/296/851 211/269/852
f 208/328/853 215/389/854 216/388/855 204/327/856
f 207/2102/857 213/2055/858 214/2056/859 203/2103/860
f 203/590/861 214/555/862 215/556/863 208/591/864
f 213/2055/865 229/2016/866 230/2017/867 214/2056/868
f 203/2103/869 219/2071/870 218/2068/871 201/2100/872
f 208/591/873 220/641/874 219/640/875 203/590/876
f 202/329/877 217/379/878 220/376/879 208/328/880
f 209/378/881 225/410/882 226/408/883 210/377/884
f 197/323/885 221/360/886 224/368/887 202/329/888
f 198/952/889 222/929/890 221/931/891 197/953/892
f 202/845/893 224/858/894 223/857/895 201/844/896
f 234/779/897 250/751/898 249/752/899 233/780/900
f 237/401/901 253/409/902 256/416/903 240/403/904
f 225/410/905 241/430/906 242/427/907 226/408/908
f 232/465/909 248/476/910 245/475/911 229/464/912
f 215/389/913 231/419/914 232/417/915 216/388/916
f 222/929/917 238/905/918 237/906/919 221/931/920
f 211/2067/921 227/2031/922 228/2035/923 212/2070/924
f 219/2071/925 235/2039/926 234/2032/927 218/2068/928
f 214/555/929 230/512/930 231/513/931 215/556/932
f 223/2080/933 239/2045/934 238/2048/935 222/2086/936
f 212/382/937 228/339/938 225/340/939 209/383/940
f 217/379/941 233/412/942 236/407/943 220/376/944
f 216/444/945 232/465/946 229/464/947 213/443/948
f 224/858/949 240/876/950 239/875/951 223/857/952
f 220/641/953 236/681/954 235/680/955 219/640/956
f 221/360/957 237/401/958 240/403/959 224/368/960
f 244/321/961 243/302/962 242/303/963 241/322/964
f 246/497/965 245/475/966 248/476/967 247/498/968
f 250/751/969 251/709/970 252/710/971 249/752/972
f 254/894/973 255/884/974 256/885/975 253/895/976
f 226/297/977 242/303/978 243/302/979 227/296/980
f 235/2039/981 251/2006/982 250/2002/983 234/2032/984
f 227/2031/985 243/2001/986 244/2003/987 228/2035/988
f 233/412/989 249/429/990 252/428/991 236/407/992
f 228/339/993 244/321/994 241/322/995 225/340/996
f 236/681/997 252/710/998 251/709/999 235/680/1000
f 229/2016/1001 245/1993/1002 246/1994/1003 230/2017/1004
f 238/905/1005 254/894/1006 253/895/1007 237/906/1008
f 231/419/1009 247/433/1010 248/432/1011 232/417/1012
f 239/2045/1013 255/2014/1014 254/2030/1015 238/2048/1016
f 230/512/1017 246/497/1018 247/498/1019 231/513/1020
f 240/876/1021 256/885/1022 255/884/1023 239/875/1024
f 258/2183/1025 262/2125/1026 264/2099/1027 260/2137/1028
f 186/2230/1029 258/2183/1030 260/2137/1031 200/2141/1032
f 185/80/1033 257/96/1034 258/97/1035 186/81/1036
f 199/312/1037 259/315/1038 257/295/1039 185/274/1040
f 261/136/1041 263/146/1042 264/149/1043 262/137/1044
f 257/96/1045 261/136/1046 262/137/1047 258/97/1048
f 259/315/1049 263/335/1050 261/324/1051 257/295/1052
f 260/172/1053 264/149/1054 263/146/1055 259/171/1056
f 325/704/1057 386/754/1058 324/731/1059
f 265/268/1060 273/258/1061 285/290/1062 274/298/1063
f 274/298/1064 285/290/1065 275/413/1066 266/396/1067
f 285/2079/1068 276/2074/1069 268/2198/1070 275/2253/1071
f 273/2008/1072 267/2020/1073 276/2074/1074 285/2079/1075
f 267/2020/1076 277/1996/1077 286/2058/1078 276/2074/1079
f 276/2074/1080 286/2058/1081 278/2259/1082 268/2198/1083
f 286/2328/1084 279/2310/1085 272/2156/1086 278/2112/1087
f 277/2427/1088 271/2387/1089 279/2310/1090 286/2328/1091
f 271/2387/1092 280/2413/1093 287/2306/1094 279/2310/1095
f 279/2310/1096 287/2306/1097 281/2104/1098 272/2156/1099
f 287/1581/1100 282/1572/1101 270/1477/1102 281/1455/1103
f 280/1630/1104 269/1617/1105 282/1572/1106 287/1581/1107
f 269/1617/1108 283/1623/1109 288/1566/1110 282/1572/1111
f 282/1572/1112 288/1566/1113 284/1459/1114 270/1477/1115
f 288/300/1116 274/298/1117 266/396/1118 284/411/1119
f 283/262/1120 265/268/1121 274/298/1122 288/300/1123
f 267/2576/1124 273/2548/1125 289/2618/1126 277/2628/1127
f 277/2628/1128 289/2618/1129 280/2644/1130 271/2643/1131
f 289/2618/1132 283/2611/1133 269/2639/1134 280/2644/1135
f 273/2548/1136 265/2549/1137 283/2611/1138 289/2618/1139
f 272/2156/1140 281/2104/1141 290/2069/1142 278/2112/1143
f 278/2259/1144 290/2345/1145 275/2253/1146 268/2198/1147
f 290/457/1148 284/411/1149 266/396/1150 275/413/1151
f 281/1455/1152 270/1477/1153 284/1459/1154 290/1398/1155
f 291/2393/1156 293/2537/1157 294/2506/1158 292/2407/1159
f 293/2537/1160 295/2613/1161 296/2571/1162 294/2506/1163
f 295/2613/1164 297/2633/1165 298/2584/1166 296/2571/1167
f 297/2633/1168 299/2604/1169 300/2566/1170 298/2584/1171
f 299/2604/1172 301/2515/1173 302/2497/1174 300/2566/1175
f 301/2515/1176 303/2376/1177 304/2420/1178 302/2497/1179
f 303/2376/1180 305/2321/1181 306/2383/1182 304/2420/1183
f 305/2321/1184 291/2322/1185 292/2407/1186 306/2383/1187
f 307/2473/1188 308/2437/1189 310/2495/1190 309/2488/1191
f 309/2488/1192 310/2495/1193 312/2547/1194 311/2517/1195
f 311/2517/1196 312/2547/1197 314/2559/1198 313/2523/1199
f 313/2523/1200 314/2559/1201 316/2552/1202 315/2513/1203
f 315/2513/1204 316/2552/1205 318/2496/1206 317/2493/1207
f 317/2493/1208 318/2496/1209 320/2442/1210 319/2469/1211
f 319/2469/1212 320/2442/1213 322/2421/1214 321/2461/1215
f 321/2461/1216 322/2421/1217 308/2437/1218 307/2473/1219
f 291/2481/1220 307/2473/1221 309/2488/1222 293/2486/1223
f 294/2506/1224 310/2495/1225 308/2437/1226 292/2407/1227
f 293/2486/1228 309/2488/1229 311/2517/1230 295/2504/1231
f 296/2571/1232 312/2547/1233 310/2495/1234 294/2506/1235
f 295/2504/1236 311/2517/1237 313/2523/1238 297/2511/1239
f 298/2584/1240 314/2559/1241 312/2547/1242 296/2571/1243
f 297/2511/1244 313/2523/1245 315/2513/1246 299/2509/1247
f 300/2566/1248 316/2552/1249 314/2559/1250 298/2584/1251
f 299/2509/1252 315/2513/1253 317/2493/1254 301/2492/1255
f 302/2497/1256 318/2496/1257 316/2552/1258 300/2566/1259
f 301/2492/1260 317/2493/1261 319/2469/1262 303/2483/1263
f 304/2420/1264 320/2442/1265 318/2496/1266 302/2497/1267
f 303/2483/1268 319/2469/1269 321/2461/1270 305/2475/1271
f 306/2383/1272 322/2421/1273 320/2442/1274 304/2420/1275
f 305/2475/1276 321/2461/1277 307/2473/1278 291/2481/1279
f 292/2407/1280 308/2437/1281 322/2421/1282 306/2383/1283
f 334/277/1284 335/287/1285 325/338/1286 324/341/1287
f 380/289/1288 336/292/1289 327/333/1290 379/336/1291
f 336/292/1292 337/294/1293 329/331/1294 327/333/1295
f 337/294/1296 338/291/1297 331/332/1298 329/331/1299
f 323/1164/1300 1599/1131/1301 1490/1152/1302
f 360/288/1303 339/286/1304 333/337/1305 359/334/1306
f 339/286/1307 334/278/1308 324/342/1309 333/337/1310
f 376/237/1311 371/243/1312 334/278/1313 339/286/1314
f 377/247/1315 376/237/1316 339/286/1317 360/288/1318
f 374/250/1319 375/238/1320 338/291/1321 337/294/1322
f 373/249/1323 374/250/1324 337/294/1325 336/292/1326
f 385/248/1327 373/249/1328 336/292/1329 380/289/1330
f 371/245/1331 372/246/1332 335/287/1333 334/277/1334
f 364/186/1335 365/190/1336 340/223/1337 345/219/1338
f 384/192/1339 366/194/1340 341/220/1341 381/221/1342
f 366/194/1343 367/195/1344 342/218/1345 341/220/1346
f 367/195/1347 368/204/1348 342/218/1349
f 370/193/1350 369/202/1351 344/224/1352 361/225/1353
f 369/202/1354 364/185/1355 345/217/1356
f 332/23/1357 323/15/1358 351/38/1359 350/42/1360
f 358/26/1361 332/23/1362 350/42/1363 362/44/1364
f 328/7/1365 330/28/1366 349/46/1367 348/40/1368
f 326/27/1369 328/7/1370 348/40/1371 347/45/1372
f 378/25/1373 326/27/1374 347/45/1375 382/43/1376
f 323/14/1377 1490/22/1378 346/41/1379 351/37/1380
f 387/62/1381 388/59/1382 352/109/1383 357/123/1384
f 389/64/1385 387/62/1386 357/123/1387 363/131/1388
f 390/67/1389 391/66/1390 356/135/1391 355/138/1392
f 392/65/1393 390/67/1394 355/138/1395 354/134/1396
f 393/63/1397 392/65/1398 354/134/1399 383/129/1400
f 388/58/1401 394/61/1402 353/122/1403 352/110/1404
f 391/66/1405 389/64/1406 363/131/1407 356/135/1408
f 330/28/1409 358/26/1410 362/44/1411 349/46/1412
f 368/204/1413 370/193/1414 361/225/1415 343/222/1416
f 375/238/1417 377/247/1418 360/288/1419 338/291/1420
f 338/291/1421 360/288/1422 359/334/1423 331/332/1424
f 356/135/1425 363/131/1426 370/193/1427 368/204/1428
f 357/123/1429 352/109/1430 364/185/1431 369/202/1432
f 363/131/1433 357/123/1434 369/202/1435 370/193/1436
f 355/138/1437 356/135/1438 368/204/1439 367/195/1440
f 354/134/1441 355/138/1442 367/195/1443 366/194/1444
f 383/129/1445 354/134/1446 366/194/1447 384/192/1448
f 352/110/1449 353/122/1450 365/190/1451 364/186/1452
f 343/222/1453 361/225/1454 377/247/1455 375/238/1456
f 345/219/1457 340/223/1458 372/246/1459 371/245/1460
f 381/221/1461 341/220/1462 373/249/1463 385/248/1464
f 341/220/1465 342/218/1466 374/250/1467 373/249/1468
f 342/218/1469 375/238/1470 374/250/1471
f 361/225/1472 344/224/1473 376/237/1474 377/247/1475
f 344/224/1476 345/217/1477 376/237/1478
f 368/204/1479 343/222/1480 342/218/1481
f 345/217/1482 371/243/1483 376/237/1484
f 375/238/1485 342/218/1486 343/222/1487
f 345/217/1488 344/224/1489 369/202/1490
f 340/223/1491 381/221/1492 385/248/1493 372/246/1494
f 353/122/1495 383/129/1496 384/192/1497 365/190/1498
f 394/61/1499 393/63/1500 383/129/1501 353/122/1502
f 1490/22/1503 378/25/1504 382/43/1505 346/41/1506
f 365/190/1507 384/192/1508 381/221/1509 340/223/1510
f 372/246/1511 385/248/1512 380/289/1513 335/287/1514
f 335/287/1515 380/289/1516 379/336/1517 325/338/1518
f 324/731/1519 386/754/1520 333/778/1521
f 333/778/1522 386/754/1523 359/790/1524
f 359/790/1525 386/754/1526 331/795/1527
f 331/795/1528 386/754/1529 329/774/1530
f 329/774/1531 386/754/1532 327/729/1533
f 327/729/1534 386/754/1535 379/713/1536
f 379/713/1537 386/754/1538 325/704/1539
f 1490/1152/1540 1599/1131/1541 378/1132/1542
f 378/1132/1543 1599/1131/1544 326/1123/1545
f 326/1123/1546 1599/1131/1547 328/1111/1548
f 328/1111/1549 1599/1131/1550 330/1124/1551
f 330/1124/1552 1599/1131/1553 358/1133/1554
f 358/1133/1555 1599/1131/1556 332/1151/1557
f 332/1151/1558 1599/1131/1559 323/1164/1560
f 346/41/1561 382/43/1562 393/63/1563 394/61/1564
f 349/46/1565 362/44/1566 389/64/1567 391/66/1568
f 351/37/1569 346/41/1570 394/61/1571 388/58/1572
f 382/43/1573 347/45/1574 392/65/1575 393/63/1576
f 347/45/1577 348/40/1578 390/67/1579 392/65/1580
f 348/40/1581 349/46/1582 391/66/1583 390/67/1584
f 362/44/1585 350/42/1586 387/62/1587 389/64/1588
f 350/42/1589 351/38/1590 388/59/1591 387/62/1592
f 395/854/1593 397/862/1594 398/861/1595 396/853/1596
f 397/862/1597 399/874/1598 400/873/1599 398/861/1600
f 399/874/1601 401/887/1602 402/886/1603 400/873/1604
f 401/887/1605 403/900/1606 404/899/1607 402/886/1608
f 403/900/1609 405/913/1610 406/914/1611 404/899/1612
f 405/913/1613 407/924/1614 408/925/1615 406/914/1616
f 407/924/1617 409/941/1618 410/942/1619 408/925/1620
f 409/941/1621 395/963/1622 396/962/1623 410/942/1624
f 411/2075/1625 412/2085/1626 414/2092/1627 413/2082/1628
f 413/2082/1629 414/2092/1630 416/2093/1631 415/2077/1632
f 415/2077/1633 416/2093/1634 418/2083/1635 417/2072/1636
f 417/2072/1637 418/2083/1638 420/2049/1639 419/2061/1640
f 419/2061/1641 420/2049/1642 422/2044/1643 421/2051/1644
f 421/2051/1645 422/2044/1646 424/2046/1647 423/2052/1648
f 423/2052/1649 424/2046/1650 426/2060/1651 425/2064/1652
f 425/2064/1653 426/2060/1654 412/2085/1655 411/2075/1656
f 395/2170/1657 411/2172/1658 413/2188/1659 397/2193/1660
f 398/2187/1661 414/2206/1662 412/2220/1663 396/2213/1664
f 397/2193/1665 413/2188/1666 415/2205/1667 399/2217/1668
f 400/2186/1669 416/2204/1670 414/2206/1671 398/2187/1672
f 399/2217/1673 415/2205/1674 417/2201/1675 401/2216/1676
f 402/2212/1677 418/2215/1678 416/2204/1679 400/2186/1680
f 401/2216/1681 417/2201/1682 419/2185/1683 403/2190/1684
f 404/2251/1685 420/2244/1686 418/2215/1687 402/2212/1688
f 403/2190/1689 419/2185/1690 421/2171/1691 405/2168/1692
f 406/2273/1693 422/2262/1694 420/2244/1695 404/2251/1696
f 405/2168/1697 421/2171/1698 423/2160/1699 407/2143/1700
f 408/2275/1701 424/2264/1702 422/2262/1703 406/2273/1704
f 407/2143/1705 423/2160/1706 425/2161/1707 409/2144/1708
f 410/2255/1709 426/2245/1710 424/2264/1711 408/2275/1712
f 409/2144/1713 425/2161/1714 411/2172/1715 395/2170/1716
f 396/2213/1717 412/2220/1718 426/2245/1719 410/2255/1720
f 435/2066/1721 438/2065/1722 430/2042/1723 429/2043/1724
f 429/16/1725 430/9/1726 434/50/1727 433/52/1728
f 431/53/1729 439/51/1730 449/71/1731 448/76/1732
f 431/1036/1733 432/1040/1734 428/1059/1735 427/1056/1736
f 436/5/1737 439/51/1738 431/53/1739 427/13/1740
f 442/667/1741 437/699/1742 428/700/1743 432/668/1744
f 434/663/1745 430/697/1746 438/698/1747 441/666/1748
f 441/666/1749 438/698/1750 437/699/1751 442/667/1752
f 429/18/1753 433/56/1754 440/54/1755 435/17/1756
f 435/17/1757 440/54/1758 439/51/1759 436/5/1760
f 440/54/1761 433/56/1762 444/72/1763 445/70/1764
f 434/663/1765 441/666/1766 450/636/1767 443/635/1768
f 427/2142/1769 428/2140/1770 437/2094/1771 436/2095/1772
f 436/2095/1773 437/2094/1774 438/2065/1775 435/2066/1776
f 448/76/1777 449/71/1778 457/112/1779 456/114/1780
f 443/635/1781 450/636/1782 458/581/1783 451/580/1784
f 445/70/1785 444/72/1786 452/115/1787 453/111/1788
f 441/666/1789 442/667/1790 446/639/1791 450/636/1792
f 442/667/1793 432/668/1794 447/633/1795 446/639/1796
f 439/51/1797 440/54/1798 445/70/1799 449/71/1800
f 433/52/1801 434/50/1802 443/73/1803 444/74/1804
f 432/1040/1805 431/1036/1806 448/1009/1807 447/1012/1808
f 452/115/1809 444/72/1810 460/121/1811 463/128/1812
f 448/76/1813 456/114/1814 468/127/1815 462/101/1816
f 451/580/1817 458/581/1818 470/550/1819 464/549/1820
f 446/639/1821 447/633/1822 455/583/1823 454/582/1824
f 454/582/1825 455/583/1826 467/557/1827 466/552/1828
f 450/636/1829 446/639/1830 454/582/1831 458/581/1832
f 449/71/1833 445/70/1834 453/111/1835 457/112/1836
f 457/112/1837 453/111/1838 465/126/1839 469/125/1840
f 468/127/1841 469/125/1842 474/154/1843 473/156/1844
f 463/285/1845 464/284/1846 479/310/1847 480/311/1848
f 466/670/1849 469/671/1850 475/617/1851 478/616/1852
f 463/128/1853 460/121/1854 484/144/1855 485/148/1856
f 461/890/1857 462/889/1858 468/868/1859 467/867/1860
f 458/581/1861 454/582/1862 466/552/1863 470/550/1864
f 455/583/1865 447/633/1866 461/572/1867 467/557/1868
f 462/889/1869 461/890/1870 521/901/1871 522/898/1872
f 456/114/1873 457/112/1874 469/125/1875 468/127/1876
f 443/635/1877 451/580/1878 464/549/1879 459/565/1880
f 444/74/1881 443/73/1882 459/117/1883 460/118/1884
f 453/111/1885 452/115/1886 463/128/1887 465/126/1888
f 480/311/1889 479/310/1890 495/343/1891 496/344/1892
f 466/552/1893 467/557/1894 472/510/1895 471/509/1896
f 469/671/1897 466/670/1898 471/722/1899 474/723/1900
f 467/867/1901 468/868/1902 473/852/1903 472/851/1904
f 472/851/1905 473/852/1906 489/840/1907 488/839/1908
f 470/550/1909 466/552/1910 478/503/1911 477/502/1912
f 469/125/1913 465/126/1914 476/159/1915 475/158/1916
f 465/451/1917 470/450/1918 477/485/1919 476/486/1920
f 475/158/1921 476/159/1922 492/197/1923 491/196/1924
f 465/126/1925 463/128/1926 480/155/1927 481/153/1928
f 470/450/1929 465/451/1930 481/437/1931 482/436/1932
f 464/549/1933 470/550/1934 482/511/1935 479/507/1936
f 471/509/1937 472/510/1938 488/483/1939 487/480/1940
f 459/565/1941 464/549/1942 486/521/1943 483/528/1944
f 460/118/1945 459/117/1946 483/142/1947 484/143/1948
f 464/284/1949 463/285/1950 485/264/1951 486/263/1952
f 496/344/1953 495/343/1954 511/362/1955 512/363/1956
f 499/495/1957 502/488/1958 518/473/1959 515/481/1960
f 487/480/1961 488/483/1962 504/469/1963 503/466/1964
f 494/574/1965 491/575/1966 507/567/1967 510/566/1968
f 477/502/1969 478/503/1970 494/472/1971 493/471/1972
f 484/143/1973 483/142/1974 499/164/1975 500/165/1976
f 473/156/1977 474/154/1978 490/184/1979 489/188/1980
f 481/153/1981 480/155/1982 496/187/1983 497/182/1984
f 476/486/1985 477/485/1986 493/519/1987 492/520/1988
f 485/148/1989 484/144/1990 500/167/1991 501/174/1992
f 474/723/1993 471/722/1994 487/782/1995 490/783/1996
f 479/507/1997 482/511/1998 498/484/1999 495/479/2000
f 478/616/2001 475/617/2002 491/575/2003 494/574/2004
f 486/263/2005 485/264/2006 501/232/2007 502/230/2008
f 482/436/2009 481/437/2010 497/406/2011 498/405/2012
f 483/528/2013 486/521/2014 502/488/2015 499/495/2016
f 506/803/2017 503/802/2018 504/823/2019 505/824/2020
f 508/540/2021 509/538/2022 510/566/2023 507/567/2024
f 512/363/2025 511/362/2026 514/399/2027 513/400/2028
f 516/179/2029 515/178/2030 518/206/2031 517/207/2032
f 488/839/2033 489/840/2034 505/824/2035 504/823/2036
f 497/182/2037 496/187/2038 512/213/2039 513/209/2040
f 489/188/2041 490/184/2042 506/210/2043 505/214/2044
f 495/479/2045 498/484/2046 514/468/2047 511/467/2048
f 490/783/2049 487/782/2050 503/802/2051 506/803/2052
f 498/405/2053 497/406/2054 513/400/2055 514/399/2056
f 491/196/2057 492/197/2058 508/227/2059 507/226/2060
f 500/165/2061 499/164/2062 515/178/2063 516/179/2064
f 493/471/2065 494/472/2066 510/461/2067 509/460/2068
f 501/174/2069 500/167/2070 516/189/2071 517/198/2072
f 492/520/2073 493/519/2074 509/538/2075 508/540/2076
f 502/230/2077 501/232/2078 517/207/2079 518/206/2080
f 520/91/2081 522/103/2082 526/133/2083 524/113/2084
f 448/76/2085 462/101/2086 522/103/2087 520/91/2088
f 447/1012/2089 448/1009/2090 520/974/2091 519/975/2092
f 461/572/2093 447/633/2094 519/592/2095 521/571/2096
f 523/935/2097 524/934/2098 526/916/2099 525/919/2100
f 519/975/2101 520/974/2102 524/934/2103 523/935/2104
f 521/571/2105 519/592/2106 523/564/2107 525/545/2108
f 522/898/2109 521/901/2110 525/919/2111 526/916/2112
f 551/170/2113 528/169/2114 530/267/2115 552/281/2116
f 552/281/2117 530/267/2118 532/359/2119 553/358/2120
f 553/358/2121 532/359/2122 534/442/2123 554/435/2124
f 554/435/2125 534/442/2126 536/501/2127 555/500/2128
f 555/500/2129 536/501/2130 538/587/2131 556/588/2132
f 610/657/2133 608/659/2134 540/745/2135 557/735/2136
f 536/2227/2137 534/2226/2138 570/2109/2139 571/2110/2140
f 601/84/2141 599/79/2142 542/102/2143 558/100/2144
f 558/100/2145 542/102/2146 528/169/2147 551/170/2148
f 598/93/2149 541/140/2150 590/130/2151 605/87/2152
f 541/140/2153 550/166/2154 543/266/2155 527/251/2156
f 598/93/2157 600/145/2158 550/166/2159 541/140/2160
f 607/772/2161 609/674/2162 549/716/2163 539/825/2164
f 535/576/2165 547/547/2166 548/638/2167 537/685/2168
f 533/487/2169 546/470/2170 547/547/2171 535/576/2172
f 531/424/2173 545/425/2174 546/470/2175 533/487/2176
f 529/319/2177 544/330/2178 545/425/2179 531/424/2180
f 527/251/2181 543/266/2182 544/330/2183 529/319/2184
f 550/124/2185 558/100/2186 551/170/2187 543/201/2188
f 600/94/2189 601/84/2190 558/100/2191 550/124/2192
f 609/622/2193 610/657/2194 557/735/2195 549/664/2196
f 547/490/2197 555/500/2198 556/588/2199 548/577/2200
f 546/434/2201 554/435/2202 555/500/2203 547/490/2204
f 545/357/2205 553/358/2206 554/435/2207 546/434/2208
f 544/283/2209 552/281/2210 553/358/2211 545/357/2212
f 543/201/2213 551/170/2214 552/281/2215 544/283/2216
f 562/627/2217 561/578/2218 577/579/2219 578/607/2220
f 599/1860/2221 540/1861/2222 573/1938/2223 602/1936/2224
f 532/2124/2225 530/2022/2226 567/2026/2227 569/2084/2228
f 538/2113/2229 536/2227/2230 571/2110/2231 572/2076/2232
f 528/1916/2233 542/1854/2234 574/1935/2235 568/1968/2236
f 530/2022/2237 528/1916/2238 568/1968/2239 567/2026/2240
f 534/2226/2241 532/2124/2242 569/2084/2243 570/2109/2244
f 608/2053/2245 538/2113/2246 572/2076/2247 611/2047/2248
f 559/2276/2249 560/2288/2250 567/2256/2251 568/2232/2252
f 560/2288/2253 561/2355/2254 569/2335/2255 567/2256/2256
f 561/2355/2257 562/2432/2258 570/2447/2259 569/2335/2260
f 562/2432/2261 563/2459/2262 571/2538/2263 570/2447/2264
f 563/2459/2265 564/2446/2266 572/2505/2267 571/2538/2268
f 612/2416/2269 565/2371/2270 573/2380/2271 611/2435/2272
f 603/2331/2273 566/2300/2274 574/2284/2275 602/2329/2276
f 566/2300/2277 559/2276/2278 568/2232/2279 574/2284/2280
f 728/1385/2281 729/1361/2282 1141/1391/2283
f 560/531/2284 559/506/2285 575/525/2286 576/544/2287
f 559/506/2288 566/496/2289 582/504/2290 575/525/2291
f 612/701/2292 564/672/2293 580/656/2294 613/673/2295
f 563/648/2296 562/627/2297 578/607/2298 579/631/2299
f 561/578/2300 560/531/2301 576/544/2302 577/579/2303
f 603/474/2304 565/459/2305 581/482/2306 604/494/2307
f 564/672/2308 563/648/2309 579/631/2310 580/656/2311
f 586/489/2312 587/584/2313 594/589/2314 1602/491/2315
f 529/319/2316 531/424/2317 585/426/2318 584/317/2319
f 535/576/2320 537/685/2321 588/715/2322 587/584/2323
f 541/140/2324 527/251/2325 583/242/2326 590/130/2327
f 527/251/2328 529/319/2329 584/317/2330 583/242/2331
f 531/424/2332 533/487/2333 586/489/2334 585/426/2335
f 607/772/2336 539/825/2337 589/842/2338 614/796/2339
f 533/487/2340 535/576/2341 587/584/2342 586/489/2343
f 584/317/2344 585/426/2345 593/422/2346 592/314/2347
f 605/87/2348 590/130/2349 597/119/2350 606/85/2351
f 587/584/2352 588/715/2353 595/742/2354 594/589/2355
f 585/426/2356 586/489/2357 1602/491/2358 593/422/2359
f 583/242/2360 584/317/2361 592/314/2362 591/235/2363
f 590/130/2364 583/242/2365 591/235/2366 597/119/2367
f 614/796/2368 589/842/2369 596/849/2370 615/817/2371
f 589/55/2372 605/87/2373 606/85/2374 596/1/2375
f 566/496/2376 603/474/2377 604/494/2378 582/504/2379
f 565/2371/2380 603/2331/2381 602/2329/2382 573/2380/2383
f 542/1854/2384 599/1860/2385 602/1936/2386 574/1935/2387
f 549/77/2388 557/32/2389 601/84/2390 600/94/2391
f 539/68/2392 549/116/2393 600/145/2394 598/93/2395
f 539/68/2396 598/93/2397 605/87/2398 589/55/2399
f 557/32/2400 540/6/2401 599/79/2402 601/84/2403
f 588/715/2404 614/796/2405 615/817/2406 595/742/2407
f 537/685/2408 607/772/2409 614/796/2410 588/715/2411
f 565/739/2412 612/701/2413 613/673/2414 581/692/2415
f 564/2446/2416 612/2416/2417 611/2435/2418 572/2505/2419
f 540/1989/2420 608/2053/2421 611/2047/2422 573/2010/2423
f 548/577/2424 556/588/2425 610/657/2426 609/622/2427
f 537/685/2428 548/638/2429 609/674/2430 607/772/2431
f 556/588/2432 538/587/2433 608/659/2434 610/657/2435
f 591/881/2436 592/947/2437 616/882/2438
f 592/947/2439 593/940/2440 617/932/2441
f 624/870/2442 596/818/2443 618/846/2444 625/880/2445
f 596/818/2446 606/810/2447 619/837/2448 618/846/2449
f 606/810/2450 597/835/2451 620/838/2452 619/837/2453
f 597/835/2454 591/881/2455 616/882/2456 620/838/2457
f 624/1648/2458 593/1731/2459 621/1722/2460 626/1664/2461
f 593/1731/2462 1602/1736/2463 621/1722/2464
f 1602/1736/2465 594/1662/2466 622/1663/2467
f 594/1662/2468 595/1552/2469 623/1564/2470 622/1663/2471
f 595/1552/2472 615/1536/2473 1604/1561/2474 623/1564/2475
f 615/1536/2476 596/1544/2477 1603/1594/2478 1604/1561/2479
f 596/1544/2480 624/1648/2481 626/1664/2482 1603/1594/2483
f 593/940/2484 624/870/2485 625/880/2486 617/932/2487
f 651/1499/2488 652/1569/2489 655/1576/2490 654/1522/2491
f 652/1569/2492 653/1652/2493 656/1633/2494 655/1576/2495
f 653/1652/2496 633/1705/2497 634/1673/2498 656/1633/2499
f 656/1633/2500 634/1673/2501 628/1660/2502 635/1625/2503
f 655/1576/2504 656/1633/2505 635/1625/2506 636/1579/2507
f 654/1522/2508 655/1576/2509 636/1579/2510 637/1537/2511
f 631/1478/2512 654/1522/2513 637/1537/2514 627/1498/2515
f 632/1450/2516 651/1499/2517 654/1522/2518 631/1478/2519
f 657/1532/2520 658/1573/2521 661/1575/2522 660/1528/2523
f 658/1573/2524 659/1626/2525 662/1632/2526 661/1575/2527
f 660/1528/2528 661/1575/2529 664/1584/2530 663/1526/2531
f 661/1575/2532 662/1632/2533 665/1643/2534 664/1584/2535
f 627/1498/2536 637/1537/2537 657/1532/2538 640/1482/2539
f 637/1537/2540 636/1579/2541 658/1573/2542 657/1532/2543
f 636/1579/2544 635/1625/2545 659/1626/2546 658/1573/2547
f 635/1625/2548 628/1660/2549 641/1668/2550 659/1626/2551
f 659/1626/2552 641/1668/2553 642/1677/2554 662/1632/2555
f 662/1632/2556 642/1677/2557 643/1691/2558 665/1643/2559
f 665/1643/2560 643/1691/2561 630/1697/2562 644/1657/2563
f 664/1584/2564 665/1643/2565 644/1657/2566 645/1567/2567
f 663/1526/2568 664/1584/2569 645/1567/2570 646/1520/2571
f 638/1464/2572 663/1526/2573 646/1520/2574 629/1460/2575
f 639/1474/2576 660/1528/2577 663/1526/2578 638/1464/2579
f 640/1482/2580 657/1532/2581 660/1528/2582 639/1474/2583
f 666/1965/2584 667/2004/2585 670/2013/2586 684/1966/2587
f 667/2004/2588 668/2114/2589 671/2129/2590 670/2013/2591
f 629/1899/2592 646/1974/2593 666/1965/2594 648/1878/2595
f 646/1974/2596 645/2038/2597 667/2004/2598 666/1965/2599
f 645/2038/2600 644/2106/2601 668/2114/2602 667/2004/2603
f 644/2106/2604 630/2176/2605 649/2200/2606 668/2114/2607
f 668/2114/2608 649/2200/2609 650/2229/2610 671/2129/2611
f 648/1878/2612 666/1965/2613 684/1966/2614
f 672/1433/2615 673/1429/2616 676/1396/2617 675/1401/2618
f 673/1429/2619 674/1424/2620 677/1395/2621 676/1396/2622
f 627/1498/2623 640/1482/2624 672/1442/2625 631/1478/2626
f 640/1482/2627 639/1474/2628 673/1429/2629 672/1433/2630
f 639/1474/2631 638/1464/2632 674/1424/2633 673/1429/2634
f 638/1464/2635 629/1460/2636 648/1428/2637 674/1424/2638
f 674/1424/2639 648/1428/2640 647/1393/2641 677/1395/2642
f 631/1478/2643 672/1442/2644 675/1418/2645 632/1450/2646
f 678/1728/2647 679/1718/2648 682/1777/2649 681/1793/2650
f 679/1718/2651 680/1708/2652 683/1733/2653 682/1777/2654
f 630/1697/2655 643/1691/2656 678/1728/2657 649/1726/2658
f 643/1691/2659 642/1677/2660 679/1718/2661 678/1728/2662
f 642/1677/2663 641/1668/2664 680/1708/2665 679/1718/2666
f 641/1668/2667 628/1660/2668 634/1673/2669 680/1708/2670
f 680/1708/2671 634/1673/2672 633/1705/2673 683/1733/2674
f 649/1726/2675 678/1728/2676 681/1793/2677 650/1788/2678
f 685/1943/2679 684/1966/2680 669/1979/2681
f 684/1966/2682 670/2013/2683 669/1979/2684
f 684/1966/2685 685/1943/2686 647/1877/2687 648/1878/2688
f 651/1827/2689 706/1803/2690 707/1738/2691 652/1750/2692
f 652/1750/2693 707/1738/2694 708/1706/2695 653/1693/2696
f 653/1693/2697 708/1706/2698 691/1665/2699 633/1635/2700
f 708/1706/2701 692/1713/2702 687/1680/2703 691/1665/2704
f 707/1738/2705 693/1737/2706 692/1713/2707 708/1706/2708
f 706/1803/2709 694/1792/2710 693/1737/2711 707/1738/2712
f 690/1841/2713 686/1829/2714 694/1792/2715 706/1803/2716
f 632/1881/2717 690/1841/2718 706/1803/2719 651/1827/2720
f 709/1795/2721 712/1799/2722 713/1739/2723 710/1742/2724
f 710/1742/2725 713/1739/2726 714/1707/2727 711/1711/2728
f 712/1799/2729 715/1801/2730 716/1735/2731 713/1739/2732
f 713/1739/2733 716/1735/2734 717/1700/2735 714/1707/2736
f 686/1829/2737 697/1838/2738 709/1795/2739 694/1792/2740
f 694/1792/2741 709/1795/2742 710/1742/2743 693/1737/2744
f 693/1737/2745 710/1742/2746 711/1711/2747 692/1713/2748
f 692/1713/2749 711/1711/2750 698/1671/2751 687/1680/2752
f 711/1711/2753 714/1707/2754 699/1661/2755 698/1671/2756
f 714/1707/2757 717/1700/2758 700/1653/2759 699/1661/2760
f 717/1700/2761 701/1686/2762 689/1646/2763 700/1653/2764
f 716/1735/2765 702/1751/2766 701/1686/2767 717/1700/2768
f 715/1801/2769 703/1807/2770 702/1751/2771 716/1735/2772
f 695/1867/2773 688/1872/2774 703/1807/2775 715/1801/2776
f 696/1850/2777 695/1867/2778 715/1801/2779 712/1799/2780
f 697/1838/2781 696/1850/2782 712/1799/2783 709/1795/2784
f 718/1978/2785 727/1970/2786 670/2013/2787 719/2021/2788
f 719/2021/2789 670/2013/2790 671/2129/2791 720/2139/2792
f 688/1923/2793 704/1901/2794 718/1978/2795 703/2005/2796
f 703/2005/2797 718/1978/2798 719/2021/2799 702/2054/2800
f 702/2054/2801 719/2021/2802 720/2139/2803 701/2151/2804
f 701/2151/2805 720/2139/2806 705/2225/2807 689/2214/2808
f 720/2139/2809 671/2129/2810 650/2229/2811 705/2225/2812
f 704/1901/2813 727/1970/2814 718/1978/2815
f 721/1924/2816 675/1977/2817 676/1983/2818 722/1930/2819
f 722/1930/2820 676/1983/2821 677/1985/2822 723/1934/2823
f 686/1829/2824 690/1841/2825 721/1909/2826 697/1838/2827
f 697/1838/2828 721/1924/2829 722/1930/2830 696/1850/2831
f 696/1850/2832 722/1930/2833 723/1934/2834 695/1867/2835
f 695/1867/2836 723/1934/2837 704/1932/2838 688/1872/2839
f 723/1934/2840 677/1985/2841 647/1988/2842 704/1932/2843
f 690/1841/2844 632/1881/2845 675/1946/2846 721/1909/2847
f 724/1597/2848 681/1534/2849 682/1550/2850 725/1608/2851
f 725/1608/2852 682/1550/2853 683/1588/2854 726/1631/2855
f 689/1646/2856 705/1602/2857 724/1597/2858 700/1653/2859
f 700/1653/2860 724/1597/2861 725/1608/2862 699/1661/2863
f 699/1661/2864 725/1608/2865 726/1631/2866 698/1671/2867
f 698/1671/2868 726/1631/2869 691/1665/2870 687/1680/2871
f 726/1631/2872 683/1588/2873 633/1635/2874 691/1665/2875
f 705/1602/2876 650/1539/2877 681/1534/2878 724/1597/2879
f 685/1943/2880 669/1979/2881 727/1970/2882
f 727/1970/2883 669/1979/2884 670/2013/2885
f 727/1970/2886 704/1901/2887 647/1877/2888 685/1943/2889
f 736/606/2890 753/647/2891 752/632/2892 737/604/2893
f 737/604/2894 752/632/2895 754/660/2896 738/646/2897
f 738/646/2898 754/660/2899 755/714/2900 739/740/2901
f 739/740/2902 755/714/2903 756/749/2904 740/792/2905
f 740/792/2906 756/749/2907 757/746/2908 741/786/2909
f 741/786/2910 757/746/2911 758/702/2912 742/719/2913
f 742/719/2914 758/702/2915 759/662/2916 743/654/2917
f 743/654/2918 759/662/2919 753/647/2920 736/606/2921
f 760/1540/2922 761/1546/2923 1142/1577/2924
f 745/1351/2925 744/1383/2926 736/1381/2927 737/1343/2928
f 746/1352/2929 745/1351/2930 737/1343/2931 738/1345/2932
f 747/1382/2933 746/1352/2934 738/1345/2935 739/1375/2936
f 748/1409/2937 747/1382/2938 739/1375/2939 740/1411/2940
f 749/1419/2941 748/1409/2942 740/1411/2943 741/1430/2944
f 750/1420/2945 749/1419/2946 741/1430/2947 742/1431/2948
f 751/1410/2949 750/1420/2950 742/1431/2951 743/1414/2952
f 744/1383/2953 751/1410/2954 743/1414/2955 736/1381/2956
f 729/1361/2957 728/1385/2958 744/1383/2959 745/1351/2960
f 730/1362/2961 729/1361/2962 745/1351/2963 746/1352/2964
f 731/1386/2965 730/1362/2966 746/1352/2967 747/1382/2968
f 732/1405/2969 731/1386/2970 747/1382/2971 748/1409/2972
f 733/1412/2973 732/1405/2974 748/1409/2975 749/1419/2976
f 734/1413/2977 733/1412/2978 749/1419/2979 750/1420/2980
f 735/1406/2981 734/1413/2982 750/1420/2983 751/1410/2984
f 728/1385/2985 735/1406/2986 751/1410/2987 744/1383/2988
f 772/1511/2989 768/1484/2990 770/1481/2991 773/1506/2992
f 773/2149/2993 770/2189/2994 769/2191/2995 771/2159/2996
f 775/1510/2997 772/1511/2998 773/1506/2999 776/1504/3000
f 776/2150/3001 773/2149/3002 771/2159/3003 774/2162/3004
f 778/1486/3005 775/1510/3006 776/1504/3007 779/1483/3008
f 779/2192/3009 776/2150/3010 774/2162/3011 777/2194/3012
f 781/1453/3013 778/1486/3014 779/1483/3015 782/1458/3016
f 782/2254/3017 779/2192/3018 777/2194/3019 780/2249/3020
f 784/1440/3021 781/1453/3022 782/1458/3023 785/1445/3024
f 785/2283/3025 782/2254/3026 780/2249/3027 783/2274/3028
f 787/1439/3029 784/1440/3030 785/1445/3031 788/1444/3032
f 788/2281/3033 785/2283/3034 783/2274/3035 786/2272/3036
f 790/1452/3037 787/1439/3038 788/1444/3039 791/1457/3040
f 791/2250/3041 788/2281/3042 786/2272/3043 789/2246/3044
f 768/1484/3045 790/1452/3046 791/1457/3047 770/1481/3048
f 770/2189/3049 791/2250/3050 789/2246/3051 769/2191/3052
f 771/1535/3053 769/1541/3054 761/1546/3055 760/1540/3056
f 768/1484/3057 772/1511/3058 752/1519/3059 753/1485/3060
f 769/1541/3061 789/1568/3062 767/1571/3063 761/1546/3064
f 790/1452/3065 768/1484/3066 753/1485/3067 759/1449/3068
f 772/1511/3069 775/1510/3070 754/1518/3071 752/1519/3072
f 774/1548/3073 771/1535/3074 760/1540/3075 762/1555/3076
f 775/1510/3077 778/1486/3078 755/1489/3079 754/1518/3080
f 777/1599/3081 774/1548/3082 762/1555/3083 763/1595/3084
f 778/1486/3085 781/1453/3086 756/1451/3087 755/1489/3088
f 780/1619/3089 777/1599/3090 763/1595/3091 764/1615/3092
f 781/1453/3093 784/1440/3094 757/1436/3095 756/1451/3096
f 783/1621/3097 780/1619/3098 764/1615/3099 765/1613/3100
f 784/1440/3101 787/1439/3102 758/1435/3103 757/1436/3104
f 786/1600/3105 783/1621/3106 765/1613/3107 766/1598/3108
f 787/1439/3109 790/1452/3110 759/1449/3111 758/1435/3112
f 789/1568/3113 786/1600/3114 766/1598/3115 767/1571/3116
f 828/1201/3117 1143/1210/3118 829/1182/3119
f 792/2462/3120 793/2591/3121 794/2551/3122
f 793/2542/3123 792/2462/3124 797/2406/3125
f 792/2462/3126 794/2551/3127 795/2411/3128
f 792/2462/3129 795/2411/3130 796/2358/3131
f 792/2462/3132 796/2358/3133 797/2406/3134
f 793/1417/3135 797/1463/3136 802/1441/3137
f 794/1628/3138 793/1681/3139 798/1659/3140
f 795/1570/3141 794/1628/3142 799/1601/3143
f 796/1508/3144 795/1570/3145 800/1538/3146
f 797/1463/3147 796/1508/3148 801/1487/3149
f 793/1417/3150 802/1441/3151 798/1400/3152
f 794/1628/3153 798/1659/3154 799/1601/3155
f 795/1570/3156 799/1601/3157 800/1538/3158
f 796/1508/3159 800/1538/3160 801/1487/3161
f 797/1463/3162 801/1487/3163 802/1441/3164
f 798/2510/3165 802/2372/3166 803/2426/3167
f 799/2503/3168 798/2565/3169 803/2426/3170
f 800/2368/3171 799/2503/3172 803/2426/3173
f 801/2319/3174 800/2368/3175 803/2426/3176
f 802/2372/3177 801/2319/3178 803/2426/3179
f 804/2062/3180 805/2037/3181 806/1995/3182
f 805/2037/3183 804/2062/3184 809/2089/3185
f 804/2062/3186 806/2040/3187 807/2090/3188
f 804/2062/3189 807/2090/3190 808/2123/3191
f 804/2062/3192 808/2123/3193 809/2089/3194
f 805/1408/3195 809/1447/3196 814/1427/3197
f 806/1353/3198 805/1408/3199 810/1384/3200
f 807/1554/3201 806/1616/3202 811/1585/3203
f 808/1496/3204 807/1554/3205 812/1527/3206
f 809/1447/3207 808/1496/3208 813/1473/3209
f 805/1408/3210 814/1427/3211 810/1384/3212
f 806/1616/3213 810/1644/3214 811/1585/3215
f 807/1554/3216 811/1585/3217 812/1527/3218
f 808/1496/3219 812/1527/3220 813/1473/3221
f 809/1447/3222 813/1473/3223 814/1427/3224
f 810/2324/3225 814/2367/3226 815/2429/3227
f 811/2507/3228 810/2370/3229 815/2429/3230
f 812/2567/3231 811/2507/3232 815/2429/3233
f 813/2500/3234 812/2567/3235 815/2429/3236
f 814/2367/3237 813/2500/3238 815/2429/3239
f 816/2460/3240 817/2541/3241 818/2404/3242
f 817/2590/3243 816/2460/3244 821/2550/3245
f 816/2460/3246 818/2404/3247 819/2357/3248
f 816/2460/3249 819/2357/3250 820/2412/3251
f 816/2460/3252 820/2412/3253 821/2550/3254
f 817/1326/3255 821/1279/3256 826/1300/3257
f 818/1113/3258 817/1063/3259 822/1091/3260
f 819/1176/3261 818/1113/3262 823/1139/3263
f 820/1234/3264 819/1176/3265 824/1204/3266
f 821/1279/3267 820/1234/3268 825/1253/3269
f 817/1326/3270 826/1300/3271 822/1350/3272
f 818/1113/3273 822/1091/3274 823/1139/3275
f 819/1176/3276 823/1139/3277 824/1204/3278
f 820/1234/3279 824/1204/3280 825/1253/3281
f 821/1279/3282 825/1253/3283 826/1300/3284
f 822/1832/3285 826/1779/3286 827/1808/3287
f 823/1834/3288 822/1855/3289 827/1808/3290
f 824/1783/3291 823/1834/3292 827/1808/3293
f 825/1741/3294 824/1783/3295 827/1808/3296
f 826/1779/3297 825/1741/3298 827/1808/3299
f 836/669/3300 837/615/3301 852/642/3302 853/675/3303
f 837/615/3304 838/599/3305 854/645/3306 852/642/3307
f 838/599/3308 839/665/3309 855/678/3310 854/645/3311
f 839/665/3312 840/756/3313 856/738/3314 855/678/3315
f 840/756/3316 841/801/3317 857/765/3318 856/738/3319
f 841/801/3320 842/800/3321 858/762/3322 857/765/3323
f 842/800/3324 843/744/3325 859/725/3326 858/762/3327
f 843/744/3328 836/669/3329 853/675/3330 859/725/3331
f 860/1961/3332 1144/1917/3333 861/1955/3334
f 845/1167/3335 837/1155/3336 836/1194/3337 844/1200/3338
f 846/1168/3339 838/1157/3340 837/1155/3341 845/1167/3342
f 847/1196/3343 839/1191/3344 838/1157/3345 846/1168/3346
f 848/1230/3347 840/1235/3348 839/1191/3349 847/1196/3350
f 849/1241/3351 841/1249/3352 840/1235/3353 848/1230/3354
f 850/1242/3355 842/1252/3356 841/1249/3357 849/1241/3358
f 851/1231/3359 843/1238/3360 842/1252/3361 850/1242/3362
f 844/1200/3363 836/1194/3364 843/1238/3365 851/1231/3366
f 829/1182/3367 845/1167/3368 844/1200/3369 828/1201/3370
f 830/1183/3371 846/1168/3372 845/1167/3373 829/1182/3374
f 831/1203/3375 847/1196/3376 846/1168/3377 830/1183/3378
f 832/1221/3379 848/1230/3380 847/1196/3381 831/1203/3382
f 833/1236/3383 849/1241/3384 848/1230/3385 832/1221/3386
f 834/1237/3387 850/1242/3388 849/1241/3389 833/1236/3390
f 835/1224/3391 851/1231/3392 850/1242/3393 834/1237/3394
f 828/1201/3395 844/1200/3396 851/1231/3397 835/1224/3398
f 872/2330/3399 873/2348/3400 870/2402/3401 868/2398/3402
f 873/2289/3403 871/2299/3404 869/2340/3405 870/2336/3406
f 875/2332/3407 876/2349/3408 873/2348/3409 872/2330/3410
f 876/2292/3411 874/2301/3412 871/2299/3413 873/2289/3414
f 878/2389/3415 879/2400/3416 876/2349/3417 875/2332/3418
f 879/2341/3419 877/2347/3420 874/2301/3421 876/2292/3422
f 881/2464/3423 882/2455/3424 879/2400/3425 878/2389/3426
f 882/2403/3427 880/2395/3428 877/2347/3429 879/2341/3430
f 884/2534/3431 885/2519/3432 882/2455/3433 881/2464/3434
f 885/2440/3435 883/2430/3436 880/2395/3437 882/2403/3438
f 887/2535/3439 888/2520/3440 885/2519/3441 884/2534/3442
f 888/2439/3443 886/2428/3444 883/2430/3445 885/2440/3446
f 890/2466/3447 891/2456/3448 888/2520/3449 887/2535/3450
f 891/2401/3451 889/2392/3452 886/2428/3453 888/2439/3454
f 868/2398/3455 870/2402/3456 891/2456/3457 890/2466/3458
f 870/2336/3459 869/2340/3460 889/2392/3461 891/2401/3462
f 871/1973/3463 860/1961/3464 861/1955/3465 869/1958/3466
f 868/2398/3467 853/2397/3468 852/2325/3469 872/2330/3470
f 869/1958/3471 861/1955/3472 867/1926/3473 889/1931/3474
f 890/2466/3475 859/2474/3476 853/2397/3477 868/2398/3478
f 872/2330/3479 852/2325/3480 854/2326/3481 875/2332/3482
f 874/1954/3483 862/1950/3484 860/1961/3485 871/1973/3486
f 875/2332/3487 854/2326/3488 855/2384/3489 878/2389/3490
f 877/1898/3491 863/1903/3492 862/1950/3493 874/1954/3494
f 878/2389/3495 855/2384/3496 856/2471/3497 881/2464/3498
f 880/1863/3499 864/1870/3500 863/1903/3501 877/1898/3502
f 881/2464/3503 856/2471/3504 857/2543/3505 884/2534/3506
f 883/1864/3507 865/1869/3508 864/1870/3509 880/1863/3510
f 884/2534/3511 857/2543/3512 858/2545/3513 887/2535/3514
f 886/1885/3515 866/1897/3516 865/1869/3517 883/1864/3518
f 887/2535/3519 858/2545/3520 859/2474/3521 890/2466/3522
f 889/1931/3523 867/1926/3524 866/1897/3525 886/1885/3526
f 892/2626/3527 893/2615/3528 898/2617/3529
f 892/2626/3530 894/2616/3531 893/2615/3532
f 892/2620/3533 895/2614/3534 894/2612/3535
f 892/2620/3536 896/2627/3537 895/2614/3538
f 892/2626/3539 897/2619/3540 896/2625/3541
f 892/2626/3542 898/2617/3543 897/2619/3544
f 893/2615/3545 899/2607/3546 904/2592/3547 898/2617/3548
f 894/2616/3549 900/2606/3550 899/2607/3551 893/2615/3552
f 895/2614/3553 901/2596/3554 900/2603/3555 894/2612/3556
f 896/2627/3557 902/2597/3558 901/2596/3559 895/2614/3560
f 897/2619/3561 903/2594/3562 902/2598/3563 896/2625/3564
f 898/2617/3565 904/2592/3566 903/2594/3567 897/2619/3568
f 899/2607/3569 905/2562/3570 910/2531/3571 904/2592/3572
f 900/2606/3573 906/2558/3574 905/2562/3575 899/2607/3576
f 901/2596/3577 907/2539/3578 906/2564/3579 900/2603/3580
f 902/2597/3581 908/2522/3582 907/2539/3583 901/2596/3584
f 903/2594/3585 909/2518/3586 908/2527/3587 902/2598/3588
f 904/2592/3589 910/2531/3590 909/2518/3591 903/2594/3592
f 905/2562/3593 911/2425/3594 916/2405/3595 910/2531/3596
f 906/2558/3597 912/2423/3598 911/2425/3599 905/2562/3600
f 907/2539/3601 913/2415/3602 912/2443/3603 906/2564/3604
f 908/2522/3605 914/2396/3606 913/2415/3607 907/2539/3608
f 909/2518/3609 915/2388/3610 914/2394/3611 908/2527/3612
f 910/2531/3613 916/2405/3614 915/2388/3615 909/2518/3616
f 911/2425/3617 917/2318/3618 922/2327/3619 916/2405/3620
f 912/2423/3621 918/2308/3622 917/2318/3623 911/2425/3624
f 913/2415/3625 919/2343/3626 918/2350/3627 912/2443/3628
f 914/2396/3629 920/2303/3630 919/2343/3631 913/2415/3632
f 915/2388/3633 921/2313/3634 920/2305/3635 914/2394/3636
f 916/2405/3637 922/2327/3638 921/2313/3639 915/2388/3640
f 922/2327/3641 917/2318/3642 1145/2302/3643
f 923/2036/3644 924/2027/3645 929/2025/3646
f 923/2036/3647 925/2029/3648 924/2027/3649
f 923/1775/3650 926/1770/3651 925/1769/3652
f 923/1775/3653 927/1774/3654 926/1770/3655
f 923/2036/3656 928/2023/3657 927/2028/3658
f 923/2036/3659 929/2025/3660 928/2023/3661
f 924/2027/3662 930/2015/3663 935/2011/3664 929/2025/3665
f 925/2029/3666 931/2018/3667 930/2015/3668 924/2027/3669
f 926/1770/3670 932/1753/3671 931/1765/3672 925/1769/3673
f 927/1774/3674 933/1752/3675 932/1753/3676 926/1770/3677
f 928/2023/3678 934/1999/3679 933/2000/3680 927/2028/3681
f 929/2025/3682 935/2011/3683 934/1999/3684 928/2023/3685
f 930/2015/3686 936/1998/3687 941/1980/3688 935/2011/3689
f 931/2018/3690 937/1997/3691 936/1998/3692 930/2015/3693
f 932/1753/3694 938/1732/3695 937/1745/3696 931/1765/3697
f 933/1752/3698 939/1729/3699 938/1732/3700 932/1753/3701
f 934/1999/3702 940/1962/3703 939/1963/3704 933/2000/3705
f 935/2011/3706 941/1980/3707 940/1962/3708 934/1999/3709
f 936/1998/3710 942/1957/3711 947/1937/3712 941/1980/3713
f 937/1997/3714 943/1956/3715 942/1957/3716 936/1998/3717
f 938/1732/3718 944/1716/3719 943/1723/3720 937/1745/3721
f 939/1729/3722 945/1712/3723 944/1716/3724 938/1732/3725
f 940/1962/3726 946/1927/3727 945/1925/3728 939/1963/3729
f 941/1980/3730 947/1937/3731 946/1927/3732 940/1962/3733
f 942/1957/3734 948/1911/3735 953/1905/3736 947/1937/3737
f 943/1956/3738 949/1910/3739 948/1911/3740 942/1957/3741
f 944/1716/3742 950/1694/3743 949/1702/3744 943/1723/3745
f 945/1712/3746 951/1684/3747 950/1694/3748 944/1716/3749
f 946/1927/3750 952/1902/3751 951/1894/3752 945/1925/3753
f 947/1937/3754 953/1905/3755 952/1902/3756 946/1927/3757
f 953/1905/3758 948/1911/3759 1146/1900/3760
f 954/1342/3761 960/1332/3762 955/1334/3763
f 954/1342/3764 955/1334/3765 956/1336/3766
f 954/1975/3767 956/1967/3768 957/1969/3769
f 954/1975/3770 957/1969/3771 958/1976/3772
f 954/1342/3773 958/1337/3774 959/1333/3775
f 954/1342/3776 959/1333/3777 960/1332/3778
f 955/1334/3779 960/1332/3780 966/1310/3781 961/1321/3782
f 956/1336/3783 955/1334/3784 961/1321/3785 962/1324/3786
f 957/1969/3787 956/1967/3788 962/1953/3789 963/1941/3790
f 958/1976/3791 957/1969/3792 963/1941/3793 964/1942/3794
f 959/1333/3795 958/1337/3796 964/1308/3797 965/1305/3798
f 960/1332/3799 959/1333/3800 965/1305/3801 966/1310/3802
f 961/1321/3803 966/1310/3804 972/1277/3805 967/1297/3806
f 962/1324/3807 961/1321/3808 967/1297/3809 968/1298/3810
f 963/1941/3811 962/1953/3812 968/1912/3813 969/1884/3814
f 964/1942/3815 963/1941/3816 969/1884/3817 970/1868/3818
f 965/1305/3819 964/1308/3820 970/1261/3821 971/1260/3822
f 966/1310/3823 965/1305/3824 971/1260/3825 972/1277/3826
f 967/1297/3827 972/1277/3828 978/1220/3829 973/1244/3830
f 968/1298/3831 967/1297/3832 973/1244/3833 974/1243/3834
f 969/1884/3835 968/1912/3836 974/1837/3837 975/1823/3838
f 970/1868/3839 969/1884/3840 975/1823/3841 976/1812/3842
f 971/1260/3843 970/1261/3844 976/1205/3845 977/1207/3846
f 972/1277/3847 971/1260/3848 977/1207/3849 978/1220/3850
f 973/1244/3851 978/1220/3852 984/1160/3853 979/1172/3854
f 974/1243/3855 973/1244/3856 979/1172/3857 980/1165/3858
f 975/1823/3859 974/1837/3860 980/1764/3861 981/1748/3862
f 976/1812/3863 975/1823/3864 981/1748/3865 982/1740/3866
f 977/1207/3867 976/1205/3868 982/1143/3869 983/1154/3870
f 978/1220/3871 977/1207/3872 983/1154/3873 984/1160/3874
f 984/1160/3875 1147/1147/3876 979/1172/3877
f 985/951/3878 986/956/3879 991/960/3880
f 985/951/3881 987/955/3882 986/956/3883
f 985/1882/3884 988/1888/3885 987/1896/3886
f 985/1882/3887 989/1879/3888 988/1888/3889
f 985/951/3890 990/959/3891 989/954/3892
f 985/951/3893 991/960/3894 990/959/3895
f 986/956/3896 992/971/3897 997/982/3898 991/960/3899
f 987/955/3900 993/969/3901 992/971/3902 986/956/3903
f 988/1888/3904 994/1918/3905 993/1908/3906 987/1896/3907
f 989/1879/3908 995/1915/3909 994/1918/3910 988/1888/3911
f 990/959/3912 996/988/3913 995/985/3914 989/954/3915
f 991/960/3916 997/982/3917 996/988/3918 990/959/3919
f 992/971/3920 998/994/3921 1003/1015/3922 997/982/3923
f 993/969/3924 999/993/3925 998/994/3926 992/971/3927
f 994/1918/3928 1000/1972/3929 999/1949/3930 993/1908/3931
f 995/1915/3932 1001/1986/3933 1000/1972/3934 994/1918/3935
f 996/988/3936 1002/1030/3937 1001/1029/3938 995/985/3939
f 997/982/3940 1003/1015/3941 1002/1030/3942 996/988/3943
f 998/994/3944 1004/1047/3945 1009/1075/3946 1003/1015/3947
f 999/993/3948 1005/1048/3949 1004/1047/3950 998/994/3951
f 1000/1972/3952 1006/2050/3953 1005/2024/3954 999/1949/3955
f 1001/1986/3956 1007/2059/3957 1006/2050/3958 1000/1972/3959
f 1002/1030/3960 1008/1089/3961 1007/1092/3962 1001/1029/3963
f 1003/1015/3964 1009/1075/3965 1008/1089/3966 1002/1030/3967
f 1004/1047/3968 1010/1118/3969 1015/1125/3970 1009/1075/3971
f 1005/1048/3972 1011/1121/3973 1010/1118/3974 1004/1047/3975
f 1006/2050/3976 1012/2119/3977 1011/2105/3978 1005/2024/3979
f 1007/2059/3980 1013/2134/3981 1012/2119/3982 1006/2050/3983
f 1008/1089/3984 1014/1128/3985 1013/1138/3986 1007/1092/3987
f 1009/1075/3988 1015/1125/3989 1014/1128/3990 1008/1089/3991
f 1015/1125/3992 1010/1118/3993 1148/1134/3994
f 1016/1755/3995 1022/1762/3996 1017/1761/3997
f 1016/1755/3998 1017/1761/3999 1018/1759/4000
f 1016/1284/4001 1018/1281/4002 1019/1282/4003
f 1016/1284/4004 1019/1282/4005 1020/1283/4006
f 1016/1755/4007 1020/1760/4008 1021/1763/4009
f 1016/1755/4010 1021/1763/4011 1022/1762/4012
f 1017/1761/4013 1022/1762/4014 1028/1780/4015 1023/1768/4016
f 1018/1759/4017 1017/1761/4018 1023/1768/4019 1024/1767/4020
f 1019/1282/4021 1018/1281/4022 1024/1278/4023 1025/1276/4024
f 1020/1283/4025 1019/1282/4026 1025/1276/4027 1026/1271/4028
f 1021/1763/4029 1020/1760/4030 1026/1785/4031 1027/1787/4032
f 1022/1762/4033 1021/1763/4034 1027/1787/4035 1028/1780/4036
f 1023/1768/4037 1028/1780/4038 1034/1805/4039 1029/1789/4040
f 1024/1767/4041 1023/1768/4042 1029/1789/4043 1030/1790/4044
f 1025/1276/4045 1024/1278/4046 1030/1264/4047 1031/1251/4048
f 1026/1271/4049 1025/1276/4050 1031/1251/4051 1032/1245/4052
f 1027/1787/4053 1026/1785/4054 1032/1819/4055 1033/1821/4056
f 1028/1780/4057 1027/1787/4058 1033/1821/4059 1034/1805/4060
f 1029/1789/4061 1034/1805/4062 1040/1835/4063 1035/1825/4064
f 1030/1790/4065 1029/1789/4066 1035/1825/4067 1036/1826/4068
f 1031/1251/4069 1030/1264/4070 1036/1239/4071 1037/1226/4072
f 1032/1245/4073 1031/1251/4074 1037/1226/4075 1038/1215/4076
f 1033/1821/4077 1032/1819/4078 1038/1849/4079 1039/1847/4080
f 1034/1805/4081 1033/1821/4082 1039/1847/4083 1040/1835/4084
f 1035/1825/4085 1040/1835/4086 1046/1871/4087 1041/1862/4088
f 1036/1826/4089 1035/1825/4090 1041/1862/4091 1042/1865/4092
f 1037/1226/4093 1036/1239/4094 1042/1195/4095 1043/1188/4096
f 1038/1215/4097 1037/1226/4098 1043/1188/4099 1044/1179/4100
f 1039/1847/4101 1038/1849/4102 1044/1883/4103 1045/1875/4104
f 1040/1835/4105 1039/1847/4106 1045/1875/4107 1046/1871/4108
f 1046/1871/4109 1149/1876/4110 1041/1862/4111
f 1047/603/4112 1048/612/4113 1053/613/4114
f 1047/603/4115 1049/609/4116 1048/612/4117
f 1047/1064/4118 1050/1068/4119 1049/1069/4120
f 1047/1064/4121 1051/1065/4122 1050/1068/4123
f 1047/603/4124 1052/614/4125 1051/611/4126
f 1047/603/4127 1053/613/4128 1052/614/4129
f 1048/612/4130 1054/623/4131 1059/629/4132 1053/613/4133
f 1049/609/4134 1055/621/4135 1054/623/4136 1048/612/4137
f 1050/1068/4138 1056/1079/4139 1055/1070/4140 1049/1069/4141
f 1051/1065/4142 1057/1083/4143 1056/1079/4144 1050/1068/4145
f 1052/614/4146 1058/637/4147 1057/634/4148 1051/611/4149
f 1053/613/4150 1059/629/4151 1058/637/4152 1052/614/4153
f 1054/623/4154 1060/643/4155 1065/661/4156 1059/629/4157
f 1055/621/4158 1061/644/4159 1060/643/4160 1054/623/4161
f 1056/1079/4162 1062/1099/4163 1061/1087/4164 1055/1070/4165
f 1057/1083/4166 1063/1107/4167 1062/1099/4168 1056/1079/4169
f 1058/637/4170 1064/677/4171 1063/676/4172 1057/634/4173
f 1059/629/4174 1065/661/4175 1064/677/4176 1058/637/4177
f 1060/643/4178 1066/679/4179 1071/711/4180 1065/661/4181
f 1061/644/4182 1067/682/4183 1066/679/4184 1060/643/4185
f 1062/1099/4186 1068/1126/4187 1067/1115/4188 1061/1087/4189
f 1063/1107/4190 1069/1136/4191 1068/1126/4192 1062/1099/4193
f 1064/677/4194 1070/734/4195 1069/737/4196 1063/676/4197
f 1065/661/4198 1071/711/4199 1070/734/4200 1064/677/4201
f 1066/679/4202 1072/750/4203 1077/764/4204 1071/711/4205
f 1067/682/4206 1073/755/4207 1072/750/4208 1066/679/4209
f 1068/1126/4210 1074/1170/4211 1073/1161/4212 1067/1115/4213
f 1069/1136/4214 1075/1178/4215 1074/1170/4216 1068/1126/4217
f 1070/734/4218 1076/767/4219 1075/781/4220 1069/737/4221
f 1071/711/4222 1077/764/4223 1076/767/4224 1070/734/4225
f 1077/764/4226 1072/750/4227 1150/771/4228
f 1091/1084/4229 1092/1074/4230 1095/1031/4231 1094/1044/4232
f 1092/1074/4233 1093/1066/4234 1096/1025/4235 1095/1031/4236
f 1093/1066/4237 1082/1050/4238 1083/1006/4239 1096/1025/4240
f 1096/1025/4241 1083/1006/4242 1079/977/4243 1084/991/4244
f 1095/1031/4245 1096/1025/4246 1084/991/4247 1085/997/4248
f 1094/1044/4249 1095/1031/4250 1085/997/4251 1086/1008/4252
f 1080/1053/4253 1094/1044/4254 1086/1008/4255 1078/1020/4256
f 1081/1096/4257 1091/1084/4258 1094/1044/4259 1080/1053/4260
f 1097/973/4261 1098/957/4262 1101/920/4263 1100/949/4264
f 1098/957/4265 1099/946/4266 1102/909/4267 1101/920/4268
f 1100/949/4269 1101/920/4270 1104/902/4271 1103/917/4272
f 1101/920/4273 1102/909/4274 1105/866/4275 1104/902/4276
f 1078/1020/4277 1086/1008/4278 1097/973/4279 1087/1010/4280
f 1086/1008/4281 1085/997/4282 1098/957/4283 1097/973/4284
f 1085/997/4285 1084/991/4286 1099/946/4287 1098/957/4288
f 1084/991/4289 1079/977/4290 1088/930/4291 1099/946/4292
f 1099/946/4293 1088/930/4294 1089/891/4295 1102/909/4296
f 1102/909/4297 1089/891/4298 1090/855/4299 1105/866/4300
f 1078/1020/4301 1087/1010/4302 1106/1067/4303 1080/1053/4304
f 1080/1053/4305 1106/1067/4306 1107/1101/4307 1081/1096/4308
f 1091/1084/4309 1119/1119/4310 1120/1116/4311 1092/1074/4312
f 1092/1074/4313 1120/1116/4314 1121/1104/4315 1093/1066/4316
f 1093/1066/4317 1121/1104/4318 1111/1105/4319 1082/1050/4320
f 1121/1104/4321 1112/1158/4322 1109/1153/4323 1111/1105/4324
f 1120/1116/4325 1113/1169/4326 1112/1158/4327 1121/1104/4328
f 1119/1119/4329 1114/1173/4330 1113/1169/4331 1120/1116/4332
f 1110/1127/4333 1108/1177/4334 1114/1173/4335 1119/1119/4336
f 1081/1096/4337 1110/1127/4338 1119/1119/4339 1091/1084/4340
f 1122/1233/4341 1125/1254/4342 1126/1272/4343 1123/1228/4344
f 1123/1228/4345 1126/1272/4346 1127/1263/4347 1124/1214/4348
f 1125/1275/4349 1128/1286/4350 1129/1306/4351 1126/1272/4352
f 1126/1272/4353 1129/1306/4354 1130/1328/4355 1127/1263/4356
f 1108/1177/4357 1115/1202/4358 1122/1233/4359 1114/1173/4360
f 1114/1173/4361 1122/1233/4362 1123/1228/4363 1113/1169/4364
f 1113/1169/4365 1123/1228/4366 1124/1214/4367 1112/1158/4368
f 1112/1158/4369 1124/1214/4370 1116/1209/4371 1109/1153/4372
f 1124/1214/4373 1127/1263/4374 1117/1267/4375 1116/1209/4376
f 1127/1263/4377 1130/1328/4378 1118/1335/4379 1117/1267/4380
f 1108/1177/4381 1110/1127/4382 1131/1140/4383 1115/1202/4384
f 1110/1127/4385 1081/1096/4386 1107/1101/4387 1131/1140/4388
f 1122/1233/4389 1115/1202/4390 1125/1254/4391
f 1097/973/4392 1100/949/4393 1087/1010/4394
f 1133/600/4395 1132/601/4396 1134/797/4397
f 1138/2599/4398 1136/2544/4399 1139/2304/4400
f 1135/799/4401 1137/798/4402 1139/602/4403
f 576/724/4404 575/705/4405 1140/760/4406
f 575/705/4407 582/707/4408 1140/760/4409
f 582/707/4410 604/726/4411 1140/760/4412
f 604/726/4413 581/748/4414 1140/760/4415
f 581/748/4416 613/768/4417 1140/760/4418
f 613/768/4419 580/793/4420 1140/760/4421
f 580/793/4422 579/809/4423 1140/760/4424
f 579/809/4425 578/804/4426 1140/760/4427
f 578/804/4428 577/776/4429 1140/760/4430
f 577/776/4431 576/724/4432 1140/760/4433
f 729/1361/4434 730/1362/4435 1141/1391/4436
f 730/1362/4437 731/1386/4438 1141/1391/4439
f 731/1386/4440 732/1405/4441 1141/1391/4442
f 732/1405/4443 733/1412/4444 1141/1391/4445
f 733/1412/4446 734/1413/4447 1141/1391/4448
f 734/1413/4449 735/1406/4450 1141/1391/4451
f 735/1406/4452 728/1385/4453 1141/1391/4454
f 761/1546/4455 767/1571/4456 1142/1577/4457
f 767/1571/4458 766/1598/4459 1142/1577/4460
f 766/1598/4461 765/1613/4462 1142/1577/4463
f 765/1613/4464 764/1615/4465 1142/1577/4466
f 764/1615/4467 763/1595/4468 1142/1577/4469
f 763/1595/4470 762/1555/4471 1142/1577/4472
f 762/1555/4473 760/1540/4474 1142/1577/4475
f 829/1182/4476 1143/1210/4477 830/1183/4478
f 830/1183/4479 1143/1210/4480 831/1203/4481
f 831/1203/4482 1143/1210/4483 832/1221/4484
f 832/1221/4485 1143/1210/4486 833/1236/4487
f 833/1236/4488 1143/1210/4489 834/1237/4490
f 834/1237/4491 1143/1210/4492 835/1224/4493
f 835/1224/4494 1143/1210/4495 828/1201/4496
f 861/1955/4497 1144/1917/4498 867/1926/4499
f 867/1926/4500 1144/1917/4501 866/1897/4502
f 866/1897/4503 1144/1917/4504 865/1869/4505
f 865/1869/4506 1144/1917/4507 864/1870/4508
f 864/1870/4509 1144/1917/4510 863/1903/4511
f 863/1903/4512 1144/1917/4513 862/1950/4514
f 862/1950/4515 1144/1917/4516 860/1961/4517
f 917/2318/4518 918/2308/4519 1145/2302/4520
f 918/2350/4521 919/2343/4522 1145/2309/4523
f 919/2343/4524 920/2303/4525 1145/2309/4526
f 920/2305/4527 921/2313/4528 1145/2302/4529
f 921/2313/4530 922/2327/4531 1145/2302/4532
f 948/1911/4533 949/1910/4534 1146/1900/4535
f 949/1702/4536 950/1694/4537 1146/1689/4538
f 950/1694/4539 951/1684/4540 1146/1689/4541
f 951/1894/4542 952/1902/4543 1146/1900/4544
f 952/1902/4545 953/1905/4546 1146/1900/4547
f 979/1172/4548 1147/1147/4549 980/1165/4550
f 980/1764/4551 1147/1744/4552 981/1748/4553
f 981/1748/4554 1147/1744/4555 982/1740/4556
f 982/1143/4557 1147/1147/4558 983/1154/4559
f 983/1154/4560 1147/1147/4561 984/1160/4562
f 1010/1118/4563 1011/1121/4564 1148/1134/4565
f 1011/2105/4566 1012/2119/4567 1148/2130/4568
f 1012/2119/4569 1013/2134/4570 1148/2130/4571
f 1013/1138/4572 1014/1128/4573 1148/1134/4574
f 1014/1128/4575 1015/1125/4576 1148/1134/4577
f 1041/1862/4578 1149/1876/4579 1042/1865/4580
f 1042/1195/4581 1149/1187/4582 1043/1188/4583
f 1043/1188/4584 1149/1187/4585 1044/1179/4586
f 1044/1883/4587 1149/1876/4588 1045/1875/4589
f 1045/1875/4590 1149/1876/4591 1046/1871/4592
f 1072/750/4593 1073/755/4594 1150/771/4595
f 1073/1161/4596 1074/1170/4597 1150/1174/4598
f 1074/1170/4599 1075/1178/4600 1150/1174/4601
f 1075/781/4602 1076/767/4603 1150/771/4604
f 1076/767/4605 1077/764/4606 1150/771/4607
f 640/1682/4608 1087/1679/4609 1100/1651/4610
f 1087/1679/4611 640/1682/4612 672/1725/4613 1106/1724/4614
f 1106/1724/4615 672/1725/4616 675/1757/4617 1107/1758/4618
f 1107/1758/4619 675/1757/4620 721/1797/4621 1131/1798/4622
f 1131/1798/4623 721/1797/4624 697/1842/4625 1115/1848/4626
f 1115/1848/4627 697/1842/4628 1125/1904/4629
f 1151/1313/4630 1159/1219/4631 1166/1166/4632 1158/1280/4633
f 1152/1357/4634 1160/1257/4635 1159/1219/4636 1151/1313/4637
f 1153/1390/4638 1161/1285/4639 1160/1257/4640 1152/1357/4641
f 1154/1389/4642 1162/1309/4643 1161/1285/4644 1153/1390/4645
f 1155/939/4646 1163/918/4647 1162/847/4648 1154/863/4649
f 1156/1049/4650 1164/1024/4651 1163/918/4652 1155/939/4653
f 1157/1156/4654 1165/1100/4655 1164/1024/4656 1156/1049/4657
f 1158/1280/4658 1166/1166/4659 1165/1100/4660 1157/1156/4661
f 1159/1219/4662 1167/1142/4663 1174/1102/4664 1166/1166/4665
f 1160/1257/4666 1168/1189/4667 1167/1142/4668 1159/1219/4669
f 1161/1285/4670 1169/1232/4671 1168/1189/4672 1160/1257/4673
f 1162/1309/4674 1170/1265/4675 1169/1232/4676 1161/1285/4677
f 1163/918/4678 1171/911/4679 1170/843/4680 1162/847/4681
f 1164/1024/4682 1172/998/4683 1171/911/4684 1163/918/4685
f 1165/1100/4686 1173/1061/4687 1172/998/4688 1164/1024/4689
f 1166/1166/4690 1174/1102/4691 1173/1061/4692 1165/1100/4693
f 1167/1142/4694 1175/1095/4695 1182/1057/4696 1174/1102/4697
f 1168/1189/4698 1176/1122/4699 1175/1095/4700 1167/1142/4701
f 1169/1232/4702 1177/1163/4703 1176/1122/4704 1168/1189/4705
f 1170/1265/4706 1178/1217/4707 1177/1163/4708 1169/1232/4709
f 1171/911/4710 1179/896/4711 1178/836/4712 1170/843/4713
f 1172/998/4714 1180/970/4715 1179/896/4716 1171/911/4717
f 1173/1061/4718 1181/1021/4719 1180/970/4720 1172/998/4721
f 1174/1102/4722 1182/1057/4723 1181/1021/4724 1173/1061/4725
f 1175/1095/4726 1183/1043/4727 1190/1016/4728 1182/1057/4729
f 1176/1122/4730 1184/1077/4731 1183/1043/4732 1175/1095/4733
f 1177/1163/4734 1185/1106/4735 1184/1077/4736 1176/1122/4737
f 1178/1217/4738 1186/1148/4739 1185/1106/4740 1177/1163/4741
f 1179/896/4742 1187/879/4743 1186/822/4744 1178/836/4745
f 1180/970/4746 1188/937/4747 1187/879/4748 1179/896/4749
f 1181/1021/4750 1189/990/4751 1188/937/4752 1180/970/4753
f 1182/1057/4754 1190/1016/4755 1189/990/4756 1181/1021/4757
f 1183/1043/4758 1191/999/4759 1198/976/4760 1190/1016/4761
f 1184/1077/4762 1192/1022/4763 1191/999/4764 1183/1043/4765
f 1185/1106/4766 1193/1046/4767 1192/1022/4768 1184/1077/4769
f 1186/1148/4770 1194/1080/4771 1193/1046/4772 1185/1106/4773
f 1187/879/4774 1195/865/4775 1194/813/4776 1186/822/4777
f 1188/937/4778 1196/910/4779 1195/865/4780 1187/879/4781
f 1189/990/4782 1197/945/4783 1196/910/4784 1188/937/4785
f 1190/1016/4786 1198/976/4787 1197/945/4788 1189/990/4789
f 1191/999/4790 1199/927/4791 1206/912/4792 1198/976/4793
f 1192/1022/4794 1200/943/4795 1199/927/4796 1191/999/4797
f 1193/1046/4798 1201/958/4799 1200/943/4800 1192/1022/4801
f 1194/1080/4802 1202/966/4803 1201/958/4804 1193/1046/4805
f 1195/865/4806 1203/848/4807 1202/816/4808 1194/813/4809
f 1196/910/4810 1204/871/4811 1203/848/4812 1195/865/4813
f 1197/945/4814 1205/893/4815 1204/871/4816 1196/910/4817
f 1198/976/4818 1206/912/4819 1205/893/4820 1197/945/4821
f 1199/927/4822 1207/831/4823 1214/830/4824 1206/912/4825
f 1200/943/4826 1208/832/4827 1207/831/4828 1199/927/4829
f 1201/958/4830 1209/833/4831 1208/832/4832 1200/943/4833
f 1202/966/4834 1210/834/4835 1209/833/4836 1201/958/4837
f 1203/848/4838 1211/827/4839 1210/826/4840 1202/816/4841
f 1204/871/4842 1212/828/4843 1211/827/4844 1203/848/4845
f 1205/893/4846 1213/829/4847 1212/828/4848 1204/871/4849
f 1206/912/4850 1214/830/4851 1213/829/4852 1205/893/4853
f 1158/869/4854 1220/936/4855 1227/984/4856
f 1157/841/4857 1221/904/4858 1220/936/4859 1158/869/4860
f 1215/814/4861 1222/877/4862 1221/904/4863 1157/841/4864
f 1216/815/4865 1223/864/4866 1222/877/4867 1215/814/4868
f 1217/1218/4869 1224/1240/4870 1223/1349/4871 1216/1320/4872
f 1218/1090/4873 1225/1114/4874 1224/1240/4875 1217/1218/4876
f 1219/992/4877 1226/1035/4878 1225/1114/4879 1218/1090/4880
f 1158/869/4881 1227/984/4882 1226/1035/4883 1219/992/4884
f 1220/936/4885 1228/995/4886 1235/1028/4887 1227/984/4888
f 1221/904/4889 1229/961/4890 1228/995/4891 1220/936/4892
f 1222/877/4893 1230/923/4894 1229/961/4895 1221/904/4896
f 1223/864/4897 1231/897/4898 1230/923/4899 1222/877/4900
f 1224/1240/4901 1232/1250/4902 1231/1360/4903 1223/1349/4904
f 1225/1114/4905 1233/1145/4906 1232/1250/4907 1224/1240/4908
f 1226/1035/4909 1234/1082/4910 1233/1145/4911 1225/1114/4912
f 1227/984/4913 1235/1028/4914 1234/1082/4915 1226/1035/4916
f 1228/995/4917 1236/1041/4918 1243/1076/4919 1235/1028/4920
f 1229/961/4921 1237/1011/4922 1236/1041/4923 1228/995/4924
f 1230/923/4925 1238/980/4926 1237/1011/4927 1229/961/4928
f 1231/897/4929 1239/938/4930 1238/980/4931 1230/923/4932
f 1232/1250/4933 1240/1270/4934 1239/1377/4935 1231/1360/4936
f 1233/1145/4937 1241/1181/4938 1240/1270/4939 1232/1250/4940
f 1234/1082/4941 1242/1112/4942 1241/1181/4943 1233/1145/4944
f 1235/1028/4945 1243/1076/4946 1242/1112/4947 1234/1082/4948
f 1236/1041/4949 1244/1088/4950 1251/1117/4951 1243/1076/4952
f 1237/1011/4953 1245/1054/4954 1244/1088/4955 1236/1041/4956
f 1238/980/4957 1246/1026/4958 1245/1054/4959 1237/1011/4960
f 1239/938/4961 1247/996/4962 1246/1026/4963 1238/980/4964
f 1240/1270/4965 1248/1287/4966 1247/1387/4967 1239/1377/4968
f 1241/1181/4969 1249/1216/4970 1248/1287/4971 1240/1270/4972
f 1242/1112/4973 1250/1159/4974 1249/1216/4975 1241/1181/4976
f 1243/1076/4977 1251/1117/4978 1250/1159/4979 1242/1112/4980
f 1244/1088/4981 1252/1135/4982 1259/1175/4983 1251/1117/4984
f 1245/1054/4985 1253/1110/4986 1252/1135/4987 1244/1088/4988
f 1246/1026/4989 1254/1085/4990 1253/1110/4991 1245/1054/4992
f 1247/996/4993 1255/1062/4994 1254/1085/4995 1246/1026/4996
f 1248/1287/4997 1256/1307/4998 1255/1394/4999 1247/1387/5000
f 1249/1216/5001 1257/1248/5002 1256/1307/5003 1248/1287/5004
f 1250/1159/5005 1258/1208/5006 1257/1248/5007 1249/1216/5008
f 1251/1117/5009 1259/1175/5010 1258/1208/5011 1250/1159/5012
f 1252/1135/5013 1260/1229/5014 1267/1246/5015 1259/1175/5016
f 1253/1110/5017 1261/1206/5018 1260/1229/5019 1252/1135/5020
f 1254/1085/5021 1262/1190/5022 1261/1206/5023 1253/1110/5024
f 1255/1062/5025 1263/1180/5026 1262/1190/5027 1254/1085/5028
f 1256/1307/5029 1264/1338/5030 1263/1388/5031 1255/1394/5032
f 1257/1248/5033 1265/1292/5034 1264/1338/5035 1256/1307/5036
f 1258/1208/5037 1266/1268/5038 1265/1292/5039 1257/1248/5040
f 1259/1175/5041 1267/1246/5042 1266/1268/5043 1258/1208/5044
f 1260/1229/5045 1268/1367/5046 1275/1368/5047 1267/1246/5048
f 1261/1206/5049 1269/1366/5050 1268/1367/5051 1260/1229/5052
f 1262/1190/5053 1270/1365/5054 1269/1366/5055 1261/1206/5056
f 1263/1180/5057 1271/1364/5058 1270/1365/5059 1262/1190/5060
f 1264/1338/5061 1272/1372/5062 1271/1373/5063 1263/1388/5064
f 1265/1292/5065 1273/1371/5066 1272/1372/5067 1264/1338/5068
f 1266/1268/5069 1274/1369/5070 1273/1371/5071 1265/1292/5072
f 1267/1246/5073 1275/1368/5074 1274/1369/5075 1266/1268/5076
f 1158/543/5077 1280/431/5078 1287/449/5079 1151/568/5080
f 1219/418/5081 1281/369/5082 1280/431/5083 1158/543/5084
f 1276/318/5085 1282/293/5086 1281/369/5087 1219/418/5088
f 1277/205/5089 1283/175/5090 1282/293/5091 1276/318/5092
f 1278/92/5093 1284/86/5094 1283/175/5095 1277/205/5096
f 1279/593/5097 1285/499/5098 1284/524/5099 1278/595/5100
f 1152/594/5101 1286/477/5102 1285/499/5103 1279/593/5104
f 1151/568/5105 1287/449/5106 1286/477/5107 1152/594/5108
f 1280/431/5109 1288/366/5110 1295/404/5111 1287/449/5112
f 1281/369/5113 1289/316/5114 1288/366/5115 1280/431/5116
f 1282/293/5117 1290/265/5118 1289/316/5119 1281/369/5120
f 1283/175/5121 1291/157/5122 1290/265/5123 1282/293/5124
f 1284/86/5125 1292/75/5126 1291/157/5127 1283/175/5128
f 1285/499/5129 1293/452/5130 1292/478/5131 1284/524/5132
f 1286/477/5133 1294/438/5134 1293/452/5135 1285/499/5136
f 1287/449/5137 1295/404/5138 1294/438/5139 1286/477/5140
f 1288/366/5141 1296/313/5142 1303/350/5143 1295/404/5144
f 1289/316/5145 1297/282/5146 1296/313/5147 1288/366/5148
f 1290/265/5149 1298/236/5150 1297/282/5151 1289/316/5152
f 1291/157/5153 1299/141/5154 1298/236/5155 1290/265/5156
f 1292/75/5157 1300/60/5158 1299/141/5159 1291/157/5160
f 1293/452/5161 1301/423/5162 1300/441/5163 1292/478/5164
f 1294/438/5165 1302/395/5166 1301/423/5167 1293/452/5168
f 1295/404/5169 1303/350/5170 1302/395/5171 1294/438/5172
f 1296/313/5173 1304/275/5174 1311/301/5175 1303/350/5176
f 1297/282/5177 1305/255/5178 1304/275/5179 1296/313/5180
f 1298/236/5181 1306/183/5182 1305/255/5183 1297/282/5184
f 1299/141/5185 1307/120/5186 1306/183/5187 1298/236/5188
f 1300/60/5189 1308/39/5190 1307/120/5191 1299/141/5192
f 1301/423/5193 1309/361/5194 1308/402/5195 1300/441/5196
f 1302/395/5197 1310/325/5198 1309/361/5199 1301/423/5200
f 1303/350/5201 1311/301/5202 1310/325/5203 1302/395/5204
f 1304/275/5205 1312/239/5206 1319/261/5207 1311/301/5208
f 1305/255/5209 1313/191/5210 1312/239/5211 1304/275/5212
f 1306/183/5213 1314/150/5214 1313/191/5215 1305/255/5216
f 1307/120/5217 1315/95/5218 1314/150/5219 1306/183/5220
f 1308/39/5221 1316/20/5222 1315/95/5223 1307/120/5224
f 1309/361/5225 1317/299/5226 1316/320/5227 1308/402/5228
f 1310/325/5229 1318/276/5230 1317/299/5231 1309/361/5232
f 1311/301/5233 1319/261/5234 1318/276/5235 1310/325/5236
f 1312/239/5237 1320/147/5238 1327/161/5239 1319/261/5240
f 1313/191/5241 1321/132/5242 1320/147/5243 1312/239/5244
f 1314/150/5245 1322/98/5246 1321/132/5247 1313/191/5248
f 1315/95/5249 1323/78/5250 1322/98/5251 1314/150/5252
f 1316/20/5253 1324/8/5254 1323/78/5255 1315/95/5256
f 1317/299/5257 1325/203/5258 1324/208/5259 1316/320/5260
f 1318/276/5261 1326/180/5262 1325/203/5263 1317/299/5264
f 1319/261/5265 1327/161/5266 1326/180/5267 1318/276/5268
f 1320/147/5269 1328/31/5270 1335/33/5271 1327/161/5272
f 1321/132/5273 1329/30/5274 1328/31/5275 1320/147/5276
f 1322/98/5277 1330/29/5278 1329/30/5279 1321/132/5280
f 1323/78/5281 1331/24/5282 1330/29/5283 1322/98/5284
f 1324/8/5285 1332/21/5286 1331/24/5287 1323/78/5288
f 1325/203/5289 1333/35/5290 1332/36/5291 1324/208/5292
f 1326/180/5293 1334/34/5294 1333/35/5295 1325/203/5296
f 1327/161/5297 1335/33/5298 1334/34/5299 1326/180/5300
f 1219/1772/5301 1218/1811/5302 1276/1703/5303
f 1152/1399/5304 1279/1437/5305 1153/1456/5306
f 1157/1818/5307 1156/1720/5308 1215/1815/5309
f 1153/1456/5310 1279/1437/5311 1341/1465/5312 1340/1480/5313
f 1217/1845/5314 1338/1800/5315 1218/1811/5316
f 1155/1627/5317 1336/1704/5318 1156/1720/5319
f 1156/1720/5320 1336/1704/5321 1337/1784/5322 1215/1815/5323
f 1215/1815/5324 1337/1784/5325 1216/1851/5326
f 1218/1811/5327 1338/1800/5328 1339/1710/5329 1276/1703/5330
f 1276/1703/5331 1339/1710/5332 1277/1591/5333
f 1340/1480/5334 1154/1517/5335 1153/1456/5336
f 1341/1465/5337 1279/1437/5338 1278/1491/5339
f 1337/1784/5340 1336/1704/5341 1363/1688/5342 1362/1746/5343
f 1216/1851/5344 1337/1784/5345 1362/1746/5346 1356/1810/5347
f 1154/1517/5348 1340/1480/5349 1365/1513/5350 1354/1556/5351
f 1336/1704/5352 1155/1627/5353 1355/1629/5354 1363/1688/5355
f 1155/1627/5356 1154/1517/5357 1354/1556/5358 1355/1629/5359
f 1340/1480/5360 1341/1465/5361 1360/1502/5362 1365/1513/5363
f 1341/1465/5364 1278/1491/5365 1359/1525/5366 1360/1502/5367
f 1338/1800/5368 1217/1845/5369 1357/1816/5370 1364/1776/5371
f 1278/1491/5372 1277/1591/5373 1358/1605/5374 1359/1525/5375
f 1217/1845/5376 1216/1851/5377 1356/1810/5378 1357/1816/5379
f 1277/1591/5380 1339/1710/5381 1361/1698/5382 1358/1605/5383
f 1339/1710/5384 1338/1800/5385 1364/1776/5386 1361/1698/5387
f 1343/2087/5388 1342/1971/5389 1366/1990/5390 1367/2081/5391
f 1342/1991/5392 1343/2088/5393 1355/2091/5394 1354/1981/5395
f 1344/2265/5396 1345/2199/5397 1357/2228/5398 1356/2297/5399
f 1346/1895/5400 1347/1836/5401 1359/1824/5402 1358/1873/5403
f 1347/1836/5404 1353/1846/5405 1360/1831/5406 1359/1824/5407
f 1351/2012/5408 1346/1895/5409 1358/1873/5410 1361/2009/5411
f 1349/2233/5412 1344/2265/5413 1356/2297/5414 1362/2270/5415
f 1343/2088/5416 1348/2163/5417 1363/2179/5418 1355/2091/5419
f 1348/2163/5420 1349/2233/5421 1362/2270/5422 1363/2179/5423
f 1345/2199/5424 1350/2118/5425 1364/2126/5426 1357/2228/5427
f 1350/2118/5428 1351/2012/5429 1361/2009/5430 1364/2126/5431
f 1352/1913/5432 1342/1991/5433 1354/1981/5434 1365/1891/5435
f 1353/1846/5436 1352/1913/5437 1365/1891/5438 1360/1831/5439
f 1349/2295/5440 1348/2181/5441 1375/2132/5442 1374/2207/5443
f 1346/1833/5444 1351/1960/5445 1373/1987/5446 1370/1880/5447
f 1352/1866/5448 1353/1802/5449 1372/1844/5450 1377/1914/5451
f 1345/2224/5452 1344/2311/5453 1368/2221/5454 1369/2164/5455
f 1350/2107/5456 1345/2224/5457 1369/2164/5458 1376/2097/5459
f 1344/2311/5460 1349/2295/5461 1374/2207/5462 1368/2221/5463
f 1347/1796/5464 1346/1833/5465 1370/1880/5466 1371/1839/5467
f 1351/1960/5468 1350/2107/5469 1376/2097/5470 1373/1987/5471
f 1348/2181/5472 1343/2087/5473 1367/2081/5474 1375/2132/5475
f 1353/1802/5476 1347/1796/5477 1371/1839/5478 1372/1844/5479
f 1342/1971/5480 1352/1866/5481 1377/1914/5482 1366/1990/5483
f 1366/1990/5484 1377/1914/5485 1378/2041/5486
f 1377/1914/5487 1372/1844/5488 1378/2041/5489
f 1372/1844/5490 1371/1839/5491 1378/2041/5492
f 1371/1839/5493 1370/1880/5494 1378/2041/5495
f 1370/1880/5496 1373/1987/5497 1378/2041/5498
f 1373/1987/5499 1376/2097/5500 1378/2041/5501
f 1376/2097/5502 1369/2164/5503 1378/2041/5504
f 1369/2164/5505 1368/2221/5506 1378/2041/5507
f 1368/2221/5508 1374/2207/5509 1378/2041/5510
f 1374/2207/5511 1375/2132/5512 1378/2041/5513
f 1375/2132/5514 1367/2081/5515 1378/2041/5516
f 1367/2081/5517 1366/1990/5518 1378/2041/5519
f 619/837/5520 620/838/5521 616/882/5522 592/947/5523
f 592/947/5524 625/880/5525 618/846/5526 619/837/5527
f 621/1722/5528 1602/1736/5529 626/1664/5530
f 1604/1561/5531 1602/1736/5532 622/1663/5533 623/1564/5534
f 1407/1078/5535 1408/1120/5536 1487/1098/5537
f 1393/856/5538 1380/850/5539 1382/883/5540 1394/888/5541
f 1394/888/5542 1382/883/5543 1384/921/5544 1395/928/5545
f 1395/928/5546 1384/921/5547 1386/979/5548 1396/978/5549
f 1396/978/5550 1386/979/5551 1388/1027/5552 1397/1023/5553
f 1397/1023/5554 1388/1027/5555 1390/1086/5556 1398/1081/5557
f 1398/1081/5558 1390/1086/5559 1392/1141/5560 1399/1137/5561
f 1399/821/5562 1392/812/5563 1380/850/5564 1393/856/5565
f 1391/860/5566 1399/821/5567 1393/856/5568 1379/878/5569
f 1389/1037/5570 1398/1081/5571 1399/1137/5572 1391/1073/5573
f 1387/1004/5574 1397/1023/5575 1398/1081/5576 1389/1037/5577
f 1385/972/5578 1396/978/5579 1397/1023/5580 1387/1004/5581
f 1383/933/5582 1395/928/5583 1396/978/5584 1385/972/5585
f 1381/907/5586 1394/888/5587 1395/928/5588 1383/933/5589
f 1379/878/5590 1393/856/5591 1394/888/5592 1381/907/5593
f 1387/2602/5594 1389/2630/5595 1405/2637/5596 1404/2608/5597
f 1381/2485/5598 1383/2453/5599 1402/2436/5600 1401/2454/5601
f 1391/2624/5602 1379/2569/5603 1400/2570/5604 1406/2629/5605
f 1385/2533/5606 1387/2602/5607 1404/2608/5608 1403/2521/5609
f 1389/2630/5610 1391/2624/5611 1406/2629/5612 1405/2637/5613
f 1383/2453/5614 1385/2533/5615 1403/2521/5616 1402/2436/5617
f 1379/2569/5618 1381/2485/5619 1401/2454/5620 1400/2570/5621
f 1401/2337/5622 1402/2529/5623 1409/2422/5624 1408/2374/5625
f 1480/2450/5626 1481/2378/5627 1488/2418/5628
f 1404/2530/5629 1405/2334/5630 1412/2365/5631 1411/2414/5632
f 1400/2235/5633 1401/2337/5634 1408/2374/5635 1407/2339/5636
f 1402/2529/5637 1403/2605/5638 1410/2438/5639 1409/2422/5640
f 1405/2334/5641 1406/2241/5642 1413/2333/5643 1412/2365/5644
f 1403/2605/5645 1404/2530/5646 1411/2414/5647 1410/2438/5648
f 1406/2241/5649 1400/2235/5650 1407/2339/5651 1413/2333/5652
f 1429/1749/5653 1415/1699/5654 1417/1624/5655 1430/1667/5656
f 1432/1488/5657 1416/1492/5658 1414/1402/5659 1428/1354/5660
f 1428/1354/5661 1414/1402/5662 1425/1363/5663 1433/1318/5664
f 1433/1318/5665 1425/1363/5666 1426/1348/5667 1431/1295/5668
f 1431/1295/5669 1426/1348/5670 1427/1329/5671 1434/1274/5672
f 1418/1471/5673 1415/1472/5674 1427/1495/5675 1426/1494/5676
f 1414/1470/5677 1418/1471/5678 1426/1494/5679 1425/1493/5680
f 1419/1355/5681 1422/1346/5682 1421/1376/5683
f 1422/1346/5684 1423/1344/5685 1421/1376/5686
f 1423/1344/5687 1424/1347/5688 1421/1376/5689
f 1424/1347/5690 1420/1356/5691 1421/1376/5692
f 1431/1890/5693 1434/1887/5694 1452/1852/5695 1446/1857/5696
f 1430/1667/5697 1417/1624/5698 1420/1603/5699 1439/1639/5700
f 1435/2175/5701 1432/2136/5702 1448/2158/5703 1459/2196/5704
f 1432/2136/5705 1428/1944/5706 1460/1922/5707 1448/2158/5708
f 1435/1514/5709 1419/1507/5710 1416/1492/5711 1432/1488/5712
f 1419/1355/5713 1421/1376/5714 1416/1380/5715
f 1417/1378/5716 1415/1472/5717 1418/1471/5718 1421/1376/5719
f 1438/2211/5720 1437/2223/5721 1463/2261/5722 1464/2248/5723
f 1434/1887/5724 1429/1940/5725 1442/1920/5726 1452/1852/5727
f 1416/1380/5728 1421/1376/5729 1418/1471/5730 1414/1470/5731
f 1428/1944/5732 1433/1893/5733 1461/1859/5734 1460/1922/5735
f 1417/1378/5736 1421/1376/5737 1420/1356/5738
f 1439/2178/5739 1438/2211/5740 1464/2248/5741 1465/2203/5742
f 1424/1580/5743 1438/1611/5744 1439/1639/5745 1420/1603/5746
f 1423/1562/5747 1437/1582/5748 1438/1611/5749 1424/1580/5750
f 1422/1533/5751 1436/1547/5752 1437/1582/5753 1423/1562/5754
f 1419/1507/5755 1435/1514/5756 1436/1547/5757 1422/1533/5758
f 1415/1319/5759 1429/1262/5760 1434/1274/5761 1427/1329/5762
f 1436/2209/5763 1435/2175/5764 1459/2196/5765 1462/2243/5766
f 1433/1893/5767 1431/1890/5768 1446/1857/5769 1461/1859/5770
f 1430/2146/5771 1439/2178/5772 1465/2203/5773 1445/2166/5774
f 1429/1952/5775 1430/2146/5776 1445/2166/5777 1442/1929/5778
f 1437/2223/5779 1436/2209/5780 1462/2243/5781 1463/2261/5782
f 1443/47/5783 1440/106/5784 1447/105/5785 1451/82/5786
f 1440/106/5787 1441/176/5788 1450/152/5789 1447/105/5790
f 1442/4/5791 1443/10/5792 1451/82/5793 1452/83/5794
f 1454/69/5795 1455/89/5796 1453/107/5797
f 1455/89/5798 1456/108/5799 1453/107/5800
f 1456/108/5801 1457/139/5802 1453/107/5803
f 1457/139/5804 1458/160/5805 1453/107/5806
f 1459/421/5807 1458/420/5808 1457/440/5809 1462/439/5810
f 1462/439/5811 1457/440/5812 1456/462/5813 1463/463/5814
f 1463/463/5815 1456/462/5816 1455/493/5817 1464/492/5818
f 1464/492/5819 1455/493/5820 1454/530/5821 1465/529/5822
f 1440/106/5823 1453/107/5824 1449/177/5825 1441/176/5826
f 1443/47/5827 1444/48/5828 1453/107/5829 1440/106/5830
f 1458/420/5831 1459/421/5832 1448/386/5833 1449/387/5834
f 1449/177/5835 1453/107/5836 1458/160/5837
f 1453/107/5838 1444/48/5839 1454/69/5840
f 1444/570/5841 1445/569/5842 1465/529/5843 1454/530/5844
f 1447/105/5845 1446/104/5846 1452/83/5847 1451/82/5848
f 1450/152/5849 1461/151/5850 1446/104/5851 1447/105/5852
f 1441/216/5853 1460/215/5854 1461/151/5855 1450/152/5856
f 1449/387/5857 1448/386/5858 1460/215/5859 1441/216/5860
f 1443/807/5861 1442/806/5862 1445/569/5863 1444/570/5864
f 1471/2582/5865 1472/2610/5866 1475/2581/5867 1479/2554/5868
f 1382/766/5869 1380/683/5870 1467/684/5871 1466/758/5872
f 1380/683/5873 1392/626/5874 1468/630/5875 1467/684/5876
f 1392/626/5877 1390/605/5878 1469/620/5879 1468/630/5880
f 1390/605/5881 1388/655/5882 1470/658/5883 1469/620/5884
f 1388/655/5885 1386/736/5886 1471/727/5887 1470/658/5888
f 1386/736/5889 1384/791/5890 1472/775/5891 1471/727/5892
f 1384/791/5893 1382/766/5894 1466/758/5895 1472/775/5896
f 1478/2390/5897 1479/2554/5898 1486/2467/5899 1485/2409/5900
f 1469/2271/5901 1470/2385/5902 1478/2390/5903 1477/2298/5904
f 1467/2359/5905 1468/2269/5906 1476/2291/5907 1474/2363/5908
f 1466/2516/5909 1467/2359/5910 1474/2363/5911 1473/2489/5912
f 1470/2385/5913 1471/2582/5914 1479/2554/5915 1478/2390/5916
f 1468/2269/5917 1469/2271/5918 1477/2298/5919 1476/2291/5920
f 1472/2610/5921 1466/2516/5922 1473/2489/5923 1475/2581/5924
f 1476/2291/5925 1477/2298/5926 1484/2360/5927 1483/2346/5928
f 1475/2581/5929 1473/2489/5930 1480/2450/5931 1482/2501/5932
f 1479/2554/5933 1475/2581/5934 1482/2501/5935 1486/2467/5936
f 1477/2298/5937 1478/2390/5938 1485/2409/5939 1484/2360/5940
f 1474/2363/5941 1476/2291/5942 1483/2346/5943 1481/2378/5944
f 1473/2489/5945 1474/2363/5946 1481/2378/5947 1480/2450/5948
f 1408/1120/5949 1409/1149/5950 1487/1098/5951
f 1409/1149/5952 1410/1130/5953 1487/1098/5954
f 1410/1130/5955 1411/1097/5956 1487/1098/5957
f 1411/1097/5958 1412/1055/5959 1487/1098/5960
f 1412/1055/5961 1413/1045/5962 1487/1098/5963
f 1413/1045/5964 1407/1078/5965 1487/1098/5966
f 1481/2378/5967 1483/2346/5968 1488/2418/5969
f 1483/2346/5970 1484/2360/5971 1488/2418/5972
f 1484/2360/5973 1485/2409/5974 1488/2418/5975
f 1485/2409/5976 1486/2467/5977 1488/2418/5978
f 1486/2467/5979 1482/2501/5980 1488/2418/5981
f 1482/2501/5982 1480/2450/5983 1488/2418/5984
f 1519/1019/5985 1600/1000/5986 1520/981/5987
f 1505/1468/5988 1506/1422/5989 1494/1425/5990 1492/1475/5991
f 1506/1422/5992 1507/1370/5993 1496/1374/5994 1494/1425/5995
f 1507/1370/5996 1508/1317/5997 1498/1314/5998 1496/1374/5999
f 1508/1317/6000 1509/1273/6001 1500/1266/6002 1498/1314/6003
f 1509/1273/6004 1510/1222/6005 1502/1213/6006 1500/1266/6007
f 1510/1222/6008 1511/1150/6009 1504/1146/6010 1502/1213/6011
f 1511/1524/6012 1505/1468/6013 1492/1475/6014 1504/1531/6015
f 1503/1462/6016 1491/1432/6017 1505/1468/6018 1511/1524/6019
f 1501/1259/6020 1503/1227/6021 1511/1150/6022 1510/1222/6023
f 1499/1291/6024 1501/1259/6025 1510/1222/6026 1509/1273/6027
f 1497/1327/6028 1499/1291/6029 1509/1273/6030 1508/1317/6031
f 1495/1358/6032 1497/1327/6033 1508/1317/6034 1507/1370/6035
f 1493/1403/6036 1495/1358/6037 1507/1370/6038 1506/1422/6039
f 1491/1432/6040 1493/1403/6041 1506/1422/6042 1505/1468/6043
f 1499/2257/6044 1516/2266/6045 1517/2307/6046 1501/2296/6047
f 1493/2169/6048 1513/2155/6049 1514/2133/6050 1495/2153/6051
f 1503/2278/6052 1518/2294/6053 1512/2219/6054 1491/2218/6055
f 1497/2184/6056 1515/2180/6057 1516/2266/6058 1499/2257/6059
f 1501/2296/6060 1517/2307/6061 1518/2294/6062 1503/2278/6063
f 1495/2153/6064 1514/2133/6065 1515/2180/6066 1497/2184/6067
f 1491/2218/6068 1512/2219/6069 1513/2155/6070 1493/2169/6071
f 1513/2351/6072 1520/2231/6073 1521/2263/6074 1514/2352/6075
f 1592/2449/6076 1601/2410/6077 1593/2377/6078
f 1516/2433/6079 1523/2568/6080 1524/2600/6081 1517/2448/6082
f 1512/2373/6083 1519/2314/6084 1520/2231/6085 1513/2351/6086
f 1514/2352/6087 1521/2263/6088 1522/2386/6089 1515/2379/6090
f 1517/2448/6091 1524/2600/6092 1525/2490/6093 1518/2424/6094
f 1515/2379/6095 1522/2386/6096 1523/2568/6097 1516/2433/6098
f 1518/2424/6099 1525/2490/6100 1519/2314/6101 1512/2373/6102
f 1541/811/6103 1542/872/6104 1529/903/6105 1527/859/6106
f 1544/1007/6107 1540/1144/6108 1526/1103/6109 1528/1005/6110
f 1540/1144/6111 1545/1193/6112 1537/1129/6113 1526/1103/6114
f 1545/1193/6115 1543/1223/6116 1538/1162/6117 1537/1129/6118
f 1543/1223/6119 1546/1247/6120 1539/1184/6121 1538/1162/6122
f 1530/2286/6123 1538/2237/6124 1539/2238/6125 1527/2287/6126
f 1526/2285/6127 1537/2236/6128 1538/2237/6129 1530/2286/6130
f 1531/2560/6131 1533/2532/6132 1534/2586/6133
f 1534/2586/6134 1533/2532/6135 1535/2595/6136
f 1535/2595/6137 1533/2532/6138 1536/2587/6139
f 1536/2587/6140 1533/2532/6141 1532/2561/6142
f 1543/1889/6143 1558/1856/6144 1564/1853/6145 1546/1886/6146
f 1542/872/6147 1551/892/6148 1532/915/6149 1529/903/6150
f 1547/2174/6151 1571/2195/6152 1560/2157/6153 1544/2135/6154
f 1544/2135/6155 1560/2157/6156 1572/1921/6157 1540/1945/6158
f 1547/983/6159 1544/1007/6160 1528/1005/6161 1531/989/6162
f 1531/2560/6163 1528/2526/6164 1533/2532/6165
f 1529/2528/6166 1533/2532/6167 1530/2286/6168 1527/2287/6169
f 1550/2210/6170 1576/2247/6171 1575/2260/6172 1549/2222/6173
f 1546/1886/6174 1564/1853/6175 1554/1919/6176 1541/1939/6177
f 1528/2526/6178 1526/2285/6179 1530/2286/6180 1533/2532/6181
f 1540/1945/6182 1572/1921/6183 1573/1858/6184 1545/1892/6185
f 1529/2528/6186 1532/2561/6187 1533/2532/6188
f 1551/2177/6189 1577/2202/6190 1576/2247/6191 1550/2210/6192
f 1536/926/6193 1532/915/6194 1551/892/6195 1550/908/6196
f 1535/944/6197 1536/926/6198 1550/908/6199 1549/922/6200
f 1534/965/6201 1535/944/6202 1549/922/6203 1548/948/6204
f 1531/989/6205 1534/965/6206 1548/948/6207 1547/983/6208
f 1527/1192/6209 1539/1184/6210 1546/1247/6211 1541/1258/6212
f 1548/2208/6213 1574/2242/6214 1571/2195/6215 1547/2174/6216
f 1545/1892/6217 1573/1858/6218 1558/1856/6219 1543/1889/6220
f 1542/2145/6221 1557/2165/6222 1577/2202/6223 1551/2177/6224
f 1541/1951/6225 1554/1928/6226 1557/2165/6227 1542/2145/6228
f 1549/2222/6229 1575/2260/6230 1574/2242/6231 1548/2208/6232
f 1555/784/6233 1563/721/6234 1559/652/6235 1552/653/6236
f 1552/653/6237 1559/652/6238 1562/586/6239 1553/553/6240
f 1554/808/6241 1564/720/6242 1563/721/6243 1555/805/6244
f 1566/747/6245 1565/649/6246 1567/694/6247
f 1567/694/6248 1565/649/6249 1568/650/6250
f 1568/650/6251 1565/649/6252 1569/598/6253
f 1569/598/6254 1565/649/6255 1570/573/6256
f 1571/345/6257 1574/308/6258 1569/309/6259 1570/346/6260
f 1574/308/6261 1575/279/6262 1568/280/6263 1569/309/6264
f 1575/279/6265 1576/259/6266 1567/260/6267 1568/280/6268
f 1576/259/6269 1577/211/6270 1566/212/6271 1567/260/6272
f 1552/653/6273 1553/553/6274 1561/554/6275 1565/649/6276
f 1555/784/6277 1552/653/6278 1565/649/6279 1556/785/6280
f 1570/346/6281 1561/398/6282 1560/397/6283 1571/345/6284
f 1561/554/6285 1570/573/6286 1565/649/6287
f 1565/649/6288 1566/747/6289 1556/785/6290
f 1556/163/6291 1566/212/6292 1577/211/6293 1557/162/6294
f 1559/652/6295 1563/721/6296 1564/720/6297 1558/651/6298
f 1562/586/6299 1559/652/6300 1558/651/6301 1573/585/6302
f 1553/527/6303 1562/586/6304 1573/585/6305 1572/526/6306
f 1561/398/6307 1553/527/6308 1572/526/6309 1560/397/6310
f 1555/2/6311 1556/163/6312 1557/162/6313 1554/11/6314
f 1583/2574/6315 1591/2546/6316 1587/2578/6317 1584/2609/6318
f 1494/2323/6319 1578/2338/6320 1579/2362/6321 1492/2356/6322
f 1492/2356/6323 1579/2362/6324 1580/2444/6325 1504/2445/6326
f 1504/2445/6327 1580/2444/6328 1581/2557/6329 1502/2572/6330
f 1502/2572/6331 1581/2557/6332 1582/2577/6333 1500/2588/6334
f 1500/2588/6335 1582/2577/6336 1583/2512/6337 1498/2524/6338
f 1498/2524/6339 1583/2512/6340 1584/2391/6341 1496/2382/6342
f 1496/2382/6343 1584/2391/6344 1578/2338/6345 1494/2323/6346
f 1590/2375/6347 1597/2399/6348 1598/2452/6349 1591/2546/6350
f 1581/2267/6351 1589/2293/6352 1590/2375/6353 1582/2369/6354
f 1579/2361/6355 1586/2364/6356 1588/2290/6357 1580/2268/6358
f 1578/2525/6359 1585/2498/6360 1586/2364/6361 1579/2361/6362
f 1582/2369/6363 1590/2375/6364 1591/2546/6365 1583/2574/6366
f 1580/2268/6367 1588/2290/6368 1589/2293/6369 1581/2267/6370
f 1584/2609/6371 1587/2578/6372 1585/2498/6373 1578/2525/6374
f 1588/2290/6375 1595/2342/6376 1596/2354/6377 1589/2293/6378
f 1587/2578/6379 1594/2494/6380 1592/2449/6381 1585/2498/6382
f 1591/2546/6383 1598/2452/6384 1594/2494/6385 1587/2578/6386
f 1589/2293/6387 1596/2354/6388 1597/2399/6389 1590/2375/6390
f 1586/2364/6391 1593/2377/6392 1595/2342/6393 1588/2290/6394
f 1585/2498/6395 1592/2449/6396 1593/2377/6397 1586/2364/6398
f 626/1664/6399 1602/1736/6400 1604/1561/6401 1603/1594/6402
f 625/880/6403 592/947/6404 617/932/6405
f 1520/981/6406 1600/1000/6407 1521/950/6408
f 1521/950/6409 1600/1000/6410 1522/964/6411
f 1522/964/6412 1600/1000/6413 1523/1001/6414
f 1523/1001/6415 1600/1000/6416 1524/1034/6417
f 1524/1034/6418 1600/1000/6419 1525/1042/6420
f 1525/1042/6421 1600/1000/6422 1519/1019/6423
f 1593/2377/6424 1601/2410/6425 1595/2342/6426
f 1595/2342/6427 1601/2410/6428 1596/2354/6429
f 1596/2354/6430 1601/2410/6431 1597/2399/6432
f 1597/2399/6433 1601/2410/6434 1598/2452/6435
f 1598/2452/6436 1601/2410/6437 1594/2494/6438
f 1594/2494/6439 1601/2410/6440 1592/2449/6441
f 1644/2553/6442 1643/2563/6443 1652/2622/6444
f 1642/1654/6445 1634/1687/6446 1609/1678/6447 1630/1642/6448
f 1607/1773/6449 1606/1817/6450 1612/1806/6451 1613/1766/6452
f 1641/1467/6453 1635/1516/6454 1605/1542/6455 1627/1505/6456
f 1634/1687/6457 1637/1756/6458 1610/1730/6459 1609/1678/6460
f 1638/1804/6461 1636/1840/6462 1606/1817/6463 1607/1773/6464
f 1637/1756/6465 1638/1804/6466 1607/1773/6467 1610/1730/6468
f 1640/1565/6469 1639/1606/6470 1608/1609/6471 1623/1574/6472
f 1625/1583/6473 1614/1610/6474 1620/1614/6475 1626/1587/6476
f 1610/1730/6477 1607/1773/6478 1613/1766/6479 1616/1727/6480
f 1623/1574/6481 1608/1609/6482 1614/1610/6483 1625/1583/6484
f 1630/1642/6485 1609/1678/6486 1615/1676/6487 1632/1641/6488
f 1627/1505/6489 1605/1542/6490 1628/1515/6491
f 1609/1678/6492 1610/1730/6493 1616/1727/6494 1615/1676/6495
f 1626/1587/6496 1620/1614/6497 1647/1620/6498 1646/1592/6499
f 1628/1515/6500 1617/1559/6501 1629/1529/6502
f 1616/1727/6503 1613/1766/6504 1619/1747/6505 1622/1717/6506
f 1632/1641/6507 1615/1676/6508 1621/1672/6509 1633/1638/6510
f 1613/1766/6511 1612/1806/6512 1618/1794/6513 1619/1747/6514
f 1615/1676/6515 1616/1727/6516 1622/1717/6517 1621/1672/6518
f 1605/1542/6519 1623/1574/6520 1625/1583/6521 1611/1549/6522
f 1611/1549/6523 1625/1583/6524 1626/1587/6525 1617/1559/6526
f 1635/1516/6527 1640/1565/6528 1623/1574/6529 1605/1542/6530
f 1612/1476/6531 1628/1515/6532 1629/1529/6533 1618/1490/6534
f 1606/1466/6535 1627/1505/6536 1628/1515/6537 1612/1476/6538
f 1636/1423/6539 1641/1467/6540 1627/1505/6541 1606/1466/6542
f 1614/1610/6543 1632/1641/6544 1620/1614/6545
f 1608/1609/6546 1630/1642/6547 1632/1641/6548
f 1639/1606/6549 1642/1654/6550 1630/1642/6551 1608/1609/6552
f 1628/1515/6553 1605/1542/6554 1611/1549/6555
f 1617/1559/6556 1628/1515/6557 1611/1549/6558
f 1620/1614/6559 1632/1641/6560 1633/1638/6561
f 1632/1641/6562 1614/1610/6563 1608/1609/6564
f 1602/1596/6565 1631/1645/6566 1642/1654/6567 1639/1606/6568
f 1603/1392/6569 626/1446/6570 1641/1467/6571 1636/1423/6572
f 621/1497/6573 1624/1543/6574 1640/1565/6575 1635/1516/6576
f 1624/1543/6577 1602/1596/6578 1639/1606/6579 1640/1565/6580
f 623/1791/6581 1604/1830/6582 1638/1804/6583 1637/1756/6584
f 1604/1830/6585 1603/1874/6586 1636/1840/6587 1638/1804/6588
f 622/1692/6589 623/1791/6590 1637/1756/6591 1634/1687/6592
f 626/1446/6593 621/1497/6594 1635/1516/6595 1641/1467/6596
f 1631/1645/6597 622/1692/6598 1634/1687/6599 1642/1654/6600
f 1620/1614/6601 1633/1638/6602 1648/1647/6603 1647/1620/6604
f 1633/1638/6605 1621/1672/6606 1649/1670/6607 1648/1647/6608
f 1618/1490/6609 1629/1529/6610 1643/1530/6611 1644/1501/6612
f 1629/1529/6613 1617/1559/6614 1651/1563/6615 1643/1530/6616
f 1621/1672/6617 1622/1717/6618 1650/1714/6619 1649/1670/6620
f 1619/1747/6621 1618/1794/6622 1644/1782/6623 1645/1734/6624
f 1617/1559/6625 1626/1587/6626 1646/1592/6627 1651/1563/6628
f 1622/1717/6629 1619/1747/6630 1645/1734/6631 1650/1714/6632
f 1643/2563/6633 1651/2580/6634 1652/2622/6635
f 1651/2580/6636 1646/2623/6637 1652/2622/6638
f 1646/2623/6639 1647/2638/6640 1652/2622/6641
f 1647/2638/6642 1648/2641/6643 1652/2622/6644
f 1648/2641/6645 1649/2645/6646 1652/2622/6647
f 1649/2645/6648 1650/2636/6649 1652/2622/6650
f 1650/2636/6651 1645/2593/6652 1652/2622/6653
f 1645/2593/6654 1644/2553/6655 1652/2622/6656
f 1699/2647/6657 1707/2635/6658 1698/2646/6659
f 1697/1545/6660 1685/1557/6661 1663/1509/6662 1689/1503/6663
f 1661/1426/6664 1667/1434/6665 1666/1404/6666 1660/1397/6667
f 1696/1719/6668 1682/1683/6669 1659/1656/6670 1690/1674/6671
f 1689/1503/6672 1663/1509/6673 1664/1454/6674 1692/1438/6675
f 1693/1407/6676 1661/1426/6677 1660/1397/6678 1691/1359/6679
f 1692/1438/6680 1664/1454/6681 1661/1426/6682 1693/1407/6683
f 1695/1634/6684 1677/1622/6685 1662/1590/6686 1694/1593/6687
f 1679/1618/6688 1680/1612/6689 1674/1586/6690 1668/1589/6691
f 1664/1454/6692 1670/1461/6693 1667/1434/6694 1661/1426/6695
f 1677/1622/6696 1679/1618/6697 1668/1589/6698 1662/1590/6699
f 1685/1557/6700 1687/1558/6701 1669/1512/6702 1663/1509/6703
f 1682/1683/6704 1683/1675/6705 1659/1656/6706
f 1663/1509/6707 1669/1512/6708 1670/1461/6709 1664/1454/6710
f 1680/1612/6711 1701/1607/6712 1702/1578/6713 1674/1586/6714
f 1683/1675/6715 1684/1669/6716 1671/1640/6717
f 1670/1461/6718 1676/1469/6719 1673/1443/6720 1667/1434/6721
f 1687/1558/6722 1688/1560/6723 1675/1521/6724 1669/1512/6725
f 1667/1434/6726 1673/1443/6727 1672/1415/6728 1666/1404/6729
f 1669/1512/6730 1675/1521/6731 1676/1469/6732 1670/1461/6733
f 1659/1656/6734 1665/1650/6735 1679/1618/6736 1677/1622/6737
f 1665/1650/6738 1671/1640/6739 1680/1612/6740 1679/1618/6741
f 1690/1674/6742 1659/1656/6743 1677/1622/6744 1695/1634/6745
f 1666/1715/6746 1672/1709/6747 1684/1669/6748 1683/1675/6749
f 1660/1721/6750 1666/1715/6751 1683/1675/6752 1682/1683/6753
f 1691/1778/6754 1660/1721/6755 1682/1683/6756 1696/1719/6757
f 1668/1589/6758 1674/1586/6759 1687/1558/6760
f 1662/1590/6761 1687/1558/6762 1685/1557/6763
f 1694/1593/6764 1662/1590/6765 1685/1557/6766 1697/1545/6767
f 1683/1675/6768 1665/1650/6769 1659/1656/6770
f 1671/1640/6771 1665/1650/6772 1683/1675/6773
f 1674/1586/6774 1688/1560/6775 1687/1558/6776
f 1687/1558/6777 1662/1590/6778 1668/1589/6779
f 1653/1604/6780 1694/1593/6781 1697/1545/6782 1686/1553/6783
f 1654/1820/6784 1691/1778/6785 1696/1719/6786 1681/1743/6787
f 1655/1696/6788 1690/1674/6789 1695/1634/6790 1678/1655/6791
f 1678/1655/6792 1695/1634/6793 1694/1593/6794 1653/1604/6795
f 1657/1416/6796 1692/1438/6797 1693/1407/6798 1658/1379/6799
f 1658/1379/6800 1693/1407/6801 1691/1359/6802 1654/1341/6803
f 1656/1500/6804 1689/1503/6805 1692/1438/6806 1657/1416/6807
f 1681/1743/6808 1696/1719/6809 1690/1674/6810 1655/1696/6811
f 1686/1553/6812 1697/1545/6813 1689/1503/6814 1656/1500/6815
f 1674/1586/6816 1702/1578/6817 1703/1551/6818 1688/1560/6819
f 1688/1560/6820 1703/1551/6821 1704/1523/6822 1675/1521/6823
f 1672/1709/6824 1699/1690/6825 1698/1666/6826 1684/1669/6827
f 1684/1669/6828 1698/1666/6829 1706/1637/6830 1671/1640/6831
f 1675/1521/6832 1704/1523/6833 1705/1479/6834 1676/1469/6835
f 1673/1443/6836 1700/1448/6837 1699/1421/6838 1672/1415/6839
f 1671/1640/6840 1706/1637/6841 1701/1607/6842 1680/1612/6843
f 1676/1469/6844 1705/1479/6845 1700/1448/6846 1673/1443/6847
f 1698/2646/6848 1707/2635/6849 1706/2642/6850
f 1706/2642/6851 1707/2635/6852 1701/2634/6853
f 1701/2634/6854 1707/2635/6855 1702/2601/6856
f 1702/2601/6857 1707/2635/6858 1703/2585/6859
f 1703/2585/6860 1707/2635/6861 1704/2575/6862
f 1704/2575/6863 1707/2635/6864 1705/2621/6865
f 1705/2621/6866 1707/2635/6867 1700/2640/6868
f 1700/2640/6869 1707/2635/6870 1699/2647/6871
